date,Close,High,Low,Open,Volume,market_cap
09/11/2017,1.990769982,2.174230099,1.893939972,2.053139925,19192200,201460232.2
10/11/2017,1.796839952,2.069469929,1.64478004,2.007730007,11155000,178919972.0
11/11/2017,1.670469999,1.917750001,1.614289999,1.786280036,8178150,167488453.1
12/11/2017,1.519690037,1.672799945,1.462560058,1.668889999,15298700,150991373.7
13/11/2017,1.686619997,1.735020041,1.51760006,1.526010036,12238800,165744855.1
14/11/2017,1.592579961,1.73537004,1.568269968,1.689280033,7829600,156686364.6
15/11/2017,1.530449986,1.624979973,1.495499969,1.587769985,7615500,150742563.6
16/11/2017,1.57791996,1.682219982,1.53689003,1.556190014,8928640,157996419.8
17/11/2017,1.510360003,1.58265996,1.495300055,1.580049992,8508840,149961271.4
18/11/2017,1.674329996,1.676779985,1.49822998,1.511360049,32167300,165591759.1
19/11/2017,1.613770008,1.701230049,1.567800045,1.67335999,38081700,158550630.6
20/11/2017,1.624449968,1.660650015,1.555609941,1.625589967,12994500,160472835.0
21/11/2017,1.574059963,1.659669995,1.549839973,1.658169985,5440790,155622212.4
22/11/2017,1.611750007,1.621369958,1.558230042,1.590489984,7177000,159396955.9
23/11/2017,1.548699975,1.616680026,1.537590027,1.610599995,8392640,154461164.4
24/11/2017,1.717710018,1.820180058,1.55558002,1.56953001,12155400,167434757.9
25/11/2017,1.873870015,1.957640052,1.693969965,1.716969967,12839900,183230814.8
26/11/2017,1.853129983,1.935310006,1.826740026,1.894739985,9056850,182503043.4
27/11/2017,1.942980051,1.947270036,1.789630055,1.870830059,22826600,195050034.6
28/11/2017,1.917109966,1.958850026,1.868039966,1.958850026,36377700,196928662.9
29/11/2017,1.751530051,2.051589966,1.683169961,1.92434001,43765500,177042598.1
30/11/2017,1.996970057,2.052910089,1.761440039,1.761440039,31559500,198350010.2
01/12/2017,2.070230007,2.137010098,1.922970057,1.99695003,28867200,207284814.1
02/12/2017,2.084160089,2.115659952,1.996889949,2.077059984,24332700,209800144.6
03/12/2017,2.227250099,2.381150007,2.05418992,2.085410118,35163500,224059470.8
04/12/2017,2.491679907,2.577029943,2.258090019,2.258090019,41226200,254913860.5
05/12/2017,2.595299959,2.731790066,2.501810074,2.501810074,49190000,263124719.4
06/12/2017,2.587690115,2.778810024,2.345880032,2.580430031,41731500,232422532.2
07/12/2017,2.779949903,2.914429903,2.489429951,2.549400091,28297900,297086617.3
08/12/2017,2.830670118,2.868989944,2.259569883,2.76609993,38648500,292293248.4
09/12/2017,2.610430002,2.867340088,2.330349922,2.826020002,27217000,264491465.1
10/12/2017,2.483370066,2.695440054,2.211699963,2.661339998,19258500,254681413.1
11/12/2017,2.706650019,2.824480057,2.503350019,2.513020039,19427000,275491319.0
12/12/2017,2.68475008,2.778300047,2.613430023,2.726449966,24523200,267426821.4
13/12/2017,2.778100014,2.875050068,2.571439981,2.687079906,28429500,279049549.8
14/12/2017,3.158740044,3.158740044,2.772660017,2.773439884,40335300,316546825.1
15/12/2017,3.996150017,4.411250114,3.142819881,3.156699896,52745900,400085906.0
16/12/2017,4.664649963,4.725409985,3.918400049,4.168469906,54002400,463748632.8
17/12/2017,5.756720066,6.750430107,4.669340134,4.669340134,98159600,590889258.9
18/12/2017,5.615849972,6.221320152,5.280970097,5.792399883,66623700,558733495.5
19/12/2017,5.792329788,6.545320034,5.579760075,5.646999836,66695200,588418049.1
20/12/2017,5.176209927,5.788630009,4.933169842,5.788630009,47866900,528971428.0
21/12/2017,5.180009842,5.698160172,4.814149857,5.184909821,46905500,539885696.3
22/12/2017,4.336150169,5.212739944,3.513309956,5.205460072,36672600,448300384.0
23/12/2017,4.839260101,5.13451004,4.307610035,4.394959927,32930300,507266057.4
24/12/2017,5.285679817,5.285679817,4.198649883,4.741839886,43676900,548348055.5
25/12/2017,6.560009956,6.955220222,5.25053978,5.308579922,66374400,668070648.4
26/12/2017,9.029419899,10.62209988,6.496379852,6.559279919,167812992,940817663.5
27/12/2017,10.10700035,11.30220032,8.486590385,9.254260063,167808000,1037172560.0
28/12/2017,9.321410179,10.19639969,8.149279594,10.12629986,109298000,975556559.2
29/12/2017,8.807600021,9.534850121,8.536820412,9.318619728,70849400,903464194.9
30/12/2017,7.841010094,8.761099815,7.187940121,8.713769913,72933904,827396149.3
31/12/2017,8.635580063,8.839119911,7.708990097,7.763309956,74927904,911813028.0
01/01/2018,8.414609909,8.700570107,7.959219933,8.629529953,66422800,874105359.9
02/01/2018,8.837770462,9.122590065,8.217180252,8.457699776,104789000,900076194.7
03/01/2018,9.535880089,9.580780029,8.529179573,8.770139694,108852000,978884395.5
04/01/2018,9.213990211,9.538490295,8.854129791,9.445839882,158819008,958035469.6
05/01/2018,14.91720009,16.71769905,9.094679832,9.145680428,341504992,1632594637.0
06/01/2018,22.75979996,23.50819969,14.82120037,14.8689003,637020992,2412961755.0
07/01/2018,18.65679932,22.76910019,18.24250031,22.76910019,258050000,1915189106.0
08/01/2018,18.2609005,19.2166996,15.34710026,18.64649963,296617984,1902371870.0
09/01/2018,17.41180038,20.32029915,16.80139923,18.17399979,194750000,1879169097.0
10/01/2018,17.39080048,17.70789909,15.17080021,17.70789909,146582000,1789590223.0
11/01/2018,21.04269981,23.15250015,15.28629971,17.5666008,389228000,2189206234.0
12/01/2018,22.31629944,24.91209984,19.93040085,21.47579956,387537984,2367912065.0
13/01/2018,22.17440033,23.66690063,21.37339973,22.34530067,181676000,2333263357.0
14/01/2018,20.77729988,22.25349998,19.13800049,22.25349998,129239000,2177705028.0
15/01/2018,19.56469917,23.60479927,19.33090019,20.80039978,244154000,2057155522.0
16/01/2018,13.89190006,19.63400078,10.43500042,19.63400078,399951008,1413107014.0
17/01/2018,14.20320034,15.53779984,9.655340195,13.62300014,299411008,1444495360.0
18/01/2018,14.28040028,15.95960045,13.51270008,14.25059986,204899008,1462762531.0
19/01/2018,14.9406004,15.63510036,13.98900032,14.31060028,139882000,1522732952.0
20/01/2018,16.19029999,16.65239906,15.03419971,15.03419971,156744992,1665658319.0
21/01/2018,14.06830025,16.24889946,13.35910034,16.24889946,141562000,1425964554.0
22/01/2018,13.0145998,14.45030022,11.91460037,14.19869995,138026000,1305341981.0
23/01/2018,13.09350014,13.96269989,11.78499985,13.00150013,91706200,1303567212.0
24/01/2018,13.62870026,14.1906004,12.78919983,13.1906004,105736000,1342196586.0
25/01/2018,13.22840023,14.13739967,13.06499958,13.76049995,105648000,1311070407.0
26/01/2018,13.21819973,13.59049988,12.29469967,13.21090031,113429000,1294730529.0
27/01/2018,13.25300026,13.44139957,12.89420033,13.23320007,84009400,1320653675.0
28/01/2018,13.54020023,13.8125,13.2038002,13.30169964,93871104,1337612314.0
29/01/2018,12.76449966,13.67269993,12.67700005,13.54539967,71294304,1258893895.0
30/01/2018,11.2507,12.77359962,11.0571003,12.77359962,59389600,1260494551.0
31/01/2018,11.14500046,11.41320038,10.56840038,11.26830006,50435000,1108659360.0
01/02/2018,9.515839577,11.39439964,8.707420349,11.1782999,82984200,1095182398.0
02/02/2018,9.652290344,10.45849991,7.218130112,9.407959938,91468200,923399330.4
03/02/2018,9.749679565,10.2723999,8.611680031,9.696660042,56556200,964458672.3
04/02/2018,8.458640099,9.745639801,8.102749825,9.745639801,49990000,941362189.9
05/02/2018,6.705029964,8.551719666,6.129610062,8.427530289,55276900,843131739.7
06/02/2018,8.288849831,8.555540085,5.590069771,6.806270123,97189904,664732494.8
07/02/2018,8.095009804,9.224969864,7.351029873,8.315279961,77970304,829521412.7
08/02/2018,8.595499992,8.721220016,8.093720436,8.093720436,82496000,802950618.3
09/02/2018,9.730460167,9.889269829,8.343150139,8.606659889,9284,453207207.8
10/02/2018,9.255970001,10.36320019,8.848520279,9.732729912,80123200,965101118.9
11/02/2018,8.704910278,9.345479965,8.144450188,9.20086956,68554600,918402614.6
12/02/2018,9.322469711,9.40375042,8.711449623,8.711449623,50792600,874409264.7
13/02/2018,8.986780167,9.347940445,8.773369789,9.317669868,41593400,918737354.8
14/02/2018,10.40060043,10.6498003,8.990240097,9.015910149,68781600,883490764.0
15/02/2018,10.93109989,11.28390026,10.1012001,10.39070034,108962000,1029525694.0
16/02/2018,11.20160007,11.20160007,10.42949963,10.91489983,71131800,1076489478.0
17/02/2018,11.68929958,11.87069988,10.9527998,11.07649994,76093504,1080320895.0
18/02/2018,10.70240021,11.70030022,10.68010044,11.69260025,62044700,1157270606.0
19/02/2018,11.07569981,11.19489956,10.65149975,10.66679955,54898800,1069091210.0
20/02/2018,9.904509544,11.19270039,9.793399811,11.09130001,66512400,1089902374.0
21/02/2018,9.380789757,10.19419956,9.147250175,9.877670288,55087600,1028970641.0
22/02/2018,8.904029846,9.808750153,8.71296978,9.404740334,47216100,886046400.7
23/02/2018,9.692110062,9.733030319,8.660570145,8.873399734,53626800,890234138.8
24/02/2018,9.141909599,9.835370064,8.777970314,9.687520027,48709200,966872786.9
25/02/2018,9.346599579,9.494409561,8.942580223,9.153240204,43814500,906379589.1
26/02/2018,9.902319908,10.06499958,9.130149841,9.369259834,53540300,933460491.0
27/02/2018,10.65989971,11.09619999,9.818590164,9.965530396,97184400,973098922.9
28/02/2018,10.4382,11.18280029,10.39260006,10.69489956,69036400,1059577325.0
01/03/2018,10.50969982,10.67140007,10.32960033,10.44820023,72474200,1034409666.0
02/03/2018,10.22480011,10.54039955,10.1420002,10.45689964,46449100,1031295681.0
03/03/2018,10.21790028,10.44550037,10.12510014,10.28569984,40001900,1016049842.0
04/03/2018,10.34809971,10.38980007,9.90116024,10.20720005,37886900,1003123077.0
05/03/2018,10.11050034,10.43550014,10.10099983,10.40380001,38605100,1000958711.0
06/03/2018,9.384380341,10.15480042,9.151280403,10.15480042,38182600,996857974.9
07/03/2018,9.034879684,10.12679958,8.236909866,9.395290375,79740800,929577226.3
08/03/2018,8.310440063,9.137490273,8.118390083,9.035679817,48535100,894207685.6
09/03/2018,8.313070297,8.332420349,7.174230099,8.261369705,46893300,825736587.0
10/03/2018,7.671659946,8.354510307,7.633540154,8.267120361,41645000,798194328.0
11/03/2018,8.272379875,8.419449806,7.380760193,7.648749828,45451700,768018665.4
12/03/2018,8.039270401,8.54761982,7.743690014,8.299110413,51188100,820718231.8
13/03/2018,10.11520004,11.00160027,7.902440071,7.998960018,216111008,802214718.5
14/03/2018,8.959210396,10.6718998,8.550769806,10.13000011,124112000,1025852450.0
15/03/2018,9.099080086,9.401320457,8.419529915,8.944560051,104531000,888364962.7
16/03/2018,9.111319542,9.392580032,8.639610291,9.132510185,97626000,903469795.7
17/03/2018,8.987739563,9.502440453,8.664979935,9.198960304,94679904,922893022.9
18/03/2018,8.951849937,8.962949753,7.858479977,8.957420349,94840304,909986584.8
19/03/2018,8.992739677,9.261369705,8.496060371,9.090000153,97938896,887344850.3
20/03/2018,9.16092968,9.241350174,8.655269623,8.987179756,96919504,876632715.1
21/03/2018,9.982000351,10.29329967,9.08082962,9.166540146,131761000,907167557.8
22/03/2018,10.06630039,10.9059,9.572520256,10.0284996,112305000,993225814.5
23/03/2018,11.73760033,11.97679996,9.535449982,10.04979992,157246000,999073037.6
24/03/2018,13.08909988,14.83870029,11.60270023,11.70610046,255358000,1159180605.0
25/03/2018,12.78310013,14.23260021,12.5685997,13.13519955,189518000,1310540636.0
26/03/2018,12.06140041,12.91349983,10.95709991,12.91349983,132353000,1262196849.0
27/03/2018,11.50829983,12.2336998,10.87709999,12.1189003,102579000,1197972551.0
28/03/2018,11.64039993,12.24600029,11.38980007,11.51920033,92931200,1136956482.0
29/03/2018,10.19610023,11.72910023,10.17269993,11.69610023,81352096,1150079372.0
30/03/2018,10.35039997,10.74810028,9.744290352,10.16919994,75551600,1010960891.0
31/03/2018,11.05589962,11.39000034,10.28680038,10.39290047,89256304,1035804125.0
01/04/2018,11.06620026,11.29710007,10.37829971,11.15190029,87918096,1100591194.0
02/04/2018,12.62069988,12.6487999,11.01519966,11.06509972,116071000,1294791444.0
03/04/2018,13.36069965,13.95320034,12.33360004,12.64459991,141287008,1474305625.0
04/04/2018,12.19040012,13.44079971,12.00189972,13.29259968,119600000,1536627713.0
05/04/2018,12.45359993,12.62349987,12.13599968,12.19849968,103864000,1425673910.0
06/04/2018,12.25839996,12.64309978,12.03890038,12.49269962,81989696,1457643945.0
07/04/2018,12.45569992,12.63059998,12.26679993,12.26679993,87924896,1430523652.0
08/04/2018,12.11760044,12.51249981,12.11590004,12.51249981,79045000,1441688285.0
09/04/2018,11.86830044,12.55449963,11.6104002,12.12080002,80643696,1402171614.0
10/04/2018,12.03619957,12.40149975,11.84910011,11.90550041,87608200,1382104338.0
11/04/2018,12.23089981,12.23089981,11.77890015,12.04160023,92759696,1397797738.0
12/04/2018,12.95250034,12.95250034,11.90880013,12.42339993,133239000,1411325536.0
13/04/2018,13.53680038,13.76210022,12.75339985,13.15250015,148215008,1488140594.0
14/04/2018,13.24440002,13.84010029,12.98999977,13.45470047,94980800,1559918298.0
15/04/2018,13.05879974,13.58010006,12.92249966,13.29780006,115373000,1521467021.0
16/04/2018,12.21000004,13.0557003,12.08450031,13.04730034,75965504,1477881976.0
17/04/2018,11.76939964,12.45890045,11.67389965,12.22640038,77537400,1389548772.0
18/04/2018,12.27569962,12.39470005,11.52530003,11.79389954,90015104,1339024392.0
19/04/2018,12.3526001,12.43389988,12.04039955,12.26290035,78661696,1393358194.0
20/04/2018,12.57520008,12.71800041,11.92930031,12.35299969,86036096,1410887346.0
21/04/2018,13.37839985,13.67319965,12.43729973,12.56939983,141582000,1402948010.0
22/04/2018,12.87590027,13.35429955,12.86200047,13.35429955,84873000,1515589268.0
23/04/2018,13.62530041,13.82520008,12.84549999,12.87769985,132041000,1465746135.0
24/04/2018,15.26599979,15.62460041,13.64820004,13.64820004,165599008,1546459518.0
25/04/2018,13.29090023,15.92590046,13.04640007,15.21199989,144820992,1738153419.0
26/04/2018,14.65359974,14.70880032,13.24709988,13.34720039,127788000,1521649763.0
27/04/2018,14.32909966,14.77169991,14.18379974,14.64690018,101995000,1662410114.0
28/04/2018,15.20009995,15.32859993,14.22550011,14.28310013,122360000,1620761418.0
29/04/2018,15.05620003,15.39750004,14.5557003,15.16419983,105495000,1715394189.0
30/04/2018,14.31210041,15.15670013,14.10929966,15.06270027,83765800,1704642241.0
01/05/2018,14.16429996,14.31459999,13.61480045,14.31459999,75433904,1624677820.0
02/05/2018,14.40919971,14.40919971,13.94040012,14.17020035,80730304,1603519160.0
03/05/2018,14.65260029,14.77869987,14.21140003,14.44159985,104726000,1625018122.0
04/05/2018,14.3295002,14.68459988,14.24450016,14.62800026,79940496,1761725787.0
05/05/2018,14.36870003,14.50319958,14.21189976,14.3192997,71502096,1623623966.0
06/05/2018,13.94260025,14.79920006,13.67630005,14.36229992,74731600,1629876449.0
07/05/2018,13.70250034,13.97000027,12.99450016,13.93900013,59800200,1585226374.0
08/05/2018,13.52900028,13.92280006,13.14820004,13.70460033,57865500,1560686826.0
09/05/2018,14.66020012,14.81289959,13.07989979,13.52449989,99046304,1527736119.0
10/05/2018,13.81840038,15.04559994,13.81840038,14.67500019,68250000,1659352701.0
11/05/2018,12.9939003,14.0941,12.58950043,13.88049984,57027500,1563309899.0
12/05/2018,12.94390011,13.14719963,12.25389957,12.97270012,44001000,1474947721.0
13/05/2018,13.11870003,13.5539999,12.74300003,13.00800037,70816496,1478678736.0
14/05/2018,12.87069988,13.16530037,12.35639954,13.1583004,49317700,1496009100.0
15/05/2018,12.56779957,13.27229977,12.51439953,12.85389996,45696200,1471687854.0
16/05/2018,12.26049995,12.56739998,11.95110035,12.55809975,35233200,1432425675.0
17/05/2018,12.46500015,12.97099972,12.27359962,12.3156004,54251500,1396933971.0
18/05/2018,15.13539982,16.22050095,12.05309963,12.36139965,243260992,1422732557.0
19/05/2018,14.24569988,15.62100029,13.9932003,15.13459969,138320992,1724090037.0
20/05/2018,14.11779976,14.3689003,13.68529987,14.3501997,95390200,1615137258.0
21/05/2018,14.72229958,14.78789997,13.81669998,14.12539959,97367296,1597199735.0
22/05/2018,13.92549992,14.83510017,13.74919987,14.57089996,86545104,1679793586.0
23/05/2018,12.62619972,13.92520046,12.33430004,13.85289955,68215200,1580629434.0
24/05/2018,13.00030041,13.19089985,12.20149994,12.60999966,54410900,1440307588.0
25/05/2018,13.00800037,13.37059975,12.63529968,13.0326004,49173800,1483467051.0
26/05/2018,12.75909996,13.19639969,12.69589996,12.9630003,43258400,1469613771.0
27/05/2018,12.60579967,12.79230022,12.32909966,12.78569984,36691600,1452393712.0
28/05/2018,11.89430046,12.75279999,11.7031002,12.59959984,33398400,1433110678.0
29/05/2018,12.5717001,12.67520046,11.76710033,11.95549965,48807700,1346611593.0
30/05/2018,12.57089996,12.7968998,12.27390003,12.60840034,43146300,1433220722.0
31/05/2018,14.19019985,14.21940041,12.41380024,12.5618,93931696,1430349202.0
01/06/2018,14.2407999,14.41139984,13.78929996,14.2517004,80342200,1615512909.0
02/06/2018,14.6796999,14.84599972,14.00870037,14.31919956,87983000,1622764041.0
03/06/2018,14.56599998,14.95079994,14.32830048,14.68190002,82182304,1657890126.0
04/06/2018,14.26109982,14.67560005,13.66549969,14.67560005,58219100,1661218803.0
05/06/2018,15.59930038,15.67479992,14.21020031,14.25389957,101474000,1621015535.0
06/06/2018,17.24749947,17.36070061,15.34990025,15.59899998,157806000,1769511871.0
07/06/2018,16.26309967,17.43810081,16.17539978,17.26650047,131031000,1956880199.0
08/06/2018,16.2737999,16.62509918,15.83069992,16.34950066,94394600,1847775785.0
09/06/2018,15.96319962,16.89030075,15.96319962,16.31189919,85299904,1841322605.0
10/06/2018,14.18420029,15.92860031,13.59230042,15.92860031,79288200,1795844127.0
11/06/2018,15.3835001,15.3835001,13.78590012,14.13549995,83039696,1608695115.0
12/06/2018,15.2262001,16.15870094,14.9921999,15.52470016,116016000,1758199728.0
13/06/2018,14.58909988,15.7184,14.02620029,15.2968998,97415904,1742850550.0
14/06/2018,14.89529991,15.02589989,14.14000034,14.6402998,80329504,1670655403.0
15/06/2018,15.04810047,15.64690018,14.69110012,14.88199997,79159296,1699835501.0
16/06/2018,15.80920029,15.98139954,14.93630028,14.93630028,81354704,1715831035.0
17/06/2018,16.5788002,17.23259926,15.76410007,15.77900028,107346000,1794376052.0
18/06/2018,16.87969971,17.18630028,16.22120094,16.62170029,106776000,1877345029.0
19/06/2018,16.69960022,16.9368,16.20800018,16.78009987,80738096,1922228028.0
20/06/2018,16.06189919,16.86319923,15.74110031,16.76079941,65190300,1898315439.0
21/06/2018,17.05330086,17.2682991,15.91650009,16.07220078,122980000,1826063066.0
22/06/2018,15.59389973,17.24370003,15.26080036,17.07139969,113751000,1936593427.0
23/06/2018,15.55119991,16.05920029,15.36470032,15.60169983,70431104,1785050164.0
24/06/2018,14.44760036,15.59459972,13.54440022,15.57089996,96256304,1785107297.0
25/06/2018,14.92090034,15.06589985,13.83390045,14.45699978,60358000,1650237903.0
26/06/2018,14.11999989,14.98519993,13.86779976,14.93290043,37503400,1701590502.0
27/06/2018,14.05010033,14.30560017,13.89410019,14.06719971,44136600,1612147068.0
28/06/2018,14.12460041,14.74979973,13.86079979,14.0309,67290496,1599864545.0
29/06/2018,14.50860023,14.64690018,13.77970028,14.17430019,52784600,1583669000.0
30/06/2018,14.6573,15.18239975,14.29150009,14.54909992,59676900,1637710573.0
01/07/2018,14.40410042,14.68690014,14.14420033,14.67619991,38434400,1648892032.0
02/07/2018,14.57059956,14.82299995,14.05700016,14.39770031,55614000,1608996499.0
03/07/2018,14.17150021,14.78470039,14.07590008,14.56340027,60657300,1658531372.0
04/07/2018,14.00549984,14.3288002,13.90799999,14.2262001,37043700,1605124428.0
05/07/2018,13.85050011,14.13910007,13.65200043,14.03960037,41185300,1587816497.0
06/07/2018,13.52960014,13.98639965,13.27659988,13.97609997,33466000,1522157052.0
07/07/2018,14.40480042,14.40480042,13.42590046,13.54090023,79974896,1504722149.0
08/07/2018,13.99190044,14.42230034,13.93449974,14.39789963,60275400,1589516131.0
09/07/2018,13.66450024,14.08829975,13.63409996,14.0383997,36874000,1561009241.0
10/07/2018,12.76130009,13.66069984,12.6718998,13.61439991,36507100,1493336919.0
11/07/2018,12.70489979,12.88659954,12.25160027,12.82489967,38867700,1450620607.0
12/07/2018,12.07059956,12.77350044,11.90159988,12.69190025,26008100,1433362149.0
13/07/2018,12.18010044,12.43319988,12.04339981,12.09350014,29709900,1363752945.0
14/07/2018,12.0965004,12.27350044,11.9691,12.19299984,21534200,1365805396.0
15/07/2018,12.28909969,12.39669991,12.01850033,12.08829975,26346900,1374754161.0
16/07/2018,13.23729992,13.38570023,12.20289993,12.30990028,47198600,1390181389.0
17/07/2018,13.71280003,13.89340019,12.86979961,13.35789967,74443200,1503876275.0
18/07/2018,12.86480045,13.85719967,12.72389984,13.73989964,75446304,1561509348.0
19/07/2018,12.91800022,13.35109997,12.76959991,12.82509995,49364800,1252473841.0
20/07/2018,12.07089996,12.97099972,11.88560009,12.91849995,40466000,1231430187.0
21/07/2018,12.18529987,12.45559978,11.90209961,12.07470036,28726700,1153214789.0
22/07/2018,12.11989975,12.27400017,11.96269989,12.18879986,20692400,1157397767.0
23/07/2018,12.01990032,12.33810043,11.91289997,12.13679981,28137700,1145379630.0
24/07/2018,12.14509964,12.24619961,11.64840031,12.02219963,46762700,1149545846.0
25/07/2018,12.93939972,13.4666996,12.07929993,12.08699989,72083200,1175983828.0
26/07/2018,13.39729977,13.55210018,12.91149998,12.92150021,61881400,1252610236.0
27/07/2018,13.92269993,14.03349972,13.05809975,13.39249992,66040700,1300183483.0
28/07/2018,14.60169983,14.86940002,13.72229958,14.02560043,75159904,1333273551.0
29/07/2018,14.02120018,14.69839954,13.65999985,14.59809971,56547100,1405648474.0
30/07/2018,13.21689987,13.94769955,13.06649971,13.94769955,35991600,1368299939.0
31/07/2018,13.77540016,14.06429958,13.03680038,13.21109962,66537000,1295448186.0
01/08/2018,13.57390022,14.06200027,13.23410034,13.76959991,53833700,1347243331.0
02/08/2018,14.17689991,14.18400002,13.40639973,13.63080025,50481200,1331900269.0
03/08/2018,14.13459969,14.20590019,13.64050007,14.0880003,70449300,1389400539.0
04/08/2018,13.8423996,14.45510006,13.56910038,14.11270046,60865200,1381330641.0
05/08/2018,13.62320042,13.89780045,13.28750038,13.8586998,43000300,1356891851.0
06/08/2018,13.69909954,13.97570038,13.49639988,13.68760014,46799600,1337921086.0
07/08/2018,13.14610004,13.90880013,13.12860012,13.65849972,45119500,1341686869.0
08/08/2018,12.14369965,13.13920021,11.98069954,13.12889957,44898500,1283100271.0
09/08/2018,12.8579998,12.8718996,12.10009956,12.16160011,41389000,1187632193.0
10/08/2018,12.13080025,12.82110023,11.80729961,12.76809978,37026400,1254769536.0
11/08/2018,11.73659992,12.15880013,11.36859989,12.11060047,29253100,1187631953.0
12/08/2018,11.74180031,11.86470032,11.50469971,11.68760014,23290300,1139057975.0
13/08/2018,10.22819996,11.9467001,10.18410015,11.77120018,34827100,1146581000.0
14/08/2018,9.420109749,10.30449963,8.662659645,10.30449963,39515200,997924239.3
15/08/2018,9.463009834,10.59179974,9.403209686,9.407959938,42994900,926411944.0
16/08/2018,9.802330017,9.984950066,9.393819809,9.530520439,24709700,921186428.8
17/08/2018,10.86779976,10.86779976,9.724949837,9.782299995,37502400,953850715.2
18/08/2018,9.907580376,10.96510029,9.540269852,10.78489971,27803700,1053876486.0
19/08/2018,10.15620041,10.30060005,9.754010201,9.921420097,21218500,966874895.0
20/08/2018,9.700929642,10.2038002,9.643619537,10.14169979,17617700,992587084.8
21/08/2018,9.714630127,9.848150253,9.424830437,9.680339813,13228100,943693188.2
22/08/2018,9.539730072,10.19639969,9.25728035,9.73593998,23929500,953355873.4
23/08/2018,9.715040207,9.715040207,9.402620316,9.498950005,17327500,925703864.4
24/08/2018,10.2347002,10.2347002,9.562290192,9.763520241,22814900,949767300.9
25/08/2018,10.13580036,10.24880028,9.982870102,10.19330025,19561400,999310962.6
26/08/2018,10.18560028,10.27420044,9.808650017,10.11419964,22551200,991833847.4
27/08/2018,11.21280003,11.3355999,10.12779999,10.21899986,44953500,1002050442.0
28/08/2018,11.4861002,11.49960041,10.84150028,11.16069984,43860800,1098483034.0
29/08/2018,11.17350006,11.47099972,10.90750027,11.47099972,33530600,1125039166.0
30/08/2018,10.76259995,11.18669987,10.38479996,11.16919994,23247800,1094104885.0
31/08/2018,11.01379967,11.02250004,10.5958004,10.76019955,22638200,1054126747.0
01/09/2018,11.37940025,11.54230022,11.02659988,11.02659988,29776300,1078009887.0
02/09/2018,11.29940033,11.46380043,11.13609982,11.43340015,21757400,1119133729.0
03/09/2018,11.26109982,11.40919971,11.11030006,11.34589958,18644300,1103821008.0
04/09/2018,11.35919952,11.42319965,11.26239967,11.31040001,18878700,1104480872.0
05/09/2018,10.0866003,11.53649998,10.0866003,11.40979958,29308300,1113127810.0
06/09/2018,10.28419971,10.30160046,9.621910095,10.05350018,23466000,989951404.6
07/09/2018,10.03730011,10.26970005,9.869440079,10.26480007,16640400,1006803552.0
08/09/2018,9.520079613,10.1942997,9.413700104,10.03279972,15053100,977698540.9
09/09/2018,9.512630463,9.727370262,9.27243042,9.54872036,13947300,928309173.1
10/09/2018,9.524869919,9.708060265,9.373060226,9.57600975,12427900,931723647.4
11/09/2018,9.373959541,9.605420113,9.227330208,9.521989822,18572100,930452971.9
12/09/2018,9.214429855,9.480190277,9.037309647,9.385549545,21323500,916422641.7
13/09/2018,9.604060173,9.694040298,9.217650414,9.224550247,24817100,879018553.6
14/09/2018,9.930049896,10.08600044,9.546330452,9.636819839,26124800,918746987.4
15/09/2018,10.11030006,10.1960001,9.904640198,9.904640198,27281100,948229137.5
16/09/2018,9.936019897,10.1274004,9.776379585,10.11639977,20623100,965043148.9
17/09/2018,9.405260086,10.01179981,9.3166399,9.949729919,22370800,949061082.4
18/09/2018,9.544059753,9.635029793,9.27657032,9.390569687,23016100,894716967.9
19/09/2018,9.61909008,9.776049614,9.314970016,9.556710243,22684800,912577463.4
20/09/2018,10.07450008,10.09759998,9.602490425,9.633700371,27983700,917696686.2
21/09/2018,10.41079998,10.43540001,9.962789536,10.06040001,35228200,960259133.2
22/09/2018,10.24499989,10.52810001,9.966420174,10.41959953,21731800,997832194.3
23/09/2018,10.28059959,10.36559963,10.15750027,10.27289963,22673000,985393112.9
24/09/2018,10.03590012,10.31739998,9.939120293,10.29139996,19223700,1488079901.0
25/09/2018,9.78316021,10.03419971,9.506210327,10.03419971,19256100,1450237752.0
26/09/2018,9.73663044,9.903300285,9.588769913,9.781009674,18370400,1411896131.0
27/09/2018,10.03120041,10.07689953,9.672260284,9.736240387,26966900,1407777729.0
28/09/2018,9.969340324,10.22719955,9.891320229,10.04290009,25097900,1452352373.0
29/09/2018,9.999139786,10.03240013,9.757080078,9.956689835,26072400,1440706058.0
30/09/2018,10.01780033,10.03559971,9.853360176,10.00339985,26954000,1440392829.0
01/10/2018,9.943659782,10.05000019,9.881549835,10.00969982,25138500,1446314353.0
02/10/2018,10.35680008,10.60690022,9.880160332,9.93614006,41386000,1439680403.0
03/10/2018,10.27120018,10.44400024,10.06439972,10.32859993,38371900,1493274838.0
04/10/2018,10.25559998,10.39360046,10.22140026,10.28660011,32534900,1483326566.0
05/10/2018,10.63619995,10.71510029,10.23989964,10.25129986,40756200,1488751252.0
06/10/2018,10.37209988,10.74569988,10.29880047,10.64509964,30941000,1538461617.0
07/10/2018,10.51900005,10.53170013,10.29660034,10.39920044,32205000,1506162298.0
08/10/2018,10.50660038,10.63210011,10.45890045,10.53209972,31932700,1523859036.0
09/10/2018,10.38490009,10.57349968,10.22700024,10.53590012,27881100,1525303120.0
10/10/2018,10.32800007,10.40120029,10.20590019,10.35900021,26141100,1505859403.0
11/10/2018,9.301320076,10.30970001,9.253620148,10.30970001,26084400,1493947358.0
12/10/2018,9.528940201,9.661809921,9.236510277,9.280739784,26099400,1341784373.0
13/10/2018,9.540360451,9.627079964,9.477789879,9.492059708,24253100,1379371138.0
14/10/2018,9.496740341,9.641599655,9.465800285,9.546360016,22974000,1388285752.0
15/10/2018,10.31610012,10.44149971,9.418089867,9.481229782,52331400,1384751891.0
16/10/2018,10.01089954,10.32670021,9.916390419,10.32129955,30719200,1513996077.0
17/10/2018,9.904470444,10.02810001,9.81882,10.02560043,35325400,1464680645.0
18/10/2018,9.716580391,9.959050179,9.637450218,9.925040245,29790800,1461507184.0
19/10/2018,9.766750336,9.790140152,9.631440163,9.717670441,24658400,1422818506.0
20/10/2018,9.754630089,9.789679527,9.681269646,9.75728035,23972200,1423197773.0
21/10/2018,9.743300438,9.867429733,9.684410095,9.75772953,25790200,1426891233.0
22/10/2018,9.726849556,9.843270302,9.650989532,9.721409798,27599800,1428730147.0
23/10/2018,9.803079605,9.862360001,9.676030159,9.702759743,30852200,1418914420.0
24/10/2018,9.74532032,9.821269989,9.712240219,9.782309532,26652600,1423175949.0
25/10/2018,9.692279816,9.752160072,9.643980026,9.733690262,25207400,1410437571.0
26/10/2018,9.702679634,9.731869698,9.621159554,9.675559998,24495800,1406718416.0
27/10/2018,9.654450417,9.733240128,9.63451004,9.701569557,22943000,1409211367.0
28/10/2018,9.666790009,9.714150429,9.594490051,9.674389839,24760500,1399453694.0
29/10/2018,9.402620316,9.681440353,9.344340324,9.639889717,24583200,1398368251.0
30/10/2018,9.387040138,9.4688797,9.352190018,9.404620171,24305700,1356722025.0
31/10/2018,9.364959717,9.418919563,9.307689667,9.400719643,21398200,1362381726.0
01/11/2018,9.549220085,9.625459671,9.340200424,9.371310234,19690100,1369356961.0
02/11/2018,9.573080063,9.606399536,9.476719856,9.53071022,21304800,1385407963.0
03/11/2018,9.530209541,9.62814045,9.490369797,9.585240364,19663500,1393273729.0
04/11/2018,9.627539635,9.735989571,9.492540359,9.531920433,24079700,1383900919.0
05/11/2018,9.672510147,9.766670227,9.57942009,9.589280128,21103300,1365083900.0
06/11/2018,9.780810356,9.78178978,9.616370201,9.708669662,24810200,1401181759.0
07/11/2018,9.816929817,9.883879662,9.773010254,9.802220345,23433700,1415863696.0
08/11/2018,9.650950432,9.834480286,9.616660118,9.81223011,21877100,1423432060.0
09/11/2018,9.554200172,9.666879654,9.488490105,9.641300201,18859800,1399286952.0
10/11/2018,9.557519913,9.636799812,9.512860298,9.546899796,18550600,1385583161.0
11/11/2018,9.465999603,9.579669952,9.352490425,9.566399574,18889600,1379806384.0
12/11/2018,9.36122036,9.518170357,9.274370193,9.485969543,19452700,1367649613.0
13/11/2018,9.248410225,9.468359947,9.185250282,9.370840073,17068400,1358172521.0
14/11/2018,8.407010078,9.227470398,8.140159607,9.219169617,19518100,1346186902.0
15/11/2018,8.184860229,8.460820198,7.745790005,8.414629936,19131700,1227621934.0
16/11/2018,7.88448,8.214420319,7.798630238,8.18307972,18869500,1191248357.0
17/11/2018,7.718200207,7.902800083,7.606709957,7.897439957,16973900,1144262271.0
18/11/2018,7.999760151,8.026650429,7.728149891,7.738500118,13784000,1127318811.0
19/11/2018,6.632090092,8.006079674,6.604559898,7.99946022,21567100,1155425817.0
20/11/2018,5.760210037,6.763360023,5.552899837,6.612420082,25989200,968279561.7
21/11/2018,6.19904995,6.204480171,5.565050125,5.79832983,14208800,832541432.8
22/11/2018,5.755549908,6.234940052,5.755549908,6.207129955,9885300,899552607.8
23/11/2018,5.55742979,5.77229023,5.418489933,5.735730171,9943370,832630400.7
24/11/2018,5.115280151,5.665679932,4.719180107,5.55685997,11938900,812176757.4
25/11/2018,5.180580139,5.281489849,4.442230225,5.085010052,12236300,745484408.3
26/11/2018,4.926449776,5.255809784,4.671410084,5.179299831,10132300,752717119.6
27/11/2018,4.913050175,4.945549965,4.680319786,4.905900002,9050190,719974004.6
28/11/2018,5.336959839,5.474070072,4.899189949,4.899189949,15392800,715334615.1
29/11/2018,5.346632957,5.600017071,5.145492077,5.353573799,13027940,768130863.0
30/11/2018,5.078571796,5.431550026,4.950719833,5.36815691,10699024,771935628.5
01/12/2018,5.288722992,5.42036581,5.010766983,5.086695194,12291155,733037375.0
02/12/2018,5.250417233,5.425088882,5.196663857,5.273152828,11848313,760990933.8
03/12/2018,5.109251022,5.280642986,5.003136158,5.253589153,12193045,754704945.6
04/12/2018,5.880791187,6.287436962,5.111379147,5.111379147,39059359,731967065.7
05/12/2018,5.984278202,6.585200787,5.781616211,5.920864105,61589926,846722370.2
06/12/2018,4.951686859,6.059335232,4.951686859,6.009993076,38404207,874775886.0
07/12/2018,4.528649807,4.96445179,4.18997097,4.921514034,24895395,703029474.0
08/12/2018,4.700417995,4.812400818,4.383865833,4.532950878,16534323,652042804.9
09/12/2018,4.859104156,5.054436207,4.619205952,4.714436054,17862646,677799025.5
10/12/2018,4.712263107,4.995683193,4.593338013,4.852921963,13851408,692861265.6
11/12/2018,4.940698147,4.969431877,4.587968826,4.705227852,19625570,663389003.6
12/12/2018,5.023137093,5.182590961,4.825037003,4.935227871,17783397,694066438.7
13/12/2018,4.650703907,5.02746582,4.590775013,5.02695322,14503435,716850026.7
14/12/2018,4.533357143,4.750971794,4.462605953,4.653217793,13544913,662538458.3
15/12/2018,4.563012123,4.635009766,4.483253002,4.534580231,12572161,645951230.8
16/12/2018,4.64525795,4.725924969,4.540936947,4.570186138,14565932,654002924.8
17/12/2018,5.110016823,5.161647797,4.63638401,4.650204182,17799305,670459061.0
18/12/2018,5.600269794,5.600269794,4.984433174,5.113012791,26195539,728992546.4
19/12/2018,5.491900921,5.890684128,5.400920868,5.605103016,25173916,796697911.9
20/12/2018,5.792256832,5.921811104,5.373548985,5.466514111,27976597,783144467.9
21/12/2018,5.567143917,5.871939182,5.4465518,5.790803909,24440098,817962331.3
22/12/2018,5.930578232,5.9532938,5.504866123,5.562588215,28188479,793831097.5
23/12/2018,6.059008121,6.208479881,5.899951935,5.93141222,29722800,839989864.6
24/12/2018,6.144924164,6.5751791,6.060144901,6.063885212,30471526,860827477.9
25/12/2018,5.547574997,6.192375183,5.457996845,6.192375183,19913983,882913638.8
26/12/2018,5.713105202,5.768161774,5.526578903,5.552671909,19526927,782485496.2
27/12/2018,5.27545023,5.750796795,5.246651173,5.7172122,16073455,807817913.0
28/12/2018,6.011827946,6.020246983,5.245347977,5.289187908,23929897,746889126.5
29/12/2018,5.832339764,6.095640182,5.832339764,6.027939796,20325768,848545994.8
30/12/2018,5.99571085,6.013542175,5.773900986,5.842566967,21109984,836706088.1
31/12/2018,6.164731979,6.329238892,5.97439909,6.000590801,38216014,850105601.4
01/01/2019,6.075273037,6.191928864,5.885121822,6.191431999,23891162,879152887.9
02/01/2019,6.188612938,6.207872868,5.949006081,6.091464996,30308610,863221330.1
03/01/2019,5.903534889,6.175116062,5.901558876,6.171906948,22821639,874914238.9
04/01/2019,6.065137863,6.065897942,5.863714218,5.895051956,29311136,837887454.8
05/01/2019,6.065543175,6.204376221,6.034070969,6.055661201,30340637,862767566.4
06/01/2019,6.395978928,6.502734184,6.034090042,6.068152905,41574183,854343865.5
07/01/2019,6.291410923,6.429487228,6.231934071,6.429357052,37914513,905101272.6
08/01/2019,6.640054226,6.911028862,6.235754967,6.295865059,65660517,896079437.6
09/01/2019,6.641550064,6.965077877,6.47388792,6.659678936,74676974,949451442.2
10/01/2019,5.915918827,6.68394804,5.800487041,6.610938072,75844882,932116117.8
11/01/2019,6.075342178,6.237287998,5.842599869,5.965033054,50239804,843867607.4
12/01/2019,5.976964951,6.087327003,5.929253101,6.086732864,32654874,858086715.1
13/01/2019,5.568757057,6.000758171,5.493421078,5.97492218,26590183,848352643.0
14/01/2019,6.159282207,6.159282207,5.574418068,5.577669144,43109288,791125231.1
15/01/2019,5.919047832,6.163675785,5.817485809,6.163675785,25427436,865870579.6
16/01/2019,6.186014175,6.249328136,5.900547028,5.916178226,35059223,836972571.1
17/01/2019,6.417831898,6.417831898,6.081832886,6.171834946,36306127,875623955.7
18/01/2019,6.56303978,6.687799931,6.336639881,6.405714989,43105423,908980505.5
19/01/2019,6.635448933,6.728054047,6.356163979,6.570097923,46981638,932231950.7
20/01/2019,6.493868828,6.730163097,6.375930786,6.646823883,49479090,943088563.7
21/01/2019,6.553024769,6.579239845,6.422120094,6.505216122,36321046,924843287.1
22/01/2019,6.523199081,6.568098068,6.384760857,6.543232918,31986617,937294752.7
23/01/2019,6.541401863,6.573998928,6.43641901,6.530526161,33083575,930093998.4
24/01/2019,6.505792141,6.541762829,6.465993881,6.534355164,26614401,926816549.6
25/01/2019,6.737325191,6.799006939,6.5055089,6.514754772,43731936,929515668.6
26/01/2019,7.006565094,7.039640903,6.690682888,6.750314236,48498979,964393101.1
27/01/2019,7.088199139,7.246769905,6.860904217,7.003059864,52872347,1002204225.0
28/01/2019,6.206182003,7.189432144,6.106819153,7.091496944,82427200,1018634228.0
29/01/2019,6.181670189,6.314662933,6.05968523,6.220345974,49291811,891822520.3
30/01/2019,6.174529076,6.219440937,6.056818008,6.174735069,41310644,904087868.8
31/01/2019,6.268435955,6.333212852,6.028730869,6.173159122,52240451,886231113.0
01/02/2019,6.562616825,6.648026943,6.172295094,6.264142036,56050947,899814627.7
02/02/2019,6.891695023,6.891695023,6.525021076,6.554346085,56627089,943085781.1
03/02/2019,6.738164902,6.920657158,6.621788979,6.885941029,59942158,994615955.6
04/02/2019,7.100500107,7.173779011,6.70390892,6.765826225,71959989,981881034.2
05/02/2019,7.819809914,7.914336205,6.955159187,7.060619831,96588397,1019274201.0
06/02/2019,8.086174011,8.466517448,7.405838013,7.863149166,118867601,1117271761.0
07/02/2019,7.730325222,8.428265572,7.702507019,8.10344696,86056681,1154130751.0
08/02/2019,8.575567245,8.828984261,7.652212143,7.780721188,103694036,1119073266.0
09/02/2019,8.871356964,8.931648254,8.46787262,8.601718903,106420119,1238651394.0
10/02/2019,9.211540222,9.337291718,8.856160164,8.856160164,125419865,1275790489.0
11/02/2019,9.551809311,9.824777603,9.151556969,9.192380905,136029624,1292369338.0
12/02/2019,9.341780663,9.748714447,8.980687141,9.533522606,123194872,1357706132.0
13/02/2019,8.941073418,9.328229904,8.789260864,9.328229904,95068052,1350152716.0
14/02/2019,8.782048225,9.067791939,8.460004807,8.929619789,72389547,1277643655.0
15/02/2019,9.273832321,9.508628845,8.777353287,8.821604729,83961438,1251539500.0
16/02/2019,9.129250526,9.337222099,9.078146935,9.317525864,65705040,1337661456.0
17/02/2019,9.216046333,9.219166756,8.920140266,9.134309769,66977126,1313189982.0
18/02/2019,9.634435654,9.74464798,9.179192543,9.215028763,79003060,1328906712.0
19/02/2019,10.56307793,11.10981178,9.580958366,9.654717445,128091178,1380396380.0
20/02/2019,10.96605587,11.32377434,10.52262688,10.52262688,118033473,1514339453.0
21/02/2019,10.49289227,10.98579502,10.23424244,10.98579502,85754656,1601780326.0
22/02/2019,10.83711529,10.98987865,10.43359566,10.44769573,82256314,1504486907.0
23/02/2019,10.78180122,10.86576462,10.4585619,10.82309437,81628102,1555709306.0
24/02/2019,10.11309338,11.08554554,9.623884201,10.79788876,113588899,1538120597.0
25/02/2019,9.842012405,10.29016972,9.544574738,10.06557369,146043498,1464562398.0
26/02/2019,9.521595001,9.874676704,9.450890541,9.822497368,88437694,1399491974.0
27/02/2019,9.899131775,10.11560822,9.435871124,9.520860672,93800328,1360844868.0
28/02/2019,10.36517811,10.54958057,9.894533157,9.914662361,100626963,1420171313.0
01/03/2019,11.39321709,11.60748863,10.325634,10.35693073,117838677,1488164311.0
02/03/2019,11.8697443,11.91575336,10.96081638,11.38469315,120807894,1623998558.0
03/03/2019,11.53790283,11.96497917,11.35206413,11.84530544,89868246,1686382112.0
04/03/2019,11.54594517,11.59940529,11.07054329,11.53801346,89421231,1632056855.0
05/03/2019,13.8119669,13.84144306,11.52038765,11.52038765,237026335,1649930184.0
06/03/2019,14.51794624,14.55545712,13.1126709,13.75028801,191016822,1966673746.0
07/03/2019,15.14588642,15.64514256,14.44420242,14.52531242,236520320,2081209809.0
08/03/2019,14.36693573,15.32236767,13.76134586,15.22614765,227303083,2153066821.0
09/03/2019,14.56587887,14.94898224,14.10533619,14.28460312,160640089,2039124309.0
10/03/2019,14.49443913,14.60217094,14.07328987,14.56690311,140866074,2092314033.0
11/03/2019,14.51441383,14.96726418,14.21739292,14.49840069,152327295,2078720950.0
12/03/2019,15.40613079,15.50733757,14.32499695,14.49593639,169525508,2065952585.0
13/03/2019,15.11512375,15.44845963,15.09764576,15.42757797,145402739,2213310830.0
14/03/2019,15.05110359,15.23184109,14.74800873,15.11926079,137039682,2162875300.0
15/03/2019,15.07710171,15.29823494,15.00915623,15.03313828,124146334,2148221153.0
16/03/2019,16.11901093,16.16026115,15.02148914,15.05210876,143423670,2149727573.0
17/03/2019,15.76114559,16.09711647,15.68274212,16.08924103,131687083,2310174528.0
18/03/2019,15.6820116,15.94178009,15.40462685,15.75499535,132882167,2253087912.0
19/03/2019,15.69359493,16.01011848,15.41341496,15.67578506,216950178,2241879578.0
20/03/2019,15.28002262,15.72344112,15.17873573,15.69217777,136054765,2227786285.0
21/03/2019,14.51739311,15.45404625,14.33874798,15.28180695,152779939,2189168004.0
22/03/2019,15.26642418,15.31847286,14.39244556,14.49511147,149753510,2078022182.0
23/03/2019,15.23599529,15.54673004,15.10373592,15.24981022,143128548,2192221403.0
24/03/2019,17.28535652,17.37795448,14.9154501,15.24113178,314554203,2185889843.0
25/03/2019,16.84100723,17.41622353,16.21628571,17.24900627,199413830,2477219277.0
26/03/2019,16.33566475,16.82707787,15.77837944,16.75864983,186112032,2424104548.0
27/03/2019,16.78134346,16.95520973,16.04911041,16.28869438,202275822,2345207328.0
28/03/2019,16.80533028,16.91225624,16.61022186,16.77707863,189454288,2395580403.0
29/03/2019,16.51014137,16.89576721,16.4532795,16.80263138,172002338,2395537703.0
30/03/2019,16.93221283,17.24379539,16.06657791,16.49219894,182021376,2375698248.0
31/03/2019,17.40167046,17.5683403,16.77244377,16.93221283,199990283,2428819888.0
01/04/2019,17.9505024,18.05897522,17.29107475,17.41063881,202977286,2518457977.0
02/04/2019,19.78978348,19.92114258,17.69179344,17.96062469,264406306,2573847249.0
03/04/2019,18.7530632,20.0717144,18.42963791,19.79978371,254862222,2850629841.0
04/04/2019,19.14268875,19.54536819,18.447649,18.74346733,214630296,2688621471.0
05/04/2019,19.45346642,19.5309124,18.94145584,19.13921547,181774781,2771011959.0
06/04/2019,19.1156292,19.47481155,18.89247131,19.46041107,155317547,2792616067.0
07/04/2019,19.11027145,19.26976395,18.90872765,19.10643005,149525473,2765669698.0
08/04/2019,18.11370277,19.09057617,18.07328033,19.07906914,178255322,2753819522.0
09/04/2019,18.43505287,18.64446831,17.3200016,18.11370277,203380139,2607455768.0
10/04/2019,18.24857903,18.68794632,18.1172657,18.42551422,180291307,2650892693.0
11/04/2019,17.70047951,18.28696632,16.58921623,18.27806854,159364357,2639684281.0
12/04/2019,18.43427086,18.63387871,16.8091507,17.68914986,171773154,2556784854.0
13/04/2019,18.71979713,18.71979713,18.15099144,18.43653679,167393154,2634084588.0
14/04/2019,19.49201965,20.00779343,18.53243828,18.71337891,189084742,2676266098.0
15/04/2019,19.40242577,19.89594078,18.88889694,19.49201965,176699111,2788134175.0
16/04/2019,19.82745552,19.85583496,18.79381752,19.38716888,174830782,2801185466.0
17/04/2019,19.60334969,19.88950348,19.42525101,19.82543945,186563033,2848015640.0
18/04/2019,22.03847885,22.07572174,19.53649902,19.58857536,376729341,2827594278.0
19/04/2019,24.47528076,24.80146217,21.31612968,22.0264492,397681147,3177194444.0
20/04/2019,25.00752831,25.53340912,23.95988655,24.51747894,311312466,3519431434.0
21/04/2019,24.19382858,24.99180222,22.78932953,24.99180222,281288778,3602563706.0
22/04/2019,23.90810966,24.70105362,23.3984127,24.18697357,254544860,3495540287.0
23/04/2019,22.87626076,24.74544334,22.68981361,23.90967369,264898474,3455401526.0
24/04/2019,23.12906837,23.16535378,21.40784454,22.84810066,259839247,3291551604.0
25/04/2019,22.24310684,23.53052902,21.54019737,23.10208511,244068802,3323966725.0
26/04/2019,22.86942863,23.46396446,21.64414024,22.28539467,253113255,3206899265.0
27/04/2019,22.34158707,22.95112419,22.25881386,22.86735725,205615716,3300143641.0
28/04/2019,22.89933968,23.03533173,22.30157661,22.35248375,222693167,3218331552.0
29/04/2019,21.70506668,22.93445015,21.31927681,22.90409279,201243334,3297388872.0
30/04/2019,22.12783623,22.34996223,21.42840195,21.70277405,190326179,3117991943.0
01/05/2019,21.95362091,22.21676254,21.636343,22.13475037,180070221,3142590563.0
02/05/2019,23.59193039,23.96310806,21.83443451,21.95439529,228233321,3144060673.0
03/05/2019,23.74962807,23.93054962,23.13051414,23.58250618,218859579,3381322842.0
04/05/2019,22.88483238,23.76667595,22.54578018,23.74962807,193177736,3417551252.0
05/05/2019,23.01995277,23.09173012,22.64362335,22.89359665,171107466,3284597877.0
06/05/2019,22.20663452,23.0173111,21.61948204,23.0173111,175856220,3303686369.0
07/05/2019,20.86417961,22.47171211,20.6619339,22.18585777,171922295,3193049752.0
08/05/2019,20.75267601,21.35116577,19.79779816,20.77916336,247852849,3105083983.0
09/05/2019,18.82835579,20.89339447,18.66029549,20.75267601,204395709,2973223296.0
10/05/2019,19.59810829,20.01085472,18.4670887,18.79928017,209097573,2707546841.0
11/05/2019,21.04944229,21.93524361,19.08450508,19.59810829,298063616,2824317177.0
12/05/2019,20.83029747,21.46531105,20.33096123,21.07922363,239206084,3092697672.0
13/05/2019,23.81102753,24.52552414,20.75253677,20.83029747,404049210,2995728887.0
14/05/2019,23.62641907,24.48439789,22.9355793,23.88562775,328207185,3388558415.0
15/05/2019,26.89493942,27.14052963,23.60710907,23.64679909,357899657,3401435137.0
16/05/2019,26.32580566,27.64845467,25.44980812,26.78861809,368906500,3885141798.0
17/05/2019,25.68257141,26.60547256,23.48943329,26.31808662,398169924,3829113202.0
18/05/2019,28.39679337,28.41995049,25.27744293,25.68257141,470683583,3699068209.0
19/05/2019,29.4128437,29.91776085,27.15608025,28.37143326,494423260,4182484650.0
20/05/2019,29.3053875,29.43369484,28.04008865,29.3998642,457260435,4217095486.0
21/05/2019,32.00737762,32.42818451,28.3516407,29.30957985,742382920,4195258965.0
22/05/2019,31.42204285,32.21762085,30.97856331,32.02879715,534057314,4682632626.0
23/05/2019,31.51573563,32.20209503,30.44655037,31.36412811,536619660,4532588999.0
24/05/2019,33.84139252,34.34823227,31.28728104,31.53371239,648459287,4573106102.0
25/05/2019,35.05310059,35.3260994,33.55858231,33.84139252,637380073,4912471072.0
26/05/2019,34.10485077,35.08274841,33.22774887,35.04613113,611208604,5058092553.0
27/05/2019,33.68067932,35.2920723,33.27457047,34.05934143,598117911,4837563401.0
28/05/2019,33.36094666,34.63982391,32.89192581,33.71298981,516116377,4942744068.0
29/05/2019,33.74435425,33.88246918,31.90885162,33.34693527,564894524,4783537314.0
30/05/2019,32.29106522,35.50450134,31.48468781,33.78000259,517229671,4847361039.0
31/05/2019,32.74816513,32.7525177,31.38370895,32.29106522,503989734,4597989594.0
01/06/2019,33.01364899,33.7613678,32.53577042,32.7476387,572703757,4754217793.0
02/06/2019,33.17404938,33.76331329,32.62638855,33.01364899,461362658,4754649186.0
03/06/2019,31.39195633,33.19738388,31.1967926,33.18771362,417996141,4799627085.0
04/06/2019,29.38062477,31.41836929,29.18362427,31.37637329,421064886,4461319664.0
05/06/2019,31.00626373,31.18468475,29.25986862,29.41511345,464095694,4203191258.0
06/06/2019,31.48010445,32.12073898,30.22080231,30.99243164,416584078,4482433777.0
07/06/2019,31.58748245,32.18444824,31.33623123,31.47221947,342881981,4523473382.0
08/06/2019,32.06632233,32.28679657,31.4317379,31.60620689,428041268,4569677453.0
09/06/2019,30.55828667,32.14979553,30.49247932,32.06307602,336574887,4603480351.0
10/06/2019,32.06472778,32.13136673,30.18663979,30.54628944,459590416,4369928612.0
11/06/2019,32.26265717,32.32378387,31.39539528,32.07216263,393897651,4631047360.0
12/06/2019,34.68638611,34.76551056,32.18648529,32.28945541,547786335,4618565687.0
13/06/2019,35.1431427,35.99935532,34.34952927,34.60131073,512885462,5023100993.0
14/06/2019,33.07638168,35.26723099,30.94267082,35.13095474,737850145,4911356615.0
15/06/2019,32.82586288,33.9624176,32.36748123,33.05900574,489033316,4571563044.0
16/06/2019,32.40272522,33.37511063,32.11668015,32.82586288,389404410,4595064196.0
17/06/2019,33.9178772,34.19774246,32.38148499,32.38938904,439337220,4534968212.0
18/06/2019,34.33950806,35.10665131,33.87807846,33.92771912,484975596,4748959735.0
19/06/2019,35.28719711,35.67655182,34.36224747,34.36224747,509791358,4833090694.0
20/06/2019,36.72606277,36.98574448,34.51285553,35.30382538,636578809,4950135106.0
21/06/2019,38.81591797,38.89468384,36.33510208,36.69312286,438604247,5157341618.0
22/06/2019,37.7997551,39.56653595,37.5446167,38.81233597,428828573,5444559979.0
23/06/2019,37.13472748,38.33820724,37.02869415,37.83215332,369969675,5317366191.0
24/06/2019,37.43363953,37.62824631,35.9442749,37.13472748,329001838,5230849016.0
25/06/2019,36.00828934,37.39304733,35.76860428,37.39304733,293163090,5264089617.0
26/06/2019,35.69831085,37.73226166,34.34766388,36.00828934,444226052,5066153058.0
27/06/2019,33.82358932,35.8272171,32.76325226,35.72651291,375392572,5010433484.0
28/06/2019,34.54973984,34.77465057,33.37531662,33.86539078,337534352,4751801261.0
29/06/2019,35.36010742,35.52832413,33.28414154,34.58678818,369705514,4834384846.0
30/06/2019,32.44248199,35.39889145,32.44248199,35.39889145,286632252,5001220258.0
01/07/2019,32.92229843,33.9340744,31.68918419,32.44248199,290190904,4511665471.0
02/07/2019,32.00923538,33.46080017,30.87782288,32.92443848,348029977,4663169793.0
03/07/2019,32.66749954,33.08720398,31.79888916,32.03412628,248895676,4467346462.0
04/07/2019,32.89332581,34.31312561,32.37590027,32.69110489,348186707,4572105242.0
05/07/2019,32.71316528,33.64065933,32.44529343,32.99928284,232575484,4659887620.0
06/07/2019,32.53094101,33.31924057,32.47943878,32.71133423,187247411,4588827810.0
07/07/2019,33.24106216,33.49295807,32.45066071,32.52163315,198859381,4597167666.0
08/07/2019,33.46968079,34.25031281,33.09766006,33.26350021,257698795,4638830309.0
09/07/2019,32.70764923,33.95130157,32.53319931,33.47127914,210904382,4684838628.0
10/07/2019,31.47737694,32.97499847,30.95691872,32.70317841,270511687,4566488798.0
11/07/2019,29.64197159,31.79955292,28.91305351,31.50398254,251161946,4407009412.0
12/07/2019,31.69433022,32.21329117,29.34087372,29.65332222,417842730,4119531545.0
13/07/2019,31.50693321,32.39366531,30.50828934,31.7104969,273938894,4469994675.0
14/07/2019,28.92428207,31.64886665,28.85169983,31.54674339,299523499,4394416141.0
15/07/2019,28.39344788,29.00720787,27.24801636,28.93121719,384045964,3972548359.0
16/07/2019,25.52500916,29.29675484,25.4979496,28.37727928,439515318,3957842252.0
17/07/2019,27.21960068,27.94808769,24.90364456,25.51922035,572389805,3517761489.0
18/07/2019,28.92281151,29.15920067,26.93709564,27.2577343,711895799,3847535319.0
19/07/2019,29.07839394,29.77911377,28.42498207,28.92281151,483963124,4551855723.0
20/07/2019,30.87224388,31.18545341,29.06561089,29.08566475,367891866,4524310519.0
21/07/2019,30.51954269,31.31201935,29.64069748,30.92316437,285097790,4805485666.0
22/07/2019,30.63458633,32.10583496,29.8119278,30.53754807,416965642,4727428071.0
23/07/2019,29.58519554,30.76294327,29.25984001,30.6423893,324109274,4273525246.0
24/07/2019,29.16371727,29.63232803,28.21121407,29.57537651,265315497,4599853135.0
25/07/2019,29.00243187,29.54756546,28.69722557,29.13006592,248126220,4516686409.0
26/07/2019,28.97918892,29.15343666,28.54409981,28.99356842,231263489,4506614256.0
27/07/2019,27.88562584,29.35853958,27.57946968,28.97918892,191655093,4494887897.0
28/07/2019,27.83517075,27.93096161,26.96950531,27.89958954,163990878,4297571122.0
29/07/2019,27.20327187,27.87560844,27.03717041,27.81212234,146207597,4314964482.0
30/07/2019,26.94230461,27.23194313,26.59256172,27.2244091,148410035,4194357407.0
31/07/2019,27.64455795,27.75824547,26.93766975,26.96240997,202950576,4156576659.0
01/08/2019,28.77327347,28.82418442,27.57434654,27.6221981,287326494,4308951831.0
02/08/2019,28.03848267,28.78120804,27.81726265,28.78120804,197026849,4466200112.0
03/08/2019,27.88986015,28.42518806,27.74043655,28.08447266,153702445,4335075972.0
04/08/2019,27.55616188,28.07252884,27.35978889,27.88274002,136844756,4311679120.0
05/08/2019,28.01187897,28.3345108,27.49543953,27.54244614,183750146,4258791236.0
06/08/2019,27.63808823,28.42918968,27.34971428,28.04266357,192614971,4333157157.0
07/08/2019,29.35436821,29.60584068,27.43950462,27.63920403,314659493,4285441779.0
08/08/2019,30.83284569,31.30161095,29.03480721,29.36826324,404379079,4599574627.0
09/08/2019,29.96147346,31.17804337,29.91259956,30.8674202,222912268,4905725073.0
10/08/2019,29.68185806,30.04810143,29.16697884,29.94394684,248736115,4622750237.0
11/08/2019,30.05725479,30.2944622,29.51161385,29.68372917,263951565,4605969734.0
12/08/2019,30.16688156,30.47691727,29.84700775,30.08245087,278357603,4697767187.0
13/08/2019,29.46627808,30.35631371,29.273386,30.16803551,241841209,4689030305.0
14/08/2019,27.10558128,29.47153091,27.10071564,29.4615345,227534067,4576574417.0
15/08/2019,28.04344749,28.17516327,26.69791794,27.09639931,248072109,4165543779.0
16/08/2019,27.6445713,28.08271408,26.89726067,28.05899429,203654965,4367803038.0
17/08/2019,27.48052216,27.93924713,27.13772583,27.65212822,196083314,4273471981.0
18/08/2019,27.93244553,28.10008621,27.18069839,27.49461555,229491438,4270650929.0
19/08/2019,28.80900383,29.05650139,27.81815147,27.94526482,259250527,4336728966.0
20/08/2019,28.16749001,28.8148613,28.05715561,28.8148613,209875661,4490115415.0
21/08/2019,26.99371529,28.16618919,26.59328651,28.16618919,198468093,4357721882.0
22/08/2019,27.08919144,27.44528198,26.42941475,26.99371529,193368566,4185784963.0
23/08/2019,27.17053032,27.39027977,26.85284805,27.08919144,195437616,4205397695.0
24/08/2019,26.49566269,27.16345024,26.23466682,27.16345024,164452279,4201016649.0
25/08/2019,26.13184738,26.53139687,25.87463188,26.48666191,165296408,4089185126.0
26/08/2019,26.10832977,27.07545662,25.85833359,26.14194489,277691463,4050116268.0
27/08/2019,25.6889782,26.14626503,25.09514236,26.1239109,196715449,4052311062.0
28/08/2019,23.70286751,26.01761055,23.68896294,25.69750977,206092745,3981389946.0
29/08/2019,21.88960648,23.68764687,21.82361794,23.68764687,200824073,3649903449.0
30/08/2019,22.21885681,22.62002754,21.64243317,21.88960648,196253457,3391602184.0
31/08/2019,21.26591492,22.44065285,21.19030762,22.21199608,167589166,3451891492.0
01/09/2019,21.56867027,21.78353119,21.17132378,21.25872803,173772205,3301687997.0
02/09/2019,22.76713371,22.88514137,21.20372009,21.56867027,237417710,3333917858.0
03/09/2019,22.51453972,22.92913246,22.36545372,22.76075745,181166381,3524515002.0
04/09/2019,21.79630852,22.67215729,21.67255592,22.52736282,148909991,3483555883.0
05/09/2019,22.76109886,23.53521347,21.57309532,21.81597519,259054353,3363823340.0
06/09/2019,22.15314865,23.42207909,21.81948471,22.76109886,240129733,3535644063.0
07/09/2019,22.5489769,22.67044067,22.07392693,22.14477348,203280778,3451665409.0
08/09/2019,22.56168938,22.82567406,22.37765694,22.56915283,175027324,3484794625.0
09/09/2019,22.28738976,22.65072823,21.98015213,22.56902313,155543678,3483513402.0
10/09/2019,21.91114426,22.4122982,21.63162613,22.28595543,139754246,3444196653.0
11/09/2019,20.8993206,22.03909492,20.76568222,21.91378784,147044919,3389666393.0
12/09/2019,20.92227745,21.0345459,19.96184731,20.89223099,202313591,3226703938.0
13/09/2019,20.88746643,21.31023026,20.64051247,20.93468475,171327680,3235151261.0
14/09/2019,21.0715847,21.2002449,20.88328171,20.89796257,163028906,3234398477.0
15/09/2019,20.5989399,21.133564,20.5989399,21.07320976,151856190,3266441901.0
16/09/2019,20.39851189,20.97273445,20.20467377,20.59948349,143466438,3168780325.0
17/09/2019,21.00536728,21.35743141,20.27621078,20.40366364,209209108,3142929832.0
18/09/2019,22.25544357,22.9018383,21.00537491,21.00631523,369440814,3288411889.0
19/09/2019,21.61460114,22.48871803,20.63365173,22.24210548,249524458,3432363359.0
20/09/2019,21.37147141,21.63981438,21.09428406,21.63221931,198988737,3346456476.0
21/09/2019,21.08218002,21.54067039,20.99020386,21.38046074,175114438,3308583744.0
22/09/2019,20.52555847,21.09439087,20.25509071,21.09293175,153747684,3260201288.0
23/09/2019,19.48547745,20.5266552,19.47389793,20.5266552,146934616,3172781423.0
24/09/2019,16.0676899,19.62726212,15.98308086,19.47755241,229488109,2998456700.0
25/09/2019,16.25837326,16.59714127,15.20441341,16.05917549,179697117,2602805743.0
26/09/2019,15.45980835,16.58708763,14.84127903,16.25867844,157594803,2500762233.0
27/09/2019,15.79026318,15.8244257,14.93223667,15.45743179,139548410,2380512069.0
28/09/2019,15.85141945,15.95549297,15.56317139,15.79157734,123900187,2435098282.0
29/09/2019,15.30510044,15.91889954,15.14238644,15.85420132,109712932,2451651151.0
30/09/2019,15.86267471,15.87362385,14.86608124,15.31265354,124329060,2375227667.0
01/10/2019,15.90321064,16.2939949,15.78240585,15.88275146,125165661,2453809747.0
02/10/2019,15.95004845,15.97118759,15.6716404,15.90965843,106103588,2465857249.0
03/10/2019,15.72675991,16.0058403,15.43171692,15.94671154,117720712,2467604794.0
04/10/2019,15.7551136,15.90401363,15.50056744,15.72473812,121510968,2436210728.0
05/10/2019,15.72358036,15.80356979,15.46999454,15.74993038,123665932,2433033444.0
06/10/2019,15.34897995,15.75001621,15.26235104,15.72203827,116659103,2437851688.0
07/10/2019,16.13434601,16.19382858,15.19102383,15.3391819,147393768,2343934846.0
08/10/2019,16.10819244,16.34605598,15.88908958,16.13917542,135346905,2498664282.0
09/10/2019,17.80657959,17.96573639,16.00939751,16.11080551,295619363,2488914255.0
10/10/2019,17.57115364,17.94595337,17.12557411,17.80405426,236960467,2764149180.0
11/10/2019,16.70953178,17.62604523,16.70953178,17.56908226,194750430,2732071807.0
12/10/2019,17.27790642,17.51211548,16.69069099,16.71416855,228500831,2576943773.0
13/10/2019,18.30802536,18.76486206,17.1800499,17.25666809,275090600,2680999298.0
14/10/2019,18.45947838,18.62194824,17.95308495,18.30802536,246674814,2840945535.0
15/10/2019,18.54465294,19.14954567,18.20119286,18.42587471,325479444,2867379838.0
16/10/2019,17.84004974,18.6028614,17.52380753,18.51695251,229668087,2862318783.0
17/10/2019,18.57026863,18.76417732,17.70657921,17.84069443,250474298,2764149805.0
18/10/2019,18.25419235,18.74944305,17.81221199,18.57598114,208244557,2876357781.0
19/10/2019,18.28854561,18.51399994,17.9721241,18.25324249,211728668,2832784901.0
20/10/2019,18.43792343,18.56833839,17.88214111,18.29484367,225458859,2819337302.0
21/10/2019,18.30554962,18.51459694,18.05716705,18.46290016,188130463,2860937976.0
22/10/2019,18.19560242,18.80129433,18.17207527,18.29786491,234929207,2839090496.0
23/10/2019,16.71117401,18.30070114,16.42418861,18.19862747,201092098,2829837000.0
24/10/2019,16.89157295,17.16367722,16.49003792,16.71207428,200253301,2586896306.0
25/10/2019,18.61605835,18.90885353,16.4795475,17.07227898,344418868,2636185044.0
26/10/2019,18.88970375,19.78219986,18.18138695,18.62912941,292124012,2882102568.0
27/10/2019,19.3456459,19.58616829,18.57375908,18.88933563,292948855,2927524097.0
28/10/2019,19.75831985,20.90374374,19.31189346,19.33845329,337867337,2996507151.0
29/10/2019,20.47710609,20.91778564,19.70025444,19.81363869,317609149,3085921195.0
30/10/2019,20.0869503,20.58246613,19.22992516,20.49300194,250293832,3214526918.0
31/10/2019,20.0002327,20.39628029,19.53606987,20.09931183,250225840,3114274314.0
01/11/2019,20.02150154,20.06231499,19.77950287,19.99411392,198377285,3060506253.0
02/11/2019,20.26699448,20.39868546,19.86049271,20.0194912,273890078,3065691360.0
03/11/2019,20.20604515,20.43263435,19.88883018,20.26974106,257571666,3101344759.0
04/11/2019,20.7379818,20.9155941,20.18412971,20.22644615,296502530,3091534821.0
05/11/2019,20.72467422,20.92206764,20.44797134,20.74145889,263685442,3168289034.0
06/11/2019,20.81792259,20.91533089,20.28018951,20.71693802,241489968,3167283072.0
07/11/2019,20.64693642,20.95944023,20.24761391,20.81498146,222003636,3170445921.0
08/11/2019,19.69077301,20.6930294,19.47482109,20.6930294,184596047,3130183685.0
09/11/2019,19.73544693,19.9845829,19.60042953,19.67876434,176812608,3016010888.0
10/11/2019,20.48175812,20.63121605,19.72748184,19.73264694,239714468,3027753880.0
11/11/2019,20.13314056,20.64491653,19.91571236,20.47985077,209454454,3140930310.0
12/11/2019,20.85744667,20.86239243,20.09476662,20.14092636,227650068,3087724598.0
13/11/2019,21.25043106,21.63571358,20.7064991,20.86842346,252296146,3200712594.0
14/11/2019,21.26469994,21.51263809,20.97397614,21.28135681,237992230,3274179213.0
15/11/2019,20.31622505,21.29497337,20.1778965,21.2417202,225530775,3264934237.0
16/11/2019,20.28265381,20.6341362,20.09207344,20.31740761,211016746,3115427069.0
17/11/2019,20.26079369,20.620121,20.03048325,20.27693176,224982344,3093903226.0
18/11/2019,19.31686974,20.43216705,18.93680191,20.34359741,224380017,3069364635.0
19/11/2019,18.70329857,19.63331604,18.37516022,19.31186295,206923366,2929875034.0
20/11/2019,18.17227364,18.92709923,17.85174561,18.70734406,210091849,2829908505.0
21/11/2019,16.84021759,18.18763161,16.6204319,18.16269493,228429806,2776849838.0
22/11/2019,15.58170319,17.27017975,14.68925953,16.84091377,341456274,2575265675.0
23/11/2019,16.41950035,16.46618843,15.15149593,15.58123302,255961052,2375099395.0
24/11/2019,15.27876472,16.49131966,15.27876472,16.39869308,232363837,2498755252.0
25/11/2019,15.26736355,15.73527241,14.19535255,15.28551865,242510343,2339130868.0
26/11/2019,15.52725506,15.86121273,15.22518444,15.27252865,205893351,2335397727.0
27/11/2019,16.09828758,16.19523239,14.94318008,15.49125004,255021618,2353850329.0
28/11/2019,15.68320656,16.2286396,15.6486702,16.09596443,194516396,2447219831.0
29/11/2019,16.27330399,16.3407135,15.64595127,15.67806435,250074235,2387281534.0
30/11/2019,15.71595097,16.37069893,15.53914738,16.26349831,213428131,2479816861.0
01/12/2019,15.49633598,15.74318123,15.05423355,15.74318123,203268417,2410939854.0
02/12/2019,15.19185829,15.7071743,15.15254498,15.50936413,200809249,2370714811.0
03/12/2019,15.30955601,15.55317497,15.04866886,15.19185829,219927266,2326424404.0
04/12/2019,15.2799778,15.69058704,15.00968456,15.34842968,237605471,2341111791.0
05/12/2019,15.76283932,16.07777023,14.94940186,15.26021671,255410908,2324400981.0
06/12/2019,15.71129894,15.85693359,15.45458698,15.76719761,236694082,2401017473.0
07/12/2019,15.66708565,15.84858227,15.63249111,15.70438004,242693199,2399019211.0
08/12/2019,15.67452335,15.85142994,15.50932693,15.66282558,223721643,2390208908.0
09/12/2019,15.44853878,15.85270596,15.35024261,15.66611958,209955476,2392977302.0
10/12/2019,14.95886993,15.47015095,14.78095531,15.43883801,192615787,2350723770.0
11/12/2019,14.82455063,15.12133408,14.71032619,14.94753361,170909631,2271141393.0
12/12/2019,14.81816673,14.89561176,14.55736256,14.81962204,165964330,2261960517.0
13/12/2019,14.87874413,14.99510574,14.74026203,14.81725693,177476227,2262402193.0
14/12/2019,14.50501537,15.01233006,14.37133694,14.88323689,173092733,2272951580.0
15/12/2019,14.49044609,14.56965923,14.18899155,14.51248169,167670329,2205218685.0
16/12/2019,13.55878639,14.52559662,13.45865345,14.48874283,178952097,2205239116.0
17/12/2019,12.38694096,13.57794094,12.18373108,13.55548096,186995962,2066058407.0
18/12/2019,13.5352602,13.6065321,12.28678608,12.38169765,234697405,1900250905.0
19/12/2019,13.44577885,13.78485203,12.9661541,13.56822205,174965245,2070675410.0
20/12/2019,13.57077885,13.59332943,13.23140621,13.45949078,203861105,2041771180.0
21/12/2019,13.3806591,13.5832386,13.32900429,13.56809139,192827533,2071647692.0
22/12/2019,13.83588123,13.85187817,13.36833763,13.39024639,204111890,2039535647.0
23/12/2019,13.36903381,13.99912453,13.30570889,13.81048489,159105887,2110853077.0
24/12/2019,13.44457054,13.76830006,13.32615566,13.38139153,177372409,2045544930.0
25/12/2019,13.17483902,13.47613811,13.06514359,13.4590559,152718120,2046244983.0
26/12/2019,13.20863628,13.52395439,13.1567421,13.17680359,157660620,2006685206.0
27/12/2019,13.36271954,13.43977356,13.1230278,13.20863628,164413385,2017880019.0
28/12/2019,13.70541668,13.79353142,13.33493423,13.35340977,197525901,2035057674.0
29/12/2019,14.15004539,14.22563839,13.64632797,13.69683647,225354585,2101494900.0
30/12/2019,13.94744205,14.47063446,13.92436218,14.15513229,187275635,2161147035.0
31/12/2019,13.72764206,14.09533119,13.64868164,13.9520874,166278254,2126194408.0
01/01/2020,13.6890831,13.87394619,13.65494156,13.7309618,172980718,2103940815.0
02/01/2020,13.02701092,13.71554756,12.98997402,13.69812584,156376427,2099316231.0
03/01/2020,13.66045189,13.76370907,13.01263809,13.03532887,173683857,1995647509.0
04/01/2020,13.89151192,13.9219141,13.56000805,13.66744232,182230374,2088116796.0
05/01/2020,14.11101913,14.41080093,13.88654709,13.88834,202552703,2116144292.0
06/01/2020,14.95780754,15.00356483,14.11124039,14.11124039,224800409,2147450560.0
07/01/2020,15.00924969,15.13527489,14.56840324,14.96620941,191948560,2290887105.0
08/01/2020,14.60293388,15.24221897,14.33795166,15.02226353,183632222,2303435257.0
09/01/2020,14.4983139,14.61108875,14.3053627,14.58920193,169699829,2231554930.0
10/01/2020,15.02582645,15.02768898,14.18208504,14.47840881,200173072,2202749504.0
11/01/2020,14.94632816,15.25023746,14.77947426,15.02098465,201663503,2298403616.0
12/01/2020,15.32208347,15.47210884,14.86989117,14.94620132,231150158,2290593279.0
13/01/2020,15.22727203,15.35538673,14.99121571,15.32226086,211785744,2347844997.0
14/01/2020,16.62612152,16.79066086,15.19440079,15.21528721,299316969,2328371221.0
15/01/2020,17.65481186,18.09626961,16.39442253,16.60386658,380806616,2546512800.0
16/01/2020,17.07694626,17.6607933,16.43984795,17.64640236,260423404,2695653560.0
17/01/2020,18.13519859,18.36183167,17.08893013,17.11279869,347229168,2603726452.0
18/01/2020,17.8239193,18.31447983,17.55515671,18.1296463,257317647,2784697148.0
19/01/2020,17.36925316,18.43775558,16.84107208,17.83098984,266285621,2733334309.0
20/01/2020,17.32527542,17.55373764,16.86442375,17.39252472,245125919,2662443493.0
21/01/2020,18.12766647,18.14668465,17.16921616,17.3276844,295922233,2658043750.0
22/01/2020,17.79836082,18.35371208,17.5987854,18.12423134,237634401,2775403908.0
23/01/2020,17.02140427,17.81701279,16.78747559,17.81135368,221009513,2727795014.0
24/01/2020,17.04740906,17.39503479,16.48969841,17.03130722,213341615,2605306662.0
25/01/2020,16.97610664,17.1090126,16.60324669,17.04941177,208315919,2614002413.0
26/01/2020,17.43863297,17.49452591,16.87378311,16.97333145,248646036,2604451767.0
27/01/2020,17.6913414,17.8951149,17.27978706,17.44319534,227584506,2674086713.0
28/01/2020,18.11513519,18.11513519,17.49995422,17.6835289,257579475,2698791730.0
29/01/2020,17.91277695,18.4336319,17.88375664,18.06624413,221674739,2745879946.0
30/01/2020,18.59040833,18.70323563,17.73059273,17.92017937,264686498,2747236096.0
31/01/2020,18.21097946,18.84096146,17.85455513,18.59030151,245035922,2847071752.0
01/02/2020,18.21832085,18.57014847,18.06700134,18.20280266,238461925,2788030152.0
02/02/2020,18.44818497,18.76925659,17.8970871,18.20256233,256209045,2785023700.0
03/02/2020,18.4627552,18.78767014,18.22754478,18.45067978,227749150,2828376342.0
04/02/2020,18.17736626,18.59559059,17.90484238,18.46612549,213533737,2834950672.0
05/02/2020,19.21504974,19.40715599,18.1705761,18.19530487,301486499,2787798000.0
06/02/2020,20.59526253,20.79269028,19.0771122,19.22905731,394704716,2945748770.0
07/02/2020,22.06225777,22.47980118,20.46765137,20.58308411,485529457,3157866992.0
08/02/2020,21.7824192,22.16530609,20.97790909,22.05798149,376067881,3395280397.0
09/02/2020,24.30856133,24.30856133,21.74898911,21.75726128,523664695,3345049429.0
10/02/2020,25.21831512,25.8132,23.54845619,24.34267426,730144278,3671656948.0
11/02/2020,25.63740349,25.70272064,24.19576836,25.26160622,567226060,3882697589.0
12/02/2020,26.46676254,26.88055038,25.41926003,25.65701103,492328618,3940209442.0
13/02/2020,25.44009972,27.11745644,24.75518227,26.46349907,463998187,4030446328.0
14/02/2020,26.29695892,26.47002411,25.15499687,25.43444824,471534694,3894836056.0
15/02/2020,24.14965057,26.43831062,23.70632935,26.30047226,454859713,4014430330.0
16/02/2020,23.4663887,25.21229744,22.11713028,24.22805023,471225913,3694035235.0
17/02/2020,23.55137825,23.55137825,21.69038963,23.42188835,418783808,3616306586.0
18/02/2020,24.05817795,24.29868889,22.89827347,23.52159119,392689678,3598860680.0
19/02/2020,22.33351135,24.33191681,22.21512985,24.07476616,298250332,3691896846.0
20/02/2020,22.22914696,22.6653614,21.32068443,22.35000038,358656850,3449518851.0
21/02/2020,22.1848774,22.75509644,21.87401009,22.19364548,396181352,3400751851.0
22/02/2020,21.96848106,22.31868744,21.67379189,22.19275093,328794302,3395848278.0
23/02/2020,22.82887077,22.96941566,21.9779892,21.9779892,439036993,3364840517.0
24/02/2020,22.04412651,23.2454834,21.60708618,22.82491875,357640680,3510096072.0
25/02/2020,20.34247017,22.14456177,20.2013073,22.14456177,356163893,3364128428.0
26/02/2020,18.79913139,20.51981354,18.13767815,20.35981369,443909390,3134455974.0
27/02/2020,19.12256813,19.61505508,17.82415771,18.7883625,406092296,2858511810.0
28/02/2020,18.85483742,19.71951866,18.09515953,19.07293892,461435237,2921518777.0
29/02/2020,19.58409119,20.1828289,18.87579536,18.94764709,584219366,2926158626.0
01/03/2020,18.96323204,20.05451584,18.50383568,19.57461548,380913102,2982985654.0
02/03/2020,19.81406403,20.05397606,18.78180885,19.03786087,428747453,2908085916.0
03/03/2020,19.63718987,20.35958672,19.3440609,19.78762817,355662760,3047290852.0
04/03/2020,19.95918846,20.22895622,19.59246063,19.66348648,363898093,2967313550.0
05/03/2020,20.80203056,21.46718025,19.95573235,19.9624691,424802925,3023669002.0
06/03/2020,21.28838921,21.7016716,20.78385735,20.82702637,449180749,3148122007.0
07/03/2020,20.17956734,21.42745018,19.85356712,21.2821331,337204407,3225098954.0
08/03/2020,16.97406578,20.28634071,16.95593071,20.21206093,365362955,3021511858.0
09/03/2020,16.57074356,17.45792961,15.71718121,16.97822189,417649798,2576606763.0
10/03/2020,16.87565422,17.44171715,16.43875122,16.58148193,360300206,2497008181.0
11/03/2020,16.52483368,17.09908867,15.56999302,16.88408852,288383091,2565981291.0
12/03/2020,9.600166321,16.55828476,9.519583702,16.52630424,444641540,2493501408.0
13/03/2020,10.8330574,11.34913731,6.963390827,9.5209198,681143272,1437874400.0
14/03/2020,10.14044857,11.28677559,9.966749191,10.8350029,301943026,1615054799.0
15/03/2020,10.43601799,11.17438602,10.01700592,10.13266277,336142093,1527890812.0
16/03/2020,9.386050224,10.42586899,8.676699638,10.42586899,314940366,1590139362.0
17/03/2020,10.07717514,10.44790077,9.365420341,9.365420341,288591005,1431388393.0
18/03/2020,10.11913681,10.23606014,9.760224342,10.03618145,264539835,1573699552.0
19/03/2020,12.2796402,12.60156727,10.11839867,10.11839867,407534104,1563418016.0
20/03/2020,11.87586689,13.62334442,10.73879433,12.28042603,433929425,1858603762.0
21/03/2020,12.05799103,12.31291771,11.34841442,11.90100384,386174572,1792058785.0
22/03/2020,11.15822792,12.39243984,11.13877678,12.08073711,308670064,1818360427.0
23/03/2020,12.11771488,12.12585735,10.92576885,11.15822792,359015601,1688695770.0
24/03/2020,12.40122032,12.57141113,11.850914,12.11639786,333522129,1829868581.0
25/03/2020,12.32429981,12.63049316,12.11949825,12.40379238,288895593,1885028599.0
26/03/2020,13.21761131,13.21761131,12.26111889,12.32583332,299218749,1863775407.0
27/03/2020,12.52325726,13.27988338,12.50749969,13.2215271,263730266,1991459536.0
28/03/2020,12.19311333,12.53389168,11.81506729,12.53382397,256061862,1843089831.0
29/03/2020,11.44122124,12.28067207,11.38792229,12.18828583,218854042,1843685185.0
30/03/2020,12.2868433,12.3763504,11.3441658,11.42238903,305631180,1716989351.0
31/03/2020,12.58160591,12.74015427,12.23162174,12.28261566,372566080,1843126770.0
01/04/2020,12.7416029,12.7416029,12.05784321,12.58160591,332222983,1906878809.0
02/04/2020,13.06663895,13.54590893,12.6070509,12.72506523,398592822,1927232839.0
03/04/2020,13.37300777,13.5653553,13.0026474,13.04822636,406426751,1971192628.0
04/04/2020,13.82452774,14.01061058,13.22275162,13.37300777,416644565,2014757336.0
05/04/2020,13.7341156,13.96737289,13.47054672,13.81594753,398954313,2084146996.0
06/04/2020,15.08452129,15.11711693,13.69369507,13.73103237,491814166,2073669547.0
07/04/2020,14.68154716,15.45098782,14.3730011,15.07090569,452816635,2289489107.0
08/04/2020,15.05607605,15.26230335,14.56220436,14.69478893,434986928,2207454729.0
09/04/2020,15.06260395,15.18484306,14.76430893,15.06722355,444821353,2282382272.0
10/04/2020,13.7377243,15.10804081,13.59267044,15.06022835,394331907,2271676119.0
11/04/2020,13.80428791,14.06732941,13.61300468,13.7377243,364313702,2073910714.0
12/04/2020,14.37511063,14.74519157,13.72953415,13.81208611,414752932,2087481774.0
13/04/2020,15.03442669,15.04838371,13.72342587,14.404006,459561236,2178116506.0
14/04/2020,15.52507591,15.91635704,14.83644867,15.01206303,515331620,2272857628.0
15/04/2020,14.59392738,15.84027576,14.54289818,15.54267788,425648054,2357467179.0
16/04/2020,15.70273018,15.70273018,14.23670387,14.58124638,478820058,2207839720.0
17/04/2020,15.73508263,15.94159222,15.35208607,15.70099258,396448352,2369647149.0
18/04/2020,16.59317207,16.7172451,15.73049641,15.74632072,479760692,2370773172.0
19/04/2020,16.13993263,16.70739555,16.09892845,16.60738754,402957217,2448080536.0
20/04/2020,15.08540344,16.45517731,15.01352119,16.14042854,398870343,2377982680.0
21/04/2020,15.2057724,15.49022102,14.88361359,15.06383991,390367736,2228118492.0
22/04/2020,15.69316006,15.84587574,15.01792812,15.20112991,395820106,2232531184.0
23/04/2020,16.00620842,16.14614677,15.52653122,15.70265388,446947832,2319816864.0
24/04/2020,16.01641846,16.31677246,15.88908577,15.99248314,375266800,2353229637.0
25/04/2020,16.30541801,16.42373276,15.9584856,16.01301765,362345240,2352743588.0
26/04/2020,16.38376808,16.48343468,16.19930077,16.30323029,400076436,2402829551.0
27/04/2020,16.46321487,16.66411018,16.2095108,16.42904282,389838383,2419596601.0
28/04/2020,16.44428635,16.56699944,16.27823257,16.44782829,361059754,2423050239.0
29/04/2020,17.49377441,17.5462265,16.37319183,16.44724274,463165164,2419444104.0
30/04/2020,17.0339756,18.12952805,16.78025055,17.44778824,498015944,2563905019.0
01/05/2020,17.5649929,17.8927002,17.02653122,17.04652214,453439052,2521986646.0
02/05/2020,17.58490372,17.62875748,17.40644455,17.55181694,393955300,2584203457.0
03/05/2020,17.1262989,17.79884911,17.02796745,17.58179092,381109061,2594586018.0
04/05/2020,17.10075569,17.35534668,16.4620018,17.13575172,390548947,2526415835.0
05/05/2020,16.91977501,17.3224926,16.72710609,17.08841133,358987881,2503993915.0
06/05/2020,16.65704536,17.15768242,16.65704536,16.90680122,364717662,2490362708.0
07/05/2020,17.01319885,17.28824043,16.35146141,16.65795898,414976837,2471282825.0
08/05/2020,17.24147606,17.44148254,16.91206932,17.01921082,382131707,2525210913.0
09/05/2020,16.93596077,17.48469734,16.88996696,17.21995544,365221789,2536683340.0
10/05/2020,15.2956686,16.93710899,14.72008133,16.93710899,436166815,2495851841.0
11/05/2020,15.09754467,15.48983002,14.28437996,15.33998489,404659513,2258003159.0
12/05/2020,15.74105358,16.16119003,14.99252129,15.12107277,394508013,2231962405.0
13/05/2020,16.13887787,16.24778938,15.72400379,15.74256897,359517914,2327383911.0
14/05/2020,16.35779953,16.53918457,15.92174816,16.13585472,388231861,2390558640.0
15/05/2020,15.75437355,16.45460129,15.65213966,16.34773064,340889408,2418544120.0
16/05/2020,16.0517807,16.23184204,15.6496582,15.75389004,339913391,2317509550.0
17/05/2020,16.31464577,16.48041725,16.02853775,16.03307152,329675187,2371381210.0
18/05/2020,16.6362648,16.83916664,16.27863693,16.3182373,337613743,2407687200.0
19/05/2020,17.15466309,17.15466309,16.36817741,16.63912201,351679092,2456333485.0
20/05/2020,16.88802528,17.32334328,16.65592384,17.1426506,305581860,2542931077.0
21/05/2020,16.12238121,17.03751564,15.79104137,16.88724327,283593221,2496496118.0
22/05/2020,16.63959312,16.84811211,15.98075104,16.12638664,308017283,2378561522.0
23/05/2020,16.58819389,16.83150482,16.35856247,16.63149071,281071630,2433514189.0
24/05/2020,16.08343887,16.79301834,16.08147621,16.57974243,250849075,2432310885.0
25/05/2020,16.40090752,16.41957092,15.95884132,16.07458305,295250983,2364976579.0
26/05/2020,16.2125473,16.48642159,16.04883194,16.40829659,264787793,2416857097.0
27/05/2020,16.49328423,16.5568409,16.17987633,16.21267128,289787288,2395241252.0
28/05/2020,17.05933952,17.12011909,16.47002029,16.49799156,307231707,2430831283.0
29/05/2020,17.04162979,17.22992134,16.7222271,17.07678986,302410995,2519147860.0
30/05/2020,17.74341774,17.75765419,16.96336174,17.03723717,330991078,2514242774.0
31/05/2020,17.04047203,18.10848427,16.91749382,17.74247169,306613468,2623199555.0
01/06/2020,17.91494179,18.0018425,17.01221466,17.06953049,343444957,2508703324.0
02/06/2020,17.23930359,18.15634537,16.90384865,17.91885185,285916007,2655040580.0
03/06/2020,17.54540443,17.62293625,17.10429382,17.23462105,278598569,2555160162.0
04/06/2020,17.5658741,17.64866638,17.13616371,17.54722023,251564500,2592716466.0
05/06/2020,17.68878555,17.89604378,17.48777771,17.56872368,264892611,2622151849.0
06/06/2020,17.53593445,17.90798759,17.53104973,17.68878555,247410758,2609083548.0
07/06/2020,17.44703484,17.64626694,16.9646759,17.53762817,229571456,2594510241.0
08/06/2020,17.39303017,17.55760384,17.28857994,17.44631386,201873195,2569939048.0
09/06/2020,17.43537712,17.47916222,17.25016212,17.40069962,203076335,2577895738.0
10/06/2020,17.41046715,17.49792671,17.26444626,17.43645668,218805704,2566693310.0
11/06/2020,16.30892563,17.52449417,16.20892334,17.41394424,214293278,2567525316.0
12/06/2020,16.66913986,16.77597618,16.15718842,16.29245567,220884223,2405200799.0
13/06/2020,16.82373428,16.84438324,16.54257393,16.67559814,217773557,2458716489.0
14/06/2020,16.65624237,16.86882973,16.55116844,16.83111572,197988813,2482197891.0
15/06/2020,16.38480186,16.67637634,15.62561226,16.65624237,205913863,2450773581.0
16/06/2020,16.42195702,16.62471962,16.23513985,16.38661385,197512179,2422013098.0
17/06/2020,16.40254211,16.60578156,16.10955429,16.42201233,190623459,2426825301.0
18/06/2020,16.20858955,16.53452682,15.98046684,16.40254211,176409002,2424884751.0
19/06/2020,15.90708637,16.2927742,15.89573479,16.20798492,160670035,2394325178.0
20/06/2020,16.04755974,16.13507652,15.80970955,15.90708637,158722069,2361132694.0
21/06/2020,16.00122643,16.25219345,15.98089218,16.03835487,151504787,2373897720.0
22/06/2020,16.47528839,16.47528839,15.9985199,15.9985199,181943736,2358874802.0
23/06/2020,16.42256737,16.49773979,16.26288223,16.46867752,165960947,2437229811.0
24/06/2020,16.02675819,16.65941811,16.00657654,16.43466568,168239834,2417477041.0
25/06/2020,15.92270947,16.0451355,15.63058281,16.02267456,143049947,2370741003.0
26/06/2020,15.74922371,16.01070023,15.64155769,15.91671562,136599245,2353394947.0
27/06/2020,15.1852541,15.90285873,15.07592869,15.75096893,152435707,2330947469.0
28/06/2020,15.42008877,15.51112843,15.02065086,15.1852541,159817886,2244154724.0
29/06/2020,15.50523186,15.5978756,15.23478889,15.41221046,167963469,2273304407.0
30/06/2020,15.41358185,15.58555508,15.31640339,15.49469757,151582461,2288640054.0
01/07/2020,15.82946014,15.87824726,15.35164165,15.40945625,159837869,2283276874.0
02/07/2020,15.5384903,15.95666981,15.25099277,15.82076645,151839908,2341084177.0
03/07/2020,15.29196167,15.58700562,15.27369118,15.53417397,138591561,2271469452.0
04/07/2020,15.55298138,15.60476971,15.26163197,15.28705883,146316736,2264032088.0
05/07/2020,15.48022556,15.63395405,15.24502945,15.55299568,138494209,2297513033.0
06/07/2020,16.2967701,16.33369827,15.44879818,15.48022556,172232440,2289383667.0
07/07/2020,16.77022552,16.8623848,16.02357292,16.27596474,196296818,2412542715.0
08/07/2020,17.22765732,17.40971184,16.66420555,16.77408791,212383912,2480460217.0
09/07/2020,16.88486862,17.44386673,16.57245445,17.23885727,179705380,2541966350.0
10/07/2020,17.26125145,17.29434776,16.4102478,16.87813187,174222029,2485639479.0
11/07/2020,17.62217903,17.66462135,17.07533264,17.27930641,186743534,2547754641.0
12/07/2020,18.23654556,18.5815506,17.61326599,17.62835693,224015851,2604910437.0
13/07/2020,18.40956306,18.89071655,17.77216911,18.23654556,261690866,2698495512.0
14/07/2020,18.08290863,18.71433258,17.93364716,18.39245224,203397123,2715245515.0
15/07/2020,17.59121513,18.13315582,17.44581795,18.07204437,169152686,2675828065.0
16/07/2020,17.1438427,17.69728088,16.73389244,17.59165001,191191483,2603200689.0
17/07/2020,17.08497429,17.47633743,17.02256775,17.14419174,153498441,2536635434.0
18/07/2020,17.12671089,17.26649475,16.86067009,17.08691216,149402466,2523851243.0
19/07/2020,17.95577812,18.04950142,16.90988922,17.12687111,213342724,2534108968.0
20/07/2020,17.48470879,18.26726913,17.33393097,17.96123886,203143854,2665508176.0
21/07/2020,17.71540833,17.94850349,17.40737534,17.46725655,187854335,2585027026.0
22/07/2020,18.0919075,18.0919075,17.51343918,17.70544434,191909868,2623383923.0
23/07/2020,18.67329597,18.68641853,18.07370758,18.0873394,220207323,2659506640.0
24/07/2020,19.1529007,19.52333069,18.27448082,18.67661285,248008823,2760438296.0
25/07/2020,19.7764225,19.97781754,19.14246941,19.15778923,257057785,2834374931.0
26/07/2020,19.5210247,20.23477745,19.35772324,19.75263786,248581857,2935074482.0
27/07/2020,19.6203289,20.13938713,18.55101967,19.51531219,325386899,2885760248.0
28/07/2020,20.17354774,20.61321449,19.4997921,19.70059395,284409544,2910698838.0
29/07/2020,19.89558983,20.37412643,19.86468506,20.19166946,204440432,2981283364.0
30/07/2020,20.01273537,20.06949234,19.5722084,19.89725113,200436410,2937168740.0
31/07/2020,20.66814613,20.83847618,19.93484688,19.99009323,229781080,2965551534.0
01/08/2020,21.53043175,21.61899185,20.59519577,20.66814613,264604008,3060607052.0
02/08/2020,20.94488716,22.01515579,19.97268677,21.54673195,299350525,3199992932.0
03/08/2020,22.05501175,22.38204193,20.77110291,20.94066048,265708949,3086470431.0
04/08/2020,22.28258514,22.40495872,21.62369156,22.05478859,241931958,3239321259.0
05/08/2020,23.33621788,23.55714035,22.1399765,22.28726959,344072749,3293276431.0
06/08/2020,22.70766068,23.33039665,22.56967354,23.32457924,246554661,3438061584.0
07/08/2020,22.31154633,23.00437737,21.62869263,22.72139168,326409994,3370982470.0
08/08/2020,22.87811852,22.93997383,21.94044876,22.31259918,236392685,3278820417.0
09/08/2020,22.47553635,22.94205666,22.16116142,22.89388657,216694610,3378074823.0
10/08/2020,22.61379623,22.84382439,22.27504158,22.48019981,239664308,3315615445.0
11/08/2020,21.25694466,22.76441956,20.83673096,22.62841225,310846749,3339788963.0
12/08/2020,21.75144958,22.18713188,20.61529541,21.30977821,256078366,3114747467.0
13/08/2020,22.07554436,22.15269279,20.75382996,21.77322578,299981376,3188863590.0
14/08/2020,23.06979179,23.36223984,21.69671822,22.08011246,357386067,3215330089.0
15/08/2020,23.0217514,23.8793869,22.90173721,23.0885601,269746412,3404939838.0
16/08/2020,23.49710274,23.77033424,22.82897186,23.05028915,271264839,3387732402.0
17/08/2020,23.51010323,23.85601425,23.0857048,23.49710274,264606385,3473865124.0
18/08/2020,23.06718063,23.68034744,22.57513237,23.49196053,259152684,3476788975.0
19/08/2020,22.31039619,23.25364876,22.01115227,23.05558968,224754805,3397690722.0
20/08/2020,23.09257507,23.27177048,22.13014793,22.37169266,240389084,3302382351.0
21/08/2020,22.12899399,23.35360718,21.8565464,23.10441399,245533836,3414255885.0
22/08/2020,22.23982048,22.23982048,21.46128654,22.11517143,208053381,3260640032.0
23/08/2020,21.87084198,22.21905518,21.60768509,22.21905518,181970641,3277780669.0
24/08/2020,22.60585213,22.89571762,21.77285957,21.86577797,192633739,3233813725.0
25/08/2020,21.47536659,22.63457108,21.15493965,22.60821152,234877041,3336417082.0
26/08/2020,22.2773056,22.48497963,21.33535576,21.47430611,255812854,3176756105.0
27/08/2020,23.08075333,23.13976288,21.92107201,22.25806618,296206828,3295697167.0
28/08/2020,23.13381195,23.53281975,22.70906067,23.07765579,260086579,3411961400.0
29/08/2020,23.01127243,23.51309586,22.8295517,23.13402367,213897145,3413764685.0
30/08/2020,23.64491463,23.83744621,22.9644165,23.00905991,228141192,3408734637.0
31/08/2020,23.19305038,23.9141655,23.05495071,23.64785767,215511200,3486695536.0
01/09/2020,24.82209587,25.40539551,22.98829079,23.18504715,450200844,3429200222.0
02/09/2020,24.69036293,25.78992271,23.61166191,24.81437492,577817197,3678647220.0
03/09/2020,20.6198864,25.51471901,20.5176754,24.69760895,574956638,3644800879.0
04/09/2020,21.05610657,21.82765961,19.98085594,20.59681511,489923568,3057090063.0
05/09/2020,19.4787674,21.55167961,18.18370819,21.04412079,399969033,3101433925.0
06/09/2020,23.19066238,23.41258621,18.68403435,19.4787674,740680573,2870047730.0
07/09/2020,22.39330673,23.50557709,20.27076149,23.19359207,555588378,3441897088.0
08/09/2020,23.19024849,23.42228889,21.3632679,22.42563629,555422363,3289616682.0
09/09/2020,24.5302906,24.56151772,22.54034805,23.22184944,456284484,3391729401.0
10/09/2020,24.55988884,25.61405754,24.21430969,24.53735352,456365135,3606231302.0
11/09/2020,25.45141411,25.72947502,23.07515335,24.55988884,420689466,3603704434.0
12/09/2020,28.5298481,28.5298481,25.44690704,25.45236588,688007352,3752802265.0
13/09/2020,31.05862999,32.32502747,28.21589088,28.5298481,1144638251,4189027941.0
14/09/2020,31.17864227,33.48781967,29.17214584,31.1024456,1009392260,4578726415.0
15/09/2020,27.20239067,31.26981544,26.86198425,31.15898132,861821910,4512125844.0
16/09/2020,27.96459389,28.52034187,26.08143044,27.19629669,664539530,4009700860.0
17/09/2020,26.99312973,28.83543205,26.1382103,27.92549896,512578971,4122357758.0
18/09/2020,27.39948082,28.77667046,26.70960617,26.99312973,482149967,3959528315.0
19/09/2020,27.25111198,27.87865448,26.763134,27.6173439,331216806,3976466685.0
20/09/2020,26.39213371,27.32611847,25.25562286,27.24988365,343197520,4024066273.0
21/09/2020,23.26787949,26.69583511,22.54965591,26.42963409,462503299,3891106121.0
22/09/2020,24.10074043,24.51815796,22.84714127,23.18820572,340023558,3493931691.0
23/09/2020,22.85697746,24.2479496,22.70238686,24.0463295,446713264,3535552468.0
24/09/2020,24.61382484,24.68410301,22.69976234,22.8529911,475917196,3373414662.0
25/09/2020,24.6633873,25.07448769,23.87934494,24.58532524,442583904,3626151929.0
26/09/2020,26.22118187,26.44913864,24.54475212,24.68214989,490827676,3635723608.0
27/09/2020,26.19921684,26.88764954,25.74367142,26.21259308,435755666,3874918802.0
28/09/2020,26.97960663,27.72831726,25.92004776,26.23597145,530311672,3864067180.0
29/09/2020,28.84297943,29.0031662,26.97603798,26.99019051,612454595,3964694604.0
30/09/2020,29.29087639,29.5594368,28.04154396,28.8771553,566560144,4253400067.0
01/10/2020,27.4319725,29.38222313,26.36320305,29.32178116,630087805,4325855176.0
02/10/2020,27.28568077,28.18265915,25.89402962,27.45018387,638940976,4036519254.0
03/10/2020,28.20231056,28.2858429,27.13993073,27.34647369,495908650,4021625434.0
04/10/2020,28.94385338,29.13610268,28.06929398,28.2129097,514574736,4184514172.0
05/10/2020,28.65910339,29.3038578,28.17300224,29.00913811,425642119,4283270102.0
06/10/2020,27.71452713,28.96985054,27.30017662,28.66607094,505088690,4235422294.0
07/10/2020,27.70483589,27.87132454,26.94363594,27.69797707,394557518,4081175972.0
08/10/2020,27.70531082,27.81265068,26.60059357,27.71349335,431553686,4093867354.0
09/10/2020,28.44503021,28.54167747,27.52767944,27.73821068,465984452,4090366937.0
10/10/2020,28.31248665,29.22410583,28.1577301,28.43513107,426434526,4198511786.0
11/10/2020,28.55558014,28.74247551,27.96128273,28.38202858,408482939,4178281516.0
12/10/2020,30.71468163,31.08211327,28.49144554,28.54990768,718406691,4216513539.0
13/10/2020,30.70674515,31.76510048,30.26940346,30.6700058,600050050,4529414810.0
14/10/2020,30.91211891,31.29753876,30.46190834,30.73881149,460297911,4536387304.0
15/10/2020,31.29586411,31.56929207,30.50012016,30.88991928,504135680,4566346922.0
16/10/2020,29.99489975,31.91716576,29.66696358,31.31403923,546849696,4615821053.0
17/10/2020,30.2482357,30.55560684,29.71999168,30.04375648,377026508,4436816338.0
18/10/2020,30.65952301,30.99655151,30.22171021,30.24098778,440840685,4471124013.0
19/10/2020,29.9250679,30.65621376,29.85706139,30.65621376,385913101,4528416810.0
20/10/2020,28.80344391,30.0800724,28.54344749,29.93031311,493774162,4422322858.0
21/10/2020,29.77235413,30.3833828,28.70941734,28.8138504,510855830,4241175299.0
22/10/2020,30.65819168,31.30000687,29.76441574,29.76553917,530907796,4374680296.0
23/10/2020,30.63396072,31.16414642,30.10298347,30.65525818,514504830,4520768370.0
24/10/2020,30.58882141,30.84191513,30.46013832,30.63396072,407454460,4521344664.0
25/10/2020,30.10754013,30.96611023,29.96166611,30.58882141,391997739,4517960819.0
26/10/2020,31.15456009,31.31110382,29.99247551,30.10754204,624224136,4446242746.0
27/10/2020,31.63872147,32.34506989,30.99955177,31.15468407,715978374,4603816455.0
28/10/2020,30.36350632,31.92716408,29.86839294,31.63878441,477279858,4683647247.0
29/10/2020,29.8424778,30.42120361,29.51284027,30.363554,426303252,4484041909.0
30/10/2020,28.50841141,30.19415665,27.58599663,29.84268379,531974962,4420211966.0
31/10/2020,28.43121529,28.89267159,28.16959763,28.50841141,360596998,4216701944.0
01/11/2020,28.46156502,28.66521835,28.10133171,28.43121529,338657898,4195740162.0
02/11/2020,27.88393021,29.27802467,27.83302498,28.46146965,390864652,4189298125.0
03/11/2020,26.85704994,27.88392639,25.89715195,27.88392639,457901613,4129579048.0
04/11/2020,26.93151474,26.95651627,25.96685219,26.85738754,383972480,3964658697.0
05/11/2020,27.67585945,27.89942741,26.71861839,26.93157578,299236756,3967025116.0
06/11/2020,29.01799965,29.41789246,27.67580795,27.67580795,343104562,4094007655.0
07/11/2020,27.73809433,29.84457588,26.98603821,29.01799965,362934993,4277111583.0
08/11/2020,28.30511665,28.68533707,27.51477623,27.73809433,321186882,4095631471.0
09/11/2020,28.01802063,28.92338562,27.40866089,28.30513573,335957338,4188047516.0
10/11/2020,28.19334221,28.4680748,27.70500946,28.01860046,310738349,4123746338.0
11/11/2020,27.95617867,28.62005615,27.87151527,28.19332123,279645463,4166476643.0
12/11/2020,27.61480713,28.15718842,27.34979248,27.95578194,266092376,4116039126.0
13/11/2020,28.18217278,28.48151398,27.56248283,27.61427498,292737428,4082305597.0
14/11/2020,27.9362011,28.18217278,27.4098587,28.18217278,254114574,4164934048.0
15/11/2020,27.62103081,28.17245483,27.11418152,27.9362011,254946427,4138996735.0
16/11/2020,28.0641098,28.18029213,27.50086594,27.62103081,275039274,4078970764.0
17/11/2020,28.53058052,28.75081062,28.171278,28.171278,320321793,4142983110.0
18/11/2020,28.07616234,28.78107834,27.54364204,28.53052139,327690836,4214237524.0
19/11/2020,28.09410477,28.33826065,27.65497208,28.0760498,282317319,4153238204.0
20/11/2020,28.89199638,29.27153587,28.0921936,28.0921936,321436881,4147358205.0
21/11/2020,30.39129066,30.73203087,28.35033035,28.89199638,419204706,4272178890.0
22/11/2020,29.92507172,31.07344818,29.08958626,30.39129066,426289161,4508909727.0
23/11/2020,30.96536827,31.04421043,29.81884193,29.9250927,433686948,4442355802.0
24/11/2020,33.80315018,35.11366272,30.85128784,30.97175217,840230024,4543628009.0
25/11/2020,31.34296036,35.28230667,30.77440071,33.85777283,599500600,4982769840.0
26/11/2020,28.204916,31.73126793,26.53738976,31.31772995,659590250,4638993020.0
27/11/2020,28.4751873,28.70881844,27.30111885,28.23048592,361093513,4160410879.0
28/11/2020,29.14391136,29.6201458,27.9856472,28.47495461,338275296,4205742908.0
29/11/2020,30.1176033,30.45185471,28.95931816,29.16410828,347773041,4300575784.0
30/11/2020,31.39278603,31.53378487,29.78583527,30.12430954,389608481,4451872526.0
01/12/2020,30.10830307,31.87190819,29.48413467,31.41150856,467818960,4628855599.0
02/12/2020,30.29736137,30.91014099,29.74890137,30.14750481,371441750,4456593038.0
03/12/2020,30.70442963,30.76911736,29.97830963,30.3039856,324897560,4485798670.0
04/12/2020,29.0722084,31.11661911,28.92553139,30.71600151,362626786,4532470313.0
05/12/2020,29.72948837,30.00295067,28.75748253,29.07513809,307895991,4313659353.0
06/12/2020,29.54080391,30.13364792,29.09603119,29.72870636,249993855,4395591398.0
07/12/2020,29.37813568,29.65660095,29.09027481,29.53038216,238972454,4358178090.0
08/12/2020,27.63630676,29.48814011,27.51166534,29.38087463,323672206,4341263149.0
09/12/2020,28.12930489,28.37883759,26.99604416,27.63660622,323390504,4099895788.0
10/12/2020,27.69618988,28.23805046,27.43250656,28.13152122,263890750,4167230661.0
11/12/2020,27.36100388,27.74111938,26.76522636,27.69712067,278060132,4097433907.0
12/12/2020,28.1644516,28.24186325,27.3284893,27.35827065,238973887,4051182427.0
13/12/2020,29.1016922,29.25137138,28.06197357,28.16547775,265728020,4163931310.0
14/12/2020,30.02957726,30.17433739,28.69362259,29.10685921,335453986,4284844712.0
15/12/2020,29.54728317,30.29696846,29.38098526,30.02699089,294288115,4423709692.0
16/12/2020,30.49019432,30.59629822,29.06476212,29.54994774,347039607,4363659617.0
17/12/2020,30.18413353,31.45274734,29.83370018,30.4936142,479985920,4502642498.0
18/12/2020,30.93836021,31.17921066,29.70016861,30.18397903,359055461,4458380241.0
19/12/2020,33.2963562,34.16542816,30.94062233,30.94263458,534843839,4575748263.0
20/12/2020,34.16029739,35.5438118,32.67152786,33.29351807,583559932,4916865111.0
21/12/2020,32.26952744,35.56341171,31.64373207,34.20123672,583000547,5051713693.0
22/12/2020,33.4829483,33.75624466,30.59292412,32.20479202,563925549,4777115838.0
23/12/2020,31.09789848,34.38151932,30.07429504,33.47770691,582613805,4945772817.0
24/12/2020,32.50059128,32.70521545,30.45580864,31.11410713,488263504,4660064270.0
25/12/2020,33.16497421,33.43528366,31.864254,32.48890305,421026462,4814447228.0
26/12/2020,33.47713852,33.94531631,32.60174561,33.17020035,434464851,4899865021.0
27/12/2020,33.51184845,34.85247803,32.08786392,33.47984314,567285548,4954948231.0
28/12/2020,35.84455872,35.97667313,33.40126419,33.5320549,611476292,4973685730.0
29/12/2020,38.95283127,39.48423386,35.34263229,35.85218048,938849532,5302039005.0
30/12/2020,38.13629913,39.15659714,36.90449142,38.94734955,501223201,5722427540.0
31/12/2020,37.37603378,38.16325378,36.7440834,38.12228775,404140896,5644561343.0
01/01/2021,37.90501022,38.92817688,37.04630661,37.37457275,459165743,5507755823.0
02/01/2021,38.24159241,38.83625412,36.92560196,37.91710663,521965394,5584591445.0
03/01/2021,41.14897919,41.60632324,37.81810379,38.25372696,758008613,5664992539.0
04/01/2021,40.92635345,43.13212204,38.14398193,41.19828033,807877171,6162622121.0
05/01/2021,41.73460007,41.73460007,38.97895432,40.93727875,644270927,5860212415.0
06/01/2021,42.16595459,42.19270325,40.5925293,41.77553558,641021601,6146043355.0
07/01/2021,43.44948959,44.47003555,41.49586868,42.19662476,829964770,6213203841.0
08/01/2021,42.39531708,43.59046555,40.53448105,43.56868744,650561500,6360257241.0
09/01/2021,43.9328537,44.11974335,41.59010315,42.37369537,590039660,6257342788.0
10/01/2021,42.44847488,45.1554184,40.59486389,43.94412231,701488832,6535325408.0
11/01/2021,38.37136078,42.47750092,35.17088318,42.47262192,890728694,6321067625.0
12/01/2021,38.11161041,39.9309082,37.1855011,38.27951813,567249584,5708211118.0
13/01/2021,40.13593292,40.40154266,37.14378357,38.10942459,542384725,5655761601.0
14/01/2021,41.7936821,41.87310028,39.65635681,40.11882782,534108764,5950937294.0
15/01/2021,40.91897964,42.41106033,39.0954628,41.79495239,562019413,6162213631.0
16/01/2021,43.17182541,43.91791916,40.73382187,40.91943359,604218252,6085115284.0
17/01/2021,45.68461227,46.65454483,41.09147263,43.15613937,664875513,6408266290.0
18/01/2021,45.3531723,46.80380249,44.15646362,45.76753235,586905636,6811733847.0
19/01/2021,42.78553391,47.09810257,41.94388962,45.33563995,750638729,6697976480.0
20/01/2021,42.60689926,42.75456238,40.30640411,42.66294861,684094133,6375499624.0
21/01/2021,38.64583969,42.63518906,38.44939041,42.6060257,621983627,6266849382.0
22/01/2021,40.85757065,41.40969467,36.95341492,38.63531113,561072899,5774109833.0
23/01/2021,40.81547928,41.85029221,39.58652878,40.86509323,468609053,5972297132.0
24/01/2021,41.88160706,42.19152451,40.50406265,40.86247253,450486066,6025125570.0
25/01/2021,41.623703,43.35352707,40.63365555,41.87605286,507172505,6175849056.0
26/01/2021,41.69473648,42.47721481,40.00783157,41.65512848,546536514,6118277883.0
27/01/2021,40.99487686,42.0478363,39.73080063,41.75617218,519618043,6125248409.0
28/01/2021,42.52910614,43.07650757,40.50751877,40.98641968,533847527,6046117021.0
29/01/2021,42.85234833,44.00945282,41.9070015,42.38618088,651771603,6283476043.0
30/01/2021,44.77227783,44.98825455,42.68006516,42.85351181,533768579,6337205524.0
31/01/2021,44.27599335,45.70771027,43.42907333,44.79869843,512545443,6604362184.0
01/02/2021,51.60769653,52.13868332,43.52419281,44.3090744,1256933735,6522941334.0
02/02/2021,51.05640411,52.91186523,49.38707352,51.5518837,1006694242,7583767269.0
03/02/2021,52.24263763,52.67743301,49.95558548,51.05010223,714000888,7569477059.0
04/02/2021,55.92512512,57.07091141,51.60264206,52.24221039,940905214,7735129472.0
05/02/2021,67.8455658,68.46395874,56.01080322,56.01080322,1431595319,8333210382.0
06/02/2021,72.7335968,75.40187836,62.20812607,67.85463715,2114553792,10106500512.0
07/02/2021,68.59052277,74.61254883,64.49789429,72.86821747,1493688265,10648242257.0
08/02/2021,79.83154297,79.83154297,67.85923767,68.52555847,2133574291,10133846850.0
09/02/2021,107.8992767,115.1318436,78.44632721,79.80702209,4425849540,11666342816.0
10/02/2021,129.7371521,148.0747681,107.7085571,107.7085571,7000323240,16042189487.0
11/02/2021,124.4342575,131.5356903,119.0962601,129.3052368,2809765027,19029543691.0
12/02/2021,136.9483948,140.2431641,121.727066,124.1594315,2981627650,18248020593.0
13/02/2021,133.4526825,138.4705353,125.7285995,136.9279938,2116751635,20066593314.0
14/02/2021,136.4265137,138.7567596,128.73172,133.4737701,2312597445,19799743676.0
15/02/2021,129.5678864,139.2197571,119.7349854,136.2767792,2414986848,20235468424.0
16/02/2021,130.0566559,133.2806091,126.7966385,129.7397919,1925775294,19096962300.0
17/02/2021,164.670105,175.1161499,127.0921173,130.0801392,5236224271,19173445845.0
18/02/2021,195.9326324,199.4556274,163.2748871,165.0188293,6110987389,24144663679.0
19/02/2021,332.6160278,342.8796082,195.3857422,195.987854,17982945189,28719828748.0
20/02/2021,255.9537354,334.4550476,227.9137573,332.918457,9680520706,52232341792.0
21/02/2021,293.923584,307.5881042,250.5408173,254.5392761,8505963719,39186024469.0
22/02/2021,267.5097961,295.4785767,223.0193634,294.6123657,7885768925,45745975208.0
23/02/2021,230.9942474,268.5368347,190.4124603,267.3644104,8280752930,41355468790.0
24/02/2021,254.3591309,280.0881958,214.5247192,231.1215973,7154121651,35160048231.0
25/02/2021,233.8859558,264.7051392,233.8859558,254.4676056,4059853073,39273073154.0
26/02/2021,221.6804352,238.7550049,210.3107605,235.2702942,4167145958,36653635809.0
27/02/2021,225.2494354,237.1794281,220.0993958,221.9809113,2755271254,34347801258.0
28/02/2021,209.5744019,228.1730499,195.8526764,225.4459381,3129699003,34863282195.0
01/03/2021,254.6299286,259.4910583,209.9513092,209.9513092,5008256561,32747054924.0
02/03/2021,239.5225372,264.1693115,228.6416473,254.9533539,5882262804,39775549290.0
03/03/2021,241.0913696,254.2536316,236.9087524,239.6889801,5827707431,37318077556.0
04/03/2021,229.9450684,249.4656067,226.0849457,241.0454865,5580339595,37511795343.0
05/03/2021,226.3725586,230.3666382,216.2726135,229.8352966,4969642573,35579395371.0
06/03/2021,226.6668549,232.0988922,220.0750732,226.1977692,4489684331,34764818409.0
07/03/2021,240.1792145,243.3431244,225.5463715,226.6727448,5081569247,35132140627.0
08/03/2021,240.3186646,242.6882629,229.4411163,240.1795807,5016770824,36937041400.0
09/03/2021,293.4632263,296.6586304,236.0502472,240.3954773,8676266998,37175687162.0
10/03/2021,279.3580322,295.0706177,268.5784912,293.4238892,4544623650,45349664034.0
11/03/2021,289.790802,313.1101379,273.3779297,278.5090942,4676132222,43134755618.0
12/03/2021,263.6858215,290.0347595,253.9466553,289.999115,3960814749,44525761191.0
13/03/2021,276.1047058,283.0136108,256.1889648,263.5920105,2903774859,40908235662.0
14/03/2021,264.6367493,276.3712463,264.6367493,276.18573,2044273970,42898756293.0
15/03/2021,254.6608276,267.2337341,250.6129761,264.0635071,2488528410,41037415793.0
16/03/2021,258.1006775,258.8761292,242.1815338,254.4504395,2425543830,39434323551.0
17/03/2021,269.8548584,270.9628906,249.9289246,258.3858643,2271426252,39929253304.0
18/03/2021,261.7048035,277.7722473,258.7264099,269.6378479,2445995134,41811497472.0
19/03/2021,264.0574341,269.2347107,256.2732849,261.6304321,1873443830,40603807044.0
20/03/2021,264.7416687,274.8731689,262.9725037,264.0921936,2004752539,40708892327.0
21/03/2021,264.8861694,268.8781738,257.51828,264.9569397,1718563711,41004900988.0
22/03/2021,255.9001923,276.968689,255.2108612,265.070282,2323911466,40931038995.0
23/03/2021,255.6896667,263.149292,253.0116425,255.9450989,2010488139,39834881553.0
24/03/2021,249.8513794,268.6208496,243.2281342,255.8943024,2385752951,39376090109.0
25/03/2021,234.885437,250.1392365,227.2940674,249.4659119,2314734091,38516791584.0
26/03/2021,255.1045685,255.1045685,234.7909393,234.7909393,2099285452,36192768189.0
27/03/2021,269.1023254,275.5933838,250.4947968,255.1164856,2457659540,39235816416.0
28/03/2021,269.1912842,280.9924011,262.2886658,269.31073,2527142069,41937086118.0
29/03/2021,275.2146301,277.4790039,265.3678284,268.9693909,2067448661,41484697966.0
30/03/2021,311.4264832,311.4264832,271.5785522,275.2386475,4039620710,42478850221.0
31/03/2021,302.063446,316.4865417,289.0092773,311.5514221,3545493416,47742356656.0
01/04/2021,335.2128906,339.2091064,301.5886536,302.2454834,3718677616,46841566979.0
02/04/2021,339.0077209,356.7835083,329.7513733,335.085968,3950524039,52021709575.0
03/04/2021,323.1335144,349.6299133,319.1937866,338.9091797,2953164849,52098346308.0
04/04/2021,351.6243896,353.4342041,319.8490295,323.3548584,3200674446,49920147538.0
05/04/2021,367.7724915,381.0292969,339.4616394,351.2410583,4073047973,53890347091.0
06/04/2021,403.5907593,412.2567444,364.1296692,368.0990295,5277448222,56849486727.0
07/04/2021,374.6588135,414.357666,358.7438049,403.6992798,5976362849,62712349429.0
08/04/2021,418.0383911,422.4665833,372.5151672,376.2690125,4550316562,58558889933.0
09/04/2021,453.1784668,453.6978149,405.4436035,418.054718,4701175013,64636587596.0
10/04/2021,472.5603333,487.2752075,451.3551636,454.3431702,6160670397,69006619223.0
11/04/2021,525.3855591,529.6450195,459.5904236,471.6464233,5697422904,72863380910.0
12/04/2021,598.7226563,637.4423218,516.2792358,526.7017822,14436315725,80304972016.0
13/04/2021,549.5865479,602.2964478,532.9558716,596.9885864,9433830832,92356058017.0
14/04/2021,549.5918579,590.4174194,526.5343018,550.4014893,7452346448,85352626251.0
15/04/2021,542.6320801,556.8338013,536.0784302,550.4133301,4608061831,83633350017.0
16/04/2021,510.2201843,548.8850098,493.009491,542.5736694,6886285728,83889063376.0
17/04/2021,520.416748,548.602356,509.0485535,509.5812988,5195399091,79138319033.0
18/04/2021,481.0342407,526.0587769,429.052887,520.590271,6711806048,80146564558.0
19/04/2021,505.092926,539.7112427,469.1521606,481.396698,7141301320,74374361400.0
20/04/2021,587.0291138,588.0648193,475.5903931,503.795166,9330924061,78419210503.0
21/04/2021,546.0235596,612.6870728,537.3493652,586.9011841,8456300946,89885987228.0
22/04/2021,506.0130005,582.0377197,481.2602234,544.0054932,8342960849,85489582708.0
23/04/2021,526.5652466,530.0749512,452.4355164,505.8588867,8893557870,79217558868.0
24/04/2021,496.4150696,527.440918,483.959137,526.7583618,4070234640,81068966581.0
25/04/2021,505.0770569,517.0830078,478.8894348,496.2568359,3419309603,77665030993.0
26/04/2021,534.5776978,549.9667358,502.3114624,504.7487488,4072866875,78223823141.0
27/04/2021,568.47052,578.6234741,525.7677612,535.4284668,4050720272,82089500489.0
28/04/2021,562.6325684,578.8881226,539.0725098,568.7456665,3648784689,87911812452.0
29/04/2021,599.706543,614.8241577,554.284668,562.8735962,6585918998,86547288168.0
30/04/2021,624.0805664,627.7774658,586.2058105,599.9884644,5741358048,92491549500.0
01/05/2021,619.347229,641.8608398,611.302002,622.4692993,4065705136,96328564775.0
02/05/2021,622.1010132,628.6209717,595.8587646,619.9721069,3765184551,95807714763.0
03/05/2021,675.684082,679.8150024,621.90271,621.90271,5274868721,96157809794.0
04/05/2021,611.2003174,676.9168701,606.2677002,676.315918,5728175230,103965000000.0
05/05/2021,651.6627197,656.2369995,605.1661987,609.3310547,4248449283,94640468017.0
06/05/2021,633.2803955,653.4128418,621.0661011,651.0494995,3975000211,100850000000.0
07/05/2021,624.5632935,644.1245117,612.1624756,634.006897,3658116306,98151197197.0
08/05/2021,646.1008301,657.5446167,618.8406982,624.3944092,3910931715,96652603381.0
09/05/2021,662.2285767,678.2283936,631.465271,646.3121338,4321052943,99362109225.0
10/05/2021,631.3519897,690.9319458,596.1658936,661.4500122,5157435389,102285000000.0
11/05/2021,672.3339233,672.4594116,623.2498169,631.2406006,4865455319,98190931850.0
12/05/2021,588.1851807,684.1376953,588.1851807,671.7788696,4311561442,103537000000.0
13/05/2021,571.4345093,632.9707031,530.2382202,592.9545898,7417114170,94580104075.0
14/05/2021,603.1282959,614.4854126,567.034729,570.9605103,3735474448,87410286003.0
15/05/2021,563.041687,610.5141602,561.168396,602.5543823,3480395174,93111282325.0
16/05/2021,562.829834,606.003418,535.057373,562.6489258,4047395255,87136325691.0
17/05/2021,511.964386,564.4455566,485.9970703,564.4455566,5123430659,87138236383.0
18/05/2021,508.0223083,534.1778564,496.9785461,511.3919983,3548216902,79677505768.0
19/05/2021,339.0254822,515.7165527,283.4537048,508.8627319,8779943654,78540136205.0
20/05/2021,393.6127625,424.2942505,286.089447,335.5567322,7093839295,53692155787.0
21/05/2021,326.2963257,415.7067261,275.3926697,391.5415649,6291181865,60332411437.0
22/05/2021,299.5040894,335.7347412,285.3534241,326.7977905,3871242832,49571622640.0
23/05/2021,262.9456787,313.5251465,213.5164642,300.0354309,5336233746,46672829741.0
24/05/2021,345.3096313,350.2731018,258.6227112,261.1195374,6066277282,40105004419.0
25/05/2021,344.1139832,374.5971985,307.7294617,345.4898376,5656677341,52912859481.0
26/05/2021,379.8543091,387.7651978,337.0569763,343.5319824,4502557689,52939482766.0
27/05/2021,367.6557922,387.4900818,340.8908386,379.6934814,3965850350,58140464825.0
28/05/2021,329.8799133,373.3132324,313.7230225,369.8356934,4482824807,56812189325.0
29/05/2021,305.0521545,346.9239502,296.5707397,328.9868469,3070017878,51069299262.0
30/05/2021,325.7840271,337.7423706,292.852356,305.042572,3246314973,47615841361.0
31/05/2021,354.3293457,355.9771423,307.9440308,325.808136,3865691845,50312143377.0
01/06/2021,362.7946472,364.3201294,340.4742432,353.7825317,3425775257,54552491113.0
02/06/2021,401.2623291,418.6651306,350.9567871,362.3608704,4486850584,55789519975.0
03/06/2021,427.8079224,432.3081055,392.0331726,401.7608337,4370188399,62216853673.0
04/06/2021,391.3953247,428.4431458,366.2748413,428.1873779,4951450795,66203469971.0
05/06/2021,390.4318542,425.9027405,375.0675049,390.9588013,3956143113,60689527765.0
06/06/2021,393.8202209,400.0411682,382.3449707,390.2367249,2101917655,59846984889.0
07/06/2021,357.3102112,407.3756714,355.9754639,393.6546631,2927240962,60595496609.0
08/06/2021,354.0013733,365.9231873,320.2380066,358.1654358,4491122307,55568008128.0
09/06/2021,375.7346802,378.7413635,334.4190979,352.7659302,3543408536,54677889297.0
10/06/2021,352.183197,376.9501953,345.5176697,375.6690063,2505012942,58321133323.0
11/06/2021,345.9336853,365.3039856,341.477356,352.0848389,2269923678,54791987618.0
12/06/2021,343.7410278,348.8785706,325.8177185,345.9017029,2146761411,53238117723.0
13/06/2021,366.6489563,369.0580444,331.1119385,344.0428467,2171880359,53465798044.0
14/06/2021,368.7927551,377.0186462,355.3109436,365.7546997,2271215183,56433712415.0
15/06/2021,373.5661621,379.6598511,363.9349976,372.7368469,2246535807,57233917455.0
16/06/2021,347.0334473,366.8166199,343.6485596,366.8166199,1626149384,57077376078.0
17/06/2021,352.7385254,362.2593994,346.0375366,347.2123718,1379161855,53441971882.0
18/06/2021,336.8096924,357.0742798,328.0473328,353.0133667,1613940591,54283380386.0
19/06/2021,335.7128296,345.4595947,332.0964966,337.5522766,1140833816,52262937025.0
20/06/2021,340.0671997,340.7895203,310.7758789,334.6509399,1756674565,51823405993.0
21/06/2021,270.984436,341.7993469,269.4336853,339.3266296,2911962314,52532867593.0
22/06/2021,261.8180847,291.022583,226.2978363,270.793396,4089344405,42900169325.0
23/06/2021,294.4902954,309.1264343,252.2031403,262.058197,3170293549,40307776792.0
24/06/2021,308.3970337,316.1907654,281.9847107,296.2639465,2323626593,45761403437.0
25/06/2021,281.6209106,313.9770813,275.8381958,308.5820313,2317971593,47853190843.0
26/06/2021,279.4380493,289.9497986,264.6010132,281.1339417,1921847994,44009190872.0
27/06/2021,290.5670166,291.1489258,270.289917,279.8652954,1521388056,42798282322.0
28/06/2021,289.5341187,298.7206116,283.9518433,290.8186951,1722578691,44615925834.0
29/06/2021,300.2115479,315.4393311,289.2211609,289.9191284,1946428384,44886803416.0
30/06/2021,303.2958679,304.8013611,281.7780151,300.9588013,1903538448,46872790460.0
01/07/2021,288.2184143,303.5273743,281.5791321,303.5273743,1357794786,46954864789.0
02/07/2021,287.4230957,290.6216736,277.3503113,287.7544556,1133632645,44649305234.0
03/07/2021,298.2371216,302.6058655,283.434021,287.2156067,1113777297,44372602650.0
04/07/2021,307.7320862,314.7130127,292.787384,298.1135559,1387395766,46132901613.0
05/07/2021,302.3779907,307.684845,293.523468,307.684845,1504869977,47786813768.0
06/07/2021,320.9348145,321.5209656,302.1955872,302.1955872,2203265498,47061155249.0
07/07/2021,327.5224609,339.1676636,318.5299683,320.1917725,2067233169,49507487066.0
08/07/2021,310.427124,327.9578552,305.0754395,327.9578552,1883785090,50772663396.0
09/07/2021,316.4845276,319.4439087,301.8282166,310.0102844,1358583891,48131735209.0
10/07/2021,316.1401367,320.93927,310.8869019,316.9963074,1179686219,49188528580.0
11/07/2021,322.0316467,326.7518005,312.6390076,316.056366,1189805384,49113706032.0
12/07/2021,316.328186,334.282074,309.1420593,322.0349121,1614469810,49795281333.0
13/07/2021,308.8111572,318.2951355,305.4894104,316.2688904,1231759805,49001034089.0
14/07/2021,309.4063721,313.2157898,290.662384,308.9526062,1646743038,47747229554.0
15/07/2021,315.2440186,323.8858948,301.6566772,309.5006409,2242114046,47745276433.0
16/07/2021,302.9855957,322.9977722,301.9324951,315.6911011,1688212208,48825663948.0
17/07/2021,300.4979248,306.5308533,295.3874817,302.934845,1298507379,46692034725.0
18/07/2021,302.4804993,309.1142578,299.9722595,300.5959778,1254819647,46537871656.0
19/07/2021,280.0186157,303.8291931,279.7085266,302.268219,1514754521,46928323584.0
20/07/2021,264.7823792,283.2061462,255.8507538,280.5649719,1819454491,43760548275.0
21/07/2021,292.5313721,298.791748,261.2263794,264.494751,1957623339,41138851777.0
22/07/2021,293.6411438,298.4039001,287.7333679,293.1426697,1495118544,45239141513.0
23/07/2021,299.2829895,300.9937744,281.696106,293.6013184,1849700307,45356934262.0
24/07/2021,302.0718689,307.8405151,296.1115112,299.0478516,1644709273,45972042411.0
25/07/2021,302.4361572,304.0578918,292.890625,301.8466187,1351522797,46583469226.0
26/07/2021,304.478241,327.6352844,301.0974121,302.7328796,2572081528,47183893751.0
27/07/2021,313.6026001,318.3718262,298.4818115,304.1242676,1870220991,47090950812.0
28/07/2021,313.4286499,318.4422913,308.2234497,314.0551147,1626648048,48212394059.0
29/07/2021,316.7494507,319.7590027,309.1445313,313.6192322,1384576144,48440837959.0
30/07/2021,322.9093628,325.2501221,307.0097656,317.0640869,1588918308,49354872792.0
31/07/2021,333.5495911,338.0251465,317.6859131,322.5388794,1717984015,49890385872.0
01/08/2021,333.4840088,347.4176025,329.3417358,332.2926941,1788390755,51852888024.0
02/08/2021,331.1031189,338.0423279,326.4152832,332.9232178,1348495243,51248696206.0
03/08/2021,322.7477417,334.6349792,318.0628357,330.8720398,1365471563,51220580709.0
04/08/2021,334.9187927,336.9674683,320.0412598,323.506073,1279262186,50072708742.0
05/08/2021,337.8738708,340.0484314,323.8970947,334.9127197,1551187442,51783149636.0
06/08/2021,342.1369934,347.0429688,331.659668,337.9479675,1623970506,52300826066.0
07/08/2021,355.7413635,359.7502136,340.5938416,342.3764343,1903003766,52876121037.0
08/08/2021,342.0647583,359.7386169,337.2527161,356.2665405,1547133821,54880391474.0
09/08/2021,354.9668274,357.3993225,333.6714478,341.9162903,1648422571,52793795858.0
10/08/2021,371.9543762,375.7229309,349.313324,354.4496155,2150475826,54561563300.0
11/08/2021,391.7570496,408.5890198,371.216217,372.0937195,2542670896,57472301268.0
12/08/2021,385.8189697,406.0915527,372.2202148,391.4052734,2217067872,60548205333.0
13/08/2021,410.9448853,411.1705322,383.2167664,386.0440674,1724229835,59332763049.0
14/08/2021,409.0344849,418.9212646,400.7520447,410.7835388,2023364348,63016725340.0
15/08/2021,414.5950317,414.9309998,396.8652039,408.9822083,1826134192,63344089224.0
16/08/2021,417.4708557,436.6184082,411.1232605,414.357666,2620571467,63784043200.0
17/08/2021,401.908905,435.7232056,399.7459106,416.0691223,2572609791,65224358497.0
18/08/2021,398.2514648,412.3062439,387.8158875,401.8820496,2288117050,62280876140.0
19/08/2021,430.9888611,431.2602234,391.4950562,396.4943848,2549215331,62145691625.0
20/08/2021,454.9363098,457.6037292,422.0801697,430.9750366,2451578694,65726343116.0
21/08/2021,448.9202576,460.2557068,444.9776611,455.1333923,2120660728,70037579539.0
22/08/2021,449.0534973,458.4028931,439.1682129,449.2256165,1826865701,69659003452.0
23/08/2021,499.8905945,509.3427124,447.6663818,449.1054688,3857489743,69395126715.0
24/08/2021,471.595459,504.1023254,461.7559814,500.2177124,2978438301,77267801786.0
25/08/2021,502.7862549,506.295166,470.6392212,472.2020264,3289398273,73440151948.0
26/08/2021,479.0061035,518.7563477,472.0317688,503.5524902,3277913533,77788566247.0
27/08/2021,494.4986877,495.0123291,467.9011841,478.6301575,2563319587,75086628043.0
28/08/2021,486.1969299,496.8854065,483.3242493,494.6706238,1676741698,76421141931.0
29/08/2021,480.28302,495.6763,477.2008057,486.2085876,1763538464,75061435375.0
30/08/2021,459.4907532,481.1316528,458.1532898,480.2899475,2007036766,74282424323.0
31/08/2021,464.4187317,477.2822266,452.4851685,460.6239929,2378049328,71302040316.0
01/09/2021,490.0687256,490.0687256,455.7580872,464.2729187,2303587593,72059236390.0
02/09/2021,483.921051,504.5412598,480.0368958,489.8598938,2324361979,75616163844.0
03/09/2021,488.6047058,494.3952026,475.2258911,483.7565918,2051522050,74934946405.0
04/09/2021,498.0784302,510.0576477,485.8561096,488.4070129,2310249697,75183682794.0
05/09/2021,504.619873,505.1166992,489.4749146,497.7048645,1899639214,77210985540.0
06/09/2021,495.9250183,508.8222351,488.6789551,504.6980896,2206397359,77580110429.0
07/09/2021,417.5087891,504.6031494,372.302948,496.0363464,4471687569,76823850589.0
08/09/2021,415.1131592,425.4935608,384.2314453,417.9188843,2940929033,64719149899.0
09/09/2021,421.2700195,435.7174072,404.5211487,405.5805969,2392139922,64391771502.0
10/09/2021,401.6217957,438.9221802,394.0628357,421.2688904,2306735739,65361763608.0
11/09/2021,405.5273743,415.3570251,400.2992554,401.2634888,1567255682,62065949288.0
12/09/2021,416.6832275,421.2075806,398.032135,405.3991699,1671909230,62448302557.0
13/09/2021,399.063446,419.2820129,385.3760376,416.7966003,2194763765,64725512440.0
14/09/2021,414.2362366,414.3195496,396.4160767,399.2067871,1598465255,61836604514.0
15/09/2021,431.4230347,436.4163513,410.453949,414.4934998,1838828414,63965140619.0
16/09/2021,424.649231,433.1927795,416.176239,431.2905884,1720989872,66397294536.0
17/09/2021,406.6328125,425.7662354,401.842041,424.4035645,1516642578,65615252929.0
18/09/2021,410.8092957,420.0019836,401.7784424,406.4624329,1310349981,63043960570.0
19/09/2021,408.4716492,419.1825867,403.7186279,410.6031189,1243314915,63476626164.0
20/09/2021,361.9659119,409.6433105,357.2733154,408.5135498,2344102082,63338039422.0
21/09/2021,344.5346069,375.6661072,339.0143433,364.0535278,2045164899,55807688334.0
22/09/2021,379.4403381,380.0084534,342.6800537,343.6654053,1678913732,53142685673.0
23/09/2021,383.8204041,384.7772217,369.6520081,379.1556702,1576382603,58386015867.0
24/09/2021,355.3162842,385.3192749,335.5061951,383.8063049,2081157733,59372501849.0
25/09/2021,349.8800964,360.6300659,344.190918,355.4073792,1388464569,55591125029.0
26/09/2021,344.1817627,352.6981506,320.3687439,349.8806763,1958526741,54335702255.0
27/09/2021,336.1912231,357.2929993,335.7904663,344.6517029,1507056912,54001567376.0
28/09/2021,333.0325928,344.2755737,330.0738525,335.8075562,1294330921,51867223801.0
29/09/2021,367.9895935,375.0068665,331.4485168,333.3979187,2385693434,51521247448.0
30/09/2021,387.0573425,388.2687683,366.6442566,367.7860107,1796235646,56833140654.0
01/10/2021,421.6431885,423.3442688,382.1313782,387.6359863,2162493378,59862261976.0
02/10/2021,428.0983276,438.1070251,411.0383301,421.4770813,1740937420,65027593878.0
03/10/2021,430.5088196,437.1003723,421.9388733,427.3511047,1470899248,66403151476.0
04/10/2021,425.7489014,430.7255859,411.9521484,430.5845032,1647171955,66727470441.0
05/10/2021,442.7061462,443.9142456,424.1143494,426.2142029,1526827785,66091266343.0
06/10/2021,435.4013672,442.4793091,415.6677246,442.40625,2006344571,68612810247.0
07/10/2021,438.7617493,449.9358826,424.3091736,434.9619141,1962989705,67279547298.0
08/10/2021,419.1020508,441.5137939,416.7060242,438.4752502,2678048368,67866518612.0
09/10/2021,421.549469,425.974823,416.8238525,418.7559814,1404867667,64773787608.0
10/10/2021,405.0693054,422.050415,402.8292542,421.7956848,1437068558,65232908458.0
11/10/2021,413.4562073,423.5501099,401.2212524,404.5274658,1473121389,62527397933.0
12/10/2021,443.8675232,443.8675232,392.5707703,413.4867554,3142304145,63683402507.0
13/10/2021,470.7496948,471.6569214,434.4466248,444.4056396,5149146903,73896020833.0
14/10/2021,472.0223999,482.6448669,461.8553467,470.5386658,2486819344,78760669251.0
15/10/2021,473.7026367,476.7559509,453.9000854,472.6004028,2804538828,79032448286.0
16/10/2021,465.6424561,483.5578003,463.5114746,473.9946899,1904086807,80060746880.0
17/10/2021,470.6255493,472.2980042,455.4051819,465.7221069,1646437501,78849039775.0
18/10/2021,485.1110229,487.4996948,467.5847778,470.9144287,1999805026,79058266963.0
19/10/2021,488.1488647,497.2583313,481.9736328,485.0994263,1844483840,81885592096.0
20/10/2021,501.0203247,505.2679443,482.2460327,488.053833,1890415594,82011979459.0
21/10/2021,471.2569275,504.6486206,467.4223633,501.3478394,3081793454,84745122606.0
22/10/2021,478.643158,498.0141907,470.9593811,470.9593811,1962748496,79624573357.0
23/10/2021,485.9064331,485.9064331,473.1125793,478.9422607,1170864603,80952725832.0
24/10/2021,476.6331177,486.8027039,468.1982117,485.9901428,1246191889,81934945155.0
25/10/2021,484.6450806,488.8943176,474.8721619,475.9242554,1337787876,80199757017.0
26/10/2021,478.0250549,489.7741699,475.2862854,484.7068787,1486193826,81913681359.0
27/10/2021,449.0079956,486.167511,440.4450073,478.1210632,2340091135,80677268289.0
28/10/2021,492.0155334,494.9148865,447.6197205,448.8858337,2626956133,75903656466.0
29/10/2021,529.6221313,533.4754028,488.8721619,492.4325562,2667451365,82561621362.0
30/10/2021,527.9212036,539.9388428,511.9313049,529.8226929,2194893915,88860227506.0
31/10/2021,524.3644409,534.7709351,510.5654602,528.5473022,2076289915,88364902396.0
01/11/2021,551.2559204,552.0736694,512.1762695,524.7382202,2535579529,88397508686.0
02/11/2021,554.4476318,564.0227051,538.3999634,551.7475586,2401108112,92000730617.0
03/11/2021,568.5787964,570.2593384,538.5310059,554.557373,2567651316,93300469526.0
04/11/2021,559.7373047,569.1212769,544.8768311,568.578125,2260479871,95580886280.0
05/11/2021,608.6480713,615.5808716,555.0560913,559.3905029,3675930507,93684809791.0
06/11/2021,636.1139526,636.1139526,596.7644653,608.2634888,2779927044,102239000000.0
07/11/2021,650.4540405,669.3458252,632.0792847,638.1860352,3017167868,106679000000.0
08/11/2021,654.3150024,655.7136841,632.6870728,650.4674072,2828112534,109351000000.0
09/11/2021,635.1906128,657.0405884,632.331665,654.0003662,2198989754,110441000000.0
10/11/2021,615.2780762,662.3065186,578.0742798,635.0383911,3653998344,107121000000.0
11/11/2021,629.892334,634.8444214,606.4091797,615.4552002,2341652507,102244000000.0
12/11/2021,626.6425171,634.5205688,604.1627197,629.1442261,2209163398,106207000000.0
13/11/2021,650.104126,655.3208618,620.5878296,627.0795898,2106170805,105472000000.0
14/11/2021,650.9180908,659.9926758,634.5494995,650.0622559,2101401990,109752000000.0
15/11/2021,633.048645,660.0441895,631.9422607,650.9431152,2146877925,109345000000.0
16/11/2021,589.822876,635.260376,574.1801147,634.9476318,3772957260,107179000000.0
17/11/2021,578.0927734,593.1080933,554.3214111,589.328064,2704847734,99072575969.0
18/11/2021,532.2376099,587.9127197,518.4230957,578.0348511,2917116815,97395197942.0
19/11/2021,581.5308228,585.8994751,525.2415161,531.505127,2481119529,89273538350.0
20/11/2021,603.8400269,604.8842163,574.0227661,581.4785156,2336197759,97897877035.0
21/11/2021,585.2942505,605.177124,580.5870972,604.4089966,2055539646,101749000000.0
22/11/2021,559.1270142,585.1484985,554.2702637,584.8157959,2251971535,99417134266.0
23/11/2021,591.4395752,605.0904541,559.041626,559.5701904,2927434189,94141555128.0
24/11/2021,581.3953247,594.8309937,577.5083618,591.1955566,2917418688,99757241785.0
25/11/2021,603.7302246,646.9588013,587.8598022,590.3569946,2537227998,99379066100.0
26/11/2021,585.1473389,657.5129395,566.5331421,639.0036011,4254504824,107424000000.0
27/11/2021,600.336792,621.3866577,584.7943115,587.1033325,2485529516,98163785739.0
28/11/2021,611.3668213,612.7375488,574.5512695,601.0064087,2731676788,100563000000.0
29/11/2021,624.3100586,628.4968872,602.4429321,611.7626343,2425803182,102859000000.0
30/11/2021,622.6698608,635.1295166,604.8676147,623.9569702,2781531694,104785000000.0
01/12/2021,627.9715576,650.2531738,619.1972046,621.8128662,2806563703,104926000000.0
02/12/2021,619.4701538,629.8849487,606.6478271,627.5718384,2378758113,105462000000.0
03/12/2021,594.6359863,628.3163452,579.8452148,620.2990112,2483348354,104330000000.0
04/12/2021,569.0772705,596.1486816,495.1322632,596.1486816,4458419873,100528000000.0
05/12/2021,557.7830811,581.8065796,543.6355591,568.6514282,2394235567,95335338060.0
06/12/2021,589.2561646,593.383728,534.2636719,557.9497681,3567503629,93250170465.0
07/12/2021,579.6898804,593.7992554,573.338501,589.1107788,2112954675,98720942136.0
08/12/2021,607.5927734,607.7808838,567.6162109,579.1826782,2245501623,97186791667.0
09/12/2021,571.6489868,616.6473389,568.0395508,606.6359253,2132955304,101696000000.0
10/12/2021,552.9668579,594.597229,551.7358398,570.9810181,2089946472,96991666247.0
11/12/2021,564.3225098,572.1915283,542.5656738,553.6710815,1824951693,93909797723.0
12/12/2021,570.8239746,574.1850586,559.5152588,564.1414185,1307635490,95058056440.0
13/12/2021,521.0115967,572.8823853,511.9984741,571.1774292,1900967743,95781352542.0
14/12/2021,511.2293701,536.2976685,510.4207764,520.6317139,2232411089,88136999322.0
15/12/2021,541.0269775,546.578125,503.0374756,528.4280396,2079796859,88467152918.0
16/12/2021,526.246521,545.1519775,525.1216431,541.4038086,1500825557,90516070606.0
17/12/2021,525.7062988,535.4282837,511.7005005,526.1488037,1804795681,88739042728.0
18/12/2021,533.8913574,537.8184204,517.3238525,526.1723633,1294574825,88621998225.0
19/12/2021,529.9720459,543.7507935,527.7727051,534.0184937,1199582659,90157712272.0
20/12/2021,523.1624756,534.7802124,506.3703613,529.7280273,1467380399,89132593997.0
21/12/2021,528.7109985,535.1061401,517.7602539,523.3884277,1461697111,88675975412.0
22/12/2021,533.6449585,544.6470947,527.638855,528.7727661,1597323976,89294190471.0
23/12/2021,548.7258301,552.5286865,524.7810669,533.7183228,1867124970,90182492752.0
24/12/2021,541.9020386,554.125061,538.2337036,549.0022583,1677259160,92280915089.0
25/12/2021,547.3262329,550.8659668,540.5454102,542.4671021,1305388019,91373285920.0
26/12/2021,546.9949951,549.4100342,537.461731,547.3241577,1576727325,92441360231.0
27/12/2021,562.6414795,571.5488892,543.5063477,546.5078735,2180356553,92035994607.0
28/12/2021,534.9280396,563.590332,530.0599365,563.590332,2791585162,95279493612.0
29/12/2021,514.0007935,540.6157837,511.7453308,534.8500366,2159325741,90330999470.0
30/12/2021,518.909729,527.5682983,509.003479,514.5702515,1950603827,86121656108.0
31/12/2021,511.708313,527.6973267,507.8857117,519.1230469,2020489898,87050521605.0
01/01/2022,527.3527222,527.3527222,511.9035339,511.9103699,1622547014,86323960659.0
02/01/2022,531.3966675,533.3710327,518.75354,527.291626,1462276185,88661538318.0
03/01/2022,512.1359863,532.0955811,510.6521606,531.388855,1949153130,89522189020.0
04/01/2022,507.5061035,519.7016602,503.2153625,512.1303101,2200879165,86379864693.0
05/01/2022,475.0569458,515.2391968,462.0575562,507.5978088,2870757788,86116119395.0
06/01/2022,473.2756042,481.0628357,460.2485046,475.079071,4400228627,80376575794.0
07/01/2022,447.7884827,474.2962036,439.2600098,473.000061,4613172287,80086178246.0
08/01/2022,430.2461548,458.4837952,419.1954651,447.8568115,4068139021,75431982009.0
09/01/2022,438.8030701,444.4932556,428.239502,430.2531128,3347862691,72662332918.0
10/01/2022,424.9337769,445.0361633,408.6987915,438.7856445,4156063326,73802928625.0
11/01/2022,463.5183105,467.2810669,422.0009155,424.8912048,4600615710,71469070530.0
12/01/2022,487.0074158,489.327301,457.1161194,463.5627441,4131335431,78027582165.0
13/01/2022,475.0291138,488.2112427,467.8756104,487.042572,4151007744,81968927554.0
14/01/2022,489.8674316,491.6606445,468.9396057,475.1271973,3112235914,80256860312.0
15/01/2022,494.9880676,501.3111267,486.3059082,489.9179993,1766015929,82170008340.0
16/01/2022,498.4279175,505.3009644,489.5021362,494.9241028,1771927950,83034121648.0
17/01/2022,475.7098694,498.9439087,468.5765076,498.5061646,2134608006,83904334599.0
18/01/2022,472.0050659,479.6621094,458.1524658,475.7364197,2106859289,80113395112.0
19/01/2022,462.8220825,472.774292,454.758606,471.9172058,1780063381,79371321639.0
20/01/2022,440.0054321,478.3539429,439.9780579,462.8569641,1881741995,78467831654.0
21/01/2022,383.0739136,444.1802368,376.7701721,440.0671387,3647221590,74494921473.0
22/01/2022,358.0961609,388.9119873,340.0548096,383.4745483,4226932408,64653946478.0
23/01/2022,383.93396,388.5939026,357.1706543,358.3265991,2786834863,60116625364.0
24/01/2022,371.3689575,384.0406189,337.8539429,384.0406189,3210871602,64459934780.0
25/01/2022,384.6193542,387.1768494,358.0835571,371.3868408,2325661159,62631584016.0
26/01/2022,375.7554626,400.1520691,367.5751038,384.5862427,2226973227,64635129351.0
27/01/2022,390.0882874,391.8043823,360.3316956,375.5421753,1952844398,63597418218.0
28/01/2022,386.0843811,393.3755798,376.7521667,390.0006714,1592850476,65799279878.0
29/01/2022,389.132782,396.7722778,381.6837769,386.0657349,1330610935,64930462385.0
30/01/2022,377.612915,389.2471924,373.0362854,389.2022095,1289330238,65455197965.0
31/01/2022,375.2773132,384.9773865,366.11203,377.6489868,1386778184,63620799335.0
01/02/2022,385.4638062,387.7675476,374.3268433,375.0991821,1392647608,63111084941.0
02/02/2022,367.4716797,386.1147156,366.8953857,385.4887695,1290849744,64988396077.0
03/02/2022,370.8777466,370.8777466,360.491333,367.3708496,1202744039,61845292783.0
04/02/2022,399.0296021,399.2165222,369.817627,370.7108459,1711084752,62279822866.0
05/02/2022,414.2000122,430.3477783,396.9337158,399.1488647,2039010962,67023578509.0
06/02/2022,419.5455627,421.1134338,408.6130676,414.2172546,1427593921,69907252286.0
07/02/2022,433.2292786,438.641571,414.2497253,419.6664429,1755674427,70526761118.0
08/02/2022,408.7767639,444.2886047,407.1643066,433.4591064,2247004672,73021174370.0
09/02/2022,422.4655457,427.3935242,407.9497986,408.5169067,1601745132,68941548308.0
10/02/2022,415.1192322,434.1714478,411.2454834,422.5140381,2037888603,71003391606.0
11/02/2022,400.4223938,419.2860107,393.9773254,415.1871948,1714654174,69943257674.0
12/02/2022,403.38974,407.13974,394.7994995,400.4990234,1372516416,67387149413.0
13/02/2022,398.8867798,406.7127686,395.6553345,403.2715759,1151509777,67644926164.0
14/02/2022,403.6607971,403.9344788,391.383667,398.6431274,1269083662,67161724930.0
15/02/2022,432.4093933,436.2481079,403.0949402,403.6642151,2538883559,67927392996.0
16/02/2022,427.9181213,433.4287415,423.0782471,432.4919434,1670788158,72921371863.0
17/02/2022,402.4500427,431.0183716,400.8066711,427.5499268,1644013199,72209779015.0
18/02/2022,399.5691833,410.9429321,393.8162842,402.6498413,1554511893,67768130125.0
19/02/2022,400.0435791,406.3809509,393.9336548,399.5214233,1192395484,67290288641.0
20/02/2022,380.8259277,400.1314392,376.0079651,400.0033875,1431745519,67268132031.0
21/02/2022,356.6612549,393.6240845,356.184967,380.7365417,2164511484,64427436020.0
22/02/2022,374.3074646,374.8593445,350.147583,356.7254639,2037210077,60272497691.0
23/02/2022,366.5394897,383.2476196,366.5394897,374.2992859,1644707704,62997037014.0
24/02/2022,361.2346497,368.1685181,324.4836731,366.3491821,2972951900,61823423821.0
25/02/2022,374.9149475,376.8026123,357.3665466,361.2160034,1839035023,60666123712.0
26/02/2022,373.6387634,385.2103271,371.4750366,374.8885803,1319208551,63040996747.0
27/02/2022,360.5310364,380.9590759,359.6255188,373.5999756,1600855952,62626174043.0
28/02/2022,395.6124268,396.4573364,356.6175842,360.3821716,1868349380,60867607020.0
01/03/2022,408.4822998,418.4899597,391.3292236,395.624115,2885318336,66424867796.0
02/03/2022,409.0003052,414.9128418,404.53479,408.5185242,2045870796,68682205857.0
03/03/2022,402.5506897,412.8005981,397.9063416,409.0327454,1598018507,68815406700.0
04/03/2022,374.2808838,402.9167175,372.8684082,402.5751953,1740563403,67836012887.0
05/03/2022,384.8733521,386.8440552,368.1757202,374.4416504,1321262776,63038204707.0
06/03/2022,375.0112,387.164093,373.0179443,384.9118042,1305295273,64694552916.0
07/03/2022,381.344635,384.417572,364.431366,375.0715942,2058321705,63077523634.0
08/03/2022,381.9585571,387.6297913,377.7055664,381.2547607,1684540144,63911307485.0
09/03/2022,393.5557556,402.0280762,381.8405457,382.0426331,2425559108,64220105350.0
10/03/2022,372.1590271,394.4041138,364.0878906,393.4803772,2105808203,66202668578.0
11/03/2022,372.1840515,379.5717163,365.6082764,372.1961365,1550840418,62505187316.0
12/03/2022,372.7303772,379.1956482,372.1268616,372.1861877,1211417865,62803713531.0
13/03/2022,361.849823,376.9284058,361.1508789,372.6088867,1242011950,62799547814.0
14/03/2022,373.466156,373.6095276,360.3018494,361.8345337,1455465550,60866119883.0
15/03/2022,371.6288452,374.3332825,362.6847534,373.4724121,1360640456,62671877529.0
16/03/2022,385.5282288,386.3632507,368.4816589,371.5427856,1788844135,62545699438.0
17/03/2022,391.8247375,392.8704224,382.1614685,385.4595642,1635657390,64769916794.0
18/03/2022,397.6455078,399.9235229,384.2483215,391.7787781,1666543771,65846032214.0
19/03/2022,399.8535461,406.0037231,395.4147949,397.5616455,1532550954,66860410901.0
20/03/2022,390.7683716,400.6107178,386.7667236,399.9197388,1334193471,67167808769.0
21/03/2022,396.4478149,398.961731,386.5613708,390.7389526,1657341491,65740764174.0
22/03/2022,404.3149414,409.6425476,395.5757446,396.3555908,1795119554,66563040409.0
23/03/2022,408.6097717,411.0295715,398.8558655,404.3272705,1645651129,67944911784.0
24/03/2022,414.1269836,416.5054016,406.0115662,408.5542603,1831451218,68533085664.0
25/03/2022,410.8111572,421.153717,406.296051,414.1482544,1678265707,69570163338.0
26/03/2022,415.9197998,416.3175354,407.9812622,410.8162537,1082240527,69101357831.0
27/03/2022,430.5032654,431.0255737,412.3829041,415.931366,1499505093,69918476313.0
28/03/2022,430.3908691,440.7283936,428.5652161,430.546814,2128699500,72171510772.0
29/03/2022,434.5056763,441.5075378,430.0748901,430.0748901,1987696098,72525569986.0
30/03/2022,442.684845,448.9471741,427.6920776,434.429718,2181737151,73031351754.0
31/03/2022,428.9161072,451.9610901,424.9502869,442.6588745,2632534284,74528326962.0
01/04/2022,446.6042786,446.7965393,414.7493896,429.1240234,2718206274,72076475923.0
02/04/2022,436.9553528,453.5584717,436.7767029,446.8442078,2272901729,74975843095.0
03/04/2022,450.348877,455.2284546,432.8217163,436.8658142,2128734028,73580203377.0
04/04/2022,447.5249329,450.4326172,434.178009,450.2645569,2248856403,75453944280.0
05/04/2022,445.1726074,459.8055725,445.0386047,447.6300354,2268650039,75127757361.0
06/04/2022,420.1463623,445.0276489,418.881134,445.0011292,2323241738,75257138924.0
07/04/2022,436.7967834,438.2937012,417.6010437,420.1826477,2125042415,70913339347.0
08/04/2022,421.6772461,440.6429749,419.4332886,436.9345093,1951923760,73491424319.0
09/04/2022,427.1530457,428.0207825,420.2725525,421.6653442,1399108286,70595674729.0
10/04/2022,418.5906677,429.3641052,418.5906677,427.1497498,1410282903,71781324518.0
11/04/2022,394.0868835,419.4907837,392.1099243,418.6584473,2192782724,70798823665.0
12/04/2022,413.8739319,416.6358032,393.1668091,394.2887878,2140526232,66255189770.0
13/04/2022,423.1301575,424.3359375,411.0592651,413.8126526,1932053164,69708186956.0
14/04/2022,414.6637268,426.8072205,412.0471191,423.0670166,1615484732,71207307204.0
15/04/2022,417.2937317,419.7969666,413.2726135,414.6671143,1242920077,69824031692.0
16/04/2022,417.4784546,418.6585999,411.9129028,417.2938843,1022481382,70113766961.0
17/04/2022,407.3777161,417.8806763,406.1683044,417.4115295,1088306780,70352696632.0
18/04/2022,416.9684143,417.9469604,397.1496582,407.4329224,1925668122,68520314957.0
19/04/2022,422.3870544,424.2740173,415.0993958,417.0076599,1854452731,70069289513.0
20/04/2022,418.354248,430.9751587,415.7283936,422.3642883,2035166767,70963228670.0
21/04/2022,405.0214539,425.4741211,402.0796814,418.316864,2190281843,70312408958.0
22/04/2022,406.9875183,413.28125,404.1090393,404.96698,1895749713,68052602511.0
23/04/2022,401.6524658,407.8970642,399.2784119,406.9933472,1354484386,68545771658.0
24/04/2022,399.1053772,405.4305725,398.3466187,401.5250244,1222468479,67564303331.0
25/04/2022,404.3502808,404.8739014,383.1906738,399.1299133,1910707893,67305356883.0
26/04/2022,385.4830627,407.0845032,382.0809937,404.2688599,1671963898,68052709105.0
27/04/2022,391.4458313,394.4585266,384.0776978,385.5621643,1512587369,64737401506.0
28/04/2022,406.7182007,408.2324524,388.877655,391.4386597,2116381172,65776057225.0
29/04/2022,393.0621643,410.1757813,390.539978,406.6417236,1928209754,68164491596.0
30/04/2022,377.7678223,399.5930786,377.7678223,392.9985352,1467605770,66152617932.0
01/05/2022,390.2819824,391.0769958,377.2899475,377.7656555,1553846706,63862082109.0
02/05/2022,389.6706543,392.2167053,382.7744141,390.261261,1388077917,65644187988.0
03/05/2022,383.4757996,391.7547607,380.3462219,389.6341553,1295877765,65520745451.0
04/05/2022,402.502655,402.8627014,383.4280396,383.483551,1714496792,64548901392.0
05/05/2022,378.7736206,412.4003601,372.5527649,402.46521,2389487319,67720818328.0
06/05/2022,379.3042908,382.6810913,371.9733276,378.7567444,1834770716,63635450816.0
07/05/2022,365.6841125,380.3874207,361.1955872,379.2881775,1527960119,63931869616.0
08/05/2022,355.3987427,366.5095825,351.1437683,365.7330017,1875845651,61694401854.0
09/05/2022,299.348938,358.9507141,299.348938,355.3774109,2943374129,59770459493.0
10/05/2022,319.3269653,332.4388428,290.586792,298.8207092,3210603809,50859142820.0
11/05/2022,269.9627686,322.7668152,262.6204529,319.1227722,3870618668,53628718914.0
12/05/2022,269.4072571,283.4751282,216.361496,269.8880005,4739990237,44475852348.0
13/05/2022,290.584198,312.6887817,265.7095947,269.1427307,2774121165,45445655852.0
14/05/2022,297.3876038,298.8028564,272.6511536,290.6180725,1884570404,49020764852.0
15/05/2022,312.0077209,312.1765442,286.6437683,297.3973694,1611088257,49702725964.0
16/05/2022,297.7101135,312.1442566,290.4618225,312.084137,1754184298,52549787608.0
17/05/2022,305.9634399,310.194458,296.961792,297.6993103,1584497815,50065379603.0
18/05/2022,287.4387817,307.7114563,287.4387817,305.9898682,1520090732,51662703575.0
19/05/2022,306.7915649,307.9598083,287.2145996,287.45047,1646882950,48512726766.0
20/05/2022,302.3592224,315.2738647,294.7608032,306.7810669,1756670714,51737725724.0
21/05/2022,312.4660339,313.6601563,300.1300659,302.3659363,1318736979,50943276041.0
22/05/2022,319.6090088,322.8570251,311.8273315,312.4880371,1604297406,52595859004.0
23/05/2022,316.7605591,336.3075256,316.3497314,319.5171204,2228144099,53787029351.0
24/05/2022,328.1893311,329.8186646,313.5509033,316.8508301,2002782969,53466327177.0
25/05/2022,325.7348022,336.6660461,324.5485535,328.1956787,2008481372,55142195074.0
26/05/2022,304.9639282,330.892334,298.7865906,325.7552795,2686414043,54907712189.0
27/05/2022,300.9720459,308.8649292,292.1418762,304.7908325,2593113824,51941575183.0
28/05/2022,307.8154297,309.2090454,297.7169189,302.4350281,1471633413,50654148963.0
29/05/2022,305.9750671,307.944397,299.3061829,307.752533,1208835000,52054875073.0
30/05/2022,321.7528992,323.257782,304.3365784,305.9440918,2064357375,51494080031.0
31/05/2022,320.4851074,323.701355,314.2755127,321.7203064,1711532960,54167940539.0
01/06/2022,300.5040588,323.8850708,297.9685974,320.4720154,1763624947,54115193869.0
02/06/2022,308.1017761,309.0408936,298.6712036,300.4664612,1228180850,50589204416.0
03/06/2022,298.3978882,309.85672,293.8630676,308.1941833,1115211127,50390903059.0
04/06/2022,301.631134,302.6377869,295.283905,298.5028381,805954970,48729625301.0
05/06/2022,298.9347229,301.9407654,295.4252625,301.5979004,779603321,49215183114.0
06/06/2022,295.3960266,311.699707,289.4282837,298.9845886,1470941103,48872078493.0
07/06/2022,290.3411255,295.3734131,274.4277649,295.3734131,1752763456,48425486341.0
08/06/2022,288.6160889,294.0399475,284.3733215,290.2988281,1136631692,47501410274.0
09/06/2022,289.9196472,292.9806519,286.4792786,288.6175537,800984464,47241635832.0
10/06/2022,286.0466919,297.2312927,283.4785461,289.8885803,1362797648,47342510177.0
11/06/2022,269.4869995,290.3717957,265.6297913,286.1053772,1220361307,46728206971.0
12/06/2022,255.950882,271.3798828,251.9914398,269.6625671,1380200465,44053080227.0
13/06/2022,222.5057831,256.8543091,214.6053009,255.6677246,2471570710,42131635373.0
14/06/2022,223.2212524,230.3656311,205.3931732,222.5522003,2027226914,36198614008.0
15/06/2022,233.3967133,234.0170898,199.2922211,223.1894379,2244407305,36442165016.0
16/06/2022,209.5387421,236.328537,208.0655975,233.467865,1483212957,37939256522.0
17/06/2022,215.8917999,221.6413422,208.1029205,209.7086792,1108538874,34207718311.0
18/06/2022,197.0429993,218.5502014,184.5400543,215.8156128,1579731402,35292818780.0
19/06/2022,214.9205322,216.0824738,190.1214905,196.9557953,1333254615,32227038804.0
20/06/2022,216.9342651,218.0797119,205.1668243,214.8797455,1235838900,34924468457.0
21/06/2022,219.4986267,227.6422119,213.5508118,216.9011078,1165714518,35485172287.0
22/06/2022,214.2619171,220.5269318,211.5919342,219.6734009,1050984086,35750851630.0
23/06/2022,228.9537506,229.7714233,214.2310333,214.2310333,1148541185,35089855487.0
24/06/2022,240.2383118,242.8162537,228.6300354,228.9228668,1127877901,37404154458.0
25/06/2022,239.6906586,241.4977264,230.4462128,240.2621765,915553554,39486522340.0
26/06/2022,233.8587494,244.6654663,233.6321869,239.6125793,823875890,39111045133.0
27/06/2022,233.6540222,240.6182098,230.5070801,233.8336639,841135242,38265201885.0
28/06/2022,226.9273376,241.4232483,226.1501007,233.5728455,1082126615,38180897051.0
29/06/2022,219.2844696,229.4347076,215.9478149,226.9046021,1062609997,37046663286.0
30/06/2022,219.3000946,219.8870697,205.9266663,219.3875732,1088852065,35835405054.0
01/07/2022,216.0154572,226.3796234,213.6656342,219.5289917,1234215934,35182367552.0
02/07/2022,218.0352325,219.4220123,214.2104492,216.2319794,767361243,35751016076.0
03/07/2022,218.9803162,219.7887115,214.4644928,218.0475769,724525676,35629922971.0
04/07/2022,231.5741272,231.7682037,215.2137299,218.9786072,1039372640,35811629796.0
05/07/2022,230.8463593,235.7591553,223.2283783,231.4841156,1310031377,37729735517.0
06/07/2022,238.499939,239.4906006,229.2979279,230.911087,1266715664,37695662458.0
07/07/2022,241.5445099,243.302887,235.4365997,238.5029602,1108137930,38971926594.0
08/07/2022,240.7507172,246.6830139,237.1403961,241.5444336,1341618380,39540006904.0
09/07/2022,243.2410736,244.6934662,240.6688232,240.7565765,851653424,39635033167.0
10/07/2022,234.6555786,243.3271332,232.1019745,243.2509308,881096013,39708056981.0
11/07/2022,225.8585052,234.6499329,225.5014191,234.5993652,1021066311,38334827207.0
12/07/2022,220.4645538,228.1908417,220.4645538,225.8683929,1140033692,36894922650.0
13/07/2022,230.524765,230.5387115,216.816803,220.4924164,1431776142,36231969767.0
14/07/2022,238.1644745,239.6601563,227.5799103,230.5123291,1609361574,37618474755.0
15/07/2022,238.5739899,241.8334198,235.6831512,238.2266235,1151260376,38927039106.0
16/07/2022,249.5938721,250.7587585,234.1176758,238.5590668,1030985968,38894135455.0
17/07/2022,247.8484802,255.2964935,246.9508057,249.6408081,1050861669,40751955646.0
18/07/2022,264.8860474,264.8860474,247.8218231,247.8344727,1632324536,40589283427.0
19/07/2022,268.8173218,274.2436523,256.6991882,264.4949341,1925805446,43107669102.0
20/07/2022,258.3388062,271.7902527,256.9964905,268.7727051,1675018362,43881525020.0
21/07/2022,265.4625549,265.9075317,251.5456543,258.3401184,1220055525,42332670049.0
22/07/2022,262.8774414,271.1519775,261.6124573,265.4770203,1173778496,43329646345.0
23/07/2022,259.4630127,271.6138611,253.2238617,262.7201538,1108172504,42796458925.0
24/07/2022,261.8648682,265.8866882,257.4329529,259.473877,913146574,42364397843.0
25/07/2022,245.1484985,262.4361267,245.1484985,261.8410034,1005244476,42971350008.0
26/07/2022,248.958374,248.958374,240.1132965,245.1236725,926779355,40716542938.0
27/07/2022,271.504364,271.504364,247.8041077,249.0158081,1405510237,40597926831.0
28/07/2022,277.2939148,280.1273804,264.7391052,271.5153503,1648592412,44039739596.0
29/07/2022,293.9533386,301.2096863,275.3043518,277.3141174,2562325488,45134642246.0
30/07/2022,287.5361328,299.7239685,285.4088135,293.9151001,1578905327,48492377929.0
31/07/2022,283.5794678,296.2102051,282.609314,287.57724,1313531523,46919624856.0
01/08/2022,283.5394897,290.0847778,278.3435364,283.6294861,1314157614,46356068028.0
02/08/2022,283.8209839,290.5367737,274.8204651,283.4763489,1768344106,46301685649.0
03/08/2022,298.356781,305.1868591,278.8118286,283.8738403,2133584480,46595190260.0
04/08/2022,310.7060547,312.7481079,297.4320374,298.3701172,1926587001,48707468947.0
05/08/2022,315.1855469,320.956604,308.6068115,310.6936035,1585061398,50645057813.0
06/08/2022,315.0689087,321.8396912,313.7336426,315.196991,1151509385,51181171045.0
07/08/2022,322.9211426,325.1716614,309.0248718,315.1231079,1012978419,51485579405.0
08/08/2022,324.800415,332.8811035,322.5393677,322.9548035,1318773332,52739608922.0
09/08/2022,324.912323,327.82547,313.4969177,324.8363647,1139003043,53002218705.0
10/08/2022,328.4711609,336.2836914,314.4125977,324.8590393,1738218767,53192959785.0
11/08/2022,323.8002319,334.097229,322.3075562,328.4602051,1511577808,53491408553.0
12/08/2022,327.514679,327.514679,318.2651672,323.7721252,980643843,52850221539.0
13/08/2022,323.8701477,332.5167542,323.4788818,327.5741577,991712327,53411746990.0
14/08/2022,317.9866333,330.8052979,316.6592712,323.9740906,936178150,52876462684.0
15/08/2022,319.8872986,326.8336487,314.8580933,318.0324707,1141553086,51831138384.0
16/08/2022,316.4236755,322.1582947,312.8060608,319.7127686,963072351,52259059529.0
17/08/2022,306.6364136,323.2359924,305.3348999,316.4016113,1111784114,51644710408.0
18/08/2022,298.1412354,310.1879578,297.0264282,306.7964783,1041814513,50100609705.0
19/08/2022,279.7187195,298.1907043,278.5794373,298.152771,1598319492,48825701689.0
20/08/2022,283.6931458,288.9055176,278.3320618,279.6201172,1315367730,45642954306.0
21/08/2022,302.0562744,303.6579285,283.6390991,283.6390991,1249205607,46252370172.0
22/08/2022,300.5591125,303.8237915,289.3067017,302.0341797,1463703478,49486226301.0
23/08/2022,299.0299377,301.1950073,294.3196716,300.5709229,1034959891,49150485248.0
24/08/2022,296.4496765,299.9586792,294.7120361,299.0151062,935405757,48982780106.0
25/08/2022,301.5836487,306.1381531,296.2020874,296.4873047,973529233,48379260404.0
26/08/2022,279.598175,301.5559998,277.8516541,301.5559998,1210077085,49272835872.0
27/08/2022,277.8015747,283.8500977,274.5443726,279.5718384,962669292,45470473383.0
28/08/2022,276.250885,283.6283264,276.250885,277.8034363,758285305,45369238899.0
29/08/2022,286.221405,286.3310242,272.8059692,276.2806091,1009161525,45374822895.0
30/08/2022,281.425354,291.6630859,277.0744629,286.215271,979620743,46716386630.0
31/08/2022,279.2380981,289.7711182,278.0787964,281.4564819,952486877,46046373619.0
01/09/2022,278.4172363,280.2213135,271.4728088,279.2513428,954919263,45512248504.0
02/09/2022,277.4161072,282.9059143,274.487915,278.38797,807053745,45462861465.0
03/09/2022,277.7755737,278.4322815,274.7754517,277.4311218,490102253,45198465388.0
04/09/2022,278.8418579,279.8131409,275.4532166,277.7819214,512014471,45346195157.0
05/09/2022,276.6859131,280.6126404,273.7195129,278.8544922,665273781,45476672065.0
06/09/2022,262.668396,285.7541809,262.5975647,276.7518616,1173656468,45101612118.0
07/09/2022,278.761322,279.763855,259.9939575,262.6126404,963734560,43155638706.0
08/09/2022,280.5774841,282.063324,276.0489197,278.7602234,870477242,45453989049.0
09/09/2022,293.407135,294.9559326,280.2208252,280.5370178,1139680146,45796774077.0
10/09/2022,296.9690552,298.441864,291.2474976,293.3950806,851195253,47844370267.0
11/09/2022,295.1618652,297.8752136,291.3034973,296.9197388,700835025,48573687139.0
12/09/2022,293.6587219,299.1763,291.1506958,295.1741028,998624528,48115913412.0
13/09/2022,277.5769348,297.6877136,275.9689636,293.649231,1136956066,47815172004.0
14/09/2022,279.3858643,282.1502686,274.8305664,277.4132996,956413768,45169037859.0
15/09/2022,270.8068848,280.2467957,268.0102234,279.3830566,1080164338,45617788344.0
16/09/2022,274.6545715,276.2632446,269.1295166,270.8122559,803452434,44237559175.0
17/09/2022,279.2493286,279.5317078,274.730011,274.730011,560951664,44781850539.0
18/09/2022,266.3131714,279.6207581,264.7436523,279.2207336,789437105,45616157324.0
19/09/2022,272.0698242,272.6191101,257.1868286,266.2519226,1074224923,43523757865.0
20/09/2022,266.3695984,273.203125,265.6932068,272.1305542,845702947,44476332737.0
21/09/2022,264.7920837,275.8335571,261.275177,266.3947449,1057177278,43537042605.0
22/09/2022,275.5002747,275.9076538,264.0281067,264.6077576,843345381,43192546029.0
23/09/2022,276.6262512,277.3817139,269.6694641,275.4934998,869618433,44981567511.0
24/09/2022,275.135376,284.6324463,275.135376,276.6270447,818302597,45185478739.0
25/09/2022,274.0612488,279.2016907,271.6731262,275.1043396,640533920,45005324723.0
26/09/2022,275.9278564,276.446991,271.188324,274.1417847,716989161,44725198716.0
27/09/2022,272.4015503,286.0679932,270.8220825,275.9259644,927431127,44942732070.0
28/09/2022,281.7812195,283.3424377,266.9765625,272.3344421,857467325,44501118451.0
29/09/2022,283.789032,285.2337646,277.5006409,281.7666626,800888080,45985363666.0
30/09/2022,284.1922913,289.5371094,280.8930054,283.8342896,905481572,46295594360.0
01/10/2022,282.8719177,285.1928711,278.3609009,284.273407,593375648,46399832662.0
02/10/2022,284.4331055,287.3795166,279.9544373,282.89505,556343468,46143731337.0
03/10/2022,287.0319824,288.6329041,283.8986511,284.4148865,700566674,46627866231.0
04/10/2022,296.2984619,297.9946594,286.5289612,287.0241699,794566055,46843391805.0
05/10/2022,294.1376648,296.3330688,289.9037476,296.2894592,656837388,48396050335.0
06/10/2022,286.6341553,297.6993713,279.8035583,294.1552734,1010110227,48013554582.0
07/10/2022,283.1826782,286.9586182,280.1914673,286.7719421,952606066,46461345518.0
08/10/2022,276.469574,282.9942017,276.0498657,282.9942017,604706997,46074108670.0
09/10/2022,278.2380676,279.2800293,275.4630432,276.4495544,570350814,45097700498.0
10/10/2022,271.8060608,279.0643005,271.8060608,278.2445679,655201928,45353431566.0
11/10/2022,271.3713989,273.6628418,268.4468384,271.7315369,584301468,44486786749.0
12/10/2022,270.9710083,272.7352295,269.6601563,271.4066162,546926291,44256837124.0
13/10/2022,271.8514099,273.4926453,257.9745178,270.9587097,1124480167,44244724964.0
14/10/2022,269.5671692,276.5288696,268.3430176,271.8459167,809144930,44381601383.0
15/10/2022,268.4040833,271.364502,267.8848267,269.559021,491674298,43918740944.0
16/10/2022,272.5199585,273.743042,268.3623047,268.4115906,563344666,43876754813.0
17/10/2022,275.5125732,275.8415222,270.4273376,272.5019226,594844795,44431434369.0
18/10/2022,273.2145691,275.8152466,270.5332031,275.5345154,599934776,45002578231.0
19/10/2022,271.9813538,273.6477051,270.6843567,273.2234497,497761035,44649912359.0
20/10/2022,269.2712708,273.2851563,267.8604736,271.9537354,539795617,44327023282.0
21/10/2022,270.0384216,271.0479126,264.5229797,269.2449036,593811687,43919112785.0
22/10/2022,270.4794922,271.0074158,268.5668945,270.0330811,391459296,44082565735.0
23/10/2022,276.0081787,276.5697937,269.1025391,270.4799805,483765500,44153416937.0
24/10/2022,273.977417,276.8754578,271.8848877,276.0007629,535946814,45036253670.0
25/10/2022,284.4325256,289.6018066,272.3665161,273.951355,940035659,44622894154.0
26/10/2022,290.3769836,291.7023926,284.1638184,284.3562012,1017326051,46656222266.0
27/10/2022,286.8441162,293.069458,285.2253113,290.3919983,874526054,47393552587.0
28/10/2022,298.0141907,300.7218018,286.1366882,286.841156,1072756219,46874589627.0
29/10/2022,304.2179565,307.914978,295.9452515,298.0037842,1397370727,48606139721.0
30/10/2022,313.7547913,318.0692749,302.5343628,304.2299194,1451550019,49556125470.0
31/10/2022,326.3607178,336.7953186,307.6253357,313.6713562,2168405759,51110669156.0
01/11/2022,324.5794373,334.2062378,317.9355164,326.2778625,1329110451,53528392692.0
02/11/2022,320.1505432,329.0394592,316.2809143,324.4679871,1411029750,53045918786.0
03/11/2022,329.71698,338.6425781,318.495575,320.1744385,1514834239,52253322652.0
04/11/2022,354.4063721,358.1820068,328.7398376,329.6709595,1938879952,53729673249.0
05/11/2022,349.2537231,360.3093262,347.0196228,354.4194641,1231594445,57629043553.0
06/11/2022,339.3893738,354.4880981,339.1924133,349.288147,1143505730,56955128372.0
07/11/2022,337.0145569,344.0419006,327.6837769,338.8971558,1811518274,55830055509.0
08/11/2022,327.6902771,388.7155151,302.7518921,336.9876404,5390603525,54937029726.0
09/11/2022,266.8531189,332.0610046,261.7302551,327.8196716,3191459132,54109010975.0
10/11/2022,304.0800476,311.0740051,264.4677429,266.8857727,2461275687,43045983596.0
11/11/2022,289.8205566,304.9127808,280.6268616,303.9868774,1625174426,49453629190.0
12/11/2022,282.3412781,290.3691711,272.0461121,289.8576355,1189401392,47348254052.0
13/11/2022,276.5794373,286.0844727,274.0527039,282.3652649,956106804,45956774660.0
14/11/2022,278.5784302,290.719635,268.2330322,276.6222534,1541330420,45079657180.0
15/11/2022,276.8740234,281.8825378,274.0931091,278.6280212,1116291060,45595436004.0
16/11/2022,272.081604,279.7919922,269.650177,276.8630066,908816092,45276634125.0
17/11/2022,267.9113159,273.2224731,264.3984985,272.0883179,854777255,44379314947.0
18/11/2022,273.9199829,274.5059509,267.9135437,267.9141235,685307608,43762525622.0
19/11/2022,272.3976746,274.2624512,269.6495361,273.887207,551451228,44733949105.0
20/11/2022,264.2351379,273.6504822,262.5552979,272.4302979,720361905,44498964733.0
21/11/2022,254.1682587,264.7425537,250.6569366,264.2357788,1094850661,43149905939.0
22/11/2022,266.3243408,266.8921509,252.3899536,254.0190887,800429058,41538741494.0
23/11/2022,297.8474426,300.0202026,265.0349731,266.4203491,1920236928,43586685572.0
24/11/2022,300.4278259,303.0646362,294.5315552,297.9458618,1219177799,48702064860.0
25/11/2022,300.5776978,304.163269,294.912323,300.3338318,949045515,49040106670.0
26/11/2022,311.3884583,316.9621277,300.3894653,300.5717468,1221554861,49109400048.0
27/11/2022,307.4292908,316.2198792,307.1563721,311.3720398,793779029,50825864030.0
28/11/2022,293.5272522,309.0960999,289.4936829,307.3995667,1154829072,50254569004.0
29/11/2022,295.4981689,304.8228149,289.7636414,293.4918213,986451640,47949642741.0
30/11/2022,300.794342,304.6509705,294.3822632,295.5482178,1009620336,48390045095.0
01/12/2022,292.0162048,301.4796753,290.5537109,300.754364,1433086340,49274297384.0
02/12/2022,293.5274963,293.5274963,286.140686,292.0285645,854253818,47684754833.0
03/12/2022,290.5631409,294.0430298,289.7044678,293.5003662,634607105,47789712926.0
04/12/2022,292.2882996,292.337616,288.5040588,290.5531006,633441009,47591443112.0
05/12/2022,288.4742737,296.9121704,286.5386963,292.2088928,705616866,47722863607.0
06/12/2022,290.3544617,290.6016235,287.1078796,288.4617615,610280514,47134321600.0
07/12/2022,284.2844238,290.4856873,282.020813,290.384613,759320494,47388136404.0
08/12/2022,290.5371704,291.5117188,282.8092041,284.295166,646645162,46475738118.0
09/12/2022,286.0904236,291.5705872,285.5756226,290.5220032,644239750,47360717202.0
10/12/2022,288.1252136,289.4926147,286.1065063,286.1065063,439735200,46755914537.0
11/12/2022,284.3904114,290.9364319,284.1882935,288.1442566,496833486,46979017087.0
12/12/2022,276.2781982,285.5374451,273.5308533,284.4343872,974762447,46459874594.0
13/12/2022,271.9516907,280.6873474,257.4403687,276.2844849,1925504273,45247815339.0
14/12/2022,268.2315369,277.8570862,266.1462402,271.9580688,1026628081,44442840989.0
15/12/2022,258.2737122,268.1503601,257.0812073,268.1503601,709349174,43816838361.0
16/12/2022,231.2324371,264.2475891,227.3452301,258.2687683,1264053277,42062237376.0
17/12/2022,242.5292816,243.581955,221.0031891,231.2207489,1196953526,37108234938.0
18/12/2022,251.1563873,253.3396912,240.0365295,242.5169067,925487110,39515739968.0
19/12/2022,240.6578064,252.9330139,238.6507874,251.2426758,751196285,41190139611.0
20/12/2022,251.7445374,252.6286621,239.8014374,240.6682281,667866377,39390259950.0
21/12/2022,246.0469818,251.6943207,245.7572479,251.6943207,479296549,41087025962.0
22/12/2022,245.890625,248.0320282,240.4832001,246.0683289,543367184,40173092498.0
23/12/2022,246.1481781,248.2747192,244.4529419,245.8941345,388929772,40140034038.0
24/12/2022,244.6355286,246.1817169,243.9530487,246.1516418,280627376,40196349507.0
25/12/2022,243.1414948,245.7309875,241.7005005,244.6363983,298063868,39956711781.0
26/12/2022,244.198288,244.5959473,242.2244263,243.147934,276115280,39699718822.0
27/12/2022,246.5966797,247.6796875,242.5621796,244.202652,391342277,39767865335.0
28/12/2022,244.141922,246.8400421,242.1092834,246.6071167,414698978,40184438105.0
29/12/2022,246.4797211,246.6009979,243.5799103,244.1714172,345312528,39817009960.0
30/12/2022,245.7792206,246.4972382,243.1274719,246.4580078,342300809,40230209465.0
31/12/2022,246.3491974,247.5836182,245.1082458,245.788681,307551853,40164375080.0
01/01/2023,244.1369781,246.4858093,243.5752869,246.332901,278651737,40273794262.0
02/01/2023,245.5359039,247.715271,241.6924896,244.1522217,357733262,39852514894.0
03/01/2023,246.1333618,246.8314514,244.7840424,245.5521393,377452410,40136162129.0
04/01/2023,259.1196899,260.5160522,245.7049713,246.1408997,632924961,40194802591.0
05/01/2023,256.4228516,259.0764771,255.5965576,259.0764771,342934041,42262890457.0
06/01/2023,259.867157,260.2217407,255.0677032,256.4501953,417893264,41882966205.0
07/01/2023,261.2828369,262.9636536,259.5932922,259.8548889,327712514,42404102106.0
08/01/2023,274.3850708,274.3850708,260.5169067,261.2529297,491734030,42647994855.0
09/01/2023,272.7015381,283.0254211,271.8993835,274.4424438,783671054,44656906521.0
10/01/2023,277.2896423,278.2676697,271.1498413,272.6551819,470259383,44542012427.0
11/01/2023,285.0465088,285.1723938,274.5263977,277.2935181,466458216,45318222266.0
12/01/2023,287.8123474,287.9513855,279.7410278,286.9006653,655903255,46586461239.0
13/01/2023,293.7330017,295.2747803,285.1912231,287.8114929,561853825,46937912182.0
14/01/2023,305.2411194,314.0033569,293.6006165,293.7196655,1087358891,47947758393.0
15/01/2023,302.0706482,305.763855,292.9245911,305.3287354,562889882,49943815084.0
16/01/2023,298.9992371,307.5973816,294.1819458,302.0799866,602126315,49222768561.0
17/01/2023,299.8245239,304.788147,296.9747925,299.0591125,529752305,48792209674.0
18/01/2023,286.9910583,304.8897705,282.6310425,299.8314514,844268123,48934162212.0
19/01/2023,294.8522034,295.1185303,286.8704529,286.885498,431382130,38863899341.0
20/01/2023,304.973175,305.0209351,287.2264404,294.84552,669836014,39775681143.0
21/01/2023,299.2611694,309.6165771,299.0642395,305.0204773,755028964,41107817143.0
22/01/2023,303.0464478,310.602417,299.1035767,299.2391052,571771274,40342844635.0
23/01/2023,305.5040894,307.4292603,302.3316956,303.0203247,520678637,40887166881.0
24/01/2023,300.6123352,322.7462158,299.6996155,305.3908997,887528741,41352793245.0
25/01/2023,307.3076477,313.2007446,294.7146606,300.6381531,667706772,40710000030.0
26/01/2023,304.8665466,309.263092,302.3926697,307.096405,540954388,41483151363.0
27/01/2023,308.1231079,309.8944702,300.3205872,304.8744507,484897937,41149656905.0
28/01/2023,306.2443237,313.0773621,304.0933228,308.157135,434715822,41645249790.0
29/01/2023,317.3362122,320.1185608,305.1980896,306.2362976,664644693,41254850790.0
30/01/2023,307.0688782,320.2548218,303.5807495,317.3753967,630938594,42808011985.0
31/01/2023,312.3610535,313.8247986,305.681366,307.0965576,487472184,41374485113.0
01/02/2023,317.4725952,319.2076721,306.1482849,312.2771301,616638893,42108205614.0
02/02/2023,323.3497925,333.4955444,316.7110596,317.3461914,909077028,42847286858.0
03/02/2023,332.2686768,334.545166,318.9032288,323.2913513,861598551,43801457182.0
04/02/2023,330.6170959,333.8709412,327.7414246,332.2496948,440935963,44840122542.0
05/02/2023,327.8693542,337.3205261,324.8794861,330.5582581,662969265,44651269261.0
06/02/2023,324.6271667,330.957428,321.9461365,327.8618469,521894604,44225334687.0
07/02/2023,333.2278748,333.5267334,324.2054749,324.5574036,521804212,43820319411.0
08/02/2023,328.0886536,334.7283936,324.4905396,333.2173157,515127902,52687066245.0
09/02/2023,305.9604187,329.0126038,303.358551,328.1722107,778492045,51836845864.0
10/02/2023,305.9541321,309.0569153,303.016571,306.0072632,492880078,48291721477.0
11/02/2023,310.6160278,311.1468811,305.4541016,305.9799194,348569462,48368078948.0
12/02/2023,312.929657,320.2348633,306.5174866,310.6056213,520994815,49146214018.0
13/02/2023,294.4753418,315.1230469,283.6963806,312.901825,1322505522,49507659250.0
14/02/2023,296.1203613,301.1332703,290.1734924,294.4703979,662196432,46259599942.0
15/02/2023,317.16922,317.3873291,294.3832703,296.144928,667519216,46811338178.0
16/02/2023,304.7637024,326.6348877,304.5027466,317.1503906,1036335164,50074569839.0
17/02/2023,313.3779907,316.4135437,303.5519104,304.7427368,701575686,48379049686.0
18/02/2023,316.6827087,318.6784973,313.3005371,313.3858643,467884011,49577894902.0
19/02/2023,311.9358521,318.4264526,311.309845,316.6196594,522437732,49856817083.0
20/02/2023,315.3774414,319.3007813,309.4282532,312.0279236,676396150,49473349358.0
21/02/2023,311.4720154,316.9972839,309.9552612,315.399353,579359973,49710803984.0
22/02/2023,312.7811279,312.8093872,304.2212219,311.4826355,549179249,49103313729.0
23/02/2023,308.5339355,314.8948975,306.1802063,312.8053284,472852406,49367058958.0
24/02/2023,302.0537109,311.7994385,300.058136,308.4597168,479926281,48689301152.0
25/02/2023,302.384613,303.0292358,297.2241211,302.1002502,310503640,47654082072.0
26/02/2023,308.9970703,309.5875549,300.9662476,302.3690186,312320211,47710101863.0
27/02/2023,304.8558044,309.3254395,300.9360962,308.985199,404806423,48751232145.0
28/02/2023,301.474823,305.6327209,300.5692749,304.8549805,337673265,48144114205.0
01/03/2023,302.9074707,306.1851501,301.0980225,301.5103455,377974810,47506411710.0
02/03/2023,299.946167,303.5541687,296.519165,302.9161072,370516889,47810909893.0
03/03/2023,290.2828369,300.0876465,287.979248,299.9775696,450262903,47378215432.0
04/03/2023,289.5038757,291.3275452,286.6190796,290.2898865,289197235,45805267735.0
05/03/2023,288.699707,292.4590759,287.8759155,289.5206299,287599378,45700004126.0
06/03/2023,288.0549622,289.7183838,283.9531555,288.7044983,374160712,45495219628.0
07/03/2023,289.343689,290.2167358,284.3740845,287.9955444,373176525,45478695801.0
08/03/2023,286.8670044,293.6416321,285.5854797,289.3274536,436665040,45570679869.0
09/03/2023,277.2961121,291.3664856,272.728363,286.9457703,505668979,45478533321.0
10/03/2023,277.4195862,278.1007385,265.7124329,277.3235168,558776711,43661786795.0
11/03/2023,277.9614258,281.644104,272.2830811,277.4346619,523623578,43804338398.0
12/03/2023,289.6757813,289.7134094,276.6386108,277.9440308,483074620,43464995301.0
13/03/2023,308.9122009,313.7537231,287.5561829,289.7408142,1122664621,45537337811.0
14/03/2023,309.3707886,319.8389587,304.0131226,308.9379883,866173920,48742270524.0
15/03/2023,307.124939,313.9241638,301.6941528,309.4461365,596861029,48897303943.0
16/03/2023,329.8608704,333.0071716,304.4295349,307.2134399,1337194824,48551821321.0
17/03/2023,339.0811462,340.27005,327.1355896,329.886322,934568148,52391403812.0
18/03/2023,331.524292,346.4451294,330.7912292,339.040741,828471428,53560165300.0
19/03/2023,336.978241,341.8165894,331.5301819,331.5301819,705888292,52572257614.0
20/03/2023,332.9230042,339.7980347,332.8540955,337.000946,682276624,53585863733.0
21/03/2023,335.3092346,339.547699,328.993988,333.0158081,638610697,52937903482.0
22/03/2023,321.8877258,339.685791,317.6002502,335.2941284,1280612242,53201553977.0
23/03/2023,329.8370056,331.9685059,319.8922119,321.8635254,547390925,51090160091.0
24/03/2023,322.3593445,330.1739807,317.7767944,329.808075,468651735,52201524708.0
25/03/2023,322.6730652,325.0028381,319.9109192,322.3198547,439062620,51206299865.0
26/03/2023,328.8880005,329.5675354,322.0966492,322.6365051,363216136,51256796650.0
27/03/2023,310.9491272,329.3305054,306.4544373,328.90448,656817420,52057241787.0
28/03/2023,313.2606201,314.986145,307.3712769,310.9465637,478328374,49079615720.0
29/03/2023,313.8417664,319.5325012,312.7904053,313.2275391,482942200,49485646212.0
30/03/2023,316.5675659,317.7957153,311.0036316,313.8626099,594180917,49577395649.0
31/03/2023,317.0400085,319.6335754,313.786499,316.6324158,419430009,50168780547.0
01/04/2023,315.2173157,318.4306335,313.5613098,317.0597839,463135728,50095782785.0
02/04/2023,313.9286194,316.1884155,311.5365601,314.9420776,442429679,49738899677.0
03/04/2023,308.5623779,314.0332336,300.5087585,313.9376526,701865645,49580832087.0
04/04/2023,310.9948425,312.0874939,308.4649658,308.5898438,575672802,48834992856.0
05/04/2023,314.0631714,316.3108215,310.5144043,311.0009155,592856922,49087111958.0
06/04/2023,312.4546509,314.591217,311.0617371,314.0839539,530706217,49641625564.0
07/04/2023,310.6994934,312.8652649,309.983429,312.453949,478098163,49315808887.0
08/04/2023,310.6347351,312.6832581,310.388031,310.6653137,461767801,49053688106.0
09/04/2023,312.8722534,313.6131592,309.8845825,310.6590576,465627007,49063096682.0
10/04/2023,318.3790588,318.3790588,311.8117981,312.8681335,565754261,49448040243.0
11/04/2023,322.7582703,332.8777771,318.1430664,318.4115295,896643000,50278276856.0
12/04/2023,318.9537659,323.4898071,317.3410339,322.7652283,639928192,50988411866.0
13/04/2023,324.9480896,325.2355042,318.1626282,320.023468,684442464,50587359530.0
14/04/2023,329.1738586,335.5227661,324.0371094,324.975708,941862415,51295369255.0
15/04/2023,333.4072876,335.97052,327.5720215,329.172699,730957108,51952175557.0
16/04/2023,348.2209167,349.9566345,331.2898254,333.3901978,936315454,52662920699.0
17/04/2023,339.9941101,350.0722961,338.2606201,348.1757507,856381072,54913630927.0
18/04/2023,343.1934509,346.493042,337.859314,340.0447693,741280408,53664070532.0
19/04/2023,322.7075195,343.5299072,321.0520325,343.1696167,826810466,54204297111.0
20/04/2023,317.8899231,326.5525208,315.9021912,322.587738,663981561,50996266810.0
21/04/2023,321.6749878,331.4171753,316.1169434,317.9211121,1057530805,50076803640.0
22/04/2023,331.9950867,332.9909973,320.3104553,321.6567383,670641138,50793309307.0
23/04/2023,330.6188354,332.2207031,327.779541,332.0133362,639990072,52527550309.0
24/04/2023,331.2458801,333.4481201,328.1448669,330.6213074,662758378,52165975187.0
25/04/2023,338.3255615,339.7011719,328.8067932,331.2005005,682400159,52279828639.0
26/04/2023,330.8217773,344.8168335,325.4385376,338.3247986,910334786,53516035779.0
27/04/2023,331.1950989,336.445282,329.1021729,330.8463745,750494420,52172391454.0
28/04/2023,324.5002441,331.1993103,319.5908508,331.1993103,1069178743,52415571801.0
29/04/2023,322.1347351,324.7434387,321.8706055,324.4894714,536818146,51224904112.0
30/04/2023,337.6455383,337.9449158,320.723053,322.1066284,865228956,50858247901.0
01/05/2023,328.7242126,339.3916626,326.6700439,337.6052246,912601797,53251356964.0
02/05/2023,321.9526978,328.7589722,321.9526978,328.7380371,686766524,51933432317.0
03/05/2023,326.2128906,327.4369202,320.9884949,321.975708,822037855,50888408585.0
04/05/2023,323.9171448,327.4441223,323.5232239,326.2037354,467074893,51423455643.0
05/05/2023,326.9403076,328.9045715,323.926178,323.926178,519090054,51152998818.0
06/05/2023,322.7740173,328.736908,320.5791016,326.9453735,494274153,51599872889.0
07/05/2023,321.6110535,325.8141479,321.5129395,322.7579651,437921018,50941464919.0
08/05/2023,313.9712219,322.4250183,311.8853455,321.4257507,636404503,50844724701.0
09/05/2023,312.5137024,315.7340393,311.5994568,314.0020752,461175016,49549048279.0
10/05/2023,314.5774536,316.677887,308.8152771,312.4984436,545212280,49306858317.0
11/05/2023,307.6958313,314.5896301,304.9615173,314.5896301,484941644,49662394090.0
12/05/2023,308.6031189,308.8200989,301.5823975,307.6890259,509746023,48590747015.0
13/05/2023,311.0868835,311.8979492,307.8395386,308.6343079,385073781,48690756821.0
14/05/2023,312.1358948,314.6377258,310.0058594,311.089447,404468149,49210307280.0
15/05/2023,313.5294189,316.3658142,311.0141296,312.133606,432273711,49226381036.0
16/05/2023,311.3800354,314.0379333,309.692749,313.5429077,402988974,49558425065.0
17/05/2023,314.0835266,314.269989,307.6412048,311.369812,437721579,49198400101.0
18/05/2023,309.4566956,314.6662903,306.6496277,314.091217,383049498,49564395154.0
19/05/2023,308.9642944,311.1976013,307.9300537,309.4467773,334636708,48900502712.0
20/05/2023,310.7199707,311.8423157,308.0879822,308.9824219,277393160,48777238816.0
21/05/2023,306.5067139,311.5177002,306.4785156,310.7096252,302803530,49028080181.0
22/05/2023,309.245636,310.8353882,305.0476379,306.523468,355156561,48421119399.0
23/05/2023,313.5062256,315.212677,309.2388916,309.249176,361568579,48826800670.0
24/05/2023,305.9327698,313.550415,304.1655273,313.5191345,418835791,49487912474.0
25/05/2023,304.7336426,306.6758728,302.9423523,305.922699,401117895,48339367035.0
26/05/2023,306.886322,308.4143677,301.8935547,304.725708,475658791,48114670546.0
27/05/2023,307.5917664,307.5984497,304.4021301,306.8948975,331579600,48475838354.0
28/05/2023,314.27005,314.4509888,306.9979858,307.580719,405623337,48532513899.0
29/05/2023,311.8071899,316.7955933,310.7929382,314.2846375,543284868,49657163876.0
30/05/2023,311.6845093,314.2766113,311.3135071,311.8103333,392038878,49223754313.0
31/05/2023,306.8666992,311.8466492,305.3764038,311.6957092,474410245,49203273431.0
01/06/2023,304.9532776,307.6137695,303.6445618,306.8828125,354897855,48465020079.0
02/06/2023,307.4237976,308.3961487,303.7401428,304.9506836,382256220,48171977973.0
03/06/2023,306.7201233,308.1976624,305.6489868,307.4338989,260995871,48523200816.0
04/06/2023,305.1567993,307.5839233,305.0121155,306.7184448,273449324,48414891023.0
05/06/2023,276.8892517,305.1672668,272.8895569,305.1672668,928515688,48263423172.0
06/06/2023,281.495575,285.5967102,273.723938,276.9336243,691784529,43725911784.0
07/06/2023,259.391449,281.4814453,256.0957031,281.4814453,958739195,44409349948.0
08/06/2023,262.1484985,266.8072205,257.7645264,259.4009094,562863852,40930547462.0
09/06/2023,260.716095,263.9214172,256.5093994,262.1507874,491429998,40853889041.0
10/06/2023,239.0890808,260.716095,233.1691895,260.6986694,1068424942,40552592783.0
11/06/2023,235.438797,239.3482666,234.4306946,239.0874176,376213808,37283948504.0
12/06/2023,231.0514374,238.4732208,222.0713348,235.4039154,1014433334,36623672856.0
13/06/2023,243.8905334,245.6421967,229.3116913,231.0750427,864407068,36015676858.0
14/06/2023,237.5742645,251.6301575,234.0425568,243.8905334,738634212,37842271276.0
15/06/2023,236.2806854,240.1553345,231.0658112,237.6096954,502420772,37009537060.0
16/06/2023,239.1146698,242.8019867,232.8285217,236.2734528,488582672,36772367138.0
17/06/2023,244.6105804,249.1301117,237.4179077,239.1290283,451849200,37264270932.0
18/06/2023,244.087265,248.2725677,242.7691498,244.5958099,372246652,38098977837.0
19/06/2023,242.9033661,244.4120026,239.1456604,244.0900421,359118142,38024105467.0
20/06/2023,247.6744385,247.8226929,239.0187378,242.8818512,477391843,37828280143.0
21/06/2023,249.2863464,253.5419312,245.5482483,247.6829376,717670519,38506222392.0
22/06/2023,240.7924347,256.2200317,240.0522003,249.276474,709030407,38934049356.0
23/06/2023,244.5649414,248.8097839,240.0948181,240.7920532,493157882,37565674020.0
24/06/2023,236.6596527,248.4286194,231.994751,244.5535126,558809140,38082414939.0
25/06/2023,238.8929901,241.872757,235.6361389,236.6367645,414941211,36863106029.0
26/06/2023,236.1342621,241.1738434,234.2963409,238.8791199,427457532,37187182852.0
27/06/2023,237.4926758,240.8228455,234.9900665,236.131073,348181738,36760211282.0
28/06/2023,230.6503601,237.5801544,226.9770966,237.5026398,480872336,36994157124.0
29/06/2023,233.2324524,236.4210052,230.5876923,230.6324005,332343168,35938618431.0
30/06/2023,240.3697815,241.3129425,232.2005157,233.1944427,626872820,36395478144.0
01/07/2023,247.7594299,248.4702606,240.3869019,240.3869019,603755323,37477654423.0
02/07/2023,246.2579193,248.0563965,243.241272,247.786026,519491311,38509201810.0
03/07/2023,246.3822174,251.3798523,245.8848267,246.2546387,669962148,38268730396.0
04/07/2023,242.4929199,246.8387909,241.2285309,246.3452911,439591635,38332613583.0
05/07/2023,239.0810852,243.8611145,237.1201172,242.4994812,455501209,37810940339.0
06/07/2023,232.3194275,244.1026764,232.171814,239.0685272,536134671,37284825811.0
07/07/2023,235.6211548,236.0791168,231.6457367,232.3334198,418416864,36245958961.0
08/07/2023,236.287384,237.411911,234.637146,235.61026,319300746,36669054075.0
09/07/2023,234.228363,237.019516,233.4760437,236.2945557,289327973,36802926317.0
10/07/2023,245.8742676,246.2996979,232.0075684,234.2329559,834091613,36475495886.0
11/07/2023,248.5383301,249.2053986,244.9390106,245.8962708,536228377,38198672257.0
12/07/2023,244.0198822,250.3406525,242.80336,248.5380859,505389150,38718584413.0
13/07/2023,256.4896851,257.265625,243.0497284,244.0022278,761150982,38043237563.0
14/07/2023,248.1916199,261.1026001,244.2756653,256.4642029,799468588,39815488719.0
15/07/2023,251.0997009,252.537262,247.5080719,248.1755219,422767368,38561494028.0
16/07/2023,242.6568298,251.8824158,242.5801392,251.0982361,441487283,39137854036.0
17/07/2023,244.3529968,244.6820374,240.5975952,242.6580963,671028354,37826816987.0
18/07/2023,240.2649384,246.5308533,238.7042236,244.3345795,751858394,38049123459.0
19/07/2023,241.1608124,243.9277039,239.9935913,240.2741852,499664149,37417448511.0
20/07/2023,242.733139,243.1425934,240.3877411,241.1388855,485038743,37593967248.0
21/07/2023,243.7889862,245.1633453,242.3674774,242.7542877,413015398,37843358631.0
22/07/2023,241.0307465,244.8587341,240.512619,243.809082,310128851,37980302698.0
23/07/2023,242.4559631,243.9764862,240.7612152,241.054657,279600847,37472378595.0
24/07/2023,238.9462128,242.8918762,236.2923889,242.4494324,451906472,37776073344.0
25/07/2023,237.8085632,239.637207,236.9994049,238.9640961,366519529,37216163716.0
26/07/2023,238.9623566,240.2377167,236.6411285,237.8190765,417581395,37048219780.0
27/07/2023,240.4987946,243.1635132,238.638443,238.9601135,433186880,36768425085.0
28/07/2023,241.9770355,242.7969971,239.9878693,240.505127,388148322,36977719013.0
29/07/2023,242.5763702,242.7262726,241.3231354,241.971344,317500344,37222279133.0
30/07/2023,242.5259857,243.7857208,240.9251862,242.5822144,425584373,37306014277.0
31/07/2023,241.1206512,244.2025757,240.7644501,242.5195923,1092564922,37315750969.0
01/08/2023,247.5050201,247.5050201,238.5302429,241.1280518,830645013,37107293026.0
02/08/2023,240.4946442,248.5115509,236.8917694,247.4903107,650256385,37997425240.0
03/08/2023,241.0615234,241.583252,238.5096436,240.5099792,400525696,37035182391.0
04/08/2023,241.4760132,243.1554718,240.4522858,241.0428619,370373499,37132273836.0
05/08/2023,242.9593506,243.0277252,240.0903931,241.4896698,300760369,37114346770.0
06/08/2023,242.7985992,245.1790161,242.6147308,242.9602966,417704185,37367854738.0
07/08/2023,241.7975006,244.3242493,239.9353638,242.791687,425652309,37324600945.0
08/08/2023,245.1499023,247.6473694,241.3302002,241.7918701,504987528,37176907149.0
09/08/2023,243.8936462,245.340271,242.7664948,245.1363068,399576464,37713239950.0
10/08/2023,241.2624664,243.9261017,240.3945923,243.8855438,365863690,37541806214.0
11/08/2023,239.7068939,241.9139099,238.3598022,241.2607269,386856576,37112194985.0
12/08/2023,240.2736206,241.0026093,239.4037781,239.7035675,284512149,36864812015.0
13/08/2023,240.0333405,241.6295929,239.9025879,240.2696838,296580783,36943552950.0
14/08/2023,240.3392487,241.0249329,239.7473602,240.041275,381157536,36913820932.0
15/08/2023,236.6795807,240.4103088,235.3605347,240.3504639,482870297,36970232011.0
16/08/2023,231.8687439,237.0142212,231.2051697,236.6896973,461572144,36440851752.0
17/08/2023,218.5358429,232.1050568,214.5474396,231.8725739,786294218,35682968644.0
18/08/2023,216.1125488,220.1370087,214.0222473,218.5657349,567051050,33552578196.0
19/08/2023,216.9994507,218.9975891,214.3288422,216.1444855,477267428,33229783482.0
20/08/2023,216.6358032,217.882431,215.6808624,217.0158539,297744717,33409550694.0
21/08/2023,210.6389465,216.7411804,207.5687714,216.6307983,582113967,33283451362.0
22/08/2023,210.8343506,211.8742523,204.3991394,210.5799561,637832641,32430114845.0
23/08/2023,216.399292,218.3167114,210.8186951,210.8186951,566160608,32450218696.0
24/08/2023,218.6463928,220.3855133,215.8997345,216.4448395,394620698,33297349379.0
25/08/2023,218.3310547,219.2549896,214.2651672,218.6810913,423891092,33568461503.0
26/08/2023,216.3642426,218.786438,216.214035,218.3318024,273738258,33557977100.0
27/08/2023,218.3580017,219.5391846,216.0803986,216.3699493,325410553,33242187071.0
28/08/2023,218.7185669,218.9700165,215.8501892,218.3582458,332786869,33565717985.0
29/08/2023,226.8628845,233.0600128,217.0478668,218.7215118,593296661,33644359351.0
30/08/2023,223.7994385,227.0490112,221.9781494,226.8701477,359750612,34847567601.0
31/08/2023,216.5977936,225.5888824,215.4484253,223.818573,428616639,34441291078.0
01/09/2023,213.6305542,217.965744,211.5917206,216.5984802,438229562,33290878919.0
02/09/2023,214.4485474,215.5995026,213.2905426,213.6269226,291979876,32857784424.0
03/09/2023,214.3999481,215.1148987,213.4119568,214.4548187,264565518,32973429862.0
04/09/2023,215.1975098,216.2675171,213.2823792,214.3931122,364530693,32965057890.0
05/09/2023,214.4781342,215.7220001,213.6724396,215.2110138,298056096,33057758292.0
06/09/2023,215.1346588,217.1808319,212.3167114,214.4890442,367874698,32977264645.0
07/09/2023,216.8871765,217.6039581,213.5731201,215.1394653,414939879,33085754713.0
08/09/2023,214.562027,218.2228241,213.6194763,216.8837433,350437594,33307182406.0
09/09/2023,214.2229462,215.3301392,214.2229462,214.5670319,218159197,33008152773.0
10/09/2023,212.3180237,214.2278442,211.53862,214.2205658,334977578,32946979862.0
11/09/2023,206.0342102,212.6100922,204.3567352,212.3226166,466832593,32665811784.0
12/09/2023,210.9943695,213.487442,205.2624817,206.0431519,435525863,31649056093.0
13/09/2023,212.6425934,213.1578522,209.4974365,211.0238647,329580406,32554645385.0
14/09/2023,212.2828369,214.8835602,211.3829346,212.6405792,370840987,32688665264.0
15/09/2023,214.1755219,214.9447479,211.1946716,212.3043518,477731080,32646742858.0
16/09/2023,214.9605408,215.7035522,213.5628967,214.1683807,483436741,32950000070.0
17/09/2023,216.4657745,216.635025,213.7097473,214.9489746,432102186,33045627157.0
18/09/2023,216.0039215,221.0098572,215.3173065,216.4709167,572231452,33291737447.0
19/09/2023,217.2109528,219.7490234,215.6417694,216.00177,385547582,33210359411.0
20/09/2023,214.363327,217.7566986,213.7604675,217.2106018,372917826,33384462402.0
21/09/2023,210.7939453,215.109375,209.5868835,214.3537445,384479845,32962960482.0
22/09/2023,211.1508636,212.0265808,209.9416809,210.7893829,274805031,32415851923.0
23/09/2023,210.5606079,211.5832214,210.1420135,211.1380615,215040995,32487083475.0
24/09/2023,208.2828979,211.2372742,207.9329376,210.5747833,287192497,32363686530.0
25/09/2023,210.0738068,210.5183868,207.4780884,208.2601318,294180845,32020745102.0
26/09/2023,212.3784485,213.1878204,209.8669128,210.0501709,615780140,32262945873.0
27/09/2023,211.9854126,215.7287445,210.8860016,212.3713989,753741988,32651541183.0
28/09/2023,215.0759888,216.7753296,211.6513214,211.9909515,358321830,32606854014.0
29/09/2023,215.2794189,217.2577057,214.5063782,215.0939789,335321479,33091493771.0
30/09/2023,214.8213043,216.3121643,214.4836884,215.2777863,243788424,33118262532.0
01/10/2023,218.0471344,219.1338348,213.5065155,214.8003235,387408083,33034392756.0
02/10/2023,214.7579346,221.1882935,213.5463257,218.0493469,466879383,33539533248.0
03/10/2023,213.4359436,215.7211914,212.7705688,214.7349091,305437646,33063385446.0
04/10/2023,213.4130859,213.7624054,210.9364014,213.4414673,357560724,32861373642.0
05/10/2023,210.6796722,213.7835999,210.4712372,213.4227448,351872670,32826841264.0
06/10/2023,213.5555267,214.3929596,210.557251,210.6652679,271152975,32426166934.0
07/10/2023,212.3644714,213.8598633,211.7608032,213.5439606,211771782,32847658021.0
08/10/2023,211.519989,212.8467712,209.7017822,212.381012,267193041,32659136495.0
09/10/2023,205.7509613,212.1028595,203.6554413,211.5226135,416312027,32540141230.0
10/10/2023,208.5768738,210.4542847,205.7500916,205.7500916,441959353,31663076066.0
11/10/2023,206.5334167,208.730545,204.8092499,208.5822906,323117665,32121837668.0
12/10/2023,205.2294159,206.6591034,203.6584473,206.5358734,302337006,31762751583.0
13/10/2023,206.0361176,207.9425354,204.6176147,205.2257996,296977151,31565842453.0
14/10/2023,206.6018982,207.0255432,205.8272858,206.0402832,203846460,31670066380.0
15/10/2023,209.7425079,210.2316132,206.4785767,206.6002808,352524312,31770281849.0
16/10/2023,214.8239594,217.1212311,209.7488098,209.7488098,521099239,32254986275.0
17/10/2023,211.6432343,215.0122223,210.3823547,214.8121185,352621995,33079407319.0
18/10/2023,210.5010376,213.5762787,210.0966949,211.6362,275336939,32543782517.0
19/10/2023,211.144165,211.4120178,208.5371246,210.4916229,281310969,32411089799.0
20/10/2023,212.3008423,216.102417,210.7465515,211.14505,335590168,32430756563.0
21/10/2023,214.3056641,215.6127777,211.6225128,212.2985229,267943731,32667701498.0
22/10/2023,217.7473755,218.0048523,213.8342896,214.3217316,286771903,32951165374.0
23/10/2023,228.3527679,229.9814606,218.3049774,218.4559174,611625206,33173795049.0
24/10/2023,225.1429596,236.7500763,223.1171417,228.3383026,658304834,34978758077.0
25/10/2023,222.1799316,228.8148193,222.0341797,225.1686401,414309192,34684287723.0
26/10/2023,223.2360382,227.8578796,219.9267273,222.1855164,438534864,34186113925.0
27/10/2023,224.4759064,229.8517914,220.2035065,223.2190857,554008090,34351635078.0
28/10/2023,225.7740784,227.9706116,224.3576202,224.4715118,244363054,34527612580.0
29/10/2023,227.1484528,228.1461334,224.258316,225.7879944,207847188,34751610766.0
30/10/2023,228.2874298,229.1914978,225.0212097,227.1349182,282899321,34940818807.0
31/10/2023,226.4399414,229.2413025,224.3313141,228.2823639,319329197,35100091415.0
01/11/2023,228.0001068,229.1410828,222.8603973,226.4181671,384772000,34806395605.0
02/11/2023,231.7230225,233.3360748,227.907486,228.0166473,487639810,35060942101.0
03/11/2023,230.6059723,232.211319,226.3467407,231.7032623,332547803,35627331956.0
04/11/2023,237.4546051,238.509964,229.6553345,230.5974884,267965564,35488143385.0
05/11/2023,244.3224792,245.5940247,236.7861786,237.4422302,419858434,36548546440.0
06/11/2023,254.6347961,255.3423004,242.1800995,244.3204498,524115628,37574762384.0
07/11/2023,246.3952942,255.5460968,242.6949768,254.6532898,549207441,38942456517.0
08/11/2023,247.123291,247.8090668,244.5803833,246.3901215,369346518,37871134496.0
09/11/2023,251.510849,255.4546509,243.3295441,247.0521698,1116630429,37918633729.0
10/11/2023,251.0823669,257.7880249,248.9433136,251.526825,873515280,38552325143.0
11/11/2023,251.4216156,255.0783997,246.7211304,251.0984802,872206327,38682771031.0
12/11/2023,247.6400146,251.6469269,245.8324585,251.4344177,758715918,38433830507.0
13/11/2023,241.3350677,250.1243134,241.1271362,247.6404724,888039233,38141708269.0
14/11/2023,242.2636719,248.6652222,236.2857361,241.3698425,917236070,37120092733.0
15/11/2023,253.7553406,254.181778,242.2611694,242.2810059,921052035,37275151342.0
16/11/2023,242.7588806,255.5850372,240.6756744,253.7447815,950453378,38967303592.0
17/11/2023,244.7453613,245.9875946,238.999649,242.8399506,788884171,37333243728.0
18/11/2023,244.9507599,245.3530579,239.2808228,244.7462616,679630905,37623359495.0
19/11/2023,246.5877838,246.936264,242.4235077,244.9676819,618053586,37673870561.0
20/11/2023,253.6350861,263.8700256,243.1417542,246.584549,1289010990,37934516914.0
21/11/2023,226.4864044,269.917572,224.9817047,253.6438599,2480554399,38987370168.0
22/11/2023,236.1365967,238.1766968,225.6582489,226.461319,1338117919,35073299036.0
23/11/2023,233.7658081,238.7913361,230.752243,236.0960236,766695224,36327443508.0
24/11/2023,232.9009552,236.379303,232.1928558,233.7527008,709881299,35927065278.0
25/11/2023,234.4399414,235.7812958,232.6833496,232.9174347,553022191,35810332778.0
26/11/2023,232.0471954,234.4946594,229.3850555,234.4282074,606332049,36018844303.0
27/11/2023,227.4214783,232.8093872,223.4868317,231.9838867,795547656,35714858739.0
28/11/2023,229.6929626,231.7555237,224.6786346,227.4279938,674267936,34974528929.0
29/11/2023,227.3427582,231.1974487,226.5194397,229.6932373,602240832,35311028773.0
30/11/2023,227.6838074,229.1439667,226.2265472,227.3430328,572448874,34980317653.0
01/12/2023,228.545639,229.8910675,227.232666,227.6888123,611750028,35008358233.0
02/12/2023,229.3008423,230.0343018,226.6896057,228.538559,628871423,35122619488.0
03/12/2023,228.0982056,231.6390381,226.4960175,229.2895355,719496781,35258377229.0
04/12/2023,233.2953033,236.8349457,227.1553192,228.07547,2139028703,35118506153.0
05/12/2023,231.2613525,234.4846802,228.4075317,233.3086548,851959167,35852531192.0
06/12/2023,229.424408,234.5861053,229.424408,231.263443,850327297,35557934225.0
07/12/2023,232.9774323,234.5384369,229.2009735,229.5322113,813730268,35399176878.0
08/12/2023,238.9159851,239.8386993,232.6486053,232.960495,828993280,35878009959.0
09/12/2023,237.7686005,245.0052795,237.079895,238.9132538,856746249,36709108288.0
10/12/2023,239.7331543,241.2505798,237.5577545,237.7937164,640133489,36562916450.0
11/12/2023,246.4208679,246.7558594,230.5310364,239.7689056,1442275453,36869866436.0
12/12/2023,254.4949799,256.709198,245.9919434,246.3657837,1394681963,37850906997.0
13/12/2023,252.4233246,255.562973,244.8139801,254.4039612,1052163656,39398016338.0
14/12/2023,253.541214,254.0879211,248.725708,252.4056091,876150236,38799813552.0
15/12/2023,244.8984375,253.5497131,243.8673706,253.5174408,769388533,38997719702.0
16/12/2023,244.3509674,248.08638,243.4506531,244.8964233,651447427,37655859836.0
17/12/2023,239.3082886,244.4321747,239.2306366,244.350708,650163942,37545825053.0
18/12/2023,241.3484344,241.3484344,232.7528076,239.2471466,871708609,36802802157.0
19/12/2023,252.6371918,254.574585,241.3476868,241.3476868,1254351945,37087040026.0
20/12/2023,260.1073608,261.5574036,250.7650452,252.6297607,1053279744,38769593140.0
21/12/2023,271.246582,274.4406128,256.5984802,260.1486206,1183480386,40038351864.0
22/12/2023,271.3764954,276.15979,265.4194946,271.2765198,1014769310,41699172449.0
23/12/2023,271.3909607,272.1670837,266.168457,271.3812866,695725248,41801648143.0
24/12/2023,264.7171021,272.5901489,262.7756348,271.377533,803502105,41747681833.0
25/12/2023,267.0733643,267.9342041,262.4871216,264.7352905,738674209,40796895926.0
26/12/2023,297.6932373,302.7075806,265.0900574,267.0721741,1941843757,41124842138.0
27/12/2023,323.6773376,323.7694092,286.4033813,297.7483215,1893987416,45694870570.0
28/12/2023,323.598999,337.4258118,321.327301,323.8037109,1987714005,49503830704.0
29/12/2023,313.8787537,325.5014343,309.1914368,323.513031,1415732360,49958278239.0
30/12/2023,317.1661987,320.1115723,313.5600586,313.8419495,901159404,48128267439.0
31/12/2023,312.4356995,325.0065308,310.6978455,317.0681458,953254184,48882512581.0
01/01/2024,314.4082947,315.7456665,308.0967407,312.3859253,910568057,48076080282.0
02/01/2024,312.1038208,320.9332275,308.350647,314.2675476,1133024158,48431756717.0
03/01/2024,316.6612854,332.7492065,301.4191895,312.1516113,1927148986,47942505543.0
04/01/2024,323.6000061,323.8224792,312.1454468,316.6244507,1285291962,48556088398.0
05/01/2024,317.4502869,327.0423279,310.6506653,323.6202393,1257230413,49720265457.0
06/01/2024,307.7944946,317.8272705,301.3959656,317.4951782,1051283820,48793715845.0
07/01/2024,302.8905334,309.8823853,301.0862122,307.7940674,817795075,47307905037.0
08/01/2024,304.5003967,308.2834778,290.8804016,302.9035034,1141697708,46347209696.0
09/01/2024,300.9761047,306.6708069,296.519989,304.4752502,1374376391,46904667083.0
10/01/2024,305.0968323,309.6028748,290.1220398,300.982605,1199728038,46249477628.0
11/01/2024,308.7015076,316.7200623,302.647522,305.2237854,1326827289,47011551416.0
12/01/2024,296.6304626,312.6865845,290.7372742,308.6283264,1198386629,47518696443.0
13/01/2024,302.2272949,302.9240417,291.5197449,296.6254272,816347256,45573685142.0
14/01/2024,299.0513306,306.5023193,299.0142517,302.2271118,787643004,46511820485.0
15/01/2024,317.5672607,319.5900574,299.0258179,299.0258179,1667214322,46369619327.0
16/01/2024,315.2262573,318.7459412,313.5428467,317.5467834,1143877764,48978456178.0
17/01/2024,309.0853882,315.9275513,307.3587646,315.1612244,1206464161,48540451921.0
18/01/2024,313.2928772,315.1431885,305.7171631,309.0931091,1105813150,47591545232.0
19/01/2024,314.3004456,315.6400757,306.3778381,313.2928772,1036123822,48376933187.0
20/01/2024,316.9603882,316.9603882,312.3036194,314.3002319,694855739,48287719207.0
21/01/2024,318.3186951,321.2838135,316.2225952,316.9617615,723174009,48645934442.0
22/01/2024,305.4370117,319.7400818,304.5782166,318.3790894,948987847,49042846215.0
23/01/2024,298.4039001,311.1738586,291.0572815,305.4375,1065495592,46940688609.0
24/01/2024,293.0914307,300.3409729,290.8543396,298.4072266,960725208,45841747382.0
25/01/2024,291.919281,296.0524902,287.7281494,293.0929871,1086918042,45131103088.0
26/01/2024,302.3179932,303.7918396,290.8773804,291.9390564,964268733,44954097752.0
27/01/2024,305.8248291,307.411438,302.0614319,302.3171692,691653061,46443829653.0
28/01/2024,304.9756165,308.7686462,303.2923584,305.7743835,782354766,47056386364.0
29/01/2024,310.7080078,310.7130127,304.6035767,305.0214539,824640185,46902791586.0
30/01/2024,307.462738,312.9622192,306.9179382,310.7080078,777667889,47758984442.0
31/01/2024,300.3510742,307.8649902,298.9606323,307.4723816,814318731,47188873308.0
01/02/2024,300.1759033,301.8831787,296.5621338,300.3510742,754502530,46192055347.0
02/02/2024,301.1549683,304.2850647,299.9427795,300.1639099,699579739,46148265214.0
03/02/2024,299.7367249,303.5091553,299.625061,301.1813965,606345017,46333522222.0
04/02/2024,304.7341614,307.4093323,298.212616,299.7156677,818836774,46091745160.0
05/02/2024,300.8540344,306.5231323,299.5491333,304.7184448,826414727,46871377111.0
06/02/2024,302.710144,303.5723572,300.6394653,300.8583679,680038428,46272324647.0
07/02/2024,307.6345825,308.4780884,300.8495483,302.7116089,776516914,46583218384.0
08/02/2024,318.8718872,320.4073486,307.5062256,307.5735474,1206142745,47401109068.0
09/02/2024,323.8422852,325.6445923,318.2023926,318.9233704,1094700959,49200833688.0
10/02/2024,323.1338806,325.4266968,319.5799561,323.8716125,737748174,49760693080.0
11/02/2024,320.7875366,324.7683105,320.3093872,323.1035156,706320478,49684479383.0
12/02/2024,327.9446106,331.4398499,315.9324341,320.8040161,982444950,49303061990.0
13/02/2024,324.8682251,329.20578,319.4844055,327.9324036,886487720,50408542027.0
14/02/2024,334.2459717,334.3691406,323.8765869,324.8655701,887463520,50013084967.0
15/02/2024,354.7108154,365.1331177,333.8529968,334.2108765,1744161787,51395978506.0
16/02/2024,360.8903809,365.5620728,351.7015991,354.687561,1461675119,54624493953.0
17/02/2024,352.9081116,363.2817993,349.0432129,360.8729553,1101515839,55555098180.0
18/02/2024,349.6799622,358.0088501,349.6799622,352.9129944,959954204,54363563383.0
19/02/2024,351.8070984,355.6981201,349.6237793,349.6782837,1290009052,53951053589.0
20/02/2024,354.8639221,360.3736267,346.0740051,351.8079529,1489888631,54132337022.0
21/02/2024,378.537323,379.0655212,351.4012451,354.8638611,2264483250,54726855157.0
22/02/2024,382.0097656,386.5940857,374.3027039,378.7139587,2002118598,58359108672.0
23/02/2024,375.3190918,385.4579468,369.4000854,381.9831238,1755398357,58775603394.0
24/02/2024,381.7427979,383.0737,371.9991455,375.323822,1088410661,57810488837.0
25/02/2024,388.5517273,390.4501038,378.1285706,381.7426147,1324081579,58776784959.0
26/02/2024,401.6438904,404.440094,382.2568665,388.5350037,2011146388,59785926172.0
27/02/2024,394.995636,403.7400513,390.9178772,401.6438904,1750697179,61796843521.0
28/02/2024,415.7716064,427.046814,394.6610718,394.9517212,2323818531,60787603255.0
29/02/2024,399.778717,419.7790222,392.3798828,415.5836182,2058367303,63859838283.0
01/03/2024,407.8107605,408.5527954,399.478302,399.6724243,1527194519,61636826474.0
02/03/2024,410.9858704,414.8451538,406.5416565,407.8048401,1520439801,62775122739.0
03/03/2024,414.381073,416.6257019,405.0853271,410.9778137,1810575392,63204592655.0
04/03/2024,419.0354309,423.8005676,411.476532,414.414032,2111212949,63713281197.0
05/03/2024,394.6617432,427.0828857,363.2206421,419.016449,3319029162,64496468995.0
06/03/2024,429.0119629,433.4255066,386.2295227,394.6649475,3281109608,61079862301.0
07/03/2024,475.2906494,477.2071838,423.7870178,429.0119629,3328990543,65872619718.0
08/03/2024,488.0941772,489.5785522,464.8338623,475.27771,3644157779,72859603564.0
09/03/2024,489.5618286,494.0759583,482.640625,488.0927124,2314944823,74464367367.0
10/03/2024,529.3747559,537.4152832,486.8355408,489.5409241,4507153439,75419943810.0
11/03/2024,522.7180176,532.7896729,509.9839172,529.4474487,3950105375,81339640186.0
12/03/2024,537.8657227,547.0183105,521.9139404,522.7189941,4381078189,80459552314.0
13/03/2024,630.5613403,631.168396,532.0458984,537.8657227,5717769152,82973515891.0
14/03/2024,602.9887085,630.9562378,569.2069092,630.5613403,4918366892,96122795409.0
15/03/2024,632.8027954,634.2008057,547.7039795,602.9675903,5849156503,92860879160.0
16/03/2024,576.7752075,641.4811401,571.2868652,632.8027954,3952760767,95332139988.0
17/03/2024,571.0855713,589.6356812,550.1432495,576.7752075,3512190982,88382508261.0
18/03/2024,554.5571289,586.5149536,540.8463135,571.0855713,3982384372,87429171407.0
19/03/2024,507.0765686,559.8604126,498.5623474,554.5571289,4346763421,85304304768.0
20/03/2024,556.7005005,558.9464722,501.1168518,507.0864563,3177352364,78392022182.0
21/03/2024,553.24823,570.0532227,541.6550903,556.7005005,2595135487,85594796096.0
22/03/2024,551.7785645,587.7314453,535.9726563,553.24823,2949959002,85103106052.0
23/03/2024,551.8795166,567.5446777,544.9212646,551.7785645,1962524597,84337192672.0
24/03/2024,567.994812,572.4882202,549.5263062,551.8795166,1745465728,85369948094.0
25/03/2024,587.4276123,597.6621704,565.1378784,567.994812,2490221265,87519325913.0
26/03/2024,580.1505127,597.0130005,572.8078003,587.4276123,2086911757,89876154813.0
27/03/2024,574.5115967,584.9867554,565.5116577,580.1593018,1983797879,88313723300.35345
28/03/2024,583.270874,591.3146362,574.2017822,574.5115967,1986567688,89855704180.24477
29/03/2024,612.657959,619.9725952,582.4693604,583.2867432,2788931743,94734332892.44972
30/03/2024,601.0163574,612.9949341,597.6298218,612.6601563,1750650703,92546541373.25316
31/03/2024,606.9086304,608.6642456,600.8792725,601.005127,1456592924,93312854805.01744
01/04/2024,576.3966675,607.6455688,570.0531616,606.9086914,2020241864,88952575495.24854
02/04/2024,550.6814575,578.1329956,546.8681641,576.3765869,2480273065,85016896247.44196
03/04/2024,562.0196533,567.9979858,540.2468262,550.6814575,2096610785,86693836244.20815
04/04/2024,585.4415283,597.8353271,561.3491211,562.0196533,2340488273,89997936136.47386
05/04/2024,578.9669189,591.3327026,565.7509766,585.4832153,1983792648,89163935091.35143
06/04/2024,585.9667969,590.6022339,575.9175415,578.9669189,1328988130,90329073648.15685
07/04/2024,584.1021729,590.8859253,578.7191162,585.9667969,1374676397,89852317257.9164
08/04/2024,586.9009399,600.8928833,577.9833374,584.1021729,1739232272,90409324856.42863
09/04/2024,580.8303223,589.666748,574.1403198,586.9009399,1988165022,89307859996.45935
10/04/2024,610.0839233,610.4829712,574.4614258,580.8303223,1654268255,93730916121.82016
11/04/2024,604.8937988,617.4686279,592.6021729,610.0839233,1299527568,93079705417.82793
12/04/2024,596.380127,626.9840698,575.5808716,604.8937988,2619549858,91508232138.04332
13/04/2024,554.2998047,599.8919678,517.2700806,596.374939,2660310655,85950192832.22995
14/04/2024,567.2184448,570.2575684,537.180542,554.2998047,1724305772,87451044912.82422
15/04/2024,552.8745117,585.4859619,546.8653564,567.2184448,1488692418,85060591655.26599
16/04/2024,537.8293457,554.1048584,524.2218628,552.8746948,1299731119,82799320172.68422
17/04/2024,534.4160156,548.0428467,514.112854,537.8313599,1411927485,82320115624.96753
18/04/2024,552.1721191,555.0400391,527.4300537,534.414978,1439312699,84876790259.55544
19/04/2024,554.8892822,564.5448608,525.0286255,552.1721191,1320094794,85367676063.01918
20/04/2024,570.9605103,574.0986938,549.8000488,554.8881226,697007137,87856161694.53369
21/04/2024,579.6199341,582.2720337,567.1710815,570.9605103,782061076,89143561401.52339
22/04/2024,605.5755005,608.5170288,579.1416626,579.6146851,1300340623,93129389240.4324
23/04/2024,606.8406372,613.543335,599.937561,605.5755005,1380221181,93342642949.89868
24/04/2024,608.0861206,617.3051147,592.9440918,606.8406372,1518718475,93480920589.83028
25/04/2024,614.0050049,617.8062134,601.7774658,608.0906372,1161642323,94481343146.51776
26/04/2024,597.7054443,614.8342285,597.1796265,614.0050049,817787521,91989611839.5013
27/04/2024,595.72052,599.2827759,586.15271,597.7054443,781864034,91637708306.43571
28/04/2024,600.071167,607.8242798,595.7165527,595.72052,681109845,92206350870.5438
29/04/2024,592.8312378,602.598938,583.338501,600.071167,868114786,91426905608.6874
30/04/2024,578.4880371,603.3228149,556.1708984,592.8317871,1727881192,88919843528.13913
01/05/2024,561.4082031,579.3329468,538.0464478,578.4874878,1502825527,86261206837.74124
02/05/2024,560.5267334,565.4573975,543.5223389,561.4082031,877449354,86295192334.88945
03/05/2024,587.010437,590.244812,559.4467163,560.5267334,854728192,90388224379.23898
04/05/2024,585.8465576,593.1934204,583.2993774,587.0184326,582273374,90169408309.24889
05/05/2024,592.1403809,594.9953003,580.2462769,585.8465576,531182053,91069642819.48616
06/05/2024,588.4759521,601.8867188,583.3734131,592.1398926,1522319999,90555496547.81476
07/05/2024,577.4862061,599.9354858,576.7245483,588.4759521,1535678414,88963944183.98709
08/05/2024,588.1974487,589.5725708,575.1480103,577.4862061,1603241013,90395169317.16208
09/05/2024,596.0319824,602.5897217,586.7303467,588.1974487,1897318659,91668112534.46593
10/05/2024,585.6221924,596.583374,582.0457764,596.0276489,1521708160,90154847219.25504
11/05/2024,592.0278931,594.206543,581.8966675,585.6221924,1333662111,91100828405.908
12/05/2024,594.4245605,599.1841431,587.8043213,592.0291748,1276671115,91385055951.4306
13/05/2024,591.6069336,597.7680054,585.520752,594.4245605,1636169234,91075379922.8216
14/05/2024,566.7070313,592.8369751,563.4202271,591.6069336,1944063031,87104540144.40906
15/05/2024,582.0743408,587.4215088,561.1272583,566.7070313,1895100260,89646959647.27179
16/05/2024,569.1902466,586.4363403,565.7623291,582.1001587,1911862000,87552317860.81512
17/05/2024,581.1783447,584.6660156,568.836731,569.1902466,1557134929,89360289897.52112
18/05/2024,580.4811401,581.9871826,575.0185547,581.1783447,1358737176,89200459325.15471
19/05/2024,574.6316528,581.876709,572.3696289,580.4815674,1298887094,88388469069.76982
20/05/2024,600.616333,601.5638428,569.5235596,574.6316528,2145457267,92267044014.60664
21/05/2024,618.4204712,629.861084,593.9327393,600.6010742,3564986916,95202707693.57518
22/05/2024,614.671875,625.5662842,610.5460205,618.4204712,2138536549,94478081406.93443
23/05/2024,598.6708374,616.5244751,581.9541016,614.671875,2631566566,91900667978.6722
24/05/2024,600.2258911,604.3148804,588.8939819,598.6708374,1778282198,92415143426.80627
25/05/2024,602.194458,606.3673096,599.6072388,600.2266235,1392399167,92632379455.31557
26/05/2024,599.8259277,604.8300781,598.6958618,602.194458,1372657185,92276623864.74232
27/05/2024,603.5264282,613.3881836,599.7007446,599.8259277,1691663828,92778976158.02193
28/05/2024,601.2132568,604.9851074,593.7161865,603.5264282,1852329404,92523124644.48482
29/05/2024,594.9720459,602.9315186,592.9666138,601.2132568,1642696946,91614046591.41412
30/05/2024,595.0267944,601.6650391,586.5576782,594.9725342,1737524745,91552211071.34132
31/05/2024,593.5223389,598.423645,589.7748413,595.0267944,1590349553,91276824861.1264
01/06/2024,601.3041992,607.5828857,592.680603,593.5223389,1520074486,92424696937.50822
02/06/2024,603.0266113,604.9780884,596.1647949,601.3041382,1667233984,92795356164.8668
03/06/2024,626.4329834,637.2471313,601.1831665,603.0509644,2952110605,96472659062.71892
04/06/2024,686.201416,687.4038086,625.2649536,626.4329834,3416994948,105268847257.866
05/06/2024,698.8894043,712.5883789,685.7770996,686.201416,3501231414,107425916390.71645
06/06/2024,710.4640503,720.6726074,692.994751,698.8894043,2997888288,109256435611.99164
07/06/2024,683.3609619,710.838501,665.1801758,710.4603882,2987033806,105100873301.58868
08/06/2024,682.6651611,694.3128052,678.645813,683.3685913,1966216051,105006362021.16306
09/06/2024,673.3153076,684.7598877,670.8135376,682.6638794,1856183346,103576184976.36534
10/06/2024,624.3868408,674.3134766,615.7729492,673.3354492,3184376694,95815017463.14822
11/06/2024,602.5581055,628.2633667,597.0418701,624.3967896,2604834485,92595523814.8787
12/06/2024,619.1948242,634.6758423,592.2932739,602.6026001,2221546160,95208198994.60468
13/06/2024,599.5150757,619.298584,596.3087769,619.2251587,1879189691,92228612945.07426
14/06/2024,603.180542,611.6287231,590.4963379,599.4786987,1848914113,92744578894.264
15/06/2024,607.8029175,609.0504761,601.5859375,603.1141968,1471028668,93570659223.14548
16/06/2024,610.0540161,611.1975098,601.4769287,607.8084717,1428836675,93873473756.58025
17/06/2024,604.4673462,611.9440308,592.4261475,610.0736694,1797626078,93002925747.52171
18/06/2024,588.7020874,604.652832,575.7617188,604.3328857,2265505402,90454720967.36224
19/06/2024,598.7717285,605.7316895,587.0141602,588.5847168,1788904109,92038699350.65588
20/06/2024,587.1071777,607.4007568,584.7599487,598.7717285,1817442036,90291255781.2732
21/06/2024,585.9119263,588.7054443,578.0158691,587.1126099,1672110625,90170564078.85736
22/06/2024,590.7633667,590.9393311,581.1376343,585.9009399,1387634576,90845692882.62904
23/06/2024,577.2108765,592.772644,576.0581665,590.6715698,1444372224,88803425002.57552
24/06/2024,567.578125,581.2367554,552.9365234,577.2229004,2033721646,87171192444.99844
25/06/2024,578.1034546,579.100769,566.8991089,567.6530762,1581413208,88812574188.44371
26/06/2024,572.4017944,584.1988525,567.8788452,578.1137085,1537826836,88040124271.68909
27/06/2024,580.7982788,583.7315063,566.4297485,572.3585205,1659378248,89274584036.50998
28/06/2024,566.4644775,584.3499756,565.0053711,580.8659668,1618598501,87158071120.03807
29/06/2024,569.1276855,572.9425659,566.065918,566.4916382,1375085097,87565857743.50291
30/06/2024,581.7711182,584.0786743,567.7850342,569.1678467,1564676508,89568220092.7324
01/07/2024,576.6869507,587.281189,576.1364746,581.6745605,1613874196,88724173332.55205
02/07/2024,578.9810791,581.034729,573.8269653,576.6046753,1528045271,89095463715.13004
03/07/2024,556.5777588,579.9353638,550.416687,579.010376,1736158280,85657916458.92073
04/07/2024,513.9945068,556.8927612,512.4223633,556.4862061,2056945763,79396752557.68993
05/07/2024,497.9958191,515.2207642,456.9234009,513.614502,2865780557,76672395593.99223
06/07/2024,527.6743774,530.4472046,496.6573181,497.9655151,1604647597,81282559855.0945
07/07/2024,490.6131287,527.4404907,488.9649353,527.4404907,1660301909,75667612962.02254
08/07/2024,510.6142578,523.1556396,472.1614075,490.7127991,2305009896,78573127727.75658
09/07/2024,516.5681152,520.6463013,507.2747803,510.5447693,1586240513,79442982547.71068
10/07/2024,524.5165405,529.1921387,511.8351746,516.6347046,1592646761,80656181131.29884
11/07/2024,525.1380615,540.0792236,521.0379639,524.5767212,1685684515,80694205900.65262
12/07/2024,533.7573242,537.3161621,517.9932861,525.1171265,1600204226,82066297750.30876
13/07/2024,532.3488159,539.199646,527.7648315,533.7614136,1436156860,82012274099.79506
14/07/2024,544.8187256,547.3585815,532.1102295,532.37854,1486806663,83999272012.96964
15/07/2024,586.1410522,586.5435791,544.7008057,544.9208984,2019082961,90088524684.6668
16/07/2024,576.5839844,587.3955078,556.6705322,586.0093994,2082707183,88685790680.88206
17/07/2024,568.9127197,584.0094604,565.4176636,576.56073,1739938322,87586496523.94547
18/07/2024,571.9515381,579.3433228,562.9327393,568.9682617,1636814280,88047434900.92143
19/07/2024,593.7021484,598.0529175,565.973877,571.927124,2052978808,91349947752.8499
20/07/2024,593.5722046,598.3012695,587.2839966,593.7093506,1585229672,91350561493.80405
21/07/2024,601.8511963,603.6642456,583.5407715,593.5726318,1815088659,92551724923.0975
22/07/2024,587.9177856,605.1911621,587.7719727,601.8511963,1985538902,90802174934.75668
23/07/2024,582.0995483,593.1072998,578.2872925,587.9177856,1839296067,89581299139.66118
24/07/2024,574.5784912,588.8692017,570.9536133,582.1049805,1601708271,88201851747.74236
25/07/2024,570.7133789,575.8388062,554.7559814,574.5784912,1995371028,87867264277.33961
26/07/2024,581.0779419,582.7736206,570.4503784,570.7133789,1665724792,89440148184.51437
27/07/2024,581.5888062,592.8525391,574.8931274,581.0779419,1760015335,89604964164.93893
28/07/2024,584.0996094,584.6899414,575.0437622,581.5888062,1464043630,89879829791.87329
29/07/2024,574.6425781,596.6491089,573.986084,584.0996094,1825858615,88475999747.44487
30/07/2024,587.6651001,587.6651001,567.9902344,574.6425781,1811656040,85445190229.05588
31/07/2024,576.3681641,592.5235596,575.2519531,587.6651001,1798590737,84131828160.06335
01/08/2024,575.1467285,577.2913208,553.7516479,576.3681641,2045220020,83819984257.79266
02/08/2024,542.9151611,577.0011597,540.1186523,575.1467285,2062337930,79207873815.15623
03/08/2024,529.4813232,544.666687,522.1957397,542.9151611,1826715291,77226891500.25098
04/08/2024,497.039093,531.6157837,488.2488098,529.4813232,1980159444,72694836364.46938
05/08/2024,464.6269226,499.3894348,407.5245972,497.039093,4703145244,68139625592.002426
06/08/2024,484.323822,492.8955078,464.2871399,464.6269226,2087680023,70728887226.53056
07/08/2024,474.224762,497.6240845,468.9976807,484.323822,1883200228,69303342273.07469
08/08/2024,517.3375244,521.0404663,469.1906738,474.199707,1790085695,75565794201.04308
09/08/2024,509.1827087,517.7231445,500.1761169,517.3375244,1565495419,74169113088.48912
10/08/2024,523.317627,524.9590454,507.8503113,509.1827087,1394699693,76346824056.71497
11/08/2024,503.8045349,535.5400391,503.2338562,523.3178101,1563057068,73569221325.46613
12/08/2024,518.5361328,523.5446167,500.2337036,503.8041687,1786263873,75702852507.34985
13/08/2024,524.12854,525.6865234,514.5475464,518.5361328,1757981177,76388119750.25179
14/08/2024,524.0153198,531.505188,516.5063477,524.12854,1604400640,76482387706.3225
15/08/2024,519.8703613,533.6436768,511.6082458,524.0153198,1645936961,75905119363.4282
16/08/2024,519.9686279,524.3740234,511.0402832,519.8703613,1538941515,75850796045.15775
17/08/2024,542.2342529,547.161377,518.9406738,519.9686279,1554176167,79098623071.60724
18/08/2024,531.6085205,542.3954468,531.2366943,542.2342529,1458218557,77750082729.29211
19/08/2024,559.8188477,560.6581421,529.6116333,531.6085205,1721716619,81639655819.54561
20/08/2024,569.2669678,574.5568848,559.1103516,559.8188477,2062353969,83388007784.42374
21/08/2024,570.0197144,575.0878296,547.611084,569.2669678,1887431524,83066016337.08049
22/08/2024,583.0518799,589.4165649,561.2243042,570.0197144,1998394415,85223378733.127
23/08/2024,591.8060303,597.5437622,575.769043,583.0518799,2037288685,86460345367.62447
24/08/2024,580.762207,592.7732544,575.8374023,591.8067627,1954023736,84628522893.47484
25/08/2024,574.249939,583.9363403,569.9006958,580.762207,1681089758,83964513417.4718
26/08/2024,548.8280029,575.9812012,547.2277222,574.249939,1818728257,80157442940.17816
27/08/2024,533.9758911,558.2140503,523.4385376,548.8280029,1853530701,77955149502.35672
28/08/2024,536.8161621,546.109375,523.7744141,533.9758911,1861040561,78368662694.20407
29/08/2024,536.6256714,545.4614868,532.3034058,536.8161621,1577402536,78285280949.8986
30/08/2024,535.3157959,542.8146973,523.0588379,536.6256714,1598876190,78107667525.19835
31/08/2024,532.8969727,541.1749878,531.6283569,535.3157959,1284869085,77702976342.05247
01/09/2024,512.5952148,532.9790649,508.7206116,532.8969727,1498350087,74684912747.20326
02/09/2024,526.4387207,529.022644,502.1722717,512.5952148,1653356892,76817981241.1959
03/09/2024,518.6689453,537.956665,518.6689453,526.4387207,1559458476,75906169949.83961
04/09/2024,507.8204956,523.4694214,496.4385071,518.6379395,1898187560,74226051910.27576
05/09/2024,502.0693665,512.6257935,497.3491821,507.8204956,1468645986,73211406319.89343
06/09/2024,486.9027405,508.8201294,473.1689148,502.0693665,1860035342,70943048360.99525
07/09/2024,493.2261353,499.1057739,483.2615967,486.9027405,1358748616,71853409626.3226
08/09/2024,503.0001526,506.4251099,491.0293274,493.2261353,1378399660,73438149572.34203
09/09/2024,518.5453491,524.6112671,501.9822083,503.0001526,1602303180,75774796122.55556
10/09/2024,517.4838257,523.9138184,514.0165405,518.5453491,1461007853,75587493818.03831
11/09/2024,530.1940308,534.5135498,507.2425232,517.4838257,1629703281,77328380671.56392
12/09/2024,544.303772,547.791748,530.149353,530.1940308,1725751181,79310789839.01166
13/09/2024,557.0180664,559.5098877,539.0565796,544.303772,1745545933,81253013698.02663
14/09/2024,553.5650635,559.3895264,548.8692017,557.0180664,1412065214,80754745108.85071
15/09/2024,553.97229,561.5770874,552.3637085,553.5650635,1565883242,80858673000.36952
16/09/2024,533.809082,554.7008667,527.4401245,553.97229,1805132571,77854470234.48029
17/09/2024,546.0135498,552.5006104,529.4241333,533.8087158,1617928146,79558500080.4125
18/09/2024,559.0445557,559.0445557,537.5084229,546.0135498,1657679444,81431094487.93039
19/09/2024,566.2235107,571.7189941,553.5143433,559.0445557,1859308230,82547608988.58916
20/09/2024,568.585083,576.9052734,559.6436157,566.2235107,1821452417,82889402497.9981
21/09/2024,589.0379639,590.0252686,566.8111572,568.576416,1694887390,85978159469.56122
22/09/2024,588.0869141,593.9545288,577.4526367,589.0379639,1680179600,85735837845.97212
23/09/2024,604.3660278,615.7206421,585.5076294,588.0869141,2189508231,88220200623.73615
24/09/2024,606.5230713,612.607605,600.2676392,604.3660278,1904808937,88553548824.35461
25/09/2024,587.3525391,607.7629395,584.8588257,606.5230713,1744393946,85521181081.4953
26/09/2024,596.7769165,608.854187,581.2283325,587.3513794,2081857126,86913869202.08574
27/09/2024,607.8670044,614.4735107,596.5009766,596.7769165,2144197609,88719114371.91124
28/09/2024,601.5671997,617.3323975,595.2077637,607.8670044,1858159482,87625116317.81972
29/09/2024,596.4111938,602.6604004,593.0492554,601.5671997,1649655134,86958807134.1589
30/09/2024,567.2600708,596.4414673,564.6533203,596.4111938,1978021598,82778407588.27708
01/10/2024,547.9971313,582.4347534,538.4796143,567.2600708,2124076272,79939960864.81007
02/10/2024,542.7123413,557.9986572,536.1533203,547.9971313,1821113448,79206022027.36258
03/10/2024,544.4249878,550.5075684,535.3806152,542.7123413,1611934612,79411846695.90186
04/10/2024,555.3842163,557.4121704,542.2801514,544.4249878,1518084330,81006180040.44695
05/10/2024,563.2091675,564.8151245,552.3409424,555.3842163,1426434745,82102694616.76021
06/10/2024,570.5427246,571.4304199,561.5877686,563.2091675,1416593714,83176722541.39516
07/10/2024,564.1497192,580.9834595,564.1204224,570.5427246,1703177011,82609596984.84671
08/10/2024,580.4038696,585.9742432,560.2928467,564.1497192,2143563900,84653432001.95299
09/10/2024,570.2771606,585.0736694,567.1437988,580.4038696,1913652029,83186644465.6538
10/10/2024,562.725769,572.06073,551.7832031,570.2768555,1559089785,82002847246.06528
11/10/2024,572.8572388,577.1348267,560.0671997,562.725769,1622508791,83606533684.7821
12/10/2024,576.4497681,578.7108154,572.8572388,572.8572388,1482994534,84117093075.10611
13/10/2024,571.8217163,578.0640259,565.1304932,576.4497681,1472484694,83347141666.87106
14/10/2024,588.9004517,591.4108276,569.9707642,571.8217163,1825783992,85950327760.1615
15/10/2024,594.189209,598.8892822,578.489563,588.9004517,2040945899,86587015357.78767
16/10/2024,600.8178101,605.104187,589.9337769,594.189209,1918592073,87701163040.29767
17/10/2024,592.0396118,605.8289795,585.7150269,600.8178101,1739191571,86348521857.41776
18/10/2024,599.3649902,602.1707153,591.6998291,592.0396118,1638190792,87475384736.62308
19/10/2024,597.9749146,600.9993286,595.7270508,599.3649902,1432675869,87223694371.08049
20/10/2024,605.5178223,606.3153687,593.7393188,597.9749146,1608355248,88324864356.82835
21/10/2024,598.8175659,610.9203491,591.6964722,605.5178223,1917193200,87413193278.52972
22/10/2024,593.3606567,599.5232544,587.2017212,598.8175659,1739710555,86591995934.3351
23/10/2024,582.4733887,593.810791,573.0883179,593.3606567,1719055847,85243710425.04211
24/10/2024,594.1547852,597.5253296,583.0283813,584.6485596,1595144217,86608204293.06303
25/10/2024,574.2536011,596.9539795,567.0568848,594.1547852,1712373877,83346257606.84529
26/10/2024,582.8060913,586.1702271,571.3250122,574.2536011,1433826425,85021377099.76918
27/10/2024,588.7158203,590.1192627,581.2571411,582.8060913,1402058513,85923184243.55116
28/10/2024,600.5960693,603.7217407,585.1207886,588.7158203,1671332663,87590715282.97946
29/10/2024,605.6682739,611.7814941,599.9456787,600.5960693,1886358424,88321694322.73433
30/10/2024,595.7278442,606.0651855,594.4475098,605.6682739,1662620787,87025042076.88524
31/10/2024,576.0344849,596.0688477,571.4256592,595.7278442,1810695051,84089335740.02003
01/11/2024,572.7622681,584.7971802,568.1642456,576.0344849,1708220753,83540154563.31282
02/11/2024,568.0368042,576.4204712,562.9451294,572.7622681,1427236241,82802963212.60062
03/11/2024,557.6416016,569.0484619,547.8166504,568.0368042,1584005358,81334918903.97734
04/11/2024,552.071106,564.1986084,543.9083252,557.6416016,1580672363,80531927212.71832
05/11/2024,563.6120605,571.97052,551.2522583,552.071106,1513727150,82391403211.6723
06/11/2024,591.9952393,594.8584595,563.2849121,563.6120605,2342544855,86399109995.92271
07/11/2024,598.4359131,610.3167114,588.6566162,591.9952393,1970633102,87264492553.665
08/11/2024,597.9484253,605.9241333,589.548645,598.4359131,1878681588,87173355835.85881
09/11/2024,624.3746948,637.8369751,597.8457031,597.9484253,2739276599,91189168387.44202
10/11/2024,628.3024902,643.6643066,613.5671387,624.3746948,2965668641,91618293641.31882
11/11/2024,661.887207,664.1434937,614.0211792,628.3024902,3375111971,95304271095.49692
12/11/2024,627.0038452,666.9176025,613.6227417,661.887146,3603680244,91628977506.761
13/11/2024,621.0003052,638.8924561,600.524353,627.0038452,3294001434,90525468801.22025
14/11/2024,621.6801147,659.5319824,612.5340576,621,3392713356,90573330635.60022
15/11/2024,618.8664551,628.1688843,604.2251587,621.6801147,2547491086,90330547623.8953
16/11/2024,622.3731689,633.4874878,617.8651733,618.987793,2115528251,90801136160.5346
17/11/2024,618.4000854,646.4497681,606.1865234,622.3731689,2452647630,90027012746.38148
18/11/2024,619.4354858,629.097168,613.055481,618.4000854,2284855769,89987151907.51979
19/11/2024,615.9874268,621.5847778,606.5615845,619.4354858,2075194269,89877721971.62141
20/11/2024,606.1174927,620.4660034,600.7662354,615.9874268,2115915285,88611512135.77171
21/11/2024,622.826355,629.3636475,594.5480957,606.1171265,2698689844,90938961910.97328
22/11/2024,633.5134277,639.7319336,617.4517822,622.826355,2447537777,92256457222.89412
23/11/2024,651.1972656,679.4188843,632.2477417,633.5134888,3306614137,95047384138.41368
24/11/2024,660.3175659,687.3417358,638.9230347,651.1972656,3110188599,96459661435.28049
25/11/2024,636.6397095,675.9611206,627.2687988,660.3167114,2787672069,92950840035.87834
26/11/2024,613.5872803,645.2929688,600.991272,636.6397095,2637257322,89458647629.44669
27/11/2024,644.9484863,646.8518066,608.62146,613.5872803,2393610865,94116451710.99953
28/11/2024,654.3616333,663.0219727,641.6170654,644.9484863,2597378212,95521240460.3063
29/11/2024,654.8097534,663.324707,649.163208,654.3617554,2098059690,95390333527.16087
30/11/2024,654.3291626,676.9244385,648.892395,654.8097534,2273610461,95557317164.18034
01/12/2024,655.9324951,664.2872925,646.5952759,654.3291626,2055110342,95842227837.04596
02/12/2024,647.5944824,667.4237061,629.9060059,655.9324951,2641248821,94237925723.92883
03/12/2024,737.6965942,744.7792969,625.9749756,647.6990967,4177512806,107740155926.49731
04/12/2024,739.2527466,793.3505249,723.543335,737.6965942,5614818578,108108000000.0
05/12/2024,714.3219604,739.9475098,695.9388428,739.2536621,3771629643,107468000000.0
06/12/2024,732.0062866,746.1255493,708.4383545,717.9584961,2870854029,104904000000.0
07/12/2024,750.272644,761.0914307,730.8739624,732.0062866,2326982728,106873000000.0
08/12/2024,743.2956543,757.5942993,729.0515137,751.7319336,2035017685,109451000000.0
09/12/2024,689.9243774,743.2956543,662.2440796,743.2956543,3267965774,108738000000.0
10/12/2024,676.9829102,704.5599976,650.59729,689.9243774,3102408468,100339000000.0
11/12/2024,711.8114014,712.8771362,660.1540527,676.9829102,2276828057,98534549902.0
12/12/2024,705.9442139,725.2216797,700.1067505,711.8114014,2393129125,103655000000.0
13/12/2024,726.2548218,729.6268921,698.5020752,705.9443359,2449855057,102924000000.0
14/12/2024,715.6956787,731.6613159,705.5390015,726.2548218,1957844883,105994000000.0
15/12/2024,719.1342773,723.0733032,703.1802979,715.6956787,1831103596,104446000000.0
16/12/2024,720.326355,730.0011597,704.3413086,719.1342773,2276490785,105502000000.0
17/12/2024,716.6824951,735.7572021,713.7290039,720.326355,2363860623,105223000000.0
18/12/2024,687.6237793,721.7589111,686.6619263,716.7249146,2702479586,104492000000.0
19/12/2024,666.5693359,704.4877319,651.0365601,687.6243896,2806454484,100188000000.0
20/12/2024,678.0866089,679.4436646,619.5003662,666.5693359,3064285256,97651283337.0
21/12/2024,663.27948,692.6364136,652.6074829,678.0866089,2185739949,98743426120.0
22/12/2024,648.7047119,668.8275146,639.6086426,663.2660522,1091595586,96521740245.0
23/12/2024,693.0007324,697.3999023,637.965271,648.7047119,1738271695,94636666608.0
24/12/2024,696.7411499,698.4424438,681.9980469,693.0007324,1145844254,101001000000.0
25/12/2024,702.3269653,711.9866333,695.9627075,696.7411499,893387310,101662000000.0
26/12/2024,688.3601074,718.1624146,683.2624512,702.3269653,1253518341,102474000000.0
27/12/2024,690.4293823,709.6464233,685.1991577,688.3508911,1884726979,100314000000.0
28/12/2024,720.9590454,729.3158569,690.4293823,690.4293823,1890880986,100707000000.0
29/12/2024,693.7545166,722.7669678,689.4752197,720.9590454,1647228348,105196000000.0
30/12/2024,704.1463013,711.0356445,686.9070435,693.7542725,1790325219,101319000000.0
31/12/2024,700.9868774,713.5983276,698.0257568,704.1463013,2372886701,102466000000.0
01/01/2025,706.5129395,709.1989746,699.758606,700.9868774,1420234997,102376000000.0
02/01/2025,705.6785889,714.4386597,697.7047119,706.5124512,1880664942,102980000000.0
03/01/2025,713.6435547,715.0968628,697.5460815,705.6785889,1822243906,102972000000.0
04/01/2025,713.8411865,721.15625,708.8513184,713.6435547,1524500208,103985000000.0
05/01/2025,709.2583008,713.8411865,703.0022583,713.8411865,1411808759,104197000000.0
06/01/2025,729.4000854,745.1535645,706.1865845,709.2583008,2056633884,103478000000.0
07/01/2025,697.3688965,733.0914307,691.5519409,729.3932495,2200352831,106615000000.0
08/01/2025,695.8371582,706.7611084,677.1226196,697.3688965,2189465209,101554000000.0
09/01/2025,685.1207275,700.9730225,675.7342529,695.8371582,1931492677,101710000000.0
10/01/2025,693.6244507,700.4706421,683.6865845,685.1203613,1680784122,100189000000.0
11/01/2025,696.6578369,700.7665405,690.4573364,693.6244507,1290072226,101243000000.0
12/01/2025,693.0482788,697.9985962,689.8890991,696.6578369,1291862069,101726000000.0
13/01/2025,688.2675171,699.4813843,659.7593994,693.0480957,2127442444,101115000000.0
14/01/2025,698.6196899,699.8079224,686.4327393,688.2675171,1566844744,100415000000.0
15/01/2025,714.0284424,714.6610107,688.7565308,698.6196899,1856118408,101936000000.0
16/01/2025,708.2980347,717.0333252,701.2029419,714.0716553,1899114340,104240000000.0
17/01/2025,721.7504883,729.8535156,708.1862183,708.2980347,1946000436,103363000000.0
18/01/2025,709.4249878,723.0932007,695.2164307,721.7504883,2200623289,105205000000.0
19/01/2025,682.2039795,713.4689331,676.84729,709.4248047,2841079952,103560000000.0
20/01/2025,681.8033447,707.576355,672.1893921,682.204895,2865652878,99876651488.0
21/01/2025,691.8165894,696.9175415,675.4456787,681.8033447,2008007873,98894421718.0
22/01/2025,694.9832153,703.2702637,690.2745361,691.8165894,1762077789,100929000000.0
23/01/2025,690.2037354,697.0014648,681.0576782,694.9648438,2277458782,101395000000.0
24/01/2025,680.2131958,690.8380127,679.086731,690.2037354,1730218663,100618000000.0
25/01/2025,686.2684937,689.4597168,678.1116333,680.2141724,1457363671,99154320524.0
26/01/2025,666.7637939,690.3150024,665.0410156,686.269165,1529267261,100177000000.0
27/01/2025,679.793335,679.9133301,639.9559937,666.7637939,2295184879,97045143803.0
28/01/2025,661.4245605,682.8566895,659.5821533,679.793335,1659082131,99156553145.0
29/01/2025,667.68573,678.9920654,660.2319946,661.4260254,1716776649,96518633298.0
30/01/2025,677.5535889,682.324707,666.6491699,667.7298584,1506319921,97443671696.0
31/01/2025,677.3753662,689.2151489,673.793457,677.557251,1589542506,98765596410.0
01/02/2025,653.4329224,681.2196045,651.1262207,677.3399048,1544346912,98759128413.0
02/02/2025,617.600647,662.633728,602.7611694,653.4325562,2282982721,95597107782.0
03/02/2025,617.1207886,619.1079712,519.1922607,617.600647,3960962742,89802207152.0
04/02/2025,573.3278198,619.3443604,559.2634888,617.1207886,2336864401,89926094561.0
05/02/2025,569.7468872,578.9624023,562.0692749,573.3278198,1494467850,83582971839.0
06/02/2025,572.2740479,589.0063477,569.5974121,569.7468872,1722558011,83082022023.0
07/02/2025,578.0668335,589.6243286,571.2775269,572.2747192,1583843573,83497390989.0
08/02/2025,613.3242188,633.0552368,574.0418701,578.0668335,2087349099,84302974183.0
09/02/2025,616.6420898,647.7876587,603.4038696,613.3242188,2630256614,89820272510.0
10/02/2025,618.3145142,621.4203491,597.0648193,616.6420898,1860480297,90013323289.0
11/02/2025,642.5872803,646.0993042,615.6916504,618.3145142,2162944541,90114142312.0
12/02/2025,698.0373535,704.7020264,627.5713501,642.5872803,3007130370,93939983216.0
13/02/2025,668.2775269,730.8347168,660.6467285,698.0373535,5139846836,101732000000.0
14/02/2025,658.0436401,683.999939,652.4675903,668.2775269,2581045409,97747388932.0
15/02/2025,662.3276978,670.7623291,654.4702759,658.0436401,1794465917,95866947745.0
16/02/2025,674.1008301,685.0858765,654.3810425,662.3275757,2009553142,96571702672.0
17/02/2025,667.2290649,681.6255493,659.2930908,674.1008301,1942930816,98458814653.0
18/02/2025,647.4433594,667.7595215,630.6552734,667.2362061,1985512627,97344824705.0
19/02/2025,653.5147095,659.9885864,638.1408691,647.4436035,1916599180,94430513841.0
20/02/2025,657.2009888,658.9291382,646.6703491,653.5147095,1709065792,94979391301.0
21/02/2025,646.8995361,668.0032959,635.3399048,657.2009888,1926193637,95917140962.0
22/02/2025,668.5747681,679.123291,645.6533813,646.8995361,1899367077,94395544760.0
23/02/2025,657.9036865,671.0719604,648.9799194,668.5744629,1502735946,97566157422.0
24/02/2025,613.9630127,659.1483154,612.821228,657.9036865,1901201673,96034671976.0
25/02/2025,622.9407959,627.2440186,589.2698364,613.9630127,2591258749,89277366667.0
26/02/2025,610.6930542,630.8197632,595.2650146,622.9407959,1996066325,90971486246.0
27/02/2025,605.1236572,618.6282349,595.800293,610.6930542,1866447677,89068804316.0
28/02/2025,587.4515991,605.4012451,559.970459,605.1236572,2166029990,88306095592.0
01/03/2025,607.5115356,608.8959351,586.5928345,587.4458008,1694454521,85736602498.0
02/03/2025,622.9360962,634.5426636,602.6329956,607.5109253,2130538305,88705889576.0
03/03/2025,575.1699829,623.2995605,568.5407104,622.9360962,2161303026,90933571455.0
04/03/2025,583.586853,587.8701782,551.6925049,575.1699829,1969539538,84131864548.0
05/03/2025,597.9758301,604.5371704,581.3215332,583.5859985,1534770591,85076550479.0
06/03/2025,596.7237549,612.031311,589.8913574,597.9758301,1621101888,87308885657.0
07/03/2025,593.9633789,609.4311523,579.3677979,596.7236938,1866542048,86832048703.0
08/03/2025,593.0808716,601.6478882,591.7102051,593.9637451,1147671365,86659310630.0
09/03/2025,554.5804443,593.0997314,551.1481323,593.0823975,1540503120,86509066986.0
10/03/2025,532.1218872,572.050354,524.9960938,554.5804443,1896805158,80974945856.0
11/03/2025,551.4745483,565.1582031,509.8356934,532.1062012,2438043846,77810899002.0
12/03/2025,569.8948364,574.4215698,545.2668457,551.4745483,1792696031,80603285400.0
13/03/2025,579.218811,603.4050293,568.1260376,569.8948364,2402408414,83256051196.0
14/03/2025,587.1362915,589.163208,577.246521,579.218811,1535548122,84399190444.0
15/03/2025,619.486084,619.4995117,587.0839844,587.1140747,1403335470,85730468317.0
16/03/2025,602.2166138,621.3615112,593.9570923,619.4927368,1437680152,90268773245.0
17/03/2025,631.3626099,643.0403442,602.2096558,602.2096558,2488514984,87819548553.0
18/03/2025,628.1344604,642.888855,622.4001465,631.3464966,2175151767,91954116492.0
19/03/2025,619.2575073,628.1376343,605.6179199,628.1344604,2006233746,91696541650.0
20/03/2025,629.9424438,637.2163696,616.9637451,619.2509766,2327219768,90364999173.0
21/03/2025,634.6077881,637.1900635,625.8570557,629.9424438,1472201311,91957238403.0
22/03/2025,626.5744019,635.7655029,624.1967163,634.5969849,1182741851,92640272190.0
23/03/2025,623.3494873,628.9656372,619.8584595,626.5744019,1222239081,91351828212.0
24/03/2025,636.6445313,639.022583,619.0501709,623.3494873,1788439257,90921593696.0
25/03/2025,629.9428711,644.8742676,627.4440918,636.6449585,2238118522,92702831421.0
26/03/2025,617.8167725,634.0476685,615.84552,629.9423828,1600178624,91918340831.0
27/03/2025,637.2069702,641.489624,617.6777954,617.8167725,2441273622,90121720552.0
28/03/2025,619.4749146,637.2418823,615.9251099,637.2064209,1608298526,92990457407.0
29/03/2025,603.237854,623.2124023,598.218811,619.4746094,1367332800,90341522667.0
30/03/2025,601.8302002,612.7893677,594.2143555,603.1913452,1204098085,88123077877.0
31/03/2025,605.0728149,608.5010986,588.0861816,601.8302002,1538796118,87655671715.0
01/04/2025,611.2971191,618.1237793,604.7547607,605.0728149,2091803391,88218822648.0
02/04/2025,590.6375732,611.5181885,585.1218872,611.2971191,1835749587,89132994186.0
03/04/2025,592.1244507,609.3446655,579.4440918,590.6375732,2067033502,86046492690.0
04/04/2025,597.5794067,599.4798584,585.3539429,592.1237183,1520730677,86580201226.0
05/04/2025,593.1148682,598.5463257,589.9329834,597.5792847,1008300251,87234618487.0
06/04/2025,554.5949097,593.4614868,545.3226929,593.1387939,1679604717,86605127910.0
07/04/2025,554.4833984,564.7924194,522.7157593,554.5949097,2852045942,81006289896.0
08/04/2025,553.4674072,564.9382324,548.1412354,554.4859009,1676208165,81084351069.0
09/04/2025,582.3693237,585.6036987,534.8805542,553.4674072,1963610005,80712379866.0
10/04/2025,577.4059448,582.3907471,567.2200928,582.3781738,1731740429,84960740245.0
11/04/2025,586.0889893,589.8585205,575.7572632,577.4059448,1369541748,84164602181.0
12/04/2025,597.1230469,600.0559082,583.9794922,586.0889893,1331878416,85506066264.0
13/04/2025,584.0424805,597.5099487,580.8244629,597.12323,1318461096,87089917417.0
14/04/2025,584.3352051,592.5643921,583.3970337,584.0424805,1359554984,85134836118.0
15/04/2025,579.6860352,590.515686,579.6400757,584.3346558,1329270099,85271616958.0
16/04/2025,582.8062134,585.4108276,576.4592285,579.6860962,1435912484,84605501761.0
17/04/2025,590.1621704,592.859314,581.2038574,582.8062134,1401643770,85049370658.0
18/04/2025,591.763855,595.7663574,587.2661133,590.1621704,1418376835,86081949801.0
19/04/2025,591.7767944,594.1421509,587.9763794,591.763855,1227124904,86330575659.0
20/04/2025,592.9724121,595.1541138,587.7653809,591.7767944,1307477245,86381923217.0
21/04/2025,597.4141846,607.8202515,592.6761475,592.9724121,1430343137,86496970287.0
22/04/2025,618.8269653,618.9900513,595.8809814,597.4171753,1734142941,87021203903.0
23/04/2025,605.8150024,619.8624878,601.9541626,618.8269653,1834047719,90107417553.0
24/04/2025,601.7158203,606.7443237,594.3950806,605.8150024,1573943361,88439293573.0
25/04/2025,600.1810303,610.1796265,597.7703247,601.715271,1735398071,87859769311.0
26/04/2025,607.7041016,609.1361084,600.0881958,600.1918945,1507509250,87558071176.0
27/04/2025,603.6184692,608.5829468,597.9349976,607.7041016,1452152303,88667686777.0
28/04/2025,606.3649902,608.1511841,598.9937134,603.6246338,1478956158,88050307610.0
29/04/2025,601.0289917,610.6404419,598.6602783,606.3649902,1587553456,88463722939.0
30/04/2025,599.6817017,604.4778442,592.4177856,601.0189819,1504095222,87546780933.0
01/05/2025,599.9182129,605.1372681,598.4885864,599.6871948,1406049035,87499897859.0
02/05/2025,601.1641846,603.5050659,595.8296509,599.9290161,1444818831,87470023826.0
03/05/2025,599.3313599,601.2944336,595.5932007,601.1643677,1221915136,87726526469.0
04/05/2025,585.9950562,600.4434814,585.3081055,599.3313599,1306600030,87420518612.0
05/05/2025,597.6897583,599.8522339,584.6096802,585.9950562,1465943685,85450932664.0
06/05/2025,602.473877,602.9686279,593.598999,597.6897583,1594251780,87237859436.0
07/05/2025,603.2796631,608.9858398,598.2972412,602.473877,1537003234,87972764327.0
08/05/2025,628.6634521,628.6717529,601.0078735,603.2794189,2061341461,87977963458.0
09/05/2025,666.878479,667.800354,623.8834839,628.6528931,2418287835,91592064513.0
10/05/2025,663.6172485,677.3533936,649.3594971,666.8892822,2282413256,97261112462.0
11/05/2025,650.6254272,667.635498,648.8480835,663.6165161,1906600802,96607586360.0
12/05/2025,660.484314,690.3782349,648.9622803,650.6254272,2609669556,94954778273.0
13/05/2025,665.5705566,670.8955078,641.6828613,660.484314,2108811440,96431520975.0
14/05/2025,652.5710449,665.6529541,648.1204834,665.6119995,1876674692,97186035699.0
15/05/2025,651.2642212,660.2804565,643.4594116,652.571167,1888457576,95059799662.0
16/05/2025,646.3213501,659.6885986,644.3860474,651.2623291,1634445685,94940045438.0
17/05/2025,639.6188965,646.7220459,635.4848633,646.3213501,1449713512,94455033828.0
18/05/2025,652.1643066,654.7149658,635.4116821,639.6188965,1592388678,93330577215.0
19/05/2025,649.8529053,652.9885864,634.1826782,652.116394,1595233688,94612727898.0
20/05/2025,650.3308105,653.4020996,641.1644287,649.8463745,1512635652,94981431403.0
21/05/2025,673.1486206,677.0289917,649.1345215,650.3308105,2377493291,94965618936.0
22/05/2025,686.2356567,688.0584106,673.1314087,673.1505127,2248278627,98432365398.0
23/05/2025,656.2316895,690.9200439,654.8810425,686.2514038,1996132529,100085000000.0
24/05/2025,668.3065186,676.8643188,656.1278076,656.2304077,1475660792,95613306966.0
25/05/2025,669.9168701,671.4579468,658.1526489,668.3065186,1591152958,97476274853.0
26/05/2025,674.3926392,677.6790771,668.8999023,669.9174805,1568627598,97751564280.0
27/05/2025,687.1594849,695.8684082,667.230957,674.3926392,2019130226,98296679431.0
28/05/2025,687.4055176,688.9776001,680.6652832,687.1602173,1759924602,100299000000.0
29/05/2025,675.1721802,690.843689,673.9274292,687.4058228,1938258667,100336000000.0
30/05/2025,655.4821777,678.1555786,654.6506348,675.2001953,1904377880,98510865072.0
31/05/2025,658.5012817,661.3086548,646.9629517,655.5108643,1478599983,95726822898.0
01/06/2025,660.9917603,662.3483276,648.2598267,658.4995728,1468711165,96080182534.0
02/06/2025,666.5907593,666.9949341,650.449707,660.9854736,1782539875,96509769841.0
03/06/2025,661.6989136,672.7042236,658.5495605,666.5907593,1696519631,97164288191.0
04/06/2025,663.7062988,671.9303589,661.3744507,661.6989746,1561308740,96448470574.0
05/06/2025,634.0535889,670.5805664,626.6804199,663.7078857,1987901562,96818655325.0
06/06/2025,643.4342041,651.3796387,631.1067505,634.052002,1728825229,92528733228.0
07/06/2025,651.1504517,653.8911743,640.9490356,643.4424438,1468009270,93918845142.0
08/06/2025,652.1478271,656.27771,646.9312744,651.1504517,1385072458,94946550698.0
09/06/2025,665.9540405,667.713501,648.583313,652.1478271,1629752670,95162483374.0
10/06/2025,673.6104736,673.6307373,657.6258545,665.9545898,1849736872,97228659760.0
11/06/2025,667.6690674,673.9506226,663.1364136,673.6104736,1778663531,98246414097.0
12/06/2025,656.2438354,669.515686,652.7897339,667.6690674,1695465665,97396778655.0
13/06/2025,655.2557373,659.3117676,641.3123169,656.2520142,1964558213,95779026196.0
14/06/2025,645.9127808,655.4783936,639.6327515,655.2623901,1337524307,95536361449.0
15/06/2025,648.2807617,651.7022095,642.9979858,645.9123535,1352632285,94233719227.0
16/06/2025,650.961731,659.2434082,646.8132935,648.2817993,1588063609,94569766054.0
17/06/2025,648.5108032,659.0388184,640.8545532,650.9661865,1784039065,95211381339.0
18/06/2025,644.8067627,653.4296875,637.9425659,648.5108032,1667361898,94651882460.0
19/06/2025,644.6807251,646.4259033,639.0229492,644.8067627,1374982734,93914603189.0
20/06/2025,641.7844238,649.5967407,638.6568604,644.6846924,1614121225,94038287566.0
21/06/2025,628.7478638,644.9034424,624.710083,641.7844238,1486820788,93579216012.0
22/06/2025,615.9946289,635.1699219,602.7050781,628.7477417,1895564160,91275068281.0
23/06/2025,641.2962036,642.7957764,615.5883789,615.9945679,1783710380,89858565947.0
24/06/2025,643.7371826,644.2817383,636.9046021,641.2962036,1498769929,93384461254.0
25/06/2025,645.9231567,650.2681885,642.5645752,643.7371826,1653677161,93854693467.0
26/06/2025,642.4142456,649.9841309,641.8189087,645.9231567,1439442979,94213865677.0
27/06/2025,646.1536255,647.4111328,640.5480347,642.4138794,1358247058,93722988688.0
28/06/2025,648.7504272,649.1661377,644.5742188,646.1536255,1185616315,94241465985.0
29/06/2025,655.0361938,655.6026611,647.2733154,648.7504272,1284469590,94647807215.0
30/06/2025,657.0253296,659.8912354,651.8738403,655.0361938,1487336817,95568417529.0
01/07/2025,646.3979492,658.9859619,644.6724854,657.0258179,1382771755,95851253503.0
02/07/2025,660.057251,664.7877808,644.8728027,646.3979492,1576434816,94270479420.0
03/07/2025,663.3231201,664.3876953,657.2025757,660.057251,1512518612,96288135477.0
04/07/2025,653.739502,664.0619507,650.711853,663.3231201,1379813703,96722558239.0
05/07/2025,656.1428833,656.6618652,652.3401489,653.739502,1193229342,95281695661.0
06/07/2025,663.0889893,664.6273804,653.8736572,656.1429443,1387600565,95693799964.0
07/07/2025,661.0181885,663.2283325,657.1060791,663.0889893,1524912345,96725240651.0
08/07/2025,660.7628784,662.4974365,657.5650635,661.0180664,1517607542,96456273360.0
09/07/2025,669.1525269,670.7850952,659.5992432,660.7628784,1667011677,96371665854.0
10/07/2025,685.6607056,687.354248,668.0310669,669.1525269,2023565748,97575907951.0
11/07/2025,689.8733521,696.8695068,683.8527222,685.6607056,2327541748,99945907459.0
12/07/2025,685.7778931,696.954895,680.4016113,689.8733521,1715321874,100618000000.0
13/07/2025,692.2304077,694.0123291,685.4672241,685.7778931,1631603869,100002000000.0
14/07/2025,689.416748,706.7133179,686.8288574,692.2304077,2362276526,100932000000.0
15/07/2025,689.9211426,692.9431763,675.876709,689.416748,2167202399,100564000000.0
16/07/2025,708.1260986,714.7908936,685.6761475,689.9211426,2298649454,100743000000.0
17/07/2025,721.2119751,726.6606445,707.8897705,708.1260986,2877681453,103380000000.0
18/07/2025,730.2163696,763.0548096,720.2355957,721.2119751,3407382999,105397000000.0
19/07/2025,733.5290527,742.3317871,721.0870361,730.2608032,2067691091,106428000000.0
20/07/2025,757.7399292,760.4404907,732.3448486,733.5290527,2353254456,106925000000.0
21/07/2025,766.7839355,780.9653931,747.5570679,757.7399292,2776231461,110587000000.0
22/07/2025,786.1411743,787.24823,746.1088257,766.7839355,3009453883,111807000000.0
23/07/2025,776.6404419,809.3135986,753.7788696,786.1411743,3987433985,109559000000.0
24/07/2025,771.2399902,785.4175415,745.394104,776.6744995,2833667773,108115000000.0
25/07/2025,785.6064453,785.644104,753.6062012,771.2399902,2536046506,107448000000.0
26/07/2025,793.2825928,797.1967163,778.9398193,785.6064453,1760509145,109286000000.0
27/07/2025,843.2619629,846.2210693,792.6633301,793.2825928,2914460887,110708000000.0
28/07/2025,822.0185547,859.5628662,821.6815796,843.2619629,3448410233,117524000000.0
29/07/2025,804.8989258,834.4614258,800.6428223,822.0791626,3097306022,114557000000.0
30/07/2025,793.1448364,810.4419556,771.1812744,804.8989258,2836541071,112111000000.0
31/07/2025,783.6668091,813.0089111,782.8258667,793.1448364,2581137230,110456000000.0
01/08/2025,757.1865845,794.8995361,746.3453369,783.6646729,3061372565,109114000000.0
02/08/2025,736.6464233,769.5610352,732.5317383,757.2212524,2181365266,105351000000.0
03/08/2025,751.5609741,755.125061,732.3884888,736.6464233,1761506433,102624000000.0
04/08/2025,769.059082,769.5585327,750.8377075,751.5598145,1940596416,104656000000.0
05/08/2025,754.8510132,769.1633911,746.6951904,769.0582886,1951120762,107042000000.0
06/08/2025,769.8478394,774.8028564,747.7263794,754.8510132,1969112524,105138000000.0
07/08/2025,788.1963501,788.1963501,765.3430786,769.8478394,2162190917,107234000000.0
08/08/2025,793.4395752,797.8942261,781.4666138,788.1965332,2429517922,109527000000.0
09/08/2025,799.086731,818.512085,793.1973267,793.4395752,2215143664,110485000000.0
10/08/2025,805.8734741,815.0725098,796.2681885,799.086731,2090904941,111320000000.0
11/08/2025,806.7302246,826.5098267,793.3786621,805.8734741,2805693912,112048000000.0
12/08/2025,832.9265747,838.8615112,798.6620483,806.7435913,2889217820,112362000000.0
13/08/2025,849.0054932,857.7623901,829.0764771,832.9265747,3364649534,116319000000.0
14/08/2025,840.9309692,868.6798096,826.0021973,849.0054932,4687490471,118308000000.0
15/08/2025,827.2891846,853.4983521,813.8512573,840.9309692,3843113557,117299000000.0
16/08/2025,839.3980713,839.5164795,826.6146851,827.2891846,1960223183,115243000000.0
17/08/2025,856.4029541,863.3430786,839.1815796,839.3967896,2286889646,116636000000.0
18/08/2025,847.4179077,858.3074341,826.5350342,856.4033203,2765082388,119370000000.0
19/08/2025,823.565918,851.9415894,823.3566895,847.4179077,2718797059,118191000000.0
20/08/2025,869.1038818,880.3314819,819.329895,823.565918,3612563758,114695000000.0
21/08/2025,839.0408325,882.5895386,834.0795898,869.1038818,2848998239,121327000000.0
22/08/2025,898.7745361,899.7001343,839.0408325,839.0408325,3534039226,116703000000.0
23/08/2025,880.0461426,899.359436,876.512146,898.7745361,2470653598,125229000000.0
24/08/2025,876.0802002,885.5560303,860.0352173,880.0533447,2909070734,122602000000.0
25/08/2025,840.171936,879.9407349,835.2559814,876.0802002,3300479072,122046000000.0
26/08/2025,863.6304932,867.7128296,832.7194214,840.1710205,2609863400,117052000000.0
27/08/2025,855.6463013,866.9847412,853.8656616,863.6304932,2391188252,120360000000.0
28/08/2025,874.3660278,878.8085938,851.8986206,855.6463013,2744315947,119223000000.0
29/08/2025,863.2765503,876.8477173,851.3141479,874.3545532,2614507748,121755000000.0
30/08/2025,862.4039917,863.6447754,852.8187256,863.2821655,2030968355,120215000000.0
31/08/2025,857.8167725,867.5966797,857.3178101,862.4039917,1741117798,119968000000.0
01/09/2025,845.8262939,866.973877,840.897522,857.8126221,2756614903,119395000000.0
02/09/2025,851.7772217,856.4644165,841.6126099,845.8262939,2385434736,117731000000.0
03/09/2025,855.2587891,863.4725342,849.157959,851.7772217,1915348780,118533000000.0
04/09/2025,843.8029785,856.9368286,841.8807983,855.2588501,1915009280,119019000000.0
05/09/2025,849.979248,857.2246094,843.746521,843.8029785,2025139739,117469000000.0
06/09/2025,861.7720947,864.4991455,849.574585,849.979248,1992250771,118277000000.0
07/09/2025,880.6130371,882.8858032,861.2745361,861.7720947,1996378716,120001000000.0
08/09/2025,878.2759399,885.2318115,872.0386353,880.6130371,2289021738,122834000000.0
09/09/2025,880.0150146,884.2359009,871.8602295,878.2759399,1795168603,122235000000.0
10/09/2025,893.5665894,906.1226196,877.5120239,880.0150146,2868650920,122414000000.0
11/09/2025,902.9833374,903.3329468,889.3707275,893.5665894,2250551806,124408000000.0
12/09/2025,925.0307007,928.6170044,901.9741211,902.9833374,2648100391,125611000000.0
13/09/2025,933.8996582,942.5284424,923.8671875,925.0307007,2744192106,128803000000.0
14/09/2025,927.2416992,944.0581665,923.7640381,933.8996582,2338327311,129905000000.0
15/09/2025,919.9702148,935.2177124,911.5524292,927.2432251,2475846477,128930000000.0
16/09/2025,955.7125854,958.6553955,917.2383423,919.9702148,3101245055,127942000000.0
17/09/2025,990.3097534,993.1290283,947.7709961,955.6878662,3641636248,132963000000.0
18/09/2025,981.8352051,1005.292236,980.3798218,990.3190308,3741252935,137968000000.0
19/09/2025,984.1240845,1002.082886,975.8117676,981.8352051,3293771895,136761000000.0
20/09/2025,1042.650146,1043.243896,984.119751,984.1345215,3759046572,136678000000.0
21/09/2025,1048.672363,1080.477661,1041.026245,1042.66272,4306431415,145119000000.0
22/09/2025,993.0140381,1050.318359,978.5733032,1048.671143,4892903256,145983000000.0
23/09/2025,1017.019897,1026.245605,964.5532227,993.0140381,4038510425,138105000000.0
24/09/2025,1018.847839,1034.05481,995.2929077,1017.029297,3603925585,141632000000.0
25/09/2025,945.713623,1019.842834,943.3248291,1018.871887,4693762081,141670000000.0
26/09/2025,960.9239502,964.7283936,933.505249,945.713623,3789703570,131564000000.0
27/09/2025,968.7895508,983.9268799,957.4020996,960.9239502,2777184185,133586000000.0
28/09/2025,993.3155518,993.3856812,964.2875366,968.7895508,2519459113,134836000000.0
29/09/2025,1030.741211,1035.725464,992.6415405,993.3157959,3359320684,138219000000.0
30/09/2025,1008.483459,1032.796021,994.4840088,1030.741211,3076619211,143304000000.0
01/10/2025,1026.166748,1034.829712,1003.883728,1008.483459,3100184262,140376000000.0
02/10/2025,1090.65564,1097.211792,1023.982727,1026.166748,3813163059,142809000000.0
03/10/2025,1189.919067,1190.354248,1085.595459,1090.65564,6097241167,151723000000.0
04/10/2025,1150.547607,1190.008423,1138.266113,1189.928833,3775482131,164927000000.0
05/10/2025,1165.527588,1186.85437,1145.528809,1150.545288,3611451465,160007000000.0
06/10/2025,1223.581055,1237.81189,1164.016846,1165.527588,5653272930,162065000000.0
07/10/2025,1310.214355,1336.565552,1209.281494,1223.580078,11163171147,169960000000.0
08/10/2025,1306.599365,1332.831543,1270.310303,1310.227661,7916662087,182467000000.0
09/10/2025,1255.890625,1318.057373,1228.082031,1306.597412,8172167891,181270000000.0
10/10/2025,1106.89856,1276.358154,962.4681396,1255.887573,10329526518,174775000000.0
11/10/2025,1137.199341,1180.525879,1080.718384,1106.89856,8101403820,155757000000.0
12/10/2025,1303.11731,1319.771973,1110.197388,1137.199341,10201040572,158484000000.0
13/10/2025,1293.473267,1370.546021,1257.110229,1303.147339,11820387271,180776000000.0
14/10/2025,1211.051147,1316.407104,1147.75,1293.473267,10106588255,180018000000.0
15/10/2025,1162.691772,1221.70752,1151.835205,1211.051147,5853929585,168894000000.0
16/10/2025,1145.825317,1193.773926,1125.333252,1162.693726,5605348340,161922000000.0
17/10/2025,1071.963013,1154.891235,1024.083252,1145.817993,6656427568,159173000000.0
18/10/2025,1093.152466,1129.192505,1071.473877,1071.965576,3767783165,149338000000.0
19/10/2025,1109.680054,1132.34729,1069.307495,1093.152466,3690436753,152026000000.0
20/10/2025,1101.061646,1142.744507,1090.006836,1109.682129,4209252745,154384000000.0
21/10/2025,1057.44043,1114.313232,1054.304932,1101.164917,4398689427,153232000000.0
22/10/2025,1072.047974,1082.929077,1054.07019,1057.44043,3625757780,147152000000.0
23/10/2025,1127.572998,1150.999268,1071.939453,1072.050903,5661131703,149142000000.0
24/10/2025,1109.148682,1141.639404,1098.93103,1127.572632,3451758493,156748000000.0
25/10/2025,1116.741211,1120.070679,1102.495117,1109.149902,2230311136,154356000000.0
26/10/2025,1137.586914,1141.955688,1115.533569,1116.741943,2746697366,155310000000.0
27/10/2025,1139.745972,1180.014893,1134.291016,1137.587646,4501355092,158404000000.0
28/10/2025,1103.144775,1148.55835,1088.881592,1139.750854,4178047763,157087000000.0
29/10/2025,1107.16333,1120.72998,1089.768188,1103.14917,4169218996,152007000000.0
30/10/2025,1078.61145,1123.696899,1050.128296,1107.161987,4153774666,152330000000.0
31/10/2025,1088.955444,1104.247559,1073.453979,1078.612549,4399392720,148425000000.0
01/11/2025,1094.642334,1097.138184,1082.466919,1088.944336,2138185589,149947000000.0
02/11/2025,1084.359863,1094.644531,1073.653076,1094.641479,2049912244,150758000000.0
03/11/2025,992.5354004,1086.594482,975.7961426,1084.336426,4849653054,149267000000.0
04/11/2025,937.8932495,1000.198608,886.385437,992.5518799,5824529918,136616000000.0
05/11/2025,959.9510498,966.8039551,903.8692627,937.8823242,3816276917,129239000000.0
06/11/2025,949.180481,964.3312378,927.4452515,959.9534302,2798073439,132181000000.0
07/11/2025,990.5523682,994.4128418,927.1098633,949.2072144,3614944089,130610000000.0
08/11/2025,990.2227173,1005.863586,981.1117554,990.5819092,2913804232,136429000000.0
09/11/2025,996.579834,1005.938477,977.644043,990.2310791,2642212274,136376000000.0
10/11/2025,991.9196777,1017.682861,977.107666,996.5888672,2844075057,137204000000.0
11/11/2025,958.2657471,1005.972534,956.8362427,991.9202881,2696896367,136572000000.0
12/11/2025,953.010498,976.9577637,940.8616943,958.2320557,2405972144,131942000000.0
13/11/2025,928.0466309,969.8464966,907.619751,953.0198364,3034452281,131225000000.0
14/11/2025,915.3092651,932.6450195,889.4031982,928.0397339,3778463496,128102000000.0
15/11/2025,932.2019043,944.0817261,915.1938477,915.1938477,1963778260,126685000000.0
16/11/2025,927.2578735,948.5120239,910.9035034,932.1851807,2497118342,128396000000.0
17/11/2025,906.4824219,936.9906616,893.0040894,927.2578735,3757441490,127911000000.0
18/11/2025,932.4823608,937.3841553,888.5147095,906.4705811,3623344375,124779000000.0
19/11/2025,895.6196899,939.2861328,872.9431763,932.4846802,3254464199,128319000000.0
20/11/2025,866.3438721,912.65802,866.3438721,895.6640015,3038816761,123085000000.0
21/11/2025,830.0787354,874.2615967,793.8209229,866.3346558,4772315493,119820000000.0
22/11/2025,833.3510742,841.4924927,815.2092896,830.0795288,2015396840,114576000000.0
23/11/2025,843.2247925,854.4036865,833.2874756,833.3475952,1754920246,114799000000.0
24/11/2025,864.4211426,875.2612915,832.0480347,843.2236328,2485800089,116124000000.0
25/11/2025,862.1080322,866.9095459,838.9786377,864.4609985,2007620452,119205000000.0
26/11/2025,891.7533569,896.6287842,852.4906006,862.1033936,2040255309,118789000000.0
27/11/2025,895.5598145,902.5869141,885.2288208,891.7745972,1780660164,122717000000.0
28/11/2025,887.6467896,904.3790894,877.3135376,895.5643921,2009647841,123327000000.0
29/11/2025,873.6898804,888.8530273,869.8357544,887.6465454,1357539865,122276000000.0
30/11/2025,877.5767822,899.5747681,871.0737305,873.6884766,1452982911,120349000000.0
01/12/2025,827.4053955,877.704834,803.458252,877.5615845,2778473663,120956000000.0
02/12/2025,877.034668,884.0598755,821.3009644,827.4092407,2264885312,114076000000.0
03/12/2025,921.7537231,922.1299438,874.4122314,877.0285034,2754777581,120778000000.0
04/12/2025,900.0661011,927.4549561,889.6174316,921.7321167,2052379059,126962000000.0
05/12/2025,884.2180786,906.852356,873.4063721,900.0637207,1968850986,123965000000.0
06/12/2025,890.5450439,896.6558228,878.9838257,884.2127686,1418385761,121783000000.0
07/12/2025,894.0222778,905.114502,872.8945923,890.5266724,1779976227,122622000000.0
08/12/2025,897.6040649,911.5386353,891.7789917,894.0273438,1906067258,122977000000.0
09/12/2025,898.8104248,926.5170898,882.4072266,897.5906372,2357057936,123548000000.0
10/12/2025,894.6506348,914.1864014,884.9475098,898.7805786,2429639422,123930000000.0
11/12/2025,886.166626,894.6589966,861.2536621,894.6589966,2524483059,123298000000.0
12/12/2025,881.8676147,895.4688721,873.6081543,886.1660767,1807202490,122104000000.0
13/12/2025,897.4295654,903.7582397,880.7807007,881.8624268,1472368344,121523000000.0
14/12/2025,877.8068848,899.2176514,874.1296387,897.435791,1640570319,123599000000.0
15/12/2025,858.545105,894.2052612,843.7678833,877.7892456,2222157806,120990000000.0
16/12/2025,874.8990479,877.6130981,851.3676147,858.5458984,2379705373,118228000000.0
17/12/2025,842.9301758,875.1108398,834.8516846,874.9055176,2968394043,120414000000.0
18/12/2025,829.3011475,850.8983765,819.9838257,842.9312744,3195634004,116086000000.0
19/12/2025,855.9432983,861.0877075,823.171814,829.303894,5429911683,114191000000.0
20/12/2025,853.5861816,858.7412109,850.8908691,855.9429932,1374684930,117897000000.0
21/12/2025,857.8892212,858.9291382,846.0993042,853.5969849,1501917010,117437000000.0
22/12/2025,857.8574219,869.0992432,852.6373291,857.8866577,1959463444,118185000000.0
23/12/2025,843.7714233,860.7771606,839.5874634,857.8599243,1696809904,118178000000.0
24/12/2025,846.2596436,849.3277588,835.2703857,843.7693481,1535799969,116260000000.0
25/12/2025,829.4244385,847.0791626,827.6585693,846.243103,1415229398,116609000000.0
26/12/2025,834.1515503,845.7174683,823.3729248,829.4263916,1730790904,114114000000.0
27/12/2025,844.5545044,844.5943604,834.145874,834.1513672,1496575663,114905000000.0
28/12/2025,858.8287964,864.9430542,839.5921021,844.5575562,1855190489,116343000000.0
29/12/2025,851.187561,869.9858398,846.6453247,858.8352051,2271142660,118310000000.0
30/12/2025,860.5537109,862.0198364,848.4505005,851.1907349,2042633098,117223000000.0
31/12/2025,863.2573853,873.8369141,856.8807983,860.555542,2539874072,118493000000.0
01/01/2026,863.0546265,872.2593994,855.6074829,863.2581787,1623168589,118877000000.0
02/01/2026,880.8441772,890.1697388,858.8756104,863.0551758,2274583336,118849000000.0
03/01/2026,878.6394653,883.4481201,869.5321045,880.855896,1660447864,121323000000.0
04/01/2026,894.383667,902.0450439,878.4307251,878.6434326,1869811425,121017000000.0
05/01/2026,905.5447388,907.5575562,892.1203613,894.4890137,2121015808,123225000000.0
,BNB-USD,BNB-USD,BNB-USD,BNB-USD,BNB-USD,89155437215.0
