date,Close,High,Low,Open,Volume,market_cap
10/04/2020,0.9510539770126343,1.3134870529174805,0.6941869854927063,0.8320050239562988,87364276,7827651.892659198
11/04/2020,0.7768189907073975,1.0490729808807373,0.7650200128555298,0.9510539770126343,43862444,7827651.892659198
12/04/2020,0.8825070261955261,0.9566699862480164,0.7624260187149048,0.7854480147361755,38736897,6173607.678345317
13/04/2020,0.7778319716453552,0.8916029930114746,0.7739760279655457,0.8907600045204163,18211285,7269680.447445141
14/04/2020,0.6619250178337097,0.7964720129966736,0.6281690001487732,0.7778319716453552,16747614,6302364.150584625
15/04/2020,0.646651029586792,0.7049639821052551,0.6215310096740723,0.6692889928817749,13075275,5306221.06575891
16/04/2020,0.6908159852027893,0.7741919755935669,0.6251069903373718,0.6308789849281311,21346031,5114653.932636794
17/04/2020,0.6607279777526855,0.7196140289306641,0.6607279777526855,0.6893119812011719,9870810,5505929.486978686
18/04/2020,0.6810960173606873,0.7176179885864258,0.6594269871711731,0.6607279777526855,9782112,5348323.975349362
19/04/2020,0.6069689989089966,0.6846410036087036,0.5984870195388794,0.6815159916877747,9289670,5423066.285864263
20/04/2020,0.538811981678009,0.6392539739608765,0.5205780267715454,0.6129480004310608,8342616,4844617.211182358
21/04/2020,0.5876590013504028,0.6045860052108765,0.5085489749908447,0.5413870215415955,9711507,4285479.154681022
22/04/2020,0.6916009783744812,0.7069640159606934,0.5696210265159607,0.5811660289764404,18828400,4591546.761226098
23/04/2020,0.6274570226669312,0.6980770230293274,0.6003220081329346,0.6853470206260681,13485271,5446538.173850838
24/04/2020,0.6342419981956482,0.671019971370697,0.6139410138130188,0.6240209937095642,9064190,4909586.999036558
25/04/2020,0.6433290243148804,0.6709480285644531,0.6215469837188721,0.6305279731750488,7311905,5027193.620409137
26/04/2020,0.6355059742927551,0.6914989948272705,0.6311709880828857,0.6532149910926819,8320760,5173619.233465031
27/04/2020,0.5723720192909241,0.6602830290794373,0.561028003692627,0.6357139945030212,7406934,5137791.330825961
28/04/2020,0.6612930297851562,0.692147970199585,0.5684840083122253,0.5782529711723328,7470201,4616001.375155629
29/04/2020,0.7458400130271912,0.77777099609375,0.655273973941803,0.6622859835624695,8801144,5283691.351331575
30/04/2020,0.6910449862480164,0.800815999507904,0.6878809928894043,0.7471950054168701,5016892,5897415.537215416
01/05/2020,0.7287939786911011,0.7370709776878357,0.685903012752533,0.6910449862480164,4164272,5635423.505964131
02/05/2020,0.7158759832382202,0.7489809989929199,0.7079039812088013,0.7272679805755615,3441356,5735879.899599453
03/05/2020,0.6795349717140198,0.7298009991645813,0.6566159725189209,0.7147960066795349,3328344,5669404.169981707
04/05/2020,0.6674910187721252,0.7058119773864746,0.6184340119361877,0.6796249747276306,3443698,5486412.385664286
05/05/2020,0.6418370008468628,0.686214029788971,0.6264989972114563,0.6734399795532227,2847469,5354861.583908894
06/05/2020,0.6225839853286743,0.673891007900238,0.6225839853286743,0.6424540281295776,2677563,5195811.6286706
07/05/2020,0.6129779815673828,0.6322680115699768,0.5733759999275208,0.6225839853286743,3355830,5010066.054780242
08/05/2020,0.6049219965934753,0.6366180181503296,0.589851975440979,0.6129779815673828,2488195,4874818.721855924
09/05/2020,0.6045269966125488,0.6254289746284485,0.5884479880332947,0.6040419936180115,2128503,4827334.908169065
10/05/2020,0.5370339751243591,0.6123030185699463,0.5130810141563416,0.6044610142707825,2327581,4816707.909418276
11/05/2020,0.5152729749679565,0.5718600153923035,0.5051940083503723,0.5362550020217896,2098481,4324416.949285259
12/05/2020,0.5385760068893433,0.5597590208053589,0.5052509903907776,0.5133910179138184,2198625,4171226.2991002905
13/05/2020,0.5505319833755493,0.564873993396759,0.5180379748344421,0.5383719801902771,2326446,4266741.231304909
14/05/2020,0.5691180229187012,0.5809460282325745,0.5501099824905396,0.5505319833755493,2047897,4413742.897500913
15/05/2020,0.5597519874572754,0.5746200084686279,0.5470929741859436,0.5691930055618286,1850070,4570789.918376839
16/05/2020,0.599120020866394,0.6065340042114258,0.5543609857559204,0.5589810013771057,2300409,4432087.508991812
17/05/2020,0.6129890084266663,0.6401960253715515,0.5891749858856201,0.5952280163764954,2936428,4752035.386171752
18/05/2020,0.6526700258255005,0.6743929982185364,0.6096490025520325,0.6126819849014282,3314359,4898008.357759836
19/05/2020,0.6244540214538574,0.65447998046875,0.6112480163574219,0.6509739756584167,2380263,5213969.633802138
20/05/2020,0.5791559815406799,0.6266559958457947,0.5752829909324646,0.6224750280380249,2302926,4996233.199332481
21/05/2020,0.6089149713516235,0.6137890219688416,0.5433459877967834,0.579692006111145,2863017,4629608.829738474
22/05/2020,0.6388750076293945,0.6764320135116577,0.582830011844635,0.6052389740943909,3411419,4853042.594897839
23/05/2020,0.6130310297012329,0.6388490200042725,0.5882470011711121,0.6374149918556213,2638524,4919865.806567834
24/05/2020,0.5490530133247375,0.6132889986038208,0.5484319925308228,0.6132889986038208,2786816,4866957.615424991
25/05/2020,0.6008570194244385,0.6501380205154419,0.5380640029907227,0.5485699772834778,4509580,4374843.160369413
26/05/2020,0.5733069777488708,0.6123530268669128,0.5664629936218262,0.5991039872169495,2689697,4809730.17960867
27/05/2020,0.5909850001335144,0.6110870242118835,0.5714430212974548,0.5733069777488708,2536916,4598505.351008801
28/05/2020,0.5751550197601318,0.5923979878425598,0.5669479966163635,0.5908839702606201,2662788,4715158.090275346
29/05/2020,0.5794150233268738,0.59340500831604,0.5668579936027527,0.5746989846229553,2066857,9366383.783941554
30/05/2020,0.5879330039024353,0.6024889945983887,0.5670499801635742,0.5813549757003784,2449095,9427078.266084636
31/05/2020,0.5700219869613647,0.5939970016479492,0.5692449808120728,0.5879030227661133,1892967,9591470.33610501
01/06/2020,0.5774949789047241,0.5878390073776245,0.5673480033874512,0.5734720230102539,2159877,9399234.951485896
02/06/2020,0.5646690130233765,0.5897250175476074,0.5522940158843994,0.5771420001983643,1295757,9424972.586161828
03/06/2020,0.5866209864616394,0.5910249948501587,0.5644609928131104,0.5646690130233765,877446,9310563.109433703
04/06/2020,0.5872989892959595,0.5916399955749512,0.5645179748535156,0.5868669748306274,901641,9614805.94741188
05/06/2020,0.6611549854278564,0.6982790231704712,0.5779250264167786,0.5872989892959595,4322092,9543805.262487222
06/06/2020,0.6224430203437805,0.6616190075874329,0.6117810010910034,0.6610710024833679,1604055,10747702.95638117
07/06/2020,0.6165779829025269,0.6244440078735352,0.5933979749679565,0.6224430203437805,716785,10180036.835310562
08/06/2020,0.6683130264282227,0.679000973701477,0.6133099794387817,0.6150779724121094,1440234,10138083.793723866
09/06/2020,0.6580020189285278,0.6680880188941956,0.6272420287132263,0.6677839756011963,988327,10913789.386770498
10/06/2020,0.6448670029640198,0.6700429916381836,0.633404016494751,0.6580380201339722,1096203,10726797.093153996
11/06/2020,0.5737419724464417,0.650534987449646,0.5700820088386536,0.6448879837989807,1122221,10648020.65447342
12/06/2020,0.5938689708709717,0.604653000831604,0.569920003414154,0.574059009552002,940323,9341515.406268211
13/06/2020,0.608942985534668,0.6114389896392822,0.5854849815368652,0.5939480066299438,764757,9722321.601662133
14/06/2020,0.5870770215988159,0.618257999420166,0.5808990001678467,0.6109269857406616,873416,9955797.604756866
15/06/2020,0.5706390142440796,0.5918970108032227,0.5472869873046875,0.5883730053901672,942666,9583560.125035351
16/06/2020,0.5855759978294373,0.5898280143737793,0.5686889886856079,0.5705789923667908,652020,9320494.000741212
17/06/2020,0.5815619826316833,0.590129017829895,0.5651170015335083,0.5854970216751099,673274,9519846.38912149
18/06/2020,0.6209560036659241,0.6503090262413025,0.5792850255966187,0.5815820097923279,1349341,9549958.35463254
19/06/2020,0.684332013130188,0.8363980054855347,0.6203839778900146,0.6224070191383362,6577471,10224928.435807472
20/06/2020,0.6435909867286682,0.6885830163955688,0.6256260275840759,0.6825230121612549,1714405,11247343.894203106
21/06/2020,0.6731489896774292,0.7485420107841492,0.6368799805641174,0.6461349725723267,2238347,10673766.043338615
22/06/2020,0.7268480062484741,0.7431129813194275,0.6458770036697388,0.6725770235061646,1620388,11086240.79289364
23/06/2020,0.7082970142364502,0.7606329917907715,0.7007120251655579,0.7267730236053467,1327340,11996277.112687156
24/06/2020,0.7369940280914307,0.8006920218467712,0.6935009956359863,0.7085300087928772,2769054,11646898.982503338
25/06/2020,0.7131940126419067,0.7567049860954285,0.6992400288581848,0.7371000051498413,1751581,12150092.54225176
26/06/2020,0.7411440014839172,0.7519919872283936,0.6815320253372192,0.7125309705734253,1664662,11741625.18994288
27/06/2020,0.7135480046272278,0.7522109746932983,0.6758379936218262,0.7395970225334167,1681428,12079079.145186102
28/06/2020,0.7984949946403503,0.8439769744873047,0.6870949864387512,0.7135480046272278,3412582,11750514.839677684
29/06/2020,0.8524540066719055,0.8853390216827393,0.7700089812278748,0.7984949946403503,2147791,13136127.952360293
30/06/2020,0.8600940108299255,1.0291759967803955,0.8501039743423462,0.8530219793319702,3887548,14062849.974509096
01/07/2020,0.8326420187950134,0.9017149806022644,0.8209270238876343,0.8633639812469482,1772560,14164459.013979023
02/07/2020,0.7802190184593201,0.8371269702911377,0.7536680102348328,0.8321160078048706,1749581,13737840.609279668
03/07/2020,0.7680929899215698,0.7860350012779236,0.7551130056381226,0.7820360064506531,1144958,12783903.734507758
04/07/2020,0.7803720235824585,0.8231549859046936,0.761451005935669,0.7679409980773926,1644301,12672163.175031388
05/07/2020,0.6916639804840088,0.7855470180511475,0.6426349878311157,0.7801010012626648,3799016,12892264.592707587
06/07/2020,0.7079079747200012,0.721045970916748,0.6865800023078918,0.6916639804840088,1120773,11423393.47428414
07/07/2020,0.7530480027198792,0.7808930277824402,0.7019219994544983,0.7078580260276794,1700041,11691026.180906912
08/07/2020,0.7967129945755005,0.8275229930877686,0.7434110045433044,0.7530480027198792,2220223,12435090.742149867
09/07/2020,0.8534529805183411,0.8823580145835876,0.759905993938446,0.7940179705619812,2668724,13138366.724263769
10/07/2020,0.9135599732398987,0.9396290183067322,0.8428500294685364,0.8533040285110474,1856095,14045120.422821058
11/07/2020,0.9246240258216858,0.926347017288208,0.8590949773788452,0.9135599732398987,1788814,15112460.37027957
12/07/2020,1.0167160034179688,1.130977988243103,0.9141169786453247,0.9238560199737549,4693371,15255277.05816987
13/07/2020,1.175734043121338,1.2876629829406738,1.0088839530944824,1.0167160034179688,4062069,16696748.621766666
14/07/2020,1.148074984550476,1.2460060119628906,1.1191660165786743,1.172476053237915,2213135,20428062.235112287
15/07/2020,1.289597988128662,1.3968349695205688,1.1414580345153809,1.147523045539856,3355229,19972946.84442129
16/07/2020,0.8724409937858582,1.3749669790267944,0.8550440073013306,1.28403902053833,7486568,24362181.926540542
17/07/2020,0.9778370261192322,1.0468419790267944,0.8018839955329895,0.870760977268219,8973774,17274473.46197496
18/07/2020,0.9665830135345459,1.000715970993042,0.9317259788513184,0.9775149822235107,2923007,20917439.75564856
19/07/2020,0.9203490018844604,0.9703540205955505,0.8995149731636047,0.9680039882659912,2206671,20602905.14344744
20/07/2020,0.8730890154838562,0.9215840101242065,0.8518779873847961,0.9205150008201599,3036871,19624140.86478576
21/07/2020,0.9771659970283508,1.008254051208496,0.8603159785270691,0.8729280233383179,4299502,18811046.939017244
22/07/2020,1.0440870523452759,1.1047040224075317,0.9724850058555603,0.9771980047225952,5295002,20859692.480081823
23/07/2020,1.0498440265655518,1.1012179851531982,0.9973940253257751,1.0461549758911133,2970423,23288212.437627885
24/07/2020,0.9953460097312927,1.053954005241394,0.9747800230979919,1.0498440265655518,1991763,23621340.96676559
25/07/2020,1.252223014831543,1.4327399730682373,0.9953969717025757,0.9954400062561035,9978279,22240716.375305213
26/07/2020,1.5651099681854248,1.6246479749679565,1.2382830381393433,1.2447279691696167,10463130,27986367.374513853
27/07/2020,1.7786359786987305,2.0427401065826416,1.5610870122909546,1.5650980472564697,32838355,35745817.7886529
28/07/2020,1.7840670347213745,1.858672022819519,1.6117689609527588,1.7841110229492188,9692632,41165009.82828771
29/07/2020,1.6582889556884766,2.0956220626831055,1.5931659936904907,1.785662055015564,10348945,41629008.98213004
30/07/2020,1.6868070363998413,1.7964489459991455,1.6357120275497437,1.6582889556884766,5222980,40210662.87394944
31/07/2020,1.5381779670715332,1.6884880065917969,1.5104049444198608,1.6868070363998413,4822046,41117076.71814283
01/08/2020,1.526610016822815,1.6622289419174194,1.4988720417022705,1.5327589511871338,4589882,37711209.1687282
02/08/2020,1.7428100109100342,1.7468229532241821,1.411972999572754,1.5299099683761597,7216576,37591996.350815535
03/08/2020,1.802610993385315,1.8300340175628662,1.6687259674072266,1.7322900295257568,5836036,42382004.442631856
04/08/2020,1.8716390132904053,1.949874997138977,1.794983983039856,1.8000119924545288,5495665,43879557.43250306
05/08/2020,1.7545499801635742,1.8881219625473022,1.709509015083313,1.870736002922058,5405764,46368816.3139189
06/08/2020,2.206347942352295,2.2280030250549316,1.7467830181121826,1.7545499801635742,11143557,43050611.45569475
07/08/2020,2.0859029293060303,2.2031660079956055,1.8855719566345215,2.2031660079956055,8068102,57169342.30736419
08/08/2020,2.4736249446868896,2.5695900917053223,2.0265378952026367,2.0838890075683594,10919229,54969359.87215626
09/08/2020,2.6652278900146484,2.7068231105804443,2.3025009632110596,2.4715559482574463,12107837,65401183.62573061
10/08/2020,3.1317930221557617,3.3979289531707764,2.525897979736328,2.6652278900146484,22863251,71020175.15382175
11/08/2020,3.3034191131591797,3.48653507232666,2.753633975982666,3.131042003631592,36356155,87332088.95472732
12/08/2020,3.7697510719299316,3.916167974472046,3.1039791107177734,3.307957887649536,28461707,91851887.99480896
13/08/2020,3.7559709548950195,4.155814170837402,3.528520107269287,3.770703077316284,28236179,105458413.8307931
14/08/2020,3.4093880653381348,3.789997100830078,3.3326539993286133,3.7601680755615234,18427950,108874815.26710749
15/08/2020,3.1837949752807617,3.719944953918457,3.1654651165008545,3.412554979324341,13155762,101662334.18190424
16/08/2020,3.385653018951416,3.4706881046295166,3.138688087463379,3.185405969619751,10395313,94560197.3979158
17/08/2020,3.0986080169677734,3.3859989643096924,3.087985038757324,3.385653018951416,10723919,101093049.99744666
18/08/2020,3.3299760818481445,3.7099111080169678,2.894413948059082,3.104469060897827,30350145,95117475.85564578
19/08/2020,2.899040937423706,3.483863115310669,2.8381080627441406,3.3286960124969482,14838389,103512572.7225058
20/08/2020,3.2082669734954834,3.4318430423736572,2.896235942840576,2.899040937423706,13756478,91194729.76245809
21/08/2020,2.9436678886413574,3.223289966583252,2.913770914077759,3.2097179889678955,11796736,101186302.29256418
22/08/2020,3.020885944366455,3.1948649883270264,2.757327079772949,2.945307970046997,10296805,92576368.0854075
23/08/2020,3.3224310874938965,3.4034149646759033,3.0188379287719727,3.0208630561828613,11991402,95149797.26079312
24/08/2020,3.3449859619140625,3.607538938522339,3.224431037902832,3.3122220039367676,15785208,104838610.420335
25/08/2020,3.264849901199341,3.3582470417022705,3.027719020843506,3.3496639728546143,13444308,105025071.74355628
26/08/2020,3.5583748817443848,3.7953240871429443,3.1943109035491943,3.2660410404205322,22147431,103504610.6052642
27/08/2020,3.4450600147247314,3.854706048965454,3.2922139167785645,3.5578439235687256,21031356,114219136.44905476
28/08/2020,4.011393070220947,4.309593200683594,3.4472808837890625,3.4524950981140137,27212888,110491240.21623018
29/08/2020,3.968808889389038,4.105240821838379,3.78711199760437,4.01421594619751,14585964,129651597.85797817
30/08/2020,4.4358229637146,4.705005168914795,3.9191319942474365,3.970010995864868,22220239,128816760.88101023
31/08/2020,4.782045841217041,4.872941017150879,4.109681129455566,4.4216790199279785,20950150,144468272.8412078
01/09/2020,4.344515800476074,4.94473123550415,4.344515800476074,4.781050205230713,16944927,157231078.23530626
02/09/2020,4.1644721031188965,4.355938911437988,3.7051639556884766,4.3526930809021,23655802,144080731.16918826
03/09/2020,3.5273399353027344,4.440814018249512,3.5273399353027344,4.168772220611572,26473634,137747076.79202124
04/09/2020,3.5457940101623535,3.834104061126709,3.1988940238952637,3.523390054702759,17729340,119105104.96979707
05/09/2020,2.5979158878326416,3.6602439880371094,2.1916749477386475,3.5509839057922363,25062205,118962336.47400291
06/09/2020,3.086042881011963,3.1756370067596436,2.288191080093384,2.6003170013427734,20375890,87193154.31518938
07/09/2020,2.928528070449829,3.1895599365234375,2.391493082046509,3.0860838890075684,17135013,103754712.65869252
08/09/2020,2.4689769744873047,2.9397358894348145,2.3986411094665527,2.927628993988037,10163725,99103615.3011978
09/09/2020,3.636378049850464,3.751715898513794,2.389806032180786,2.4711780548095703,52354542,85338829.21618006
10/09/2020,3.469836950302124,3.851309061050415,3.3208088874816895,3.636378049850464,31177875,121438753.71660665
11/09/2020,3.4274280071258545,3.5010130405426025,3.040170907974243,3.4673349857330322,17090627,118759154.8277774
12/09/2020,3.332659959793091,3.4670519828796387,3.1507270336151123,3.4191019535064697,10368518,121133286.76719752
13/09/2020,3.2258388996124268,3.4667820930480957,3.005402088165283,3.336380958557129,15316353,116947704.57942767
14/09/2020,3.2691330909729004,3.5249340534210205,3.0941739082336426,3.2315258979797363,21301450,112654349.57438488
15/09/2020,2.9391210079193115,3.3200669288635254,2.9184730052948,3.2691330909729004,11992538,118721263.47138277
16/09/2020,2.5453989505767822,2.9393069744110107,2.453839063644409,2.9393069744110107,24199804,107150010.94799854
17/09/2020,2.891874074935913,2.9341020584106445,2.3700339794158936,2.5453989505767822,23792220,94070098.59695262
18/09/2020,3.1079399585723877,3.1593170166015625,2.741676092147827,2.891874074935913,23510207,107329192.55976476
19/09/2020,3.028891086578369,3.253420114517212,2.9717040061950684,3.1117470264434814,10763973,115398247.16683204
20/09/2020,2.8709030151367188,3.032876968383789,2.7201380729675293,3.0310280323028564,9217295,113066182.9422364
21/09/2020,2.7825090885162354,3.026940107345581,2.5004189014434814,2.8709030151367188,19492894,107485223.20908946
22/09/2020,2.9155189990997314,2.9943699836730957,2.66860294342041,2.7736880779266357,18556523,105132421.8250733
23/09/2020,2.836756944656372,3.065337896347046,2.746303081512451,2.9303550720214844,16096650,110996725.68154047
24/09/2020,3.1327149868011475,3.25156307220459,2.795646905899048,2.838120937347412,18993326,107801478.99659245
25/09/2020,3.1886119842529297,3.265165090560913,2.9117720127105713,3.1455440521240234,15935143,118878878.68168244
26/09/2020,3.1347029209136963,3.2039060592651367,3.041266918182373,3.1880300045013428,11018475,122238331.59277277
27/09/2020,3.152946949005127,3.17349910736084,3.0105509757995605,3.133837938308716,9734368,121477645.40078652
28/09/2020,2.9566779136657715,3.204190969467163,2.9359540939331055,3.152704954147339,10950201,124163454.94575258
29/09/2020,2.9464330673217773,3.0100948810577393,2.901789903640747,2.9583609104156494,8821253,115671366.64099684
30/09/2020,2.897876024246216,2.9793479442596436,2.835669994354248,2.9490740299224854,7767702,117794737.82329232
01/10/2020,2.861027956008911,2.9858338832855225,2.657397985458374,2.8981618881225586,10825966,116997169.793763
02/10/2020,2.6260828971862793,2.8766350746154785,2.4577910900115967,2.864197015762329,15856539,116446343.764479
03/10/2020,2.5473029613494873,2.669495105743408,2.5473029613494873,2.6273350715637207,6155891,107373602.62220952
04/10/2020,2.5159950256347656,2.588036060333252,2.428889036178589,2.5430119037628174,7075729,104629198.18132688
05/10/2020,2.657644033432007,2.662623882293701,2.467319965362549,2.519134998321533,8105684,104629072.11208975
06/10/2020,2.1762499809265137,2.6552000045776367,2.1476919651031494,2.6552000045776367,9739071,109983903.67952684
07/10/2020,2.2917959690093994,2.391937017440796,2.0957601070404053,2.175808906555176,11759752,90510593.136206
08/10/2020,2.365220069885254,2.430609941482544,2.0285260677337646,2.2999820709228516,14931922,96626244.2271101
09/10/2020,2.5398590564727783,2.62526798248291,2.3170900344848633,2.3677420616149902,12002959,100361073.08665311
10/10/2020,2.406090021133423,2.59409499168396,2.403172016143799,2.536932945251465,8842884,108143704.99926196
11/10/2020,2.4265780448913574,2.457566022872925,2.344921112060547,2.407366991043091,7170647,102263473.3254
12/10/2020,2.5870718955993652,2.698638916015625,2.4158620834350586,2.426115036010742,12289969,102599664.11189498
13/10/2020,2.404910087585449,2.5848910808563232,2.3481709957122803,2.5848910808563232,11415737,109398780.83412512
14/10/2020,2.3146350383758545,2.4366140365600586,2.2462570667266846,2.408195972442627,9436239,104349414.79795986
15/10/2020,2.2664361000061035,2.3357961177825928,2.203418016433716,2.3148000240325928,8332483,100630989.38907091
16/10/2020,2.149385929107666,2.2656710147857666,2.1279211044311523,2.265199899673462,13637728,98861299.72953752
17/10/2020,2.201843023300171,2.23830509185791,2.13240909576416,2.1456360816955566,6612612,93684534.75782022
18/10/2020,2.2142670154571533,2.2488460540771484,2.1783270835876465,2.2027499675750732,6294162,95604758.79489854
19/10/2020,2.058079957962036,2.2135119438171387,2.053210973739624,2.213371992111206,8248860,96201418.29928117
20/10/2020,1.8886719942092896,2.0978610515594482,1.8541539907455444,2.0581018924713135,13129043,89483911.14654794
21/10/2020,1.8903779983520508,2.0662059783935547,1.8612350225448608,1.8886120319366455,19275509,82488167.14046891
22/10/2020,1.9556529521942139,2.0824339389801025,1.8898169994354248,1.8903720378875732,11445663,82144490.25896214
23/10/2020,1.960034966468811,1.9847710132598877,1.853309988975525,1.9570679664611816,11497445,86559361.41416237
24/10/2020,1.9118280410766602,1.961650013923645,1.8823440074920654,1.960034966468811,7581827,86992250.29298699
25/10/2020,1.7874590158462524,1.922942042350769,1.7686439752578735,1.9118280410766602,9092334,85097119.41553113
26/10/2020,1.6854660511016846,1.8629900217056274,1.6293649673461914,1.7874590158462524,13396736,80166567.40845197
27/10/2020,1.7102320194244385,1.7454030513763428,1.605286955833435,1.6854660511016846,14384427,76352252.52403358
28/10/2020,1.4900530576705933,1.719027042388916,1.3945720195770264,1.7102320194244385,17089719,78379682.65133592
29/10/2020,1.4289360046386719,1.5668920278549194,1.4124259948730469,1.4900530576705933,8024138,69484097.07158922
30/10/2020,1.4413360357284546,1.4673190116882324,1.3422130346298218,1.4289360046386719,8528336,65484559.74846173
31/10/2020,1.5406999588012695,1.54932701587677,1.429893970489502,1.4413360357284546,6449388,65971825.09030392
01/11/2020,1.5998400449752808,1.6379029750823975,1.5135430097579956,1.5406999588012695,6877557,70310236.99352686
02/11/2020,1.474071979522705,1.63018000125885,1.4676949977874756,1.5998400449752808,6366346,73223097.96611069
03/11/2020,1.4122339487075806,1.4805010557174683,1.4121860265731812,1.474071979522705,6536977,67681588.11219725
04/11/2020,1.3922549486160278,1.4128979444503784,1.2818679809570312,1.4122339487075806,11406316,64789424.24486666
05/11/2020,1.4052180051803589,1.4861700534820557,1.3038250207901,1.3922549486160278,8924132,64037059.28113097
06/11/2020,1.9137400388717651,1.9407069683074951,1.4000109434127808,1.4052180051803589,22547497,64230247.78658664
07/11/2020,2.031964063644409,2.4813690185546875,1.8448309898376465,1.9137400388717651,51426100,88646989.63268837
08/11/2020,2.1565980911254883,2.2647790908813477,1.9744019508361816,2.031964063644409,25931043,94477844.75803708
09/11/2020,2.0286519527435303,2.1893129348754883,1.958752989768982,2.1565980911254883,18210626,99153483.96280438
10/11/2020,2.2479870319366455,2.307987928390503,2.0123209953308105,2.0286519527435303,16170833,92911864.560423
11/11/2020,2.0021250247955322,2.2841410636901855,1.9741649627685547,2.2479870319366455,13877949,104439762.47148168
12/11/2020,1.8991379737854004,2.050297975540161,1.8317279815673828,2.0021250247955322,11506048,91842384.4291332
13/11/2020,2.020792007446289,2.0611159801483154,1.8991379737854004,1.8991379737854004,11621744,86929582.54336853
14/11/2020,1.9170160293579102,2.0334908962249756,1.8752789497375488,2.020792007446289,8134593,92395446.39953326
15/11/2020,2.04323410987854,2.209059000015259,1.9168479442596436,1.9170160293579102,18621333,88345125.41853492
16/11/2020,2.255354881286621,2.36021089553833,1.9948530197143555,2.04323410987854,22156135,93688715.99840245
17/11/2020,2.202181100845337,2.318186044692993,2.1325900554656982,2.2810800075531006,17074175,103751002.08687328
18/11/2020,2.1150290966033936,2.2059218883514404,2.012692928314209,2.202181100845337,14629648,101161954.40612784
19/11/2020,2.0767691135406494,2.1750218868255615,2.0181660652160645,2.1150290966033936,10155987,97122156.74764428
20/11/2020,2.0953919887542725,2.230391025543213,2.056972026824951,2.0767691135406494,11113990,95016544.57983688
21/11/2020,2.382205009460449,2.4988279342651367,2.0485239028930664,2.0953919887542725,20288343,96699115.09128667
22/11/2020,2.1448450088500977,2.4038209915161133,2.0539379119873047,2.382205009460449,16416065,109103139.9036232
23/11/2020,2.276376962661743,2.3515989780426025,2.1203150749206543,2.1448450088500977,15487339,99643753.24807031
24/11/2020,2.2679669857025146,2.466383934020996,2.1437950134277344,2.2772409915924072,25036626,104405683.73789696
25/11/2020,2.270034074783325,2.4775869846343994,2.182776927947998,2.2694849967956543,24870951,103371313.28825708
26/11/2020,1.9030369520187378,2.2917020320892334,1.7414929866790771,2.2665340900421143,33038223,103929950.4113385
27/11/2020,1.8579490184783936,1.9706530570983887,1.7803629636764526,1.9033349752426147,13307808,87261948.4587302
28/11/2020,1.8889349699020386,1.939715027809143,1.8107099533081055,1.8598250150680542,11661883,85368717.62930092
29/11/2020,1.915155053138733,1.9438849687576294,1.8572269678115845,1.8879129886627197,6139511,86876340.85848026
30/11/2020,1.9668910503387451,2.0135910511016846,1.911929965019226,1.9151420593261719,8716571,87979239.4231415
01/12/2020,1.976307988166809,2.130341053009033,1.932263970375061,1.9683209657669067,12847022,90930509.95528533
02/12/2020,2.115401029586792,2.187437057495117,1.9566999673843384,1.9772659540176392,15849828,91819218.14741091
03/12/2020,2.1003708839416504,2.2213099002838135,2.0850300788879395,2.117116928100586,18106122,98158810.32584806
04/12/2020,1.8559529781341553,2.1120710372924805,1.847344994544983,2.098602056503296,9019864,97007192.41882148
05/12/2020,1.9787739515304565,1.9807219505310059,1.8254940509796143,1.8559679985046387,7750781,86302542.38359374
06/12/2020,1.8542490005493164,1.9838980436325073,1.8158539533615112,1.9786579608917236,7167230,91469353.58874711
07/12/2020,1.8311729431152344,1.8956880569458008,1.8094849586486816,1.8534510135650635,6425070,85608059.73744749
08/12/2020,1.6653519868850708,1.8315809965133667,1.6451059579849243,1.8312220573425293,11304051,84695936.97844146
09/12/2020,1.6623040437698364,1.6742769479751587,1.5036760568618774,1.6646219491958618,10461119,77643530.78405608
10/12/2020,1.5741510391235352,1.6651350259780884,1.545240044593811,1.6624139547348022,6167983,77258533.71758029
11/12/2020,1.4445849657058716,1.5767090320587158,1.4406019449234009,1.5723659992218018,8273918,73019479.91112876
12/12/2020,1.4909119606018066,1.5374289751052856,1.4407060146331787,1.4415899515151978,7085231,67063074.53264825
13/12/2020,1.5654560327529907,1.642915964126587,1.458117961883545,1.4907150268554688,8389349,68998005.96321389
14/12/2020,1.5916459560394287,1.6228690147399902,1.5236979722976685,1.5679680109024048,8672052,72368450.61816674
15/12/2020,1.7606710195541382,1.7994129657745361,1.5892629623413086,1.5910300016403198,19470080,74144495.06564687
16/12/2020,1.7835979461669922,1.7875839471817017,1.610018014907837,1.76009202003479,18277631,80958321.29626867
17/12/2020,1.6786340475082397,1.8031200170516968,1.6552170515060425,1.783892035484314,15461477,82697026.71230772
18/12/2020,1.698799967765808,1.706326961517334,1.6369869709014893,1.6790239810943604,7879397,77962145.67023137
19/12/2020,1.6686509847640991,1.7642539739608765,1.6642630100250244,1.699267029762268,9095045,79098065.29444037
20/12/2020,1.5635759830474854,1.6844300031661987,1.5277140140533447,1.670714020729065,9093229,77655684.25950308
21/12/2020,1.5419150590896606,1.61832594871521,1.4951510429382324,1.5637749433517456,8333991,72790529.40428856
22/12/2020,1.4902859926223755,1.574079990386963,1.4744850397109985,1.5396089553833008,11066565,71954471.52541262
23/12/2020,1.2056920528411865,1.5105849504470825,1.0901609659194946,1.4902199506759644,16776307,69532641.54486774
24/12/2020,1.3624080419540405,1.3836679458618164,1.1730070114135742,1.207705020904541,9236939,56718890.08800321
25/12/2020,1.445402979850769,1.4529240131378174,1.3472360372543335,1.3614959716796875,9359549,63270395.09871319
26/12/2020,1.3242379426956177,1.4475170373916626,1.313423991203308,1.4460140466690063,6798656,67364923.8031706
27/12/2020,1.3030420541763306,1.4087450504302979,1.2682499885559082,1.3250739574432373,12286531,61824850.92219503
28/12/2020,1.515684962272644,1.5170379877090454,1.294348955154419,1.3039929866790771,12668150,61706533.09169116
29/12/2020,1.6743450164794922,1.7275819778442383,1.4397200345993042,1.515462040901184,26355259,70774348.23560144
30/12/2020,1.5354570150375366,1.6807910203933716,1.5298329591751099,1.669693946838379,12663616,78352281.80230162
31/12/2020,1.5108979940414429,1.5506099462509155,1.4302630424499512,1.535606026649475,12763260,71585859.2732059
01/01/2021,1.8420840501785278,1.8596559762954712,1.5020380020141602,1.5097750425338745,25722549,69766796.8517985
02/01/2021,1.7992750406265259,1.9892950057983398,1.7214820384979248,1.8455859422683716,31671064,86318139.65505527
03/01/2021,2.1617519855499268,2.364980936050415,1.7999019622802734,1.7999019622802734,55073422,84086466.39653847
04/01/2021,2.4850969314575195,2.4850969314575195,1.8763420581817627,2.16241192817688,59955405,99775343.80647424
05/01/2021,2.157217025756836,2.5026159286499023,2.077742099761963,2.4909820556640625,50555207,111799126.97201678
06/01/2021,1.929216980934143,2.185892105102539,1.9075850248336792,2.159626007080078,50263975,100329573.08891997
07/01/2021,2.3727450370788574,2.611830949783325,1.9330430030822754,1.9365860223770142,159870278,89806036.82660183
08/01/2021,3.2198870182037354,3.779320001602173,2.180928945541382,2.3687400817871094,206412154,617487734.823374
09/01/2021,3.3853819370269775,3.662787914276123,2.938307046890259,3.223541021347046,91906875,832993617.4072843
10/01/2021,3.466110944747925,3.733551025390625,3.196234941482544,3.390026092529297,62766977,895647361.5109031
11/01/2021,3.1080899238586426,3.51357102394104,2.5971240997314453,3.4610650539398193,82877500,912330458.1173432
12/01/2021,3.6133980751037598,3.8444159030914307,3.0800349712371826,3.1036880016326904,73484689,817258464.2688268
13/01/2021,3.513782024383545,3.6288249492645264,3.27492094039917,3.628382921218872,57994893,938493137.5207736
14/01/2021,3.2781639099121094,3.5428659915924072,3.181973934173584,3.516036033630371,59283112,921726565.2583522
15/01/2021,3.2501609325408936,3.4359219074249268,2.9851911067962646,3.2803990840911865,45331739,859145982.5611855
16/01/2021,3.4470551013946533,3.7032320499420166,3.248934030532837,3.248934030532837,68035606,854734765.1596448
17/01/2021,3.81813907623291,3.965372085571289,3.3197460174560547,3.4348700046539307,85407766,904006570.0309956
18/01/2021,3.7955150604248047,4.14792013168335,3.6557610034942627,3.8221309185028076,70601713,1017470477.7839756
19/01/2021,3.6418659687042236,4.031448841094971,3.609023094177246,3.7920429706573486,44547768,987108914.5515286
20/01/2021,3.7235779762268066,3.7370030879974365,3.3440840244293213,3.63557505607605,46698656,953132372.6214266
21/01/2021,2.9905359745025635,3.734325885772705,2.982696056365967,3.721669912338257,43834765,973442831.7891594
22/01/2021,3.346229076385498,3.497145891189575,2.5409860610961914,2.989919900894165,63361382,786986237.3494189
23/01/2021,3.5041120052337646,3.597301959991455,3.3157620429992676,3.3410348892211914,27904470,870802220.8670269
24/01/2021,3.634411096572876,3.7930490970611572,3.4894940853118896,3.507110118865967,32747555,910358037.3778708
25/01/2021,3.6999809741973877,3.9743568897247314,3.4513099193573,3.6346449851989746,80055958,946423915.3825784
26/01/2021,4.04734992980957,4.096916198730469,3.6826319694519043,3.6989591121673584,78823456,970376773.8007468
27/01/2021,3.690587043762207,4.048630237579346,3.531601905822754,4.048630237579346,35195110,1054703273.4109548
28/01/2021,3.8220720291137695,3.943490982055664,3.6098809242248535,3.6863698959350586,31410527,965216149.5931334
29/01/2021,3.8346760272979736,3.89260196685791,3.639385938644409,3.8615810871124268,44053151,994404569.1401207
30/01/2021,4.224276065826416,4.311975955963135,3.774104118347168,3.837682008743286,53378198,1011832935.6122584
31/01/2021,4.264143943786621,4.787010192871094,4.170497894287109,4.237314224243164,78376267,1099976702.0181136
01/02/2021,4.611601829528809,4.611601829528809,4.118255138397217,4.261250972747803,39361629,1108554251.4633815
02/02/2021,5.267508029937744,5.403642177581787,4.480119228363037,4.613740921020508,98755962,1181003688.1507916
03/02/2021,5.71599006652832,5.780780792236328,5.072738170623779,5.246592044830322,49386327,1375270992.6864705
04/02/2021,6.426064968109131,6.53101110458374,5.603236198425293,5.731748104095459,108249482,1486424501.2461636
05/02/2021,6.681719779968262,7.127117156982422,6.426446914672852,6.435369968414307,92892157,1677733734.3813236
06/02/2021,6.110806941986084,6.799130916595459,5.713828086853027,6.687301158905029,102365494,1732564478.94795
07/02/2021,6.700462818145752,6.871513843536377,5.76859188079834,6.117644786834717,105451103,1614662623.626382
08/02/2021,7.8832502365112305,8.055932998657227,6.488927841186523,6.702446937561035,155254261,1741080410.398057
09/02/2021,7.816792964935303,8.46778392791748,7.570215225219727,7.869794845581055,121037873,2067531944.1291592
10/02/2021,9.072214126586914,9.072604179382324,7.613846778869629,7.818552017211914,120679902,2066515667.7340856
11/02/2021,9.215352058410645,9.707003593444824,8.761316299438477,9.08035659790039,53600048,2347978417.7784863
12/02/2021,9.2470121383667,9.92445182800293,9.079011917114258,9.214790344238281,91484664,2396719732.172312
13/02/2021,8.732455253601074,9.499038696289062,8.683009147644043,9.23603343963623,91417968,2426763287.306892
14/02/2021,8.738896369934082,9.22029972076416,8.559715270996094,8.742988586425781,93500423,2299907027.7197843
15/02/2021,8.861739158630371,9.310638427734375,7.840470790863037,8.724266052246094,109854635,2299584697.079879
16/02/2021,8.297866821289062,8.980367660522461,7.983557224273682,8.860748291015625,71625205,2319301370.904806
17/02/2021,8.222577095031738,8.433298110961914,7.544398784637451,8.298688888549805,89948578,2184260799.960396
18/02/2021,8.980451583862305,9.2791748046875,8.232871055603027,8.232871055603027,77306770,2173930631.1428275
19/02/2021,11.465653419494629,11.680577278137207,8.556981086730957,8.97996997833252,261175711,2375754523.610692
20/02/2021,10.002663612365723,11.786737442016602,9.8158540725708,11.478087425231934,140264810,2993685734.1051297
21/02/2021,11.0855131149292,11.640289306640625,9.887046813964844,9.987549781799316,137742366,2615417098.019502
22/02/2021,14.454785346984863,14.54564094543457,9.255904197692871,11.073036193847656,574136241,2943199329.545796
23/02/2021,15.2015380859375,15.74337100982666,11.599893569946289,14.421626091003418,485252846,3751426598.917991
24/02/2021,17.30270767211914,18.146621704101562,14.861799240112305,15.213842391967773,375439707,4014384609.485051
25/02/2021,13.816014289855957,17.695444107055664,13.795912742614746,17.230182647705078,364505276,4630153132.806194
26/02/2021,13.58794116973877,15.483704566955566,13.12014102935791,13.865891456604004,289687328,3670715311.01561
27/02/2021,13.201168060302734,14.612065315246582,13.057272911071777,13.601573944091797,247640940,3630663218.351275
28/02/2021,13.08924674987793,13.77901554107666,11.489982604980469,13.20776653289795,300493226,3502097092.0348463
01/03/2021,14.955588340759277,15.516057014465332,13.057385444641113,13.108434677124023,306451693,3482110143.44744
02/03/2021,13.958921432495117,15.224124908447266,13.460748672485352,14.96684455871582,178549852,3973508157.319812
03/03/2021,14.115591049194336,14.729358673095703,13.767048835754395,13.963540077209473,153830742,3703367097.583984
04/03/2021,13.097983360290527,14.260360717773438,12.771269798278809,14.094866752624512,116364466,3742765612.839295
05/03/2021,12.610443115234375,13.079861640930176,12.184608459472656,13.066306114196777,90978408,3465889173.00098
06/03/2021,13.036458015441895,13.27048110961914,11.901227951049805,12.569936752319336,118851546,3328224948.5193915
07/03/2021,13.877732276916504,13.996903419494629,12.726385116577148,13.043927192687988,117548176,3455484976.176569
08/03/2021,13.602188110351562,13.87082576751709,13.08228874206543,13.826814651489258,115525659,3683032789.5785527
09/03/2021,14.84631061553955,14.986444473266602,13.320186614990234,13.615290641784668,134867044,3627821384.30089
10/03/2021,14.231083869934082,15.18793773651123,14.07906436920166,14.850929260253906,103150901,3948666694.263174
11/03/2021,15.992279052734375,16.239398956298828,13.704225540161133,14.219837188720703,229272516,3801048410.638191
12/03/2021,14.552142143249512,16.485795974731445,14.111228942871094,16.020919799804688,185287457,4251534865.370938
13/03/2021,15.308802604675293,15.394397735595703,13.920056343078613,14.563802719116211,145102757,3904039878.018883
14/03/2021,14.50826644897461,15.349831581115723,14.378764152526855,15.301581382751465,90232804,4102822643.225109
15/03/2021,14.186661720275879,14.790472984313965,13.698057174682617,14.477127075195312,102600692,3914890622.835212
16/03/2021,13.622773170471191,14.282896041870117,13.229814529418945,14.163911819458008,112303590,3802503168.319744
17/03/2021,14.220203399658203,14.266797065734863,13.130529403686523,13.634963989257812,94696339,3652666107.3940897
18/03/2021,14.230025291442871,14.745476722717285,13.82728385925293,14.210677146911621,79074263,3813907144.3630457
19/03/2021,14.204795837402344,14.488219261169434,13.93245792388916,14.232649803161621,68715211,3818502582.108464
20/03/2021,14.211980819702148,14.978218078613281,14.152045249938965,14.195825576782227,68049683,3784530964.203633
21/03/2021,14.332205772399902,14.36572265625,13.668253898620605,14.218328475952148,64229338,3827195162.447837
22/03/2021,14.919293403625488,16.599872589111328,14.202885627746582,14.3502779006958,260995136,3820743747.1802936
23/03/2021,14.20483112335205,15.243708610534668,14.097057342529297,14.84861946105957,106780662,3996883816.28734
24/03/2021,13.661297798156738,15.371431350708008,13.661297798156738,14.190396308898926,118813690,3797038254.76521
25/03/2021,13.02508544921875,13.705249786376953,12.614725112915039,13.650586128234863,116277943,3673111725.425858
26/03/2021,14.779420852661133,14.804293632507324,12.370457649230957,13.01952838897705,149987319,3458196577.606995
27/03/2021,16.50832176208496,16.80416488647461,14.75804615020752,14.786246299743652,223872587,3952457817.8285327
28/03/2021,18.016233444213867,19.386005401611328,16.345008850097656,16.47942352294922,426120062,4447942286.041741
29/03/2021,18.854808807373047,18.987842559814453,17.700363159179688,18.083303451538086,216748601,4849136131.610755
30/03/2021,19.233924865722656,20.869474411010742,18.891403198242188,18.891403198242188,264028427,5060496028.96088
31/03/2021,19.465229034423828,19.795801162719727,18.1562557220459,19.1016845703125,206011018,5140859722.050636
01/04/2021,19.084901809692383,20.361539840698242,18.84424591064453,19.415681838989258,173731886,5229172252.453522
02/04/2021,19.810222625732422,19.824573516845703,18.568418502807617,19.084630966186523,131061660,5115358904.3969
03/04/2021,22.552276611328125,23.82718849182129,19.78944969177246,19.796451568603516,483057740,5287278539.188044
04/04/2021,24.061323165893555,25.56953239440918,22.212968826293945,22.52737045288086,426557980,6076766593.933186
05/04/2021,22.984283447265625,24.777637481689453,22.80645179748535,23.9288387298584,264085329,6459213598.5183325
06/04/2021,24.95714569091797,25.346525192260742,21.87661361694336,22.977840423583984,320886935,6143755028.531597
07/04/2021,26.47808074951172,27.48761558532715,23.089359283447266,25.145559310913086,676846221,6677871480.251414
08/04/2021,27.033987045288086,27.97001075744629,25.72493553161621,26.51459312438965,377988327,7244692415.792232
09/04/2021,27.778274536132812,29.014734268188477,26.903825759887695,26.985803604125977,282477938,7238834909.900146
10/04/2021,26.84140396118164,28.257970809936523,25.963226318359375,27.64971160888672,270235258,7509326042.822403
11/04/2021,27.9318904876709,28.687227249145508,25.578319549560547,26.80805015563965,232938762,7243681262.228849
12/04/2021,28.512123107910156,29.862302780151367,26.842742919921875,27.918367385864258,308804546,7504132255.224255
13/04/2021,27.4355525970459,28.797941207885742,26.4176025390625,28.541011810302734,258183912,7668557969.184397
14/04/2021,26.47511100769043,27.48269271850586,24.792020797729492,27.400005340576172,342565805,7477651408.251167
15/04/2021,27.818313598632812,28.249399185180664,25.53941535949707,26.436843872070312,221346739,7124964901.168281
16/04/2021,25.39736557006836,28.226879119873047,24.972917556762695,27.820323944091797,240665351,7510746946.813054
17/04/2021,25.09987449645996,26.819766998291016,25.09987449645996,25.369205474853516,201720376,6847726667.985529
18/04/2021,32.30291748046875,32.90256881713867,21.539209365844727,25.135501861572266,1155150688,6763365116.21136
19/04/2021,31.67589569091797,36.080257415771484,29.925907135009766,32.33952331542969,1219130981,8839759827.800987
20/04/2021,31.77005386352539,32.69721984863281,28.932571411132812,31.476289749145508,793008154,8636876765.15214
21/04/2021,32.51304244995117,35.004302978515625,30.167491912841797,31.681537628173828,729130141,8638723481.256248
22/04/2021,38.8797607421875,40.97186279296875,31.600690841674805,32.68342971801758,1638622971,8840620046.282288
23/04/2021,36.97842025756836,41.463260650634766,31.664270401000977,38.8991813659668,1612232268,10546870753.411224
24/04/2021,40.7373161315918,43.532222747802734,34.683292388916016,37.25749588012695,1101380795,10009570403.266832
25/04/2021,47.36762619018555,48.43426513671875,40.51201629638672,40.8454704284668,1583800800,11122055713.48721
26/04/2021,43.97651672363281,48.31078338623047,43.371726989746094,47.54185485839844,1357487872,12948847195.888563
27/04/2021,43.2390022277832,46.54861068725586,42.55732727050781,43.89356994628906,904891996,12053853291.95677
28/04/2021,44.825984954833984,46.91656494140625,40.67207336425781,43.161441802978516,1021154320,11730117463.908833
29/04/2021,42.460540771484375,46.07149124145508,40.950984954833984,44.84994888305664,772259307,12162250490.154093
30/04/2021,42.95600128173828,44.2701530456543,41.24350357055664,42.50004577636719,534976437,11521025311.458416
01/05/2021,49.50802230834961,49.84457778930664,42.03086471557617,42.89333724975586,859524423,11625206342.893156
02/05/2021,46.890987396240234,49.896671295166016,45.9818229675293,49.50080490112305,571072187,13505629296.647703
03/05/2021,45.93368911743164,49.00945281982422,45.04447555541992,46.90397644042969,609194252,12731441940.852585
04/05/2021,42.729557037353516,47.75715637207031,42.31310272216797,45.983360290527344,682976428,12596937422.5915
05/05/2021,44.92357635498047,45.927791595458984,42.31573486328125,42.637237548828125,503781975,11695753640.918264
06/05/2021,43.4556770324707,44.97405242919922,42.591583251953125,44.97405242919922,391497018,12196654588.937689
07/05/2021,43.1550178527832,46.05956268310547,41.43837356567383,43.502655029296875,514344601,11848638343.099876
08/05/2021,45.56153106689453,46.6390266418457,42.29801940917969,43.15206527709961,451056655,11736620149.519144
09/05/2021,44.330196380615234,47.1212158203125,43.29694366455078,45.61763000488281,510603312,12483159691.847982
10/05/2021,42.90963363647461,45.87750244140625,39.5588493347168,44.34209442138672,499528076,12070625546.32745
11/05/2021,44.57746887207031,45.15120315551758,39.762969970703125,42.87227249145508,473731333,11724389834.30516
12/05/2021,42.45730972290039,48.979034423828125,42.45730972290039,44.59152603149414,1151668076,12215743859.11548
13/05/2021,40.99785232543945,45.41709899902344,37.526893615722656,43.235084533691406,1016860656,12440648899.351025
14/05/2021,42.717864990234375,44.79143524169922,39.986053466796875,41.03451919555664,504167711,11096669650.829687
15/05/2021,43.461307525634766,45.391788482666016,39.37460708618164,42.699947357177734,500445722,11689352286.16738
16/05/2021,47.200828552246094,52.50135040283203,41.915496826171875,43.40169143676758,1990976771,11799908298.851982
17/05/2021,46.86320495605469,51.87602996826172,43.30291748046875,46.89802169799805,1951921366,12808567896.878408
18/05/2021,55.91096115112305,58.30292510986328,46.187557220458984,46.66041946411133,2025388219,12904194705.374098
19/05/2021,35.107181549072266,57.52577209472656,29.429859161376953,56.089256286621094,2772224999,15371663655.587006
20/05/2021,44.74274826049805,51.25844955444336,32.31814193725586,35.04304504394531,2487748626,9921711894.075151
21/05/2021,38.81285095214844,47.645591735839844,33.83739471435547,44.4472541809082,1769762028,12171270499.157091
22/05/2021,31.315582275390625,40.009578704833984,31.25486183166504,38.988380432128906,1078751751,10430110171.295876
23/05/2021,24.68874740600586,32.4362678527832,19.13983917236328,31.225767135620117,1925832341,8668570148.20386
24/05/2021,31.283571243286133,32.094451904296875,24.498319625854492,24.498319625854492,1346786023,6741153859.711209
25/05/2021,29.99707794189453,33.130126953125,26.100074768066406,31.396347045898438,909470305,8456340961.644993
26/05/2021,35.539817810058594,37.23763656616211,29.008554458618164,30.047990798950195,1069991365,8200361459.252724
27/05/2021,33.584590911865234,35.52705001831055,31.12712860107422,35.48244857788086,649389058,9637728345.153328
28/05/2021,29.039276123046875,34.502506256103516,28.0671443939209,33.6755256652832,600255582,9223068939.871317
29/05/2021,27.376420974731445,30.0223388671875,25.750940322875977,29.003129959106445,376859866,7915741496.510311
30/05/2021,28.602659225463867,29.74925422668457,25.650293350219727,27.408315658569336,359661704,7555682949.616899
31/05/2021,32.816246032714844,32.98358917236328,27.52474594116211,28.60424041748047,534826504,7786190305.535411
01/06/2021,30.985260009765625,33.2899169921875,29.880172729492188,32.7708854675293,432053117,8921358871.643251
02/06/2021,33.95631790161133,35.03815460205078,30.432857513427734,30.935237884521484,497567418,8466375153.864945
03/06/2021,39.47090530395508,41.14537811279297,33.792232513427734,34.018714904785156,960056106,9317118424.38306
04/06/2021,37.415069580078125,39.60986328125,34.3109016418457,39.581302642822266,1056279506,10988660955.92941
05/06/2021,39.58539962768555,42.82267379760742,37.0991096496582,37.41737747192383,1112426664,10271428908.065245
06/06/2021,42.30837631225586,43.377193450927734,38.96399688720703,39.74912643432617,794387364,10611364493.458803
07/06/2021,38.262332916259766,44.10055923461914,38.09083938598633,42.25367736816406,923157614,11508207254.494314
08/06/2021,41.51781463623047,42.47829055786133,33.68545913696289,38.25127029418945,1786996802,10637505878.18168
09/06/2021,42.031776428222656,43.99756622314453,39.36863327026367,41.27979278564453,1218831041,11375166576.681131
10/06/2021,41.09867477416992,43.00490951538086,39.59678268432617,42.0240364074707,595246689,11544497584.210085
11/06/2021,36.046085357666016,41.31248474121094,35.31117248535156,41.11015319824219,518666603,11231058225.872488
12/06/2021,36.441688537597656,37.61422348022461,34.31815719604492,36.16435241699219,549070417,9831892846.255322
13/06/2021,38.77043533325195,39.3599739074707,34.782989501953125,36.51470947265625,452988674,10095207879.649364
14/06/2021,38.71305465698242,40.47652053833008,36.81413269042969,38.70452117919922,477871463,10521989454.932695
15/06/2021,41.153648376464844,41.75867462158203,39.435813903808594,40.53583908081055,605285143,10808680336.53195
16/06/2021,39.703617095947266,41.496307373046875,37.50349807739258,39.54534912109375,576016902,10852976029.829046
17/06/2021,39.264591217041016,41.237430572509766,38.28608322143555,39.68927001953125,417775600,10781816203.272686
18/06/2021,36.64879608154297,39.427127838134766,35.0040168762207,39.26678466796875,424163369,10638298323.849005
19/06/2021,35.35343551635742,37.35458755493164,34.981605529785156,36.81910705566406,264640750,10008182630.914902
20/06/2021,35.32201385498047,35.92838668823242,31.36209487915039,35.23702621459961,452587531,9621683962.87426
21/06/2021,26.657400131225586,35.497615814208984,25.949079513549805,35.261436462402344,760344541,9611623563.108702
22/06/2021,26.7718563079834,28.712968826293945,20.380443572998047,26.592830657958984,1258580061,7439425733.837019
23/06/2021,30.048887252807617,32.7729606628418,25.69648551940918,26.91294288635254,1111302687,7157859824.732246
24/06/2021,31.181034088134766,32.991310119628906,28.548385620117188,30.846078872680664,641150364,8377496849.572571
25/06/2021,28.698862075805664,32.90251541137695,28.035079956054688,31.16853141784668,632052177,8585542319.490724
26/06/2021,29.712854385375977,30.007036209106445,26.710813522338867,28.607898712158203,560342710,7985242401.768215
27/06/2021,31.929391860961914,31.929391860961914,29.271196365356445,29.752639770507812,497353288,7914659494.026683
28/06/2021,32.92778015136719,34.24322509765625,31.035127639770508,31.880830764770508,473612135,8602431238.497906
29/06/2021,33.86680221557617,35.788578033447266,32.7266845703125,33.00978469848633,471854279,9040653316.656572
30/06/2021,35.55640411376953,35.9547233581543,31.601350784301758,33.96297073364258,570984168,9355893411.033451
01/07/2021,33.40403366088867,35.53819274902344,32.38627243041992,35.505653381347656,474665321,9784660089.64145
02/07/2021,34.02048110961914,34.03178787231445,31.479923248291016,33.30630874633789,440298780,9145093164.974163
03/07/2021,34.478816986083984,35.40476989746094,33.2984733581543,34.01557540893555,327019964,9219660440.797184
04/07/2021,34.31060028076172,35.50237274169922,33.55573654174805,34.4951171875,303420520,9395489549.381342
05/07/2021,32.984588623046875,34.461822509765625,32.48269271850586,34.28255081176758,313839322,9396692749.038609
06/07/2021,34.26913833618164,34.97831726074219,32.93030548095703,32.93030548095703,365336040,9033978686.400784
07/07/2021,36.59136962890625,38.01170349121094,33.8420295715332,34.23280715942383,519252659,9343669279.576614
08/07/2021,33.20372772216797,36.915283203125,32.80227279663086,36.71971893310547,498201257,9995196544.250605
09/07/2021,33.2646484375,34.38794708251953,31.99104881286621,33.13433074951172,327170629,9137574846.549248
10/07/2021,31.788644790649414,34.14048767089844,31.186784744262695,33.31843948364258,296566657,9138440436.827875
11/07/2021,32.17784118652344,32.53633499145508,31.41175651550293,31.693038940429688,211679810,8716478997.829847
12/07/2021,30.848087310791016,32.6440544128418,30.074201583862305,32.17338943481445,221058993,8760359617.466415
13/07/2021,29.12118911743164,31.093704223632812,28.918607711791992,30.78640365600586,197825362,8429306463.204107
14/07/2021,31.2810001373291,31.435338973999023,27.515703201293945,29.14269256591797,331866434,7953342249.0019
15/07/2021,28.45210075378418,31.4834041595459,28.008403778076172,31.360700607299805,329918376,8488446183.42694
16/07/2021,26.37000846862793,29.442203521728516,26.228809356689453,28.5490665435791,374718328,7712932810.684437
17/07/2021,26.721668243408203,27.69698715209961,26.04067039489746,26.25412368774414,289689475,7168957057.321149
18/07/2021,26.751909255981445,27.733564376831055,26.360977172851562,26.784170150756836,230336396,7314497718.903992
19/07/2021,24.44757652282715,26.72174644470215,24.012245178222656,26.671239852905273,361915410,7331794881.762145
20/07/2021,23.48955535888672,24.975603103637695,22.177541732788086,24.51030158996582,413439963,6774142705.91918
21/07/2021,26.623079299926758,27.4164981842041,22.86536979675293,23.443456649780273,555770206,6500208589.083082
22/07/2021,27.70208168029785,28.135990142822266,25.95220947265625,26.66532325744629,364666998,7243897344.253764
23/07/2021,28.513879776000977,28.690610885620117,26.425710678100586,27.70650863647461,407955237,7561860534.399218
24/07/2021,28.702619552612305,29.50779914855957,28.06863784790039,28.517900466918945,353750758,7713349030.470103
25/07/2021,28.168773651123047,28.87297821044922,26.528553009033203,28.64940071105957,309208018,7794117620.737434
26/07/2021,28.306642532348633,31.05401611328125,27.903797149658203,28.227025985717773,743673802,7718142916.945531
27/07/2021,28.065326690673828,28.95267105102539,27.005430221557617,28.210498809814453,375599550,7706970297.480305
28/07/2021,27.815410614013672,28.7469539642334,27.41233253479004,28.145641326904297,315682626,7591579830.598075
29/07/2021,31.281137466430664,31.88614845275879,27.372438430786133,27.877975463867188,448009571,7595729558.871121
30/07/2021,32.393943786621094,33.05512619018555,30.067672729492188,31.275415420532227,617830199,8603692851.645973
31/07/2021,36.82731246948242,36.86825942993164,31.68321990966797,32.35328674316406,587168181,8782089188.680168
01/08/2021,34.25436019897461,36.719913482666016,33.28300476074219,36.67912673950195,490639931,9870964496.720772
02/08/2021,33.22241973876953,35.91239547729492,33.06065368652344,34.1905632019043,407399691,9272656715.856789
03/08/2021,33.99644088745117,35.833091735839844,32.40266036987305,33.19142532348633,474629269,9090469010.815338
04/08/2021,35.76362609863281,36.6524772644043,33.2731819152832,34.10835647583008,413657602,9368039157.991346
05/08/2021,37.35513687133789,38.208866119384766,35.53385543823242,35.771976470947266,595137193,9803376069.99858
06/08/2021,39.446102142333984,40.388084411621094,35.68829345703125,37.3553581237793,589190671,10217649265.24856
07/08/2021,39.403472900390625,40.50587844848633,37.62660217285156,39.49230194091797,534979916,10788517295.598757
08/08/2021,37.673824310302734,39.53329086303711,36.935577392578125,39.465904235839844,358570315,10716940358.77982
09/08/2021,38.767784118652344,40.00484085083008,36.481170654296875,37.66049575805664,377034585,10274392698.30968
10/08/2021,40.63979721069336,41.66090774536133,38.22317123413086,38.678810119628906,452480699,10540000830.327097
11/08/2021,41.74411392211914,43.739139556884766,40.628238677978516,40.64894104003906,507980107,11060502356.763584
12/08/2021,41.099361419677734,43.40190887451172,39.38155746459961,41.70451354980469,527833804,11911671445.966951
13/08/2021,44.894500732421875,44.9005241394043,40.72161865234375,41.1143684387207,541894525,11719191265.4597
14/08/2021,44.112850189208984,44.871238708496094,42.937660217285156,44.85142517089844,363834257,12659136195.430464
15/08/2021,53.74515914916992,54.62955093383789,43.450008392333984,44.14995574951172,1448656564,12632010978.831278
16/08/2021,62.432464599609375,68.82237243652344,52.465850830078125,53.5411491394043,3799339365,15290073919.010555
17/08/2021,64.21070861816406,74.8892593383789,58.9813346862793,62.11532974243164,4043742154,18474853367.36561
18/08/2021,72.5433120727539,80.11990356445312,60.26971435546875,64.16835021972656,4507409622,18770890602.314026
19/08/2021,72.75760650634766,75.09242248535156,68.6104965209961,72.83856201171875,2467398203,21274810508.661808
20/08/2021,78.72461700439453,79.99000549316406,70.93728637695312,72.7489013671875,1844455899,20809209324.240616
21/08/2021,73.75621032714844,81.81377410888672,72.69692993164062,78.69892883300781,1513097171,22425622491.819256
22/08/2021,72.80391693115234,77.48115539550781,71.55394744873047,73.86833953857422,968933849,21281170312.308853
23/08/2021,75.70803833007812,76.70532989501953,71.68074798583984,72.7694091796875,1372134245,20991469522.08777
24/08/2021,70.67090606689453,79.3709487915039,68.61978912353516,75.7801742553711,2153611667,22022469783.777603
25/08/2021,71.95156860351562,72.70286560058594,66.22276306152344,70.67996215820312,1551240766,20724670218.176235
26/08/2021,75.31620788574219,78.05520629882812,66.26455688476562,71.97343444824219,2713050538,20802776475.0368
27/08/2021,88.08698272705078,88.85427856445312,72.71512603759766,74.81178283691406,3263988286,22227352877.21953
28/08/2021,96.70317077636719,97.84294891357422,85.79064178466797,88.00001525878906,2580080503,25629594571.27215
29/08/2021,94.46967315673828,97.77787780761719,90.99362182617188,96.56397247314453,1830344091,28329094352.2672
30/08/2021,110.54480743408203,116.85022735595703,94.0377197265625,94.3448715209961,5274104165,27304152716.88658
31/08/2021,108.48377227783203,130.01461791992188,103.35130310058594,109.75614929199219,7590894022,31920673369.62922
01/09/2021,111.03300476074219,119.53011322021484,106.27082061767578,107.4444808959961,3974443896,31632430274.413536
02/09/2021,128.10238647460938,131.96188354492188,109.65261840820312,110.73123931884766,5074399603,32218252304.33078
03/09/2021,146.5830535888672,148.8341827392578,128.3890838623047,128.3890838623047,7526373837,37338512656.086975
04/09/2021,139.11306762695312,150.42855834960938,136.44955444335938,146.4184112548828,3970422964,42571321335.87376
05/09/2021,142.0708770751953,144.99786376953125,135.07997131347656,138.99014282226562,2996918105,40720531105.91831
06/09/2021,164.38092041015625,165.8787384033203,138.0382080078125,142.0628204345703,5774090688,41412015757.628494
07/09/2021,173.14892578125,194.8197021484375,133.10025024414062,164.18368530273438,17068643416,47904979408.22902
08/09/2021,191.04139709472656,197.989013671875,147.99118041992188,173.278564453125,13187213606,51322390022.24564
09/09/2021,188.19580078125,214.95718383789062,181.4458770751953,209.47079467773438,12676272744,55627271034.27753
10/09/2021,179.865234375,196.9451904296875,168.69082641601562,187.61280822753906,7087524572,55264334912.28869
11/09/2021,178.8678741455078,193.40560913085938,175.56541442871094,179.36622619628906,5367389010,52325632036.02054
12/09/2021,174.53762817382812,181.56825256347656,170.5845947265625,179.23016357421875,3012633094,52220905554.67757
13/09/2021,169.26954650878906,174.93186950683594,150.9744110107422,174.41845703125,6437530449,51473851354.0501
14/09/2021,158.09481811523438,171.30116271972656,143.55311584472656,169.77452087402344,5799758794,49653193581.09068
15/09/2021,159.1173858642578,166.17529296875,154.2395477294922,158.41543579101562,3908939772,46493824080.66087
16/09/2021,152.47406005859375,163.12283325195312,147.6532745361328,158.80728149414062,3215168472,46994383928.49487
17/09/2021,147.5930633544922,153.44493103027344,135.24522399902344,152.3514404296875,4675731485,45094080634.83586
18/09/2021,169.18421936035156,171.1427764892578,144.3922576904297,147.44876098632812,5415012910,43906621683.99821
19/09/2021,152.51669311523438,170.65211486816406,151.2509765625,169.22633361816406,3350530308,50565779823.43124
20/09/2021,132.13446044921875,153.38766479492188,131.2610321044922,152.7944793701172,5623667250,45589411995.17647
21/09/2021,123.95039367675781,144.46844482421875,116.34320068359375,132.76231384277344,5243953819,39478971644.30225
22/09/2021,147.92425537109375,150.94151306152344,122.34915924072266,124.17745208740234,4952222859,36248052948.59296
23/09/2021,149.75357055664062,152.364990234375,143.20126342773438,148.05516052246094,3389212044,44125796474.8162
24/09/2021,139.39564514160156,151.201904296875,128.8013153076172,149.9354705810547,3852350632,44686382478.55573
25/09/2021,136.17892456054688,144.0725555419922,134.10775756835938,139.2965545654297,2037106949,41548029058.16029
26/09/2021,135.69937133789062,140.7817840576172,125.11542510986328,136.21615600585938,2674182809,40572796552.98121
27/09/2021,136.72842407226562,148.49783325195312,133.98428344726562,135.93136596679688,2867246888,40356234736.375404
28/09/2021,131.53721618652344,139.2943572998047,128.2448272705078,136.5089111328125,2422542861,40533909717.20195
29/09/2021,135.35145568847656,140.03817749023438,131.2336883544922,132.33853149414062,2428105040,39030320223.35616
30/09/2021,141.0690460205078,142.85316467285156,134.31326293945312,135.41290283203125,2244376110,40196990252.30242
01/10/2021,161.682373046875,164.737548828125,138.4369354248047,141.38291931152344,4387488320,42018890336.78696
02/10/2021,169.093017578125,174.90069580078125,156.3223419189453,161.59439086914062,3471658582,47883980396.73367
03/10/2021,172.5891571044922,176.9703369140625,166.07000732421875,169.11370849609375,3149579954,50355827427.96756
04/10/2021,166.73191833496094,172.9616241455078,162.77333068847656,172.9616241455078,3109040100,51567116629.13389
05/10/2021,164.11582946777344,169.9793701171875,160.59315490722656,166.99496459960938,2541087419,50072719494.08351
06/10/2021,154.1077423095703,165.3619842529297,150.76837158203125,164.60519409179688,3259712887,49008643389.98899
07/10/2021,154.28118896484375,161.3629913330078,150.5420379638672,153.96115112304688,2579187256,46002942256.33727
08/10/2021,158.94920349121094,168.84637451171875,152.75576782226562,154.2565460205078,2781848650,46145608847.85937
09/10/2021,156.82583618164062,161.40731811523438,154.8697967529297,158.70469665527344,1522023824,47345863609.85284
10/10/2021,148.0487060546875,158.361572265625,146.8982391357422,156.75192260742188,1556965341,47177850270.14671
11/10/2021,144.85813903808594,153.921142578125,140.3639678955078,147.80044555664062,1851795187,44343249688.30569
12/10/2021,152.73712158203125,153.26397705078125,137.8115692138672,145.00765991210938,2853992440,43203031420.33364
13/10/2021,148.17604064941406,155.34799194335938,144.40786743164062,152.52392578125,2105226551,45622740431.63671
14/10/2021,149.75680541992188,155.32974243164062,147.3309326171875,148.01727294921875,1948101208,44499473671.88846
15/10/2021,162.59620666503906,165.12220764160156,146.98483276367188,150.04660034179688,3970589003,45052609321.74922
16/10/2021,157.538818359375,164.71371459960938,156.73756408691406,163.0070343017578,1531502795,48823858407.19429
17/10/2021,159.74380493164062,167.42599487304688,154.09034729003906,157.46356201171875,2168838138,47599650302.30947
18/10/2021,157.2312774658203,162.8562774658203,155.0302276611328,159.9974822998047,1698878759,47919023512.03581
19/10/2021,156.01702880859375,159.40586853027344,153.22100830078125,157.210205078125,1400902548,47243856329.811134
20/10/2021,175.94686889648438,176.440673828125,155.19984436035156,155.88339233398438,3315306825,46992561227.93839
21/10/2021,190.3184356689453,193.59915161132812,176.7655487060547,176.7655487060547,6865815461,52336972845.39368
22/10/2021,196.43153381347656,214.04444885253906,188.27362060546875,190.45489501953125,7486821306,56745796681.7565
23/10/2021,197.703857421875,205.6698760986328,192.56275939941406,196.30047607421875,3253670286,59570438795.92708
24/10/2021,202.3619842529297,204.71910095214844,185.5724334716797,197.97311401367188,3413057378,59635176948.85741
25/10/2021,210.1042938232422,218.7318878173828,198.2024383544922,202.3164825439453,4837376169,60949072513.08539
26/10/2021,199.8072509765625,213.9828643798828,197.4866485595703,209.53164672851562,3194205752,63765586638.26856
27/10/2021,183.77459716796875,205.4047393798828,178.73086547851562,199.87448120117188,4552692842,60474514072.54135
28/10/2021,194.86398315429688,201.0453643798828,182.217529296875,184.5157012939453,3463958628,55282416869.14356
29/10/2021,200.18275451660156,204.8966064453125,194.90643310546875,194.90643310546875,2468703579,58664473682.87197
30/10/2021,195.4160614013672,200.38623046875,187.8165740966797,200.22572326660156,1732207667,60296944148.15687
31/10/2021,202.4210205078125,205.1633758544922,186.06298828125,195.77377319335938,2577364486,58207049317.824005
01/11/2021,203.5450897216797,211.36083984375,198.2389678955078,202.62921142578125,3157612663,61090424896.04269
02/11/2021,220.23959350585938,222.2330322265625,201.18038940429688,203.51791381835938,3020087232,61206174446.06882
03/11/2021,242.89881896972656,246.321533203125,216.19619750976562,221.07675170898438,6024951132,65196157014.88239
04/11/2021,247.3877716064453,250.46633911132812,235.15087890625,243.09780883789062,4440296290,72820184828.91289
05/11/2021,236.47433471679688,248.3839111328125,231.1608123779297,247.27093505859375,2752870913,74509034095.48589
06/11/2021,258.934326171875,260.0621032714844,235.2899627685547,236.4927520751953,3869779683,71642292583.50812
07/11/2021,249.823486328125,258.85009765625,246.12242126464844,258.78155517578125,2624869522,77427308372.12741
08/11/2021,248.46717834472656,253.25418090820312,241.14013671875,249.97926330566406,3344410176,75738472890.52711
09/11/2021,239.213134765625,253.17982482910156,237.89529418945312,248.35684204101562,2819309492,75445282061.2759
10/11/2021,233.77952575683594,247.94703674316406,218.3885498046875,239.1337432861328,3873202098,72453801809.51566
11/11/2021,234.24075317382812,246.4471893310547,229.74851989746094,233.9139862060547,2693456862,70391383039.29988
12/11/2021,228.50209045410156,238.6956787109375,221.25294494628906,233.7212677001953,3022054714,71231238187.65797
13/11/2021,241.8250274658203,241.8250274658203,225.075927734375,228.59625244140625,2322796265,69321107450.57858
14/11/2021,238.42552185058594,242.04489135742188,230.6894073486328,241.8621063232422,1705211600,72948327032.41917
15/11/2021,237.55360412597656,245.97610473632812,235.09910583496094,238.7313995361328,2414551003,72218517508.24437
16/11/2021,219.23902893066406,238.4971466064453,215.4420928955078,238.4971466064453,3557977024,72198022029.53314
17/11/2021,218.71524047851562,222.02883911132812,210.02694702148438,219.29563903808594,2982505239,66832143637.96159
18/11/2021,195.48741149902344,222.87693786621094,187.67312622070312,218.87557983398438,3911214658,66086823807.616
19/11/2021,215.28001403808594,219.3670654296875,189.7501678466797,195.0662841796875,3431624914,59087558120.59309
20/11/2021,218.01527404785156,221.44534301757812,206.28587341308594,215.4069061279297,2003638941,65296328677.09514
21/11/2021,231.28262329101562,235.2309112548828,210.8097381591797,217.78402709960938,2636480460,66281609248.12345
22/11/2021,215.73727416992188,231.90481567382812,212.03009033203125,230.98963928222656,3254258844,71043502688.01355
23/11/2021,221.83689880371094,226.06173706054688,211.31222534179688,215.84295654296875,2328763768,65724676692.43798
24/11/2021,214.92153930664062,222.4592742919922,200.5026092529297,221.86061096191406,2293934142,67490798261.18599
25/11/2021,206.25299072265625,216.4005126953125,202.3234100341797,205.88616943359375,2586718627,62457339767.62576
26/11/2021,191.51174926757812,210.50457763671875,184.32827758789062,210.04827880859375,3380122748,63900196618.38859
27/11/2021,193.10215759277344,199.364990234375,191.04054260253906,192.2835693359375,1443178833,58390912497.66776
28/11/2021,200.67665100097656,201.6287078857422,182.37245178222656,193.27560424804688,2033215941,58410646819.21711
29/11/2021,204.31936645507812,212.44580078125,199.9542999267578,200.82127380371094,2110532147,61094490229.682304
30/11/2021,208.67098999023438,218.33938598632812,200.08433532714844,204.23294067382812,2888387657,62325150548.69784
01/12/2021,229.7992401123047,232.38621520996094,208.1522674560547,208.39315795898438,3532771294,63510180677.8961
02/12/2021,233.9930419921875,243.11166381835938,220.38717651367188,229.85470581054688,4074103518,70172175382.70602
03/12/2021,211.22439575195312,239.12210083007812,207.32977294921875,233.60189819335938,4061060881,71252377813.81462
04/12/2021,201.1248321533203,212.8075408935547,171.55357360839844,212.1123809814453,5949505665,65135413411.05541
05/12/2021,196.1682586669922,204.6174774169922,182.01681518554688,200.78060913085938,3402591975,61293686195.46672
06/12/2021,194.19921875,197.66302490234375,176.8880615234375,196.5474853515625,3693853028,59802410642.4824
07/12/2021,190.59690856933594,204.11849975585938,188.2808074951172,194.27659606933594,2556849839,59370079864.68529
08/12/2021,194.6217041015625,196.37411499023438,184.13270568847656,190.5050048828125,2277446203,58418632345.764206
09/12/2021,181.17808532714844,196.6897430419922,178.79214477539062,194.48329162597656,1968182104,59595483461.42861
10/12/2021,167.954833984375,184.68942260742188,167.954833984375,181.46755981445312,2118266396,56181625087.33603
11/12/2021,171.94949340820312,173.8984832763672,161.86000061035156,167.9166259765625,1877844189,52395376111.97878
12/12/2021,173.43167114257812,176.6494140625,167.8612518310547,171.9483184814453,1196808540,52819332275.01751
13/12/2021,155.2130584716797,173.0999298095703,148.5718231201172,173.0999298095703,2547597256,53334889635.75613
14/12/2021,153.34144592285156,161.61827087402344,150.11798095703125,155.14166259765625,2604045117,47995350984.2677
15/12/2021,178.34078979492188,182.51316833496094,157.65321350097656,161.35890197753906,3783787658,49398872819.44277
16/12/2021,176.9546661376953,188.8787078857422,174.4509735107422,178.59153747558594,2766320569,54610048507.25148
17/12/2021,175.5032958984375,182.3936309814453,168.51873779296875,176.8949737548828,2711688386,54368442494.9893
18/12/2021,182.8351287841797,184.37518310546875,171.19656372070312,175.65635681152344,1690397976,54006293233.10288
19/12/2021,180.09805297851562,189.26254272460938,178.75502014160156,182.8509063720703,1678714066,56393839315.24814
20/12/2021,173.67178344726562,181.15325927734375,168.6835174560547,179.9777374267578,1982986558,55790507174.07124
21/12/2021,180.09254455566406,182.41751098632812,170.49063110351562,173.69439697265625,1821107818,54061922630.24034
22/12/2021,178.5971221923828,187.4734344482422,177.42733764648438,179.85833740234375,1889229699,55570757138.288246
23/12/2021,190.03631591796875,193.2760467529297,176.116455078125,178.5027618408203,2191634326,55058052155.04185
24/12/2021,190.273193359375,197.15771484375,185.01937866210938,190.1028594970703,2286837232,58709806077.20599
25/12/2021,193.1209259033203,195.14923095703125,189.0322265625,190.53160095214844,1443209769,58852086815.42499
26/12/2021,198.000732421875,200.64419555664062,190.8236846923828,192.92051696777344,1971114647,59797071721.91303
27/12/2021,195.42950439453125,204.5785675048828,195.16079711914062,197.88340759277344,1800094698,61198787207.68108
28/12/2021,177.42562866210938,195.6216583251953,177.0403594970703,195.6216583251953,2826063568,60810349839.61329
29/12/2021,170.65756225585938,180.5907745361328,170.44342041015625,177.3890380859375,2175731146,55425780679.24532
30/12/2021,172.75119018554688,175.691162109375,168.3984832763672,170.76478576660156,1540637869,52726687301.09404
31/12/2021,170.299072265625,177.35704040527344,168.31207275390625,172.70384216308594,1567918820,53261290659.86848
01/01/2022,178.5179443359375,178.96224975585938,170.19554138183594,170.3108367919922,1084780603,52907181305.50652
02/01/2022,176.38284301757812,179.43235778808594,175.01231384277344,178.53240966796875,995389409,55089640249.09666
03/01/2022,170.29774475097656,176.3863067626953,167.5339813232422,176.3863067626953,1345778058,54604426218.58956
04/01/2022,167.93890380859375,173.735107421875,166.74012756347656,170.28611755371094,1499265336,52886550470.82176
05/01/2022,155.0997314453125,171.11045837402344,148.2161102294922,167.94033813476562,2123759721,52272480718.14088
06/01/2022,150.4313507080078,155.10592651367188,146.66766357421875,155.10592651367188,2097172620,48184360964.1156
07/01/2022,136.40281677246094,150.5209503173828,135.14999389648438,150.4134063720703,2926269672,46854691785.8186
08/01/2022,142.51345825195312,147.83731079101562,134.02101135253906,136.40016174316406,2730000333,42610750948.59599
09/01/2022,140.83900451660156,145.44041442871094,138.39410400390625,142.54312133789062,1599123912,44680435604.26222
10/01/2022,135.95494079589844,143.56336975097656,130.7969970703125,140.83363342285156,2040883379,43844556062.79441
11/01/2022,140.18385314941406,143.29904174804688,134.13397216796875,135.94090270996094,1554197314,42320546842.20343
12/01/2022,151.70310974121094,152.9364776611328,138.5462646484375,140.20375061035156,2242337550,43823867475.83328
13/01/2022,146.01004028320312,157.54373168945312,146.01004028320312,151.6905975341797,2177023564,47534063482.95965
14/01/2022,146.15902709960938,150.469482421875,142.39068603515625,146.02590942382812,1822320951,45924153329.20764
15/01/2022,147.80117797851562,149.35018920898438,144.4191436767578,146.18002319335938,1123271784,45849250868.07178
16/01/2022,147.8565216064453,151.7723388671875,146.4017791748047,147.78660583496094,1172854751,46337099650.87288
17/01/2022,139.92601013183594,148.20587158203125,137.50003051757812,147.8767852783203,1487772250,46450557289.26664
18/01/2022,141.58718872070312,142.46649169921875,134.8957977294922,139.93276977539062,1449435942,44032309573.9257
19/01/2022,135.79238891601562,142.29408264160156,133.3551788330078,141.5469970703125,1444663456,44575080930.62185
20/01/2022,127.20528411865234,143.61740112304688,127.17404174804688,135.7913360595703,984099352,42848572759.496826
21/01/2022,111.96605682373047,128.432861328125,107.90899658203125,127.33333587646484,3771688473,40727678847.05303
22/01/2022,94.1783676147461,113.58767700195312,89.28715515136719,111.9765396118164,4039466376,35070043876.86985
23/01/2022,99.5782241821289,104.51920318603516,93.5934829711914,94.30760192871094,2548191912,29665575896.047955
24/01/2022,91.65016174316406,99.77051544189453,81.2260513305664,99.61751556396484,4664539688,31290905178.53205
25/01/2022,94.72035217285156,99.70123291015625,87.75712585449219,91.66015625,2842652332,28909954628.237045
26/01/2022,92.23804473876953,103.7215576171875,89.80755615234375,94.71883392333984,3177186515,30084800205.77909
27/01/2022,89.63249206542969,94.05999755859375,86.18603515625,92.21805572509766,2513945822,29243771848.310368
28/01/2022,91.31289672851562,93.36466979980469,87.5742416381836,89.52909088134766,2156098049,28179557560.867977
29/01/2022,96.2234878540039,98.61104583740234,90.96379852294922,91.35469818115234,1727329992,28786945733.92828
30/01/2022,93.29767608642578,97.29832458496094,91.70702362060547,96.2490005493164,1110338981,30216232718.87756
31/01/2022,99.73883819580078,100.7250747680664,89.58599090576172,93.3011703491211,1888454241,29427732656.729218
01/02/2022,109.9789810180664,112.9801254272461,99.47785949707031,99.72594451904297,3568466349,31354693276.844906
02/02/2022,101.83760070800781,111.95736694335938,97.735595703125,110.01945495605469,3297984784,34784263657.23243
03/02/2022,101.45903778076172,102.66846466064453,94.63531494140625,101.8281021118164,2618951519,31975373921.89307
04/02/2022,112.17424774169922,112.41033172607422,100.67737579345703,101.34093475341797,3121470028,31833368519.65008
05/02/2022,113.89430236816406,118.21311950683594,110.53406524658203,112.20548248291016,2337469324,35127905584.898895
06/02/2022,115.29975891113281,115.86648559570312,112.18635559082031,113.90282440185547,1488437091,36087037718.41055
07/02/2022,117.35514831542969,121.55403137207031,113.14046478271484,115.27619171142578,2501444983,36521264719.12104
08/02/2022,113.5954818725586,119.96955108642578,110.241943359375,117.4089126586914,2670414753,37305112916.66873
09/02/2022,114.01937866210938,116.82732391357422,109.97865295410156,113.5340347290039,1844036035,36125330680.249535
10/02/2022,106.20280456542969,114.78842163085938,106.20280456542969,114.02164459228516,2534257400,36294064610.28194
11/02/2022,96.38188171386719,107.84539031982422,95.60428619384766,106.22976684570312,2244853464,33826915836.727123
12/02/2022,95.91820526123047,99.55365753173828,93.49864196777344,96.4014892578125,1722515979,30597070580.09104
13/02/2022,93.24410247802734,97.20621490478516,91.81570434570312,95.89258575439453,1150014559,30347618773.26294
14/02/2022,96.43327331542969,97.74172973632812,91.20769500732422,93.19368743896484,1787236369,29672733160.79642
15/02/2022,104.87330627441406,105.29197692871094,96.43329620361328,96.43740844726562,2134576044,30784741416.87896
16/02/2022,101.93289947509766,105.34634399414062,98.58037567138672,104.92504119873047,1908954820,33579862333.60316
17/02/2022,93.4104232788086,102.6329345703125,92.6762466430664,101.89823150634766,1872498133,32707737720.154152
18/02/2022,90.06546020507812,96.20182037353516,89.70610809326172,93.46298217773438,1669246812,29918359231.26159
19/02/2022,91.49665069580078,92.54096221923828,88.95311737060547,90.0518798828125,1084605729,28828455911.8284
20/02/2022,90.90141296386719,93.32028198242188,86.01744079589844,91.44432067871094,1912980153,29209068299.47004
21/02/2022,83.12316131591797,95.90409088134766,83.11844635009766,90.88302612304688,2892900595,29261491189.686405
22/02/2022,86.46538543701172,87.16397857666016,81.2048568725586,83.10639953613281,2046554018,26727888651.40893
23/02/2022,84.90278625488281,92.73844146728516,84.90278625488281,86.47079467773438,2293962445,27744256745.68661
24/02/2022,89.19474792480469,92.2793960571289,76.85957336425781,84.86357879638672,5253578948,27294663661.65063
25/02/2022,92.59882354736328,94.7778091430664,87.27616119384766,89.22813415527344,3069242551,28497445445.30952
26/02/2022,90.14156341552734,94.60433197021484,89.75767517089844,92.6088638305664,1721041901,29919961866.348053
27/02/2022,85.51905059814453,91.98943328857422,84.49292755126953,90.1246337890625,2012522473,28767659413.52589
28/02/2022,99.52034759521484,101.04179382324219,84.57584381103516,85.50110626220703,3457872746,27360038516.30834
01/03/2022,98.65355682373047,101.55915832519531,94.89342498779297,99.54046630859375,3225742519,31846087892.82589
02/03/2022,100.6496353149414,105.98477172851562,97.10579681396484,98.6490707397461,3800592927,31569373571.96833
03/03/2022,95.53919982910156,101.4272689819336,94.37796020507812,100.65377044677734,2309311748,32379126078.839725
04/03/2022,88.24597930908203,95.7081298828125,87.554443359375,95.5670394897461,2592829728,30435232238.200184
05/03/2022,89.64784240722656,91.03617858886719,86.2888412475586,88.29053497314453,1437161887,28319787092.93302
06/03/2022,84.54218292236328,89.8653793334961,84.32964324951172,89.64859008789062,1467561782,28439402258.60641
07/03/2022,82.13006591796875,86.48308563232422,80.31684875488281,84.55287170410156,2375648176,26835926882.34714
08/03/2022,82.2547607421875,84.77989959716797,81.54011535644531,82.11260223388672,2112765959,26300808792.830048
09/03/2022,88.20206451416016,89.48204803466797,82.20623779296875,82.27992248535156,2624860794,26425486647.51813
10/03/2022,82.9390869140625,88.45394897460938,81.01934051513672,88.19039916992188,2196400279,28509710713.35766
11/03/2022,80.7449951171875,84.05066680908203,80.28123474121094,82.94074249267578,1852734626,26526485356.29456
12/03/2022,81.55381774902344,82.66375732421875,80.72209930419922,80.74752044677734,1036290480,26163052143.35841
13/03/2022,78.93607330322266,82.8830337524414,78.00438690185547,81.53121948242188,1316842580,26366084285.169167
14/03/2022,81.17333984375,82.09930419921875,78.27435302734375,78.92557525634766,1676601058,25452866391.0416
15/03/2022,82.95508575439453,85.5193099975586,79.07177734375,81.17005920410156,1627848455,26140341333.7746
16/03/2022,87.90362548828125,87.90362548828125,81.65324401855469,82.95167541503906,2370877301,26592730954.19203
17/03/2022,87.87684631347656,90.75728607177734,86.75122833251953,87.86245727539062,2440062581,27984951680.550423
18/03/2022,89.82203674316406,91.84861755371094,84.63697814941406,87.86626434326172,2745357460,28483849999.645226
19/03/2022,92.41815185546875,94.36089324951172,89.39261627197266,89.8204574584961,1951674158,28795996368.61534
20/03/2022,88.61486053466797,92.43592071533203,88.15045928955078,92.41366577148438,1286133603,29598406487.05181
21/03/2022,88.7572021484375,91.0119857788086,87.2076416015625,88.6050033569336,1598537312,28394223139.824287
22/03/2022,90.51296997070312,93.76680755615234,88.18277740478516,88.74190521240234,1879747152,28382479439.33157
23/03/2022,95.1026840209961,96.05184173583984,89.81146240234375,90.51393127441406,2099467745,29048148956.10171
24/03/2022,102.22369384765625,103.45579528808594,94.06550598144531,95.02090454101562,3601646600,30612053298.879955
25/03/2022,98.6581039428711,104.58296203613281,97.31824493408203,102.23835754394531,2175497007,32979523332.776
26/03/2022,101.7641830444336,103.19357299804688,97.82968139648438,98.666748046875,1282869612,31980590349.304367
27/03/2022,107.08422088623047,107.29871368408203,99.26909637451172,101.77369689941406,1572329892,33176556212.50064
28/03/2022,106.46525573730469,113.17594909667969,105.47787475585938,107.07796478271484,2877146388,34802243172.81474
29/03/2022,111.71031188964844,115.27571868896484,105.99919128417969,106.32798767089844,3052274877,34753559141.629364
30/03/2022,120.6994857788086,124.6050033569336,107.76725769042969,111.69025421142578,3908170428,36192035879.28324
31/03/2022,122.66146087646484,128.93011474609375,120.19783020019531,120.68155670166016,4115229587,39218225944.81992
01/04/2022,134.43093872070312,137.55841064453125,118.78791046142578,122.7361068725586,4434807484,40036171559.14788
02/04/2022,132.19886779785156,143.02001953125,132.13919067382812,134.45358276367188,3394186456,43736096533.81698
03/04/2022,136.77532958984375,140.26370239257812,131.2261505126953,132.24107360839844,2585967812,43260457424.49813
04/04/2022,132.41262817382812,137.63351440429688,126.86532592773438,136.7607879638672,2828117206,44426659281.57661
05/04/2022,126.86223602294922,136.18284606933594,126.56397247314453,132.3878631591797,2239922210,43072219169.516655
06/04/2022,112.88338470458984,127.28115844726562,112.773681640625,126.85795593261719,3281009143,41374924383.733
07/04/2022,118.79651641845703,119.76071166992188,111.95746612548828,112.93579864501953,2431083313,36929750315.179565
08/04/2022,109.8008804321289,122.25411987304688,108.5411605834961,118.81621551513672,2376864565,38892547341.88895
09/04/2022,112.97279357910156,113.1148910522461,108.63433837890625,109.79875946044922,1202250516,35663008069.967834
10/04/2022,111.74243927001953,115.8083267211914,110.07783508300781,112.97270965576172,1280232450,37007525656.87938
11/04/2022,99.33910369873047,111.83113861083984,98.67085266113281,111.69898986816406,2272498194,36884144376.64433
12/04/2022,103.30638885498047,109.11756134033203,98.935302734375,99.38467407226562,2317008207,32731502385.0518
13/04/2022,105.00194549560547,105.67684936523438,100.48845672607422,103.28101348876953,1675840412,33941121649.55018
14/04/2022,100.70780181884766,107.32963562011719,99.25684356689453,104.94060516357422,1686576071,34394710741.73072
15/04/2022,101.30977630615234,102.67264556884766,100.10089874267578,100.70652770996094,1050639351,33098172133.64845
16/04/2022,102.25731658935547,103.27172088623047,100.9647216796875,101.29869079589844,774939305,33734041429.04125
17/04/2022,100.40969848632812,105.2945556640625,99.95817565917969,102.2484359741211,1057908299,34194983211.01313
18/04/2022,102.15853118896484,102.51702880859375,95.2427749633789,100.40795135498047,1846133932,33314012331.385365
19/04/2022,108.58203125,108.58203125,101.30172729492188,102.20238494873047,1711909607,34026715047.300804
20/04/2022,105.49700164794922,110.72297668457031,104.77265930175781,108.6021957397461,1761531528,36133130809.64366
21/04/2022,101.77613830566406,109.76532745361328,100.76715087890625,105.49767303466797,1838571747,35158424198.86379
22/04/2022,100.61205291748047,103.4981460571289,99.57942962646484,101.7574234008789,1274793594,33918138036.79868
23/04/2022,100.74443817138672,102.77123260498047,98.78157043457031,100.61978149414062,823252482,33613226147.45872
24/04/2022,99.23579406738281,102.21668243408203,99.00851440429688,100.72718811035156,818266008,33668501950.9363
25/04/2022,101.24763488769531,101.44058990478516,94.75575256347656,99.24140930175781,1538486689,33192811336.931053
26/04/2022,95.78215026855469,101.74248504638672,95.17789459228516,101.2248764038086,1301074534,33812175574.169964
27/04/2022,98.37886810302734,100.54492950439453,95.28350067138672,95.7855224609375,1253566599,31900244698.208424
28/04/2022,98.18572998046875,100.40122985839844,96.69452667236328,98.38214874267578,1307131609,32839728894.8058
29/04/2022,94.01134490966797,98.56856536865234,92.88426971435547,98.1829605102539,1234575023,32699186204.272743
30/04/2022,85.09593200683594,94.92884826660156,82.90953826904297,94.01355743408203,1293033765,31459421205.330902
01/05/2022,89.6715087890625,92.43013000488281,84.94415283203125,85.09468841552734,1426749080,28318851858.6442
02/05/2022,87.58101654052734,90.69336700439453,85.40721893310547,89.67205810546875,1265220129,30026659597.990986
03/05/2022,85.84237670898438,88.68785858154297,84.92210388183594,87.562744140625,1011988792,29293697485.51745
04/05/2022,92.7708511352539,92.93719482421875,85.72806549072266,85.84172821044922,1428455342,28715318659.65932
05/05/2022,84.59602355957031,95.03282165527344,81.83486938476562,92.76979064941406,1805979399,30994771499.55642
06/05/2022,81.76410675048828,84.64693450927734,80.46861267089844,84.58849334716797,1585081920,28284214619.36832
07/05/2022,78.9834213256836,82.1807861328125,77.88323211669922,81.76667022705078,1139093165,27380670118.60705
08/05/2022,75.22018432617188,79.2837905883789,74.52718353271484,78.98763275146484,1439700868,26603063057.69169
09/05/2022,63.2696533203125,76.98309326171875,63.2696533203125,75.23445892333984,2773999164,25191538889.48352
10/05/2022,66.76615142822266,73.7598876953125,61.02658462524414,63.36931228637695,3677013066,21563497316.93072
11/05/2022,50.21084976196289,68.11722564697266,44.00382614135742,66.73474884033203,4432811558,22405510212.75428
12/05/2022,44.683589935302734,53.65938949584961,38.05009078979492,50.23923110961914,4471167155,16302314327.382015
13/05/2022,48.59355163574219,55.90211486816406,44.07636642456055,44.63357162475586,2854210432,15038211406.02383
14/05/2022,52.4172248840332,53.06116485595703,46.22056579589844,48.67664337158203,2042138537,16446880063.642277
15/05/2022,58.81126022338867,58.87806701660156,49.834800720214844,52.43134307861328,1843835578,17710082184.40001
16/05/2022,53.646461486816406,58.80391311645508,52.26792907714844,58.80391311645508,2067312217,19795956495.33785
17/05/2022,57.12562561035156,58.03807067871094,53.50530242919922,53.656005859375,1823895389,18091955633.77028
18/05/2022,49.75621032714844,57.69771957397461,49.73109436035156,57.11631774902344,1745565671,19373241293.241142
19/05/2022,52.2139778137207,53.617488861083984,48.63555145263672,49.794864654541016,1958004386,16804431123.837725
20/05/2022,49.538509368896484,53.43804168701172,48.05058288574219,52.211971282958984,1830699507,17743141448.602818
21/05/2022,50.3179817199707,51.055049896240234,48.767486572265625,49.53544998168945,979492374,16857955013.649868
22/05/2022,52.75518035888672,53.02165985107422,49.86278533935547,50.32065963745117,1105760506,17117178967.638582
23/05/2022,49.05685043334961,54.474647521972656,48.92724609375,52.736087799072266,1661669360,17927983077.406696
24/05/2022,49.65333557128906,50.57752227783203,47.500823974609375,49.064231872558594,1508166642,16667943417.370811
25/05/2022,47.982425689697266,50.4423713684082,47.67314529418945,49.64841842651367,1304580067,16838184202.890331
26/05/2022,43.4912109375,48.551021575927734,42.321380615234375,47.98397445678711,2208994514,16335715467.127665
27/05/2022,40.981346130371094,43.81364822387695,40.26896286010742,43.47438049316406,2256358026,14806873946.379969
28/05/2022,44.343162536621094,44.65801239013672,40.54867935180664,41.49373245239258,1254325884,13886425335.92009
29/05/2022,44.90961456298828,45.386253356933594,41.998046875,44.33879089355469,1317843243,15147901018.996237
30/05/2022,47.179443359375,47.93682861328125,44.35740661621094,44.908668518066406,1708817065,15240706243.752537
31/05/2022,45.76784133911133,48.03899002075195,44.84001541137695,47.18132781982422,1509191627,16054338780.311176
01/06/2022,40.26966857910156,45.946659088134766,40.050350189208984,45.76512908935547,1422647092,15607744325.008366
02/06/2022,40.8913459777832,41.32786560058594,38.36067199707031,40.255279541015625,1554022054,13719294294.809011
03/06/2022,38.259220123291016,41.433345794677734,37.80271911621094,40.895751953125,1348656102,13925500009.440636
04/06/2022,38.93144607543945,39.040428161621094,36.04072570800781,38.27455139160156,1130762770,12945160667.449034
05/06/2022,38.480533599853516,39.995296478271484,38.03535079956055,38.93410110473633,998532387,13170913879.692818
06/06/2022,42.43313217163086,44.450618743896484,38.43878936767578,38.5015983581543,1955057411,13116723564.81124
07/06/2022,39.43757247924805,42.449310302734375,37.77632522583008,42.42977523803711,1974825213,14456497792.40814
08/06/2022,38.84336853027344,40.52680587768555,38.401607513427734,39.434051513671875,1211034282,13508568426.03568
09/06/2022,39.97260665893555,41.72376251220703,38.555694580078125,38.845584869384766,1265873005,13274452699.317907
10/06/2022,37.08976745605469,40.769779205322266,37.001258850097656,39.96762466430664,1177042406,13674820596.04396
11/06/2022,33.82111740112305,37.843257904052734,33.435916900634766,37.09238052368164,1086904917,12668804911.432922
12/06/2022,30.743270874023438,34.2285041809082,30.743270874023438,33.83749008178711,1430666510,11572660691.705263
13/06/2022,28.19236183166504,30.91798210144043,26.139610290527344,30.73029327392578,2577135234,10608680978.31836
14/06/2022,29.714618682861328,31.610319137573242,26.060319900512695,28.18289566040039,2317785256,9406103235.502136
15/06/2022,34.48794174194336,34.565528869628906,26.86840057373047,29.695768356323242,2574959860,10187884853.022083
16/06/2022,29.989742279052734,35.71171951293945,29.731698989868164,34.50612258911133,1908909523,11709149277.269354
17/06/2022,30.742919921875,32.00886917114258,29.478063583374023,30.00250244140625,1283536081,10245461840.006529
18/06/2022,31.80793571472168,31.838632583618164,27.46303939819336,30.740924835205078,1804420726,10611942137.884016
19/06/2022,34.24374771118164,35.16057586669922,28.91050910949707,31.809133529663086,2005402608,10801954806.837732
20/06/2022,35.4171142578125,36.76423645019531,31.892911911010742,34.238365173339844,1958378683,11668548379.070122
21/06/2022,36.121158599853516,38.804771423339844,34.40011215209961,35.39715576171875,1790090431,12160553284.461643
22/06/2022,34.12163543701172,36.704681396484375,33.80274200439453,36.18272399902344,1533123071,12360022351.807024
23/06/2022,38.17523193359375,38.347354888916016,34.083587646484375,34.12080383300781,1666479184,11762783422.768148
24/06/2022,42.2120475769043,42.72931671142578,37.852935791015625,38.20144271850586,1765927064,13147607750.937174
25/06/2022,42.33281326293945,42.490692138671875,39.875328063964844,42.202999114990234,1271293523,14600518798.303469
26/06/2022,39.40808868408203,42.34132385253906,39.38430404663086,42.30241775512695,1138724690,14506227735.872711
27/06/2022,38.45125198364258,41.082157135009766,38.17092514038086,39.409088134765625,1253389517,13523527664.973291
28/06/2022,35.326438903808594,39.7059326171875,35.2291374206543,38.44542694091797,1361946847,13201680175.256578
29/06/2022,33.8739013671875,35.96923065185547,33.251136779785156,35.32723617553711,1366803516,12087889411.018717
30/06/2022,33.588417053222656,34.045753479003906,31.05734634399414,33.908782958984375,1321861663,11618504834.1876
01/07/2022,32.803070068359375,35.230743408203125,31.934066772460938,33.645652770996094,1427407655,11335169279.75531
02/07/2022,33.35940933227539,33.93459701538086,31.95758628845215,32.811004638671875,765552187,11439454289.183851
03/07/2022,33.38593292236328,33.57749938964844,32.219078063964844,33.356258392333984,605659825,11471587893.148573
04/07/2022,36.785030364990234,36.8065071105957,32.520713806152344,33.38526916503906,1091202628,11480814253.62638
05/07/2022,35.39555358886719,36.87248992919922,33.26679229736328,36.761268615722656,1569156882,12596079600.052696
06/07/2022,37.07356262207031,37.47623062133789,34.889488220214844,35.404720306396484,1410588451,12138245305.30001
07/07/2022,38.518306732177734,39.11948013305664,36.497711181640625,37.07526779174805,1189167903,12734796275.5487
08/07/2022,38.286720275878906,39.352840423583984,36.556209564208984,38.51742935180664,1485794730,13277309359.948145
09/07/2022,38.07196044921875,38.79253387451172,37.87006378173828,38.29243469238281,789899204,13380490031.557814
10/07/2022,36.697608947753906,38.071083068847656,36.38676834106445,38.071083068847656,714119421,13134459003.717669
11/07/2022,33.463600158691406,36.69319534301758,33.33729934692383,36.69319534301758,930216020,12680872339.650648
12/07/2022,32.75759506225586,34.501243591308594,32.75759506225586,33.465030670166016,916386230,11600411536.227009
13/07/2022,34.91093826293945,34.939666748046875,31.959470748901367,32.74802780151367,1313110217,11406193662.951624
14/07/2022,37.10782241821289,37.22102355957031,33.690948486328125,34.912261962890625,1320137563,12072416721.326193
15/07/2022,37.41592788696289,38.85118103027344,36.64623260498047,37.112239837646484,1266226950,12850093050.016483
16/07/2022,39.57412338256836,40.08470153808594,36.40153884887695,37.412757873535156,1149921714,12938130582.027664
17/07/2022,38.64472198486328,40.96872329711914,38.54647445678711,39.579891204833984,1119935904,13666217564.389095
18/07/2022,43.746158599853516,43.746158599853516,38.60856246948242,38.64695739746094,1793335611,13432332940.686584
19/07/2022,44.89987564086914,47.09938049316406,42.71699905395508,43.66854476928711,2530289999,14864108116.482191
20/07/2022,42.09366989135742,46.09572982788086,41.64255142211914,44.896854400634766,2020822242,15517487195.9682
21/07/2022,43.19059371948242,43.91940689086914,39.81828689575195,42.08842468261719,1926399176,14654904729.64616
22/07/2022,40.61850357055664,44.22321701049805,40.138877868652344,43.18901062011719,1523873136,14946518783.24268
23/07/2022,40.040977478027344,41.826377868652344,38.714317321777344,40.59116744995117,1151436691,14004906061.876736
24/07/2022,41.00658416748047,42.021121978759766,39.60561752319336,40.03881072998047,1115260733,13860175820.994202
25/07/2022,36.711997985839844,41.04818344116211,36.711997985839844,41.00947952270508,1465847128,14275526154.880024
26/07/2022,36.190853118896484,36.715423583984375,34.81983947753906,36.715423583984375,1362323126,12694337922.664097
27/07/2022,40.3078498840332,40.39472961425781,35.75505828857422,36.2037467956543,1829226049,12538834971.994652
28/07/2022,42.84526824951172,44.07329559326172,39.13290023803711,40.30208206176758,2454901807,14009415149.226557
29/07/2022,41.926998138427734,44.2287483215332,41.277008056640625,42.87696838378906,2066610408,14829428736.730556
30/07/2022,43.755889892578125,46.47602462768555,41.61918640136719,41.92341613769531,1980341418,14752480667.049614
31/07/2022,42.400203704833984,45.05152893066406,42.35273742675781,43.760658264160156,1356657075,15135249027.917732
01/08/2022,41.78648376464844,43.11629104614258,40.73676300048828,42.401554107666016,1082119921,14746724189.24462
02/08/2022,39.7545051574707,42.33211135864258,39.74711990356445,41.774147033691406,1205226999,14458934769.72863
03/08/2022,38.54441833496094,40.73065185546875,37.893131256103516,39.75486373901367,2312325350,14143900211.320498
04/08/2022,38.83067321777344,39.67987823486328,38.04472732543945,38.544639587402344,1235137178,13359558185.807447
05/08/2022,40.561031341552734,41.174652099609375,38.795719146728516,38.82399368286133,1198859111,13471456881.53044
06/08/2022,40.0570068359375,40.84541320800781,39.95309829711914,40.5611686706543,650997770,13995005582.457253
07/08/2022,40.6055908203125,41.49406814575195,39.336483001708984,40.0600471496582,614104051,13910405478.086643
08/08/2022,42.17055130004883,43.53985595703125,40.603797912597656,40.609642028808594,1117550363,14115646955.218586
09/08/2022,40.372623443603516,42.702392578125,39.94392776489258,42.175392150878906,895263875,14696098301.05854
10/08/2022,42.365867614746094,42.61181640625,39.25737380981445,40.37052536010742,1389333742,14091576296.766705
11/08/2022,42.8217887878418,45.12477111816406,42.37364959716797,42.37364959716797,1735349568,14682953331.34928
12/08/2022,45.33475875854492,45.37518310546875,42.23114013671875,42.82052993774414,1128246063,14901555484.077663
13/08/2022,46.485347747802734,48.18428421020508,45.34074401855469,45.34074401855469,1416039040,15769739253.564829
14/08/2022,44.916568756103516,47.96087646484375,44.69403839111328,46.505985260009766,1061034922,16242663928.464354
15/08/2022,43.82322311401367,47.127540588378906,42.90903091430664,44.92243957519531,1364253429,15707019257.476543
16/08/2022,43.15880584716797,44.1871223449707,42.78215408325195,43.806095123291016,1131452045,15322661204.914495
17/08/2022,40.403053283691406,44.633087158203125,40.28676986694336,43.15305709838867,1336772691,15065562430.299423
18/08/2022,39.545230865478516,41.607303619384766,39.525936126708984,40.426509857177734,885648540,14161164134.098574
19/08/2022,35.8902587890625,39.54132843017578,35.755027770996094,39.54132843017578,1821467945,13863255686.50742
20/08/2022,35.26973342895508,37.223209381103516,34.35833740234375,35.87661361694336,1203622743,12530469534.206604
21/08/2022,36.533199310302734,36.98236846923828,34.78230667114258,35.26417922973633,982071275,12256688441.221128
22/08/2022,35.47438049316406,36.52580642700195,33.90044021606445,36.52580642700195,1139846770,12815310875.36842
23/08/2022,35.6462516784668,36.05042266845703,34.31291580200195,35.47530746459961,854779221,12352579320.923264
24/08/2022,34.957916259765625,36.286067962646484,34.43351745605469,35.64565658569336,946325778,12481061524.742058
25/08/2022,35.316463470458984,36.42266845703125,34.93364334106445,34.959102630615234,828503624,12227264266.325634
26/08/2022,31.726362228393555,35.58013153076172,31.499326705932617,35.313255310058594,1315871629,12346020470.353111
27/08/2022,31.54243278503418,32.20508575439453,30.953018188476562,31.71382713317871,764882265,11046201721.516457
28/08/2022,30.39228630065918,32.12961196899414,30.38878059387207,31.538864135742188,562501615,11052608204.778694
29/08/2022,32.46529769897461,32.520748138427734,30.11916160583496,30.39385986328125,891913484,10721767532.443155
30/08/2022,31.41205596923828,33.072635650634766,30.796524047851562,32.46004104614258,861409804,11387115687.58702
31/08/2022,31.47295570373535,32.87642288208008,31.237884521484375,31.416515350341797,769308937,11032381033.17492
01/09/2022,31.585678100585938,31.709314346313477,30.511266708374023,31.475082397460938,666487074,10982002954.905945
02/09/2022,31.227930068969727,32.358829498291016,30.843948364257812,31.58498764038086,659575995,11037789630.859673
03/09/2022,31.10948371887207,31.23231315612793,30.858367919921875,31.228193283081055,314531753,10904364506.21477
04/09/2022,32.106956481933594,32.13935089111328,31.081865310668945,31.10894012451172,392954663,10881773797.626608
05/09/2022,32.19464874267578,32.37053298950195,31.211069107055664,32.108028411865234,512588616,11245569490.176376
06/09/2022,30.891742706298828,33.78529739379883,30.640546798706055,32.199668884277344,1196204019,11264121877.829931
07/09/2022,32.71091842651367,32.89689636230469,30.488950729370117,30.883899688720703,779212909,10834953198.21636
08/09/2022,33.608646392822266,33.796051025390625,32.102500915527344,32.708030700683594,978070646,11595827258.284113
09/09/2022,34.73976516723633,35.79993438720703,33.60639953613281,33.60664367675781,1186140934,11847628650.711002
10/09/2022,35.12672805786133,35.36214065551758,34.369415283203125,34.73285675048828,731145106,12244442276.894312
11/09/2022,34.96596145629883,35.89952087402344,34.12443542480469,35.122840881347656,757216096,12419481830.60969
12/09/2022,37.4241828918457,38.1690788269043,34.5079231262207,34.96744155883789,1701399970,12331013775.49605
13/09/2022,33.430816650390625,38.870384216308594,32.870452880859375,37.421607971191406,1785181627,13183798412.03856
14/09/2022,34.09157180786133,34.28319549560547,32.870452880859375,33.01827621459961,1003604224,11697896819.864317
15/09/2022,33.04768371582031,34.715267181396484,32.721893310546875,34.09429168701172,1139377803,12027439275.115051
16/09/2022,32.208858489990234,33.203125,31.641164779663086,33.044593811035156,765952525,11742374385.911652
17/09/2022,33.75077819824219,33.84817886352539,32.21224594116211,32.21224594116211,501302380,11380713338.498137
18/09/2022,31.05985450744629,33.954715728759766,30.979143142700195,33.74827575683594,694870049,11970489829.73424
19/09/2022,32.685302734375,32.9898567199707,30.693248748779297,31.053613662719727,971182780,11014413847.322668
20/09/2022,31.433040618896484,32.79011154174805,31.3890323638916,32.68706512451172,819978937,11598805636.589422
21/09/2022,30.826377868652344,33.13396072387695,30.195068359375,31.43379020690918,1193686258,11136148382.136087
22/09/2022,32.408905029296875,32.807044982910156,30.63888168334961,30.815771102905273,833702543,10920166914.722515
23/09/2022,33.6766357421875,33.90916442871094,31.363554000854492,32.4062385559082,982495447,11489637349.237127
24/09/2022,33.462650299072266,34.69917678833008,33.27409744262695,33.67512893676758,872691785,11974606498.90307
25/09/2022,32.33536148071289,33.98523712158203,32.01491928100586,33.461063385009766,610529879,11877506512.459017
26/09/2022,33.88055419921875,33.881507873535156,31.96014976501465,32.33634948730469,936313674,11474712536.430689
27/09/2022,32.75012969970703,35.23724365234375,32.27183532714844,33.87862777709961,1223724195,11924970586.09745
28/09/2022,33.23543930053711,33.74109649658203,31.72770118713379,32.73825454711914,998520503,11669868172.591717
29/09/2022,33.952449798583984,34.338314056396484,32.79304885864258,33.23528289794922,951223921,11817378025.545616
30/09/2022,33.21244430541992,35.13334655761719,32.73581314086914,33.951778411865234,1210784941,12066578261.8937
01/10/2022,32.46939468383789,33.22508239746094,32.466941833496094,33.21569061279297,572976679,11808862837.8495
02/10/2022,32.05569839477539,32.99811935424805,31.99713897705078,32.470420837402344,532211084,11538414123.40477
03/10/2022,32.967620849609375,33.20492935180664,31.954931259155273,32.05710983276367,633204077,11395149007.96318
04/10/2022,34.12247085571289,34.34199905395508,32.88138198852539,32.95677185058594,717157069,11735344819.59952
05/10/2022,34.073883056640625,34.31154251098633,33.27922058105469,34.117191314697266,655950188,12125352215.94055
06/10/2022,33.34281921386719,34.45728302001953,33.33332443237305,34.073753356933594,712289836,12104501989.14961
07/10/2022,33.00146484375,33.72856903076172,32.551998138427734,33.34446716308594,649212486,11847564337.73259
08/10/2022,32.57793426513672,33.04252624511719,32.44584274291992,33.00006866455078,367021196,11692923622.972769
09/10/2022,32.913883209228516,33.10311508178711,32.478023529052734,32.5780143737793,405849928,11634868896.090431
10/10/2022,31.970834732055664,33.339454650878906,31.970834732055664,32.91293716430664,640691958,11733010112.995802
11/10/2022,30.77686882019043,31.966032028198242,30.579492568969727,31.966032028198242,733071932,11448167353.522726
12/10/2022,31.165485382080078,31.460229873657227,30.729169845581055,30.779691696166992,490127096,10986691633.704073
13/10/2022,30.544519424438477,31.18108558654785,28.197370529174805,31.164413452148438,1302451856,11138186203.67174
14/10/2022,30.007417678833008,31.909656524658203,29.759931564331055,30.54248809814453,836283411,10936034776.859634
15/10/2022,29.575347900390625,30.151254653930664,29.534006118774414,30.006132125854492,547825492,10723795928.143965
16/10/2022,30.168840408325195,30.44472885131836,29.578842163085938,29.578842163085938,608389719,10608095633.113876
17/10/2022,31.224876403808594,31.263992309570312,29.883159637451172,30.1680908203125,658840500,10784111501.178593
18/10/2022,30.164331436157227,31.411191940307617,29.833694458007812,31.224252700805664,715092973,11181494599.052498
19/10/2022,28.900798797607422,30.21255111694336,28.830276489257812,30.16461753845215,697269954,10820701606.868002
20/10/2022,28.08509635925293,29.43212127685547,28.073795318603516,28.89457130432129,803871622,10362112405.2089
21/10/2022,28.10867691040039,28.24317169189453,26.986404418945312,28.080429077148438,967208274,10052442946.746214
22/10/2022,28.01386260986328,28.144390106201172,27.55768394470215,28.108327865600586,474234383,10070949099.133057
23/10/2022,29.270071029663086,29.331539154052734,27.857959747314453,28.013675689697266,633157057,10044295675.710756
24/10/2022,28.3100643157959,29.4139461517334,28.21503257751465,29.272520065307617,667625312,10480620512.612083
25/10/2022,30.93997573852539,32.19131088256836,28.119304656982422,28.30998992919922,1336242036,10121680743.469507
26/10/2022,31.28472137451172,31.837549209594727,30.76510238647461,30.928865432739258,1250974763,11077575224.18006
27/10/2022,30.630624771118164,32.20396423339844,30.585346221923828,31.28702735900879,1275994871,11203611590.840311
28/10/2022,32.111263275146484,32.448707580566406,30.189332962036133,30.630794525146484,1063403956,11016715358.289034
29/10/2022,32.85712814331055,33.739139556884766,31.916812896728516,32.10906219482422,1165931963,11523992959.017834
30/10/2022,32.9659309387207,33.479278564453125,32.061622619628906,32.8577766418457,731319297,11775325291.527168
31/10/2022,32.61103820800781,34.307743072509766,32.2862663269043,32.961021423339844,1174404933,11772898715.527395
01/11/2022,32.2484245300293,33.32598114013672,32.201412200927734,32.607608795166016,729292793,11727290548.409676
02/11/2022,30.788076400756836,32.83482360839844,30.294113159179688,32.24597930908203,1166999748,11588937673.913485
03/11/2022,30.84387969970703,32.14349365234375,30.677148818969727,30.792919158935547,832207929,11076265328.769896
04/11/2022,33.780853271484375,34.10426330566406,30.731590270996094,30.841737747192383,1364403572,11061246430.431095
05/11/2022,36.76576232910156,38.54962158203125,33.73513412475586,33.77741622924805,2470595904,12137630163.181671
06/11/2022,32.6835823059082,36.90202713012695,32.546302795410156,36.77216720581055,1650006613,13202283372.1165
07/11/2022,29.60134506225586,33.0675048828125,28.926734924316406,32.67894744873047,2545092967,11783689545.401735
08/11/2022,24.152936935424805,31.06096839904785,21.78398323059082,29.597440719604492,6120104231,10655109386.652067
09/11/2022,13.94085693359375,24.159435272216797,12.505623817443848,24.159435272216797,4647808136,8815290464.791733
10/11/2022,17.681407928466797,18.67563819885254,13.411026954650879,13.985069274902344,4084381465,5120135551.789889
11/11/2022,16.326745986938477,18.13648223876953,15.507472038269043,17.663450241088867,2191908978,6419997387.603283
12/11/2022,14.53900146484375,16.40843391418457,14.538013458251953,16.340282440185547,866923655,5963504846.885816
13/11/2022,13.164528846740723,14.660887718200684,13.122664451599121,14.537562370300293,880792311,5331217054.927404
14/11/2022,14.00135612487793,14.88998794555664,12.254617691040039,13.1657133102417,1365413449,4816392214.34615
15/11/2022,14.301294326782227,14.969862937927246,13.932036399841309,13.999627113342285,833458645,5121041157.026807
16/11/2022,14.285508155822754,14.56210708618164,13.711963653564453,14.29958724975586,487495993,5205583202.097879
17/11/2022,13.638734817504883,14.463689804077148,13.078254699707031,14.286023139953613,673219780,5186877452.360098
18/11/2022,13.247496604919434,13.790632247924805,13.039168357849121,13.638845443725586,357193046,4954608939.395693
19/11/2022,12.851014137268066,13.255352973937988,12.644580841064453,13.247389793395996,314294255,4831754494.869416
20/11/2022,12.252833366394043,13.416733741760254,12.20330810546875,12.852312088012695,508411732,4683383043.293358
21/11/2022,11.846208572387695,12.257597923278809,11.34163761138916,12.254121780395508,504498729,4470695233.321518
22/11/2022,12.435625076293945,12.465627670288086,11.010651588439941,11.842514991760254,529418278,4319145655.912079
23/11/2022,14.35151195526123,14.40245532989502,12.427633285522461,12.437919616699219,859905329,4530165523.577384
24/11/2022,14.582350730895996,14.854009628295898,13.91685676574707,14.353002548217773,620159372,5242384046.294304
25/11/2022,14.063138008117676,14.581172943115234,13.961506843566895,14.580628395080566,323667943,5295975306.296668
26/11/2022,14.159193992614746,14.887808799743652,14.031248092651367,14.062800407409668,333271818,5120779702.054626
27/11/2022,14.115766525268555,14.409465789794922,14.082965850830078,14.159537315368652,225035409,5142450538.968229
28/11/2022,13.404518127441406,14.145076751708984,12.824840545654297,14.11313247680664,447463511,5138320693.997138
29/11/2022,13.369733810424805,13.897473335266113,13.28012752532959,13.403423309326172,265372933,4848821246.040962
30/11/2022,14.115445137023926,14.219449996948242,13.308284759521484,13.371024131774902,331594403,4865903266.783448
01/12/2022,13.480968475341797,14.15432357788086,13.441184997558594,14.133452415466309,232200065,5160133742.783542
02/12/2022,13.7156400680542,13.773052215576172,13.377079010009766,13.482585906982422,245049936,4905910344.469534
03/12/2022,13.302457809448242,13.730709075927734,13.278402328491211,13.716782569885254,161314094,5000690502.576446
04/12/2022,13.718218803405762,13.724018096923828,13.299367904663086,13.301777839660645,141802483,4863696934.396812
05/12/2022,13.8311128616333,14.135319709777832,13.630226135253906,13.716100692749023,335440747,5008063958.883705
06/12/2022,14.288854598999023,14.32291316986084,13.828653335571289,13.830924987792969,279979830,5053925412.5079
07/12/2022,13.5196533203125,14.310629844665527,13.497425079345703,14.292366981506348,223134812,5195420302.808301
08/12/2022,13.68922233581543,13.75301742553711,13.310490608215332,13.519828796386719,195918913,4939250221.600364
09/12/2022,13.580187797546387,13.979891777038574,13.536895751953125,13.68907356262207,211833041,5016573038.668547
10/12/2022,13.576995849609375,13.69578742980957,13.568408012390137,13.581315994262695,109293691,4985978110.515763
11/12/2022,13.427809715270996,13.778305053710938,13.413359642028809,13.576213836669922,117436002,4967608679.209892
12/12/2022,13.318544387817383,13.458085060119629,12.951156616210938,13.426751136779785,205298705,4920995808.77367
13/12/2022,13.833986282348633,14.057649612426758,12.828971862792969,13.318246841430664,315949878,4889774456.96242
14/12/2022,14.140525817871094,14.887666702270508,13.831062316894531,13.836177825927734,441479811,5067860068.029484
15/12/2022,14.02151107788086,14.467164039611816,13.909064292907715,14.140317916870117,272679087,5187094164.825271
16/12/2022,12.266606330871582,14.145011901855469,12.147680282592773,14.021939277648926,358747840,5134598270.270708
17/12/2022,12.504404067993164,12.511940956115723,11.987808227539062,12.265798568725586,222801055,4487828854.561585
18/12/2022,12.41312026977539,12.568931579589844,12.31215763092041,12.504684448242188,110722042,4589791879.193693
19/12/2022,11.932655334472656,12.566923141479492,11.737709999084473,12.415849685668945,206060595,4577684410.907368
20/12/2022,12.28051471710205,12.436450004577637,11.875389099121094,11.934520721435547,177388342,4386451838.861884
21/12/2022,12.128985404968262,12.279061317443848,11.929596900939941,12.279061317443848,167974882,4505699073.905926
22/12/2022,11.794829368591309,12.168594360351562,11.720108985900879,12.129864692687988,181200151,4442285590.081545
23/12/2022,11.786166191101074,12.084675788879395,11.755584716796875,11.794523239135742,157181374,4304981639.738414
24/12/2022,11.444275856018066,11.7862548828125,11.2396240234375,11.7862548828125,202780776,4327532615.708606
25/12/2022,11.387903213500977,11.534026145935059,11.274829864501953,11.444534301757812,105389060,4207271979.819264
26/12/2022,11.306611061096191,11.453410148620605,11.138463973999023,11.387689590454102,132410401,4185139946.6090064
27/12/2022,11.085430145263672,11.390707969665527,10.766209602355957,11.309179306030273,223332961,4147178331.195879
28/12/2022,9.755906105041504,11.098109245300293,9.52294921875,11.08486270904541,468728777,4063717880.57174
29/12/2022,9.651782989501953,9.827129364013672,8.141267776489258,9.755775451660156,772500177,3585609635.8001738
30/12/2022,9.880176544189453,10.021772384643555,9.062714576721191,9.651914596557617,837030648,3537484124.7943234
31/12/2022,9.961038589477539,10.151166915893555,9.69262409210205,9.88100528717041,285758573,3630516626.225645
01/01/2023,9.982172966003418,10.052801132202148,9.7210111618042,9.96103572845459,194221164,3663707629.8526206
02/01/2023,11.272967338562012,11.372013092041016,9.845211029052734,9.983222007751465,558570124,3670345897.629763
03/01/2023,13.344045639038086,13.50026798248291,11.053266525268555,11.274726867675781,1149255381,4150541190.495974
04/01/2023,13.435112953186035,14.09533977508545,12.922945976257324,13.351509094238281,1142852070,4897985570.664733
05/01/2023,13.419329643249512,13.769200325012207,12.990192413330078,13.43493938446045,564255825,4953205509.879085
06/01/2023,13.52584171295166,13.54129409790039,12.771324157714844,13.420552253723145,517147909,4943576397.427822
07/01/2023,13.092267990112305,13.52675724029541,13.055072784423828,13.52675724029541,210349250,4984816083.874325
08/01/2023,14.31993293762207,14.333256721496582,12.924285888671875,13.09150505065918,535020165,4837378850.913317
09/01/2023,16.30246353149414,17.361557006835938,14.325532913208008,14.325532913208008,2029272608,5151917607.84378
10/01/2023,16.19672393798828,16.640087127685547,15.711213111877441,16.29619789123535,833408341,6031956017.044448
11/01/2023,16.35941505432129,16.44658851623535,15.368487358093262,16.196577072143555,630606082,6001548952.666129
12/01/2023,16.619043350219727,16.808433532714844,15.744722366333008,16.789260864257812,884719784,6106281178.181655
13/01/2023,18.28844451904297,18.51446533203125,16.381359100341797,16.61872673034668,1037251176,6160624328.048672
14/01/2023,24.24945831298828,24.565017700195312,18.26682472229004,18.287506103515625,3399684035,6767551967.350333
15/01/2023,22.873306274414062,24.651987075805664,22.11684799194336,24.259122848510742,1661787281,9066218089.522646
16/01/2023,23.577564239501953,24.752788543701172,22.585596084594727,22.875085830688477,1596086615,8465167529.981883
17/01/2023,22.884063720703125,23.80280113220215,22.882892608642578,23.58060073852539,926501252,8762954564.82465
18/01/2023,20.85063362121582,23.482633590698242,20.693498611450195,22.886484146118164,1427677518,8525510205.462621
19/01/2023,21.42676544189453,21.765443801879883,20.528949737548828,20.850828170776367,799641392,7710048711.615839
20/01/2023,25.54827117919922,25.678333282470703,21.00454330444336,21.426406860351562,1419157455,7934995923.191625
21/01/2023,24.627838134765625,26.410499572753906,24.614994049072266,25.551525115966797,1948796870,9489394201.957804
22/01/2023,24.232789993286133,25.389249801635742,23.756322860717773,24.624042510986328,1029738787,9143727538.633389
23/01/2023,24.357807159423828,24.885982513427734,23.973735809326172,24.23154640197754,874649827,9004757973.453108
24/01/2023,22.795673370361328,25.167665481567383,22.647783279418945,24.352102279663086,837211317,9057978593.358006
25/01/2023,24.57144546508789,25.21659278869629,22.39700698852539,22.79620361328125,1166026842,8470454667.826591
26/01/2023,24.350696563720703,25.12034797668457,23.95353889465332,24.561397552490234,809826004,9151912233.305304
27/01/2023,24.40785789489746,24.861764907836914,23.49876594543457,24.350980758666992,682926581,9052529628.29716
28/01/2023,23.981801986694336,25.017385482788086,23.841827392578125,24.410602569580078,489857934,9066608034.902922
29/01/2023,26.132387161254883,26.65280532836914,23.827844619750977,23.98078727722168,1131621628,8888774937.513983
30/01/2023,23.946321487426758,26.24931526184082,23.48917579650879,26.13530158996582,1084170329,9723380871.434278
31/01/2023,23.952547073364258,24.34128761291504,23.592248916625977,23.949321746826172,617019880,8894199458.02625
01/02/2023,24.993358612060547,25.126235961914062,22.64312171936035,23.948514938354492,984317489,8896873315.819334
02/02/2023,24.265058517456055,26.037151336669922,24.25430679321289,24.988786697387695,1017290364,9295594682.001568
03/02/2023,24.680896759033203,25.003572463989258,24.118974685668945,24.26081085205078,643813200,9062290851.69266
04/02/2023,24.317745208740234,24.892578125,24.317745208740234,24.679983139038086,321758043,9209669774.762846
05/02/2023,23.493438720703125,24.42566680908203,23.1168270111084,24.319520950317383,578466008,9084646376.720589
06/02/2023,22.706388473510742,23.68735694885254,22.603904724121094,23.493684768676758,449884793,8775453234.400503
07/02/2023,23.861356735229492,23.899799346923828,22.607053756713867,22.69782257080078,625438600,8463616399.329708
08/02/2023,23.192670822143555,24.148073196411133,22.881855010986328,23.860729217529297,534148944,8928209652.21195
09/02/2023,20.45212745666504,23.27908706665039,20.203577041625977,23.198091506958008,797436250,8681217220.957706
10/02/2023,20.130109786987305,21.117727279663086,19.84334373474121,20.453590393066406,654189930,7674814944.971446
11/02/2023,20.830095291137695,20.860679626464844,20.119468688964844,20.12839126586914,267159267,7582538971.715706
12/02/2023,21.489978790283203,22.260618209838867,20.646625518798828,20.828874588012695,532943787,7825374946.872857
13/02/2023,20.79010009765625,21.52965545654297,19.870744705200195,21.486787796020508,693292656,8057257217.572684
14/02/2023,21.824953079223633,22.245664596557617,20.711223602294922,20.78159523010254,865868623,7804126001.846962
15/02/2023,23.883901596069336,23.901153564453125,21.50210189819336,21.824722290039062,747616299,8222948441.256965
16/02/2023,22.285951614379883,24.030553817749023,22.26426124572754,23.88418960571289,885086333,8975776575.30878
17/02/2023,23.166757583618164,23.493309020996094,22.153913497924805,22.282129287719727,580803415,8400837292.390615
18/02/2023,23.478591918945312,23.75763511657715,22.96770477294922,23.167396545410156,370892073,8757810457.777061
19/02/2023,24.84075164794922,25.52073097229004,23.268293380737305,23.476207733154297,993875671,8864240990.711231
20/02/2023,26.181386947631836,26.925580978393555,24.342071533203125,24.84637451171875,1459545676,9416249238.487823
21/02/2023,24.948558807373047,26.424297332763672,24.673828125,26.18273162841797,925847245,9849428455.392427
22/02/2023,24.18134880065918,25.13520050048828,23.377933502197266,24.949750900268555,892548647,9410006572.060623
23/02/2023,23.900800704956055,24.635833740234375,23.68366813659668,24.18242073059082,579213279,9148040150.61283
24/02/2023,23.053035736083984,24.05632972717285,22.63655662536621,23.89963722229004,612377428,9024298203.902431
25/02/2023,22.523399353027344,23.273439407348633,21.641862869262695,23.058849334716797,547286025,8723841537.761139
26/02/2023,23.256088256835938,23.484447479248047,22.32423973083496,22.52385711669922,370371591,8461125692.332631
27/02/2023,22.692588806152344,23.367462158203125,22.400766372680664,23.255739212036133,475987023,8789815699.846401
28/02/2023,21.9163875579834,22.725032806396484,21.82581329345703,22.69098472595215,351065863,8589782940.913688
01/03/2023,22.506431579589844,22.795337677001953,21.738677978515625,21.91213607788086,346532018,8278729498.564519
02/03/2023,21.984878540039062,22.57521629333496,21.73250961303711,22.505313873291016,322545445,8530663779.645123
03/03/2023,21.39935302734375,22.001710891723633,20.541078567504883,21.98651695251465,489228523,8328272221.796302
04/03/2023,20.966838836669922,21.53683853149414,20.3741455078125,21.400026321411133,249364880,8106249844.5340605
05/03/2023,20.97858428955078,21.61699676513672,20.89556312561035,20.966392517089844,278729462,7946564768.282082
06/03/2023,20.635011672973633,21.098865509033203,20.522214889526367,20.978412628173828,318022843,8013062334.5354595
07/03/2023,20.244731903076172,20.88684844970703,19.82059669494629,20.63469123840332,394901279,7891217439.147805
08/03/2023,18.421194076538086,20.332366943359375,18.286304473876953,20.24393081665039,620543521,7742957402.802464
09/03/2023,17.308147430419922,18.68904685974121,16.943132400512695,18.424707412719727,754162560,7066726944.332695
10/03/2023,18.243642807006836,18.323396682739258,16.117345809936523,17.3122501373291,944032048,6615095595.211864
11/03/2023,18.22584342956543,18.848188400268555,17.171354293823242,18.243104934692383,696894876,7004462520.100822
12/03/2023,20.310531616210938,20.39289093017578,17.942476272583008,18.22479820251465,666940879,6928931920.550202
13/03/2023,20.433712005615234,21.340412139892578,18.9644718170166,20.310792922973633,1161164364,7755318676.394037
14/03/2023,20.92803382873535,22.106672286987305,19.914527893066406,20.434707641601562,1130224251,7821977632.749297
15/03/2023,19.29098129272461,21.488908767700195,18.830358505249023,20.93529510498047,816614774,8029661085.939712
16/03/2023,19.73054313659668,19.88351058959961,19.03631019592285,19.299495697021484,438673097,7414057337.321378
17/03/2023,21.62910270690918,21.676240921020508,19.499818801879883,19.730066299438477,623518286,7607669118.344841
18/03/2023,21.19590187072754,22.861988067626953,21.141870498657227,21.6324405670166,789771840,8298944866.274058
19/03/2023,21.90340232849121,22.453811645507812,21.19828987121582,21.19828987121582,475166077,8167246753.172318
20/03/2023,22.176464080810547,23.831193923950195,21.585559844970703,21.904611587524414,1147250538,8495353255.962753
21/03/2023,22.618267059326172,23.22371482849121,21.639102935791016,22.177589416503906,745081556,8570996250.733115
22/03/2023,21.480485916137695,23.06732177734375,21.14965057373047,22.614276885986328,851680842,8718952337.679441
23/03/2023,22.216777801513672,22.700597763061523,21.216276168823242,21.475513458251953,555730954,8277163932.31642
24/03/2023,20.678855895996094,22.258434295654297,20.35582733154297,22.21415138244629,547225198,8543484776.055639
25/03/2023,20.446645736694336,20.952482223510742,20.184852600097656,20.677745819091797,272949711,7977960408.113832
26/03/2023,20.97551918029785,21.129981994628906,20.34568977355957,20.444177627563477,226663968,7901578024.349372
27/03/2023,19.921674728393555,20.97982406616211,19.508054733276367,20.976085662841797,359607077,8079229951.395789
28/03/2023,20.4706974029541,20.76420783996582,19.66556739807129,19.922195434570312,347656506,7655291926.183579
29/03/2023,21.111467361450195,21.505144119262695,20.45812225341797,20.46544075012207,378726667,7878765558.475471
30/03/2023,20.55104637145996,21.590513229370117,20.232969284057617,21.113840103149414,472449267,8122141676.472303
31/03/2023,21.170495986938477,21.441999435424805,20.155242919921875,20.552515029907227,352864960,7919320174.471215
01/04/2023,20.97564125061035,21.313888549804688,20.858905792236328,21.17135238647461,209186327,8194996259.08917
02/04/2023,20.536975860595703,21.28608512878418,20.31570053100586,21.08799171447754,229561591,8133720019.793032
03/04/2023,20.443050384521484,20.934097290039062,20.02490234375,20.53603744506836,437266506,7929638196.330592
04/04/2023,20.924619674682617,21.236377716064453,20.352720260620117,20.442649841308594,305630170,7900168640.993755
05/04/2023,20.966007232666016,21.319177627563477,20.670976638793945,20.924537658691406,324885702,8093519489.19683
06/04/2023,20.61012840270996,20.97062110900879,20.50641441345215,20.96971321105957,222557225,8139780743.430709
07/04/2023,20.469940185546875,20.771724700927734,20.267675399780273,20.611345291137695,171660856,7980951367.926036
08/04/2023,20.036449432373047,20.71323585510254,19.947696685791016,20.4666748046875,194413927,7945861961.167704
09/04/2023,20.29946517944336,20.420705795288086,19.964378356933594,20.03837013244629,152580905,7779827678.559762
10/04/2023,20.882356643676758,20.936527252197266,20.115707397460938,20.300235748291016,224169192,7886462397.659908
11/04/2023,23.018827438354492,23.635955810546875,20.860193252563477,20.883928298950195,1083533914,8111384994.393847
12/04/2023,23.985305786132812,24.34465217590332,22.423229217529297,23.018800735473633,1204250258,9019417673.037657
13/04/2023,24.432308197021484,25.242456436157227,23.704795837402344,23.810882568359375,792335438,9350156509.874369
14/04/2023,24.772722244262695,25.461393356323242,23.817447662353516,24.43577766418457,859037933,9566762973.066216
15/04/2023,24.079378128051758,24.77461051940918,23.872028350830078,24.77461051940918,379745930,9705804479.0832
16/04/2023,25.361927032470703,25.454143524169922,23.94781494140625,24.07978630065918,466841333,9451805831.229778
17/04/2023,24.55884552001953,25.938335418701172,24.406898498535156,25.36248016357422,789077237,9920073717.128748
18/04/2023,24.852689743041992,25.42329216003418,24.102088928222656,24.564685821533203,487693856,9623598168.573132
19/04/2023,22.71283531188965,24.93950843811035,22.266664505004883,24.85041046142578,836873906,9739599132.263355
20/04/2023,22.181440353393555,23.12053680419922,21.664962768554688,22.704620361328125,658826580,8903451124.568312
21/04/2023,21.278135299682617,22.376489639282227,21.133298873901367,22.183801651000977,489546774,8697671636.546442
22/04/2023,21.816287994384766,21.948162078857422,21.108491897583008,21.27747344970703,246809009,8333890309.334352
23/04/2023,21.480138778686523,22.217382431030273,21.067718505859375,21.81642723083496,314447869,8584446324.231401
24/04/2023,21.391069412231445,21.950172424316406,21.078792572021484,21.479459762573242,358681450,8420199212.273126
25/04/2023,21.92725372314453,21.93714141845703,20.783756256103516,21.389921188354492,367752382,8399117356.571699
26/04/2023,21.28301239013672,22.921377182006836,20.57401466369629,21.92747688293457,690088236,8617142936.350363
27/04/2023,22.34011459350586,22.48358154296875,21.226152420043945,21.284690856933594,509745191,8354008434.670635
28/04/2023,23.366287231445312,23.460052490234375,22.21075439453125,22.339731216430664,511781472,8756193576.97448
29/04/2023,23.18299674987793,23.750762939453125,22.987077713012695,23.366914749145508,369964075,9208471390.321592
30/04/2023,22.832014083862305,23.929723739624023,22.832014083862305,23.183658599853516,368042267,9092156212.487629
01/05/2023,21.98663330078125,22.87849235534668,21.640710830688477,22.82850456237793,438350469,9057154980.365274
02/05/2023,22.264978408813477,22.373878479003906,21.77289581298828,21.986553192138672,296722866,8651811979.929995
03/05/2023,22.218002319335938,22.26718521118164,21.282699584960938,22.265134811401367,445797367,8773546966.16016
04/05/2023,21.730348587036133,22.441139221191406,21.65181541442871,22.218751907348633,291826693,8762010269.84146
05/05/2023,22.82611083984375,23.029722213745117,21.706457138061523,21.730815887451172,423211212,8571042186.731829
06/05/2023,21.974262237548828,23.222301483154297,21.729970932006836,22.828092575073242,351934449,8999007584.2166
07/05/2023,21.844228744506836,22.738605499267578,21.808727264404297,21.971925735473633,303626005,8661587000.942377
08/05/2023,20.65746307373047,21.80777931213379,20.260629653930664,21.80777931213379,553548056,8705466133.769728
09/05/2023,20.683645248413086,20.96478843688965,20.459636688232422,20.658002853393555,272780907,8146997991.830378
10/05/2023,20.953710556030273,21.29500961303711,20.165687561035156,20.68277931213379,490700208,8164794903.556
11/05/2023,20.234880447387695,20.95549964904785,19.855695724487305,20.95549964904785,376535594,8287539919.545623
12/05/2023,20.911794662475586,20.929597854614258,19.86431312561035,20.232479095458984,362726295,8015037356.982577
13/05/2023,20.86876106262207,21.24797821044922,20.82196807861328,20.915910720825195,224618367,8274505085.732654
14/05/2023,20.953397750854492,21.243988037109375,20.666637420654297,20.868267059326172,184522451,8297710532.113992
15/05/2023,21.00718879699707,21.485639572143555,20.647809982299805,20.953227996826172,307353987,8280978190.929416
16/05/2023,20.679420471191406,21.12025260925293,20.475379943847656,21.008012771606445,279283146,8316882669.84985
17/05/2023,21.06839942932129,21.17076873779297,20.500478744506836,20.679012298583984,279742763,8187913902.158279
18/05/2023,20.348695755004883,21.068193435668945,20.168506622314453,21.068193435668945,293327002,8341868800.046011
19/05/2023,20.349870681762695,20.5580997467041,20.312673568725586,20.348098754882812,149073606,8061536789.167275
20/05/2023,20.285446166992188,20.361488342285156,20.14699935913086,20.350309371948242,121021517,8059779103.665763
21/05/2023,19.609437942504883,20.383838653564453,19.508216857910156,20.285701751708984,210641913,8022997471.517465
22/05/2023,19.54204559326172,19.98162841796875,19.383373260498047,19.612018585205078,216922971,7783712425.51017
23/05/2023,20.043182373046875,20.152935028076172,19.45125961303711,19.54226303100586,258761187,7749799385.59985
24/05/2023,19.223663330078125,20.062013626098633,18.914325714111328,20.044349670410156,297840141,7940043369.313906
25/05/2023,19.260662078857422,19.525495529174805,18.892263412475586,19.222572326660156,194537149,7619548993.269599
26/05/2023,19.36695671081543,19.54116439819336,19.120452880859375,19.260940551757812,140228468,7626215765.408768
27/05/2023,20.425233840942383,20.499244689941406,19.350170135498047,19.36615753173828,179682882,7676617783.5293455
28/05/2023,20.7985782623291,21.150989532470703,20.336889266967773,20.42608070373535,291460886,8089935112.023952
29/05/2023,20.586509704589844,20.970685958862305,20.29768180847168,20.800046920776367,228295637,8259241871.664162
30/05/2023,21.25408363342285,21.381717681884766,20.519500732421875,20.58713722229004,367512387,8162528825.077333
31/05/2023,20.82450294494629,21.318878173828125,20.468751907348633,21.255285263061523,246152341,8420948536.256156
01/06/2023,20.50221824645996,20.97260856628418,20.46446990966797,20.824892044067383,209047110,8253719265.038129
02/06/2023,21.25759506225586,21.35614013671875,20.38359260559082,20.502729415893555,237609887,8135209555.988281
03/06/2023,21.15556526184082,21.335468292236328,21.017078399658203,21.258623123168945,144933830,8440560224.313393
04/06/2023,21.8189754486084,22.284591674804688,21.061323165893555,21.15740966796875,317802167,8395562285.774495
05/06/2023,20.07505989074707,22.042024612426758,19.423831939697266,21.821796417236328,594214946,8705745044.414808
06/06/2023,20.398483276367188,20.683780670166016,19.320531845092773,20.0625057220459,441408235,7993273614.350522
07/06/2023,18.6342830657959,20.486583709716797,18.5499210357666,20.399314880371094,390444801,8102758544.84506
08/06/2023,18.909475326538086,19.0777645111084,18.294736862182617,18.63564682006836,258460307,7429398031.748883
09/06/2023,17.37969970703125,19.299476623535156,17.161293029785156,18.908403396606445,463344687,7533243369.330318
10/06/2023,15.65610122680664,17.39295768737793,13.379448890686035,17.3813533782959,1230339924,6890419608.144915
11/06/2023,15.558775901794434,16.115692138671875,15.198493003845215,15.654450416564941,446176848,6262620811.883113
12/06/2023,15.196707725524902,15.606237411499023,14.817190170288086,15.557231903076172,384209938,6191248338.350977
13/06/2023,15.018193244934082,15.873085975646973,14.816584587097168,15.196287155151367,363876713,6067764743.466437
14/06/2023,14.486572265625,15.305150032043457,14.195953369140625,15.018190383911133,296502336,5975770710.188687
15/06/2023,14.759472846984863,15.010393142700195,14.214147567749023,14.486286163330078,329864409,5789069977.260347
16/06/2023,15.30825424194336,15.399171829223633,14.46956729888916,14.760416030883789,232544705,5880524857.505803
17/06/2023,15.650521278381348,16.06578254699707,15.185426712036133,15.308581352233887,206436912,6109552126.06054
18/06/2023,15.43823528289795,15.812690734863281,15.361244201660156,15.64947509765625,141612316,6246219926.833057
19/06/2023,16.073041915893555,16.07537078857422,15.414377212524414,15.438765525817871,163949883,6170109454.954071
20/06/2023,16.635231018066406,16.66510581970215,15.759370803833008,16.07803726196289,265787114,6382655003.177078
21/06/2023,17.25704574584961,17.379573822021484,16.58346939086914,16.635486602783203,357788986,6629964493.675703
22/06/2023,16.642620086669922,17.698505401611328,16.6103458404541,17.25714874267578,299233520,6903161332.170283
23/06/2023,17.149534225463867,17.510692596435547,16.23674774169922,16.642969131469727,386994632,6663990154.562925
24/06/2023,16.652862548828125,17.517597198486328,16.46331787109375,17.149274826049805,260480952,6825331675.927217
25/06/2023,16.97138023376465,17.34068489074707,16.60713768005371,16.651472091674805,252839095,6642182122.570187
26/06/2023,16.27002716064453,17.10167694091797,16.02097511291504,16.969646453857422,275948459,6785842637.336145
27/06/2023,16.61964988708496,16.909896850585938,16.1785888671875,16.26987075805664,259041273,6497000673.693492
28/06/2023,15.98684310913086,16.627328872680664,15.74758243560791,16.621904373168945,327399744,6626087422.922995
29/06/2023,17.970457077026367,18.19975471496582,15.906376838684082,15.98551082611084,737633196,6403600623.488655
30/06/2023,18.897321701049805,19.855125427246094,17.314870834350586,17.971071243286133,1120379648,7187331652.66652
01/07/2023,18.683902740478516,18.97142791748047,17.945798873901367,18.89606475830078,349552752,7567998783.57058
02/07/2023,19.453594207763672,19.704559326171875,18.58200454711914,18.689668655395508,497231250,7437496981.577963
03/07/2023,19.240537643432617,19.6131591796875,18.943145751953125,19.45241355895996,324227812,7792444090.125792
04/07/2023,19.14322853088379,19.87669563293457,19.096738815307617,19.24203109741211,345225951,7700930946.150432
05/07/2023,18.99286460876465,19.355266571044922,18.498628616333008,19.145612716674805,260416081,7724902370.005767
06/07/2023,19.729385375976562,20.922775268554688,18.886260986328125,18.991992950439453,903770571,7619692719.675487
07/07/2023,21.484664916992188,21.60171127319336,19.318931579589844,19.726110458374023,988591308,8013479115.45537
08/07/2023,21.859268188476562,22.40300178527832,21.356882095336914,21.485252380371094,693929963,8609626131.887451
09/07/2023,21.3490047454834,22.322025299072266,21.08757781982422,21.854955673217773,405174806,8804631486.280863
10/07/2023,21.31377601623535,21.777145385742188,20.572586059570312,21.347787857055664,543191863,8595004420.8743
11/07/2023,22.092933654785156,22.285200119018555,21.24249267578125,21.314722061157227,453810523,8559664093.103448
12/07/2023,21.977602005004883,22.712724685668945,21.82825469970703,22.092424392700195,541605988,8875741131.46763
13/07/2023,26.02569580078125,26.624345779418945,21.49482536315918,21.97846031188965,1527996472,8862665910.429438
14/07/2023,26.7357177734375,30.057695388793945,25.434978485107422,26.02075958251953,2184090884,10410892785.973965
15/07/2023,27.391355514526367,29.057395935058594,26.688867568969727,26.729034423828125,1323279744,10743046575.077663
16/07/2023,27.384082794189453,28.551088333129883,26.8976993560791,27.395526885986328,753056132,11015911503.065817
17/07/2023,26.872766494750977,28.380918502807617,25.895729064941406,27.38576889038086,970813262,11002094754.605814
18/07/2023,25.544504165649414,27.045597076416016,24.824853897094727,26.869007110595703,696782373,10816613437.044512
19/07/2023,26.372352600097656,26.922088623046875,25.418062210083008,25.55088233947754,603189951,10269805534.152489
20/07/2023,25.375167846679688,26.896438598632812,25.16942596435547,26.36872673034668,606255421,10633423774.84343
21/07/2023,25.544267654418945,25.947921752929688,25.142337799072266,25.375524520874023,410907584,10227156125.30492
22/07/2023,24.535053253173828,25.95035743713379,24.306474685668945,25.54317855834961,335432006,10346698670.50916
23/07/2023,24.766815185546875,25.213611602783203,24.250967025756836,24.532663345336914,330741258,9872947825.241152
24/07/2023,23.38149070739746,24.810638427734375,23.069425582885742,24.765520095825195,492344649,10018814299.162062
25/07/2023,23.279321670532227,23.525882720947266,22.864362716674805,23.383249282836914,346742173,9455689036.354588
26/07/2023,25.177053451538086,25.518346786499023,23.207731246948242,23.27935791015625,688135176,9395875459.49248
27/07/2023,25.099336624145508,25.586376190185547,24.72016143798828,25.17807960510254,514211484,10171319431.282724
28/07/2023,24.84685707092285,25.473247528076172,24.577672958374023,25.09872817993164,374045446,10151894149.311943
29/07/2023,25.168973922729492,25.36704444885254,24.78037452697754,24.84393310546875,265061245,10051629238.612888
30/07/2023,24.261018753051758,25.19329261779785,23.845407485961914,25.16937255859375,365262222,10178962394.375273
31/07/2023,23.720956802368164,24.75018310546875,23.6588191986084,24.261838912963867,376948332,9816173591.432625
01/08/2023,23.99875259399414,23.99875259399414,23.087238311767578,23.724891662597656,428254164,9604285334.638874
02/08/2023,23.145721435546875,24.219627380371094,22.984315872192383,23.993515014648438,393185796,9663629338.746136
03/08/2023,22.636049270629883,23.353015899658203,22.54010009765625,23.144893646240234,365983702,9376125922.1032
04/08/2023,22.79361915588379,23.52178192138672,22.522666931152344,22.632715225219727,382245804,9178003135.366844
05/08/2023,22.632204055786133,22.89552879333496,22.3279972076416,22.793601989746094,250613466,9237548520.05844
06/08/2023,23.18569564819336,23.416099548339844,22.596603393554688,22.63254737854004,320595154,9155491618.929426
07/08/2023,23.068756103515625,23.503938674926758,22.48735237121582,23.185405731201172,353804981,9384285772.437752
08/08/2023,24.211763381958008,24.727624893188477,23.021738052368164,23.069252014160156,495649796,9344630841.913843
09/08/2023,24.37852668762207,24.95158576965332,24.1942081451416,24.211030960083008,447009018,9819635413.27439
10/08/2023,24.613052368164062,24.809499740600586,24.150667190551758,24.3783016204834,339616018,9894698836.091352
11/08/2023,24.582860946655273,24.865314483642578,24.359615325927734,24.610626220703125,314045619,9982518848.598185
12/08/2023,24.90673065185547,25.11195182800293,24.405805587768555,24.585542678833008,253389584,9969763672.692484
13/08/2023,24.24288558959961,24.91316032409668,24.236482620239258,24.905216217041016,263449955,10095650763.649357
14/08/2023,25.142822265625,25.22711753845215,24.09539794921875,24.242403030395508,359715099,9839554742.689486
15/08/2023,23.89658546447754,25.241121292114258,23.761661529541016,25.147171020507812,424193111,10211324982.836502
16/08/2023,22.811975479125977,23.993120193481445,22.48752784729004,23.900014877319336,441171937,9697572470.820597
17/08/2023,21.70997428894043,23.380619049072266,20.304153442382812,22.811418533325195,620931325,9300306072.046394
18/08/2023,21.335493087768555,22.170013427734375,21.089134216308594,21.712427139282227,411279768,8833375790.376423
19/08/2023,21.879037857055664,22.147785186767578,21.315994262695312,21.335710525512695,244048976,8681695608.57574
20/08/2023,21.77327537536621,22.004703521728516,21.630094528198242,21.879751205444336,198853112,8915137095.359207
21/08/2023,21.20825958251953,21.77742576599121,20.683576583862305,21.773263931274414,339125910,8865949897.077328
22/08/2023,20.546541213989258,21.250513076782227,19.7354679107666,21.20706558227539,381594696,8654520275.407608
23/08/2023,21.703624725341797,21.746028900146484,20.451467514038086,20.54734992980957,404686524,8370856986.385249
24/08/2023,21.033031463623047,21.98844337463379,20.751087188720703,21.70798683166504,328472951,8838275066.484407
25/08/2023,20.392719268798828,21.04962730407715,20.153100967407227,21.035110473632812,278312420,8571674305.076569
26/08/2023,20.280424118041992,20.403776168823242,20.217575073242188,20.392974853515625,144065112,8310249527.262404
27/08/2023,20.78683853149414,20.870126724243164,20.26211166381836,20.28070068359375,177496132,8261560411.31751
28/08/2023,20.557100296020508,20.786964416503906,20.168689727783203,20.786964416503906,200600033,8479951511.884242
29/08/2023,21.780763626098633,21.983257293701172,20.12834358215332,20.556865692138672,469679540,8388087449.848007
30/08/2023,20.834903717041016,21.932714462280273,20.641664505004883,21.782026290893555,292322455,8863938813.844702
31/08/2023,19.735092163085938,21.007213592529297,19.549762725830078,20.833837509155273,343649256,8515043630.644387
01/09/2023,19.327844619750977,19.907936096191406,19.092510223388672,19.734756469726562,286842939,8053897659.792566
02/09/2023,19.493743896484375,19.66608428955078,19.188915252685547,19.328523635864258,200858690,7901833889.253324
03/09/2023,19.578746795654297,19.657276153564453,19.28093147277832,19.494253158569336,164570332,7955183284.391823
04/09/2023,19.499408721923828,19.949865341186523,19.24225616455078,19.577850341796875,220024399,8013423697.401463
05/09/2023,20.272384643554688,20.547443389892578,19.094310760498047,19.50067710876465,387328289,7962785355.880494
06/09/2023,19.62002944946289,20.348989486694336,19.215927124023438,20.27223777770996,313630984,8282664538.733198
07/09/2023,19.890499114990234,19.972978591918945,19.367788314819336,19.62108039855957,242438252,8025176936.509907
08/09/2023,19.599044799804688,20.214828491210938,19.421865463256836,19.893768310546875,219114497,8138224259.182586
09/09/2023,19.44607162475586,19.602888107299805,19.40461540222168,19.600006103515625,101925453,8024651915.709034
10/09/2023,18.248830795288086,19.44618797302246,17.87034034729004,19.44618797302246,520683204,7988672928.157753
11/09/2023,17.739166259765625,18.413116455078125,17.461477279663086,18.246707916259766,380225621,7496074227.315406
12/09/2023,17.929826736450195,18.655071258544922,17.606657028198242,17.73886489868164,361388393,7268358215.03846
13/09/2023,18.402999877929688,18.508787155151367,17.739513397216797,17.930871963500977,356729875,7368626584.271517
14/09/2023,18.838306427001953,19.26730728149414,18.403322219848633,18.403322219848633,349380172,7551673475.282736
15/09/2023,19.16884422302246,19.40658187866211,18.590330123901367,18.83917999267578,205202282,7743475445.815018
16/09/2023,19.140369415283203,19.41681480407715,18.917415618896484,19.169498443603516,146477836,7883263120.700344
17/09/2023,18.831628799438477,19.139827728271484,18.712940216064453,19.139827728271484,112594680,7864717942.885944
18/09/2023,19.657245635986328,20.100101470947266,18.65157127380371,18.832380294799805,316245106,7720289269.964434
19/09/2023,20.03618812561035,20.358543395996094,19.614437103271484,19.657075881958008,253895801,8081231238.22347
20/09/2023,20.3049373626709,20.48303985595703,19.85378074645996,20.03628921508789,233206126,8242770208.209753
21/09/2023,19.47907066345215,20.3048152923584,19.37391471862793,20.3048152923584,253809695,8357683264.676293
22/09/2023,19.43814468383789,19.774112701416016,19.221296310424805,19.47825050354004,170874161,8032276838.132356
23/09/2023,19.47390365600586,19.55816078186035,19.313749313354492,19.43851089477539,97379053,8027260379.11194
24/09/2023,19.374290466308594,19.657695770263672,19.30803680419922,19.473894119262695,115380619,8029339259.552218
25/09/2023,19.40414047241211,19.703439712524414,19.217248916625977,19.3741455078125,163848456,7984839330.184492
26/09/2023,19.023286819458008,19.5053653717041,18.941389083862305,19.40274429321289,170201883,8001387575.222157
27/09/2023,19.130022048950195,19.44652557373047,18.774215698242188,19.02251434326172,210385139,7853875935.402948
28/09/2023,19.957616806030273,19.960865020751953,19.110307693481445,19.129474639892578,225954938,7889113032.339973
29/09/2023,20.300655364990234,20.415977478027344,19.875160217285156,19.95958137512207,219571069,8237778276.828282
30/09/2023,21.3951473236084,21.729970932006836,20.124679565429688,20.299589157104492,328987954,8380719360.271232
01/10/2023,23.83648681640625,24.396018981933594,21.170072555541992,21.392059326171875,637123111,8834603606.720219
02/10/2023,23.371700286865234,24.603424072265625,22.976022720336914,23.837955474853516,658084028,9910925871.881264
03/10/2023,23.55269432067871,24.662073135375977,23.296710968017578,23.36992073059082,653491878,9664238003.259369
04/10/2023,23.144786834716797,23.754377365112305,22.692842483520508,23.556915283203125,429268875,9737914093.265
05/10/2023,22.694141387939453,23.717647552490234,22.628948211669922,23.14655113220215,361288781,9569979650.531218
06/10/2023,23.424453735351562,23.70509147644043,22.692167282104492,22.692167282104492,402665506,9392479523.673967
07/10/2023,23.287302017211914,24.101722717285156,23.117116928100586,23.4239501953125,278403509,9685255629.751097
08/10/2023,23.24642562866211,23.613706588745117,23.14427947998047,23.289335250854492,190670414,9647364228.421127
09/10/2023,22.118396759033203,23.353511810302734,21.814489364624023,23.244909286499023,356967743,9627275562.372828
10/10/2023,22.10511589050293,22.45848846435547,21.738727569580078,22.117517471313477,241087146,9168609907.058208
11/10/2023,22.00741958618164,22.39118194580078,21.679807662963867,22.105201721191406,278925381,9168430059.589134
12/10/2023,21.300268173217773,22.019926071166992,21.068971633911133,22.007484436035156,283320977,9129830090.478771
13/10/2023,21.834917068481445,22.156654357910156,21.132036209106445,21.299955368041992,269268807,8859183055.63427
14/10/2023,22.01171875,22.196813583374023,21.82191276550293,21.834354400634766,174004594,9083240237.42736
15/10/2023,21.922027587890625,22.135814666748047,21.711383819580078,22.010534286499023,178940996,9161744653.181892
16/10/2023,23.98295783996582,24.41446876525879,21.92258644104004,21.92258644104004,726713710,9125622303.79429
17/10/2023,23.959318161010742,24.485265731811523,23.644390106201172,23.981590270996094,520830665,10055584865.075697
18/10/2023,23.432138442993164,24.30299949645996,23.4240779876709,23.959224700927734,362606644,9983521264.639666
19/10/2023,24.93791961669922,25.389076232910156,23.256446838378906,23.4334774017334,663249208,9758507265.818256
20/10/2023,27.033674240112305,27.31616973876953,24.774505615234375,24.937543869018555,910991447,10349453104.808008
21/10/2023,29.386228561401367,30.14244842529297,26.71261215209961,27.034481048583984,1160814433,11290615048.676315
22/10/2023,29.03668212890625,29.9661922454834,28.20864486694336,29.384227752685547,665340924,12239407592.026327
23/10/2023,31.850984573364258,32.468772888183594,28.9017391204834,29.26222038269043,1581590969,12075671557.596724
24/10/2023,30.15153694152832,32.36031723022461,29.70209312438965,31.84965705871582,1450364573,13367364108.913492
25/10/2023,32.46306610107422,33.69322204589844,30.059873580932617,30.151220321655273,1458706203,12604514716.68563
26/10/2023,32.77549362182617,33.22134017944336,30.797067642211914,32.461856842041016,1015617285,13543276725.776272
27/10/2023,31.73969841003418,33.30240249633789,31.52513885498047,32.77643585205078,870812666,13696100439.031744
28/10/2023,31.653318405151367,32.47766876220703,31.50631332397461,31.73992156982422,380462073,13322929646.105707
29/10/2023,32.822608947753906,33.13132858276367,31.434202194213867,31.652101516723633,507672244,13270979228.927153
30/10/2023,34.962337493896484,35.17289352416992,32.39456558227539,32.819034576416016,1099930941,13747282667.78367
31/10/2023,38.51951599121094,38.54643249511719,34.9084358215332,34.95983123779297,1577034191,14656591733.223766
01/11/2023,41.461544036865234,46.25090026855469,37.96105194091797,38.513057708740234,3630725002,16146331428.99949
02/11/2023,40.20756912231445,44.4891242980957,38.975345611572266,41.385948181152344,2583692673,17362282922.666862
03/11/2023,39.51976013183594,40.22572326660156,38.21837615966797,40.208927154541016,1755955299,16915834782.767227
04/11/2023,42.346595764160156,42.69524002075195,39.168792724609375,39.52021026611328,1454107898,16590657428.301384
05/11/2023,41.23860168457031,42.80353927612305,40.380126953125,42.37336730957031,884855278,17774131285.113876
06/11/2023,42.12858963012695,42.155067443847656,39.825077056884766,41.238563537597656,1010459088,17327989797.5177
07/11/2023,43.09254455566406,44.42584991455078,40.319908142089844,42.13777160644531,1780187159,17633401515.616535
08/11/2023,43.18988800048828,43.805057525634766,42.394229888916016,43.08591842651367,1009177437,18118371837.24985
09/11/2023,45.444828033447266,48.703067779541016,42.608184814453125,43.18186950683594,2830770419,18224254869.067654
10/11/2023,56.64385223388672,57.34910202026367,45.21684646606445,45.4423713684082,3795204638,19039251761.549587
11/11/2023,56.1026611328125,63.41544723510742,54.04486846923828,56.640995025634766,4182963132,23890974567.18268
12/11/2023,56.15409851074219,61.71490478515625,54.94210433959961,56.13203048706055,2987356952,23802514066.26354
13/11/2023,51.90705108642578,59.71365737915039,51.90705108642578,56.180625915527344,2942685126,23626834466.27276
14/11/2023,56.838375091552734,57.730106353759766,51.71446228027344,51.902217864990234,3195616616,22071829319.859287
15/11/2023,65.5344009399414,66.86766815185547,56.30898666381836,56.83993911743164,3793937162,24025150540.45894
16/11/2023,57.871402740478516,67.99214935302734,56.81013107299805,65.53944396972656,3922608772,27523565135.28521
17/11/2023,58.41593551635742,60.416290283203125,54.5516471862793,57.92103958129883,3185454735,24454321066.84912
18/11/2023,58.512725830078125,59.283443450927734,55.062313079833984,58.39267349243164,1942321169,24667662889.708
19/11/2023,61.393558502197266,62.02115249633789,56.88264846801758,58.52428436279297,1998656461,24711969043.560658
20/11/2023,56.53383255004883,61.370460510253906,56.353431701660156,61.370460510253906,1937313546,26038968868.90716
21/11/2023,52.00047302246094,57.36568832397461,51.55591583251953,56.540367126464844,2440890238,23837278052.150414
22/11/2023,57.588558197021484,58.79156494140625,51.73749542236328,52.00212860107422,1985653842,22095435188.78951
23/11/2023,56.599369049072266,59.47392272949219,56.28756332397461,57.57801818847656,1379316733,24392491443.20616
24/11/2023,56.86643981933594,58.686012268066406,56.349090576171875,56.57889175415039,1146346831,23970546237.51584
25/11/2023,58.84648895263672,59.654144287109375,56.325279235839844,56.86628723144531,1183793273,24061449315.617107
26/11/2023,57.6427001953125,58.95796203613281,56.51145553588867,58.845420837402344,871154750,24902981174.69337
27/11/2023,55.06462097167969,58.02122497558594,53.71446990966797,57.628868103027344,1237763215,24415212865.335167
28/11/2023,58.19437026977539,58.6068229675293,54.085323333740234,55.06262969970703,1412314015,23317839078.34003
29/11/2023,59.25012969970703,61.653358459472656,57.8550910949707,58.193050384521484,1941361674,24600212078.53859
30/11/2023,59.24162292480469,61.43787384033203,58.946922302246094,59.253517150878906,1263841021,25088888782.540813
01/12/2023,59.80399703979492,61.758018493652344,58.7782096862793,59.23817825317383,1376669760,25108803752.086662
02/12/2023,63.83285903930664,63.83285903930664,59.77376174926758,59.80374526977539,1346327049,25352598328.429
03/12/2023,63.03996658325195,65.39625549316406,62.416622161865234,63.82087707519531,1368876645,26881444684.92962
04/12/2023,61.526615142822266,65.13323974609375,60.280521392822266,63.03776931762695,2211865569,26766190167.25173
05/12/2023,60.99483108520508,62.54000473022461,59.25082778930664,61.5291748046875,1693517649,26112261419.98071
06/12/2023,61.902957916259766,66.38362121582031,60.97986602783203,60.97986602783203,3030993886,25906943014.62848
07/12/2023,67.83782958984375,69.30046844482422,61.873008728027344,61.934043884277344,3002455075,26519800255.08468
08/12/2023,75.00243377685547,75.12979125976562,67.84123229980469,67.84671783447266,3612712432,28837571556.753944
09/12/2023,72.25760650634766,77.50202178955078,72.03968811035156,74.98954772949219,2893248364,31939635291.86702
10/12/2023,74.70588684082031,74.72459411621094,70.91922760009766,72.27294921875,1849363354,30868914479.546883
11/12/2023,70.36717224121094,74.8381118774414,67.21549224853516,74.71422576904297,3729540309,31639909291.56832
12/12/2023,68.54067993164062,72.34092712402344,65.968994140625,70.34428405761719,2366453484,29912836736.92384
13/12/2023,70.76778411865234,72.3547592163086,64.3697738647461,68.5322494506836,2414610075,29261837474.95887
14/12/2023,75.62033081054688,76.17998504638672,69.8573226928711,70.74867248535156,2464938440,30236312485.34697
15/12/2023,72.36898803710938,79.15106964111328,72.36663818359375,75.63668823242188,2821390652,32382885128.146465
16/12/2023,73.47350311279297,77.0792007446289,71.56934356689453,72.43347930908203,1781972898,31160870071.512493
17/12/2023,71.00051879882812,74.72001647949219,70.82445526123047,73.47478485107422,1552380672,31406371759.65062
18/12/2023,74.34716033935547,75.38053894042969,67.33440399169922,70.93263244628906,2281865174,30373366926.657185
19/12/2023,72.9897689819336,76.27140808105469,72.01061248779297,74.34918975830078,1900875405,31797760802.78102
20/12/2023,82.19123077392578,83.95745086669922,72.989990234375,72.989990234375,3745738278,31049007031.4802
21/12/2023,93.85481262207031,95.32344055175781,81.23770904541016,82.1856460571289,4711493441,35036559621.049866
22/12/2023,98.00369262695312,99.12442779541016,90.79840087890625,93.85801696777344,5284203995,40139662988.83128
23/12/2023,107.59423065185547,109.50884246826172,93.10676574707031,98.0016860961914,3957434568,41936984906.30874
24/12/2023,112.48521423339844,117.38066864013672,107.72513580322266,107.72513580322266,6365529251,46067150224.36626
25/12/2023,121.1464614868164,125.19389343261719,108.90338134765625,112.56411743164062,5951791518,48130186348.93925
26/12/2023,112.6767349243164,121.14399719238281,104.72821807861328,121.08433532714844,6117657160,51905964256.03442
27/12/2023,107.02379608154297,115.03387451171875,105.42523193359375,112.65483093261719,4267938569,47816051843.275856
28/12/2023,102.10456848144531,109.420654296875,97.66864776611328,107.022705078125,4492625126,45769688224.76657
29/12/2023,106.31151580810547,109.6711196899414,100.05551147460938,102.06928253173828,4445797973,43945886274.36204
30/12/2023,101.84508514404297,107.3282241821289,101.06812286376953,106.29850006103516,1863177830,45547782244.27374
31/12/2023,101.50582122802734,105.133544921875,99.88642883300781,101.84417724609375,1748630533,43785435164.6565
01/01/2024,109.50868225097656,109.50868225097656,101.51280975341797,101.51280975341797,2157671990,43557642382.91047
02/01/2024,106.61122131347656,116.88249206542969,106.38898468017578,109.54906463623047,3782057553,47006338489.28494
03/01/2024,98.59443664550781,109.84809112548828,92.92366790771484,106.61653137207031,5472216595,45770111069.17999
04/01/2024,105.0775375366211,107.98246765136719,97.10832977294922,98.58697509765625,3272723247,42416625922.3214
05/01/2024,99.97879028320312,105.23542785644531,95.9427261352539,105.05200958251953,3022127826,45108341841.75201
06/01/2024,93.85771942138672,100.03740692138672,92.02278900146484,99.98799133300781,2235902092,43005412146.86797
07/01/2024,89.2763442993164,96.69239807128906,88.22345733642578,93.8603515625,2288061692,40341046148.6674
08/01/2024,97.79044342041016,99.76187133789062,85.64669799804688,89.2781753540039,4152448360,38353496896.01169
09/01/2024,99.40918731689453,103.7961654663086,95.89379119873047,97.81603240966797,4070131683,42169330331.765785
10/01/2024,102.03302001953125,105.0823745727539,92.56326293945312,99.38423919677734,4216429514,42627288796.39558
11/01/2024,99.90943908691406,106.93573760986328,98.4124984741211,102.10365295410156,4174026719,44241372072.84427
12/01/2024,91.72090911865234,100.2544937133789,88.30984497070312,99.91187286376953,2868799888,43224396745.53533
13/01/2024,95.73004913330078,96.91764831542969,89.7544937133789,91.7597427368164,1880329065,39503238769.71002
14/01/2024,94.13314056396484,102.173583984375,93.89056396484375,95.73265075683594,2736734725,41338579660.93868
15/01/2024,94.49022674560547,96.82123565673828,93.2411117553711,94.03654479980469,1755858499,40910904033.30603
16/01/2024,97.62691497802734,98.59530639648438,94.39668273925781,94.43834686279297,1806576879,40853886226.541885
17/01/2024,102.0635986328125,102.4337387084961,97.05516052246094,97.61580657958984,3220344763,42218185004.543945
18/01/2024,94.2509536743164,102.92314147949219,92.14057922363281,102.02949523925781,2684524713,43918459381.6917
19/01/2024,93.38616943359375,95.16472625732422,87.48365783691406,94.25067138671875,2631067383,40824171089.702095
20/01/2024,92.56983947753906,94.02531433105469,90.4937515258789,93.393798828125,1204443546,40338377669.27168
21/01/2024,90.84843444824219,93.71378326416016,90.84843444824219,92.58952331542969,894963197,40089978741.00717
22/01/2024,83.62281036376953,91.63616180419922,82.6597671508789,90.90369415283203,2662287481,39512481021.42816
23/01/2024,84.27450561523438,85.8401870727539,79.06669616699219,83.62184143066406,2990436327,36111047577.45998
24/01/2024,88.73200988769531,89.2677230834961,83.41868591308594,84.28726196289062,2352477736,36311461849.31265
25/01/2024,86.88921356201172,89.37682342529297,85.273681640625,88.73780059814453,1674093024,38534021790.14314
26/01/2024,92.44236755371094,93.52867126464844,86.14839172363281,86.88945007324219,2027305107,37657090256.50069
27/01/2024,94.16321563720703,94.43761444091797,90.84476470947266,92.38762664794922,1256585307,39963699730.98301
28/01/2024,95.93798065185547,99.37737274169922,93.538330078125,94.18190002441406,2425625612,40773572380.15453
29/01/2024,101.56666564941406,101.77191162109375,95.17613220214844,95.93798065185547,2604890575,41598860413.28886
30/01/2024,101.47297668457031,106.21345520019531,101.10939025878906,101.56666564941406,3328090833,44237194959.54558
31/01/2024,97.0287094116211,102.54806518554688,96.10359191894531,101.44925689697266,3814467068,44149841778.04821
01/02/2024,97.84669494628906,97.9441909790039,93.37918853759766,97.02484130859375,2951395444,42259374417.28451
02/02/2024,100.44052124023438,102.41262817382812,97.57415771484375,97.8346939086914,2574044077,42590324375.05028
03/02/2024,97.8799819946289,101.0589828491211,96.81257629394531,100.45113372802734,1349320819,43811141503.445335
04/02/2024,95.47695922851562,98.45758819580078,95.26637268066406,97.88506317138672,1304106726,42611107982.48974
05/02/2024,95.54866027832031,98.5440444946289,94.29252624511719,95.47146606445312,1635327054,41602993219.1009
06/02/2024,96.86107635498047,97.79078674316406,93.2807388305664,95.54961395263672,1699997346,41727362697.026825
07/02/2024,100.97927856445312,101.23660278320312,94.72022247314453,96.86189270019531,1733607189,42268993503.10137
08/02/2024,102.78563690185547,104.79804229736328,100.55369567871094,100.99549865722656,2288429230,44086978409.43825
09/02/2024,106.93333435058594,108.98772430419922,102.79017639160156,102.79017639160156,2852770180,44986092796.23713
10/02/2024,109.1314697265625,110.74279022216797,106.93366241455078,106.93366241455078,1836561570,46821270307.69528
11/02/2024,107.49528503417969,110.55686950683594,107.35765075683594,109.1166763305664,1370383843,47626799918.99898
12/02/2024,111.99275207519531,112.06966400146484,103.60929107666016,107.49263000488281,2650731894,46970508598.61096
13/02/2024,112.57930755615234,114.8106460571289,108.49378204345703,111.97724914550781,2709494768,48881521826.95636
14/02/2024,116.97632598876953,118.3277816772461,110.87847137451172,112.57496643066406,2391239729,49200636584.9414
15/02/2024,113.69940948486328,118.3064956665039,111.77587890625,116.98538970947266,2471486178,51223725720.39541
16/02/2024,110.44591522216797,114.25308990478516,108.34872436523438,113.6730728149414,1921299579,50054269103.93001
17/02/2024,108.98401641845703,111.07304382324219,106.1252212524414,110.44330596923828,1370606631,48713273174.4888
18/02/2024,112.17467498779297,114.00138092041016,107.60671997070312,108.98760223388672,1516321334,48116477499.560936
19/02/2024,111.4853286743164,114.71797943115234,111.08141326904297,112.17882537841797,1898655220,49474158579.09777
20/02/2024,108.45964050292969,112.0367431640625,104.89022827148438,111.48344421386719,2656976089,49013622667.08547
21/02/2024,105.1252212524414,108.45266723632812,100.41201782226562,108.45266723632812,2246861647,47893142417.96313
22/02/2024,101.66979217529297,106.99540710449219,101.64240264892578,105.12030792236328,1830636004,46454513229.83535
23/02/2024,99.95469665527344,103.02283477783203,98.9583511352539,101.67462158203125,1483285120,44975179369.543365
24/02/2024,104.1335220336914,104.64539337158203,98.585205078125,99.95437622070312,1083637514,44207212470.28615
25/02/2024,103.4534912109375,104.32994079589844,102.17102813720703,104.1326675415039,909662462,45956101626.76592
26/02/2024,109.91853332519531,110.58035278320312,100.4552001953125,103.4507064819336,2334408023,45607368722.22022
27/02/2024,108.3880844116211,112.2047119140625,105.89693450927734,109.91878509521484,2723995106,48479693900.729256
28/02/2024,118.05220031738281,118.05220031738281,107.46087646484375,108.39923858642578,5029492553,47818062228.12062
29/02/2024,125.71151733398438,134.4656982421875,117.66751861572266,118.2387466430664,6950123902,51987858810.85375
01/03/2024,129.9904022216797,137.60186767578125,125.63670349121094,125.63670349121094,4743077738,55782452212.29759
02/03/2024,129.70018005371094,131.45486450195312,127.6808853149414,129.98231506347656,2741772676,57670794534.933525
03/03/2024,130.45086669921875,132.062744140625,125.76932525634766,129.7933807373047,2875614168,57526283521.35976
04/03/2024,133.194580078125,134.87417602539062,127.79814147949219,130.42323303222656,4429758300,57634661052.93364
05/03/2024,125.70671081542969,142.65093994140625,109.53875732421875,133.15936279296875,8980294607,58905211978.42328
06/03/2024,130.7420196533203,134.8106231689453,120.31733703613281,125.69921112060547,5146680159,55994211147.81779
07/03/2024,143.9778594970703,149.2247314453125,130.70175170898438,130.7420196533203,7111178325,57750807855.93927
08/03/2024,145.2400360107422,152.4179229736328,142.53614807128906,143.97727966308594,5474659974,63894153486.63505
09/03/2024,144.6072540283203,149.35128784179688,144.29037475585938,145.24032592773438,2946261381,64314627608.68617
10/03/2024,144.5151824951172,148.6719207763672,140.83999633789062,144.60733032226562,3407621981,64204155811.87283
11/03/2024,148.75096130371094,150.01797485351562,137.6329803466797,144.5144805908203,5383624184,63915400688.66565
12/03/2024,151.01544189453125,154.94229125976562,142.87014770507812,148.7496795654297,6413617983,65982204368.10759
13/03/2024,163.83981323242188,166.44876098632812,148.94561767578125,151.01544189453125,5917471836,66773366688.398384
14/03/2024,176.67974853515625,177.8926239013672,160.23355102539062,163.83993530273438,8399967972,72573154800.36514
15/03/2024,182.96469116210938,188.50135803222656,165.4127197265625,176.67974853515625,14093348410,77993881680.2228
16/03/2024,181.88034057617188,197.65599060058594,177.46127319335938,182.96751403808594,11794134069,81845073461.4935
17/03/2024,202.12356567382812,204.29254150390625,179.22560119628906,181.88034057617188,10876218562,80284415527.02771
18/03/2024,195.9927520751953,209.69606018066406,194.8494110107422,202.1226043701172,11137647410,89815964680.74742
19/03/2024,170.0162811279297,198.24107360839844,166.17674255371094,195.9927520751953,11658593922,87207130383.47609
20/03/2024,191.54962158203125,192.9118194580078,163.2962646484375,170.0162811279297,8673957460,75621938582.8277
21/03/2024,179.2207489013672,195.30612182617188,176.2833251953125,191.54962158203125,5613811275,85004052599.30891
22/03/2024,174.36370849609375,181.3232421875,167.8778533935547,179.23980712890625,4150938142,79806198240.29042
23/03/2024,172.90225219726562,178.80010986328125,171.0169677734375,174.36370849609375,2711581881,76738474078.01993
24/03/2024,183.57345581054688,186.62942504882812,171.67372131347656,172.8978729248047,2661231893,77052625363.61342
25/03/2024,189.0835418701172,194.43026733398438,181.25234985351562,183.57345581054688,4066489821,81893130320.22795
26/03/2024,190.69985961914062,196.2930450439453,186.75282287597656,189.08338928222656,3520179571,83839327740.13148
27/03/2024,186.36146545410156,192.49658203125,180.42044067382812,190.69998168945312,3844985014,82469515311.1075
28/03/2024,189.6216278076172,190.8834686279297,180.99761962890625,186.36146545410156,2910414256,84376810104.58301
29/03/2024,192.2279510498047,192.96981811523438,183.6461639404297,189.6216278076172,3031009580,85458592299.79906
30/03/2024,194.3855438232422,199.73094177246094,191.21678161621094,192.2278594970703,2999311846,86405424747.82089
31/03/2024,202.87413024902344,203.02679443359375,194.0353240966797,194.37579345703125,2342185476,89923397506.15508
01/04/2024,192.5678253173828,204.1797637939453,187.4888916015625,202.8744354248047,3872515434,85732059587.61546
02/04/2024,181.17225646972656,192.56942749023438,176.132080078125,192.5678253173828,4553269015,80852266048.71434
03/04/2024,185.2486114501953,191.6926727294922,177.3955078125,181.1727294921875,4160370221,82604914820.39441
04/04/2024,183.95811462402344,190.06968688964844,180.51229858398438,185.2486114501953,4101220964,81659709755.68774
05/04/2024,174.5015106201172,184.977783203125,168.23606872558594,183.95811462402344,7398400404,77831600202.78362
06/04/2024,178.91534423828125,179.69752502441406,173.8743133544922,174.5015106201172,4672922789,79750236443.37901
07/04/2024,179.6498565673828,182.5382080078125,177.0657958984375,178.91534423828125,1854793003,79861253578.8148
08/04/2024,180.78477478027344,184.30287170410156,175.58998107910156,179.65069580078125,2744377905,80517816922.08905
09/04/2024,172.4136199951172,180.82568359375,169.36776733398438,180.77951049804688,2688188866,76885314247.58435
10/04/2024,173.43736267089844,175.32261657714844,163.81312561035156,172.4142608642578,3344074648,77258825486.40031
11/04/2024,172.5763702392578,176.2355194091797,170.3934326171875,173.43736267089844,2712334365,76882536259.77005
12/04/2024,153.63546752929688,175.8086395263672,145.51638793945312,172.5763702392578,4727185451,68194256998.82912
13/04/2024,139.34169006347656,154.94395446777344,119.83334350585938,153.6344757080078,8976793985,62392048542.51749
14/04/2024,151.28494262695312,152.50100708007812,131.28717041015625,139.34169006347656,7110974218,67716799120.70407
15/04/2024,138.5086212158203,155.96116638183594,134.5725555419922,151.2994384765625,5699439234,61846547891.77201
16/04/2024,136.27932739257812,140.27830505371094,126.86528015136719,138.507568359375,5156084639,61046499622.15789
17/04/2024,131.86618041992188,142.60438537597656,127.5289535522461,136.27911376953125,4888546522,59209941184.24792
18/04/2024,142.0823974609375,143.72735595703125,128.07675170898438,131.86717224121094,4193561506,63589108103.81202
19/04/2024,142.6804962158203,147.3337860107422,128.86282348632812,142.0823974609375,5857667913,63655414613.30072
20/04/2024,151.13356018066406,152.09918212890625,140.00570678710938,142.67845153808594,2795892211,67331071348.656845
21/04/2024,148.60931396484375,153.42225646972656,147.16952514648438,151.1340789794922,2211663291,66440740030.50808
22/04/2024,157.03121948242188,158.37271118164062,146.99169921875,148.60931396484375,2959650502,70319516128.03328
23/04/2024,154.70130920410156,159.94459533691406,153.3231201171875,157.03121948242188,2750685937,69240147032.50795
24/04/2024,147.74514770507812,159.58090209960938,145.77056884765625,154.70130920410156,3932336720,65896955607.21297
25/04/2024,144.89212036132812,149.3037567138672,142.2645721435547,147.74961853027344,3674969172,64846043095.95698
26/04/2024,139.10433959960938,145.8546142578125,138.90838623046875,144.88917541503906,2564389027,62282181722.61277
27/04/2024,141.28916931152344,142.87451171875,134.02891540527344,139.10433959960938,2373155947,63252813737.73272
28/04/2024,137.85641479492188,144.51388549804688,137.23301696777344,141.28916931152344,1959005342,61608208892.65613
29/04/2024,137.7766571044922,138.7387237548828,133.70916748046875,137.8601837158203,2464951751,61664390925.90713
30/04/2024,126.96270751953125,139.6676483154297,121.63745880126953,137.7772979736328,3407320371,56776553607.376434
01/05/2024,134.6279754638672,135.11386108398438,119.38481140136719,126.9625473022461,4136407963,60060790617.04957
02/05/2024,137.81448364257812,140.28152465820312,128.26028442382812,134.6279754638672,3380078368,61742956396.44636
03/05/2024,143.77255249023438,144.9600372314453,136.12342834472656,137.81448364257812,3216962298,64388479913.72052
04/05/2024,146.1350555419922,148.9357452392578,142.56625366210938,143.77220153808594,3050187811,65412585370.60406
05/05/2024,145.71302795410156,147.91647338867188,143.47845458984375,146.1350555419922,2034794725,65190438575.465225
06/05/2024,152.80239868164062,156.62669372558594,145.58432006835938,145.71205139160156,2926902880,68477829587.91311
07/05/2024,148.1343231201172,159.05345153808594,148.0836181640625,152.80667114257812,2687619013,66473062050.77436
08/05/2024,142.29473876953125,149.81089782714844,140.16909790039062,148.1343231201172,2502237557,63646123038.30877
09/05/2024,152.84994506835938,153.08624267578125,140.78964233398438,142.29473876953125,2249863780,68226102661.058304
10/05/2024,146.21690368652344,155.41159057617188,144.9387969970703,152.8529052734375,2471594251,65597926897.38264
11/05/2024,145.3143768310547,147.4264373779297,143.33140563964844,146.2169647216797,1243751505,65235649447.341125
12/05/2024,143.52081298828125,147.57147216796875,142.8818359375,145.3143768310547,936690341,64360391722.59361
13/05/2024,147.28233337402344,150.54666137695312,138.03285217285156,143.52081298828125,2556255769,66064074677.97224
14/05/2024,142.0303955078125,148.8286895751953,141.9068603515625,147.27908325195312,2586166419,63746266373.74591
15/05/2024,158.18682861328125,158.64071655273438,141.35032653808594,142.0303955078125,3585715674,70827402384.28418
16/05/2024,159.116455078125,164.31932067871094,156.7726287841797,158.18775939941406,3498272951,71426498497.80602
17/05/2024,169.53054809570312,171.6060791015625,159.116455078125,159.116455078125,3371355809,76023815418.33093
18/05/2024,172.5391387939453,175.7790985107422,168.9330596923828,169.53054809570312,2479657643,77412920064.39516
19/05/2024,170.0913543701172,175.1893310546875,166.7326202392578,172.53919982910156,2300080451,76375003896.4905
20/05/2024,186.52049255371094,187.44712829589844,168.0304412841797,170.0913543701172,4636864705,83588137798.88672
21/05/2024,178.11614990234375,188.49383544921875,174.71170043945312,186.51951599121094,4568414163,80012073476.37962
22/05/2024,176.86077880859375,183.0676727294922,175.4474639892578,178.1156768798828,3833758536,79384826280.87816
23/05/2024,175.98577880859375,180.165283203125,167.4036865234375,176.8631134033203,5117258940,78963591325.07504
24/05/2024,167.7969207763672,176.03147888183594,162.8658905029297,175.98577880859375,4013502065,75349221413.57343
25/05/2024,168.43763732910156,170.3550567626953,166.11300659179688,167.7969207763672,1875205755,75628506062.18701
26/05/2024,163.3509063720703,168.43927001953125,161.2638702392578,168.43763732910156,2543881488,73343898391.09886
27/05/2024,169.9961395263672,171.98854064941406,163.33544921875,163.3509063720703,2745440475,76308399750.44272
28/05/2024,168.65084838867188,173.0171356201172,164.97340393066406,169.9961395263672,3342283019,75837031672.01155
29/05/2024,168.0726776123047,173.64195251464844,167.3238525390625,168.65084838867188,2852496248,77350693839.1413
30/05/2024,166.97653198242188,172.41778564453125,163.6839599609375,168.0726776123047,2932316784,76800790932.0055
31/05/2024,165.63771057128906,170.63156127929688,163.93309020996094,166.97653198242188,2415920333,76097913707.79245
01/06/2024,166.03067016601562,167.73709106445312,165.5856170654297,165.63772583007812,1058869941,76258962884.25887
02/06/2024,163.24990844726562,166.9154815673828,161.6532440185547,166.0296173095703,1562269041,75063543169.68141
03/06/2024,164.9234619140625,167.03875732421875,161.8537139892578,163.25015258789062,2182487608,75770636419.77048
04/06/2024,171.8019256591797,171.8168182373047,164.51553344726562,164.92506408691406,2057558426,78884931833.86119
05/06/2024,173.48291015625,175.47531127929688,171.38299560546875,171.8019256591797,2405906612,79757823562.97198
06/06/2024,170.01622009277344,174.30470275878906,167.8642120361328,173.48291015625,1965442993,78374201514.41934
07/06/2024,162.50704956054688,172.4381561279297,155.79876708984375,170.01583862304688,3298527575,74746574729.79965
08/06/2024,157.96890258789062,163.62017822265625,157.54295349121094,162.4967498779297,1722237785,72798792430.43799
09/06/2024,162.08360290527344,162.91897583007812,156.76876831054688,157.96371459960938,1475878151,74619998477.69751
10/06/2024,158.9280242919922,162.8277587890625,157.77020263671875,162.07888793945312,1815361482,73184508073.11034
11/06/2024,149.42898559570312,159.52310180664062,145.8651885986328,158.9341278076172,2812642453,68824683053.18027
12/06/2024,155.1775665283203,161.51483154296875,145.82144165039062,149.4223175048828,2853692260,71404894520.5473
13/06/2024,147.31442260742188,155.19235229492188,146.1722412109375,155.19235229492188,2085097655,68025603668.29232
14/06/2024,143.0944366455078,148.78933715820312,140.11538696289062,147.28204345703125,2330458883,65999777034.79665
15/06/2024,145.41221618652344,145.5409698486328,143.02365112304688,143.07408142089844,1065293341,67096545440.79375
16/06/2024,151.12550354003906,151.12550354003906,143.17953491210938,145.41796875,1147997523,69556963706.08795
17/06/2024,143.3342742919922,151.58477783203125,140.13880920410156,151.13723754882812,2244770232,66175409261.954735
18/06/2024,137.50399780273438,143.61065673828125,130.28907775878906,143.314697265625,4046511952,63293331261.914925
19/06/2024,135.60960388183594,141.66993713378906,134.73263549804688,137.4798126220703,2241396569,62441141576.84119
20/06/2024,133.47296142578125,141.0752410888672,132.087646484375,135.60960388183594,2343938226,61701338094.99292
21/06/2024,134.5883026123047,135.22915649414062,128.9219207763672,133.47195434570312,2214701928,62056761145.02425
22/06/2024,133.6702423095703,136.46005249023438,133.14248657226562,134.56765747070312,948392979,61726173744.445564
23/06/2024,128.59042358398438,135.005859375,128.2696990966797,133.66000366210938,1063910411,59440787625.14881
24/06/2024,132.24139404296875,132.3112335205078,123.6693344116211,128.59800720214844,3420423301,60978834087.07365
25/06/2024,136.5592041015625,139.72958374023438,131.29635620117188,132.26934814453125,2517391150,63040293107.59422
26/06/2024,136.60914611816406,140.16876220703125,134.92576599121094,136.5549774169922,1670038554,63185660733.23863
27/06/2024,149.44837951660156,150.7672119140625,135.2449951171875,136.61341857910156,2831651846,68989499524.6785
28/06/2024,139.70339965820312,150.0515899658203,139.30589294433594,149.4542694091797,2396070692,64583784607.150375
29/06/2024,140.01014709472656,142.8238525390625,139.6678009033203,139.7193145751953,1139066175,64726637402.10452
30/06/2024,146.49249267578125,147.19932556152344,137.14137268066406,140.01272583007812,1567841881,67747022170.71615
01/07/2024,146.59506225585938,148.7985076904297,145.8227996826172,146.4812774658203,1814659116,67682168149.41814
02/07/2024,153.7004852294922,154.7129669189453,146.12054443359375,146.5885467529297,2024773533,71225958512.32457
03/07/2024,140.73141479492188,154.197998046875,139.5172576904297,153.7111358642578,2813419415,65081732185.93482
04/07/2024,127.55081939697266,142.51486206054688,127.55081939697266,140.71533203125,3243822145,59763914923.02888
05/07/2024,134.3693389892578,135.84579467773438,122.44230651855469,127.60507202148438,4644036182,62263571565.96605
06/07/2024,143.24118041992188,144.0084686279297,132.61329650878906,134.36329650878906,2078535871,66324703793.00565
07/07/2024,131.7740936279297,143.1870574951172,131.7740936279297,143.1870574951172,1842515124,61306907059.2407
08/07/2024,139.4636993408203,141.6341094970703,128.56292724609375,131.79702758789062,3692404575,64702786067.6961
09/07/2024,141.34844970703125,143.92938232421875,136.74093627929688,139.537353515625,2418798702,65573039812.25114
10/07/2024,141.97479248046875,145.8537139892578,138.85604858398438,141.3741455078125,1952272010,65774040363.29648
11/07/2024,135.8832244873047,145.32443237304688,135.84751892089844,141.98280334472656,2286890972,63102535695.42752
12/07/2024,139.52801513671875,140.42477416992188,134.15914916992188,135.86402893066406,1990173458,64567497174.09279
13/07/2024,141.9249725341797,143.367431640625,138.17953491210938,139.52639770507812,1131518484,65972688411.80346
14/07/2024,147.622314453125,148.54705810546875,141.92665100097656,141.92665100097656,2009294488,68712354601.54523
15/07/2024,159.93397521972656,159.9420623779297,147.202880859375,147.6661376953125,2580623500,73982653898.29402
16/07/2024,160.5518798828125,162.46951293945312,153.05372619628906,159.77333068847656,3034234774,74708963809.07704
17/07/2024,155.5841064453125,163.59523010253906,155.06703186035156,160.56329345703125,2255652667,72288438774.58669
18/07/2024,159.07241821289062,161.587158203125,155.5660400390625,155.59104919433594,2044591406,73945623249.70346
19/07/2024,169.1858673095703,171.50674438476562,156.60653686523438,159.0923309326172,3617009839,78592740593.0944
20/07/2024,173.89178466796875,174.831298828125,167.55731201171875,169.1826171875,1908476088,80769408870.92378
21/07/2024,184.54161071777344,184.8703155517578,171.1182098388672,173.89373779296875,3080452915,85568346851.54483
22/07/2024,178.97828674316406,184.79246520996094,177.04412841796875,184.54556274414062,2808509242,83018254335.9993
23/07/2024,172.757568359375,180.49615478515625,170.98854064941406,178.97828674316406,3230351478,80147214775.3418
24/07/2024,178.0323028564453,182.35760498046875,171.21041870117188,172.75851440429688,3112174836,82415917286.85031
25/07/2024,171.96307373046875,179.52093505859375,165.9325408935547,178.02952575683594,4067186719,79785239856.31586
26/07/2024,183.13671875,183.53836059570312,171.87789916992188,171.9625701904297,2816314095,85063256370.68454
27/07/2024,184.0854034423828,188.14059448242188,178.59835815429688,183.13809204101562,3248901126,85794930017.23837
28/07/2024,184.88607788085938,186.51461791992188,181.3953399658203,184.08599853515625,1852374783,85777973713.36674
29/07/2024,182.7805938720703,193.73228454589844,181.88536071777344,184.88719177246094,3654304391,84963667486.8766
30/07/2024,179.10719299316406,184.1801300048828,176.02243041992188,182.77159118652344,2766172800,83258861816.03438
31/07/2024,171.82615661621094,184.179443359375,171.81919860839844,179.10804748535156,3055204208,80007021956.86102
01/08/2024,167.672119140625,172.68980407714844,157.98838806152344,171.82566833496094,4402828194,77878278256.62651
02/08/2024,152.6382293701172,169.04396057128906,150.08499145507812,167.66053771972656,4507521137,71051245869.37196
03/08/2024,142.9219970703125,153.77685546875,140.22140502929688,152.6382293701172,3620526646,66546804053.34561
04/08/2024,138.05508422851562,145.83766174316406,132.13967895507812,142.9219512939453,4333596296,64445110781.5244
05/08/2024,129.8643035888672,139.14146423339844,110.60955810546875,138.0526885986328,14114308949,60848124739.69438
06/08/2024,144.09036254882812,149.35296630859375,129.78857421875,129.86294555664062,5813459735,67057766836.48161
07/08/2024,144.63209533691406,155.00779724121094,142.7469024658203,144.0882110595703,5529725414,67625605062.010284
08/08/2024,162.9307403564453,163.02590942382812,142.01992797851562,144.63247680664062,5385642745,75698063599.41002
09/08/2024,156.45721435546875,163.24948120117188,151.22613525390625,162.9307403564453,3217916997,72660846719.93431
10/08/2024,153.95916748046875,158.5860595703125,152.873046875,156.45721435546875,1662980960,71805659374.27051
11/08/2024,141.52685546875,157.93190002441406,141.34829711914062,153.961669921875,2411765937,66053574055.23101
12/08/2024,146.45423889160156,150.81463623046875,141.4407958984375,141.53207397460938,3380174341,68366562969.4933
13/08/2024,146.7126922607422,149.61012268066406,143.1520233154297,146.45455932617188,2224488388,68477961635.49704
14/08/2024,143.9234619140625,151.72604370117188,142.71792602539062,146.7126922607422,2714536693,67227534044.86631
15/08/2024,142.74581909179688,147.35154724121094,138.16192626953125,143.92266845703125,3032770371,66831591686.80469
16/08/2024,139.33056640625,144.7954559326172,136.3846435546875,142.7428741455078,2707615564,64923991466.56098
17/08/2024,141.7985076904297,141.96282958984375,137.86630249023438,139.33056640625,1199702073,66055998430.73456
18/08/2024,142.58688354492188,146.96298217773438,140.95962524414062,141.7985076904297,1866239536,66767333605.78352
19/08/2024,144.34368896484375,145.9236297607422,140.74871826171875,142.58688354492188,2077549615,67199360822.06837
20/08/2024,143.16773986816406,148.6486053466797,141.36070251464844,144.3468475341797,2124392770,66513281503.38214
21/08/2024,142.70960998535156,144.1562957763672,139.26654052734375,142.33303833007812,1923259439,66517022097.38202
22/08/2024,143.2579345703125,144.81321716308594,140.9344024658203,142.70960998535156,1368400829,66816825177.23071
23/08/2024,153.10708618164062,153.771240234375,143.16477966308594,143.2579345703125,2560976300,71385175855.43196
24/08/2024,160.73175048828125,162.16932678222656,152.15208435058594,153.10833740234375,2749419604,74561215838.43822
25/08/2024,158.90911865234375,161.94796752929688,155.50714111328125,160.73175048828125,2085078554,74372458774.0093
26/08/2024,157.23687744140625,161.91110229492188,155.88449096679688,158.9114990234375,2588808155,73379377268.85736
27/08/2024,146.8970947265625,159.62355041503906,145.65640258789062,157.23658752441406,2783392784,68650816515.76275
28/08/2024,143.89138793945312,148.69497680664062,140.97080993652344,146.8970947265625,2932401182,67087447930.22348
29/08/2024,140.0540313720703,147.2205810546875,138.2660675048828,143.8910675048828,2098251665,65212523044.88514
30/08/2024,138.09999084472656,141.01318359375,132.4513397216797,140.0540313720703,2683385690,64391759036.954285
31/08/2024,135.37425231933594,138.99224853515625,134.6364288330078,138.09999084472656,892155699,63042226474.33744
01/09/2024,128.6905517578125,135.99781799316406,128.24325561523438,135.37425231933594,1974170865,60057127704.74258
02/09/2024,135.0023651123047,135.35238647460938,127.26619720458984,128.6905517578125,2092221241,63014170935.41752
03/09/2024,127.57758331298828,137.14476013183594,127.57423400878906,135.0023651123047,1787700523,59797451960.95581
04/09/2024,133.60391235351562,134.86917114257812,123.61295318603516,127.57758331298828,2663812153,62418685124.01407
05/09/2024,129.32894897460938,135.085205078125,128.14137268066406,133.6043701171875,1926178088,60368322226.60871
06/09/2024,124.99007415771484,134.16807556152344,121.05538177490234,129.32894897460938,3520537699,58314200040.23735
07/09/2024,127.72156524658203,129.2908935546875,124.26908111572266,124.99007415771484,1321261949,59479665838.86826
08/09/2024,129.98951721191406,131.51524353027344,126.81302642822266,127.72156524658203,1317794291,60790190313.36132
09/09/2024,135.02561950683594,136.18653869628906,127.21979522705078,129.98951721191406,2443769044,63117947291.79084
10/09/2024,135.63522338867188,137.8063507080078,132.63108825683594,135.0263671875,1642358500,63440854311.27895
11/09/2024,132.4973907470703,135.8038787841797,128.4340057373047,135.63494873046875,2122617674,61981116603.3218
12/09/2024,136.14190673828125,136.61480712890625,132.44332885742188,132.49708557128906,1597055803,63733680676.9126
13/09/2024,139.1005401611328,139.83250427246094,131.86395263671875,136.14190673828125,1668690414,64969531899.99684
14/09/2024,137.17977905273438,139.7345733642578,135.9435577392578,139.1025390625,952465288,64205723831.15425
15/09/2024,131.4993896484375,137.92349243164062,130.9698028564453,137.17977905273438,1358403273,61567484402.18613
16/09/2024,131.47259521484375,132.29637145996094,129.13807678222656,131.4993896484375,1623218789,61568775098.19997
17/09/2024,131.53707885742188,135.4871368408203,130.47569274902344,131.47244262695312,1726861492,61528727560.66641
18/09/2024,133.99185180664062,133.99185180664062,127.25076293945312,131.53707885742188,2260675347,62344085690.963066
19/09/2024,142.83627319335938,143.9043731689453,133.99185180664062,133.99185180664062,2884543933,66781613606.59314
20/09/2024,146.56680297851562,151.7609405517578,141.316162109375,142.8365478515625,3241123621,68712082295.181694
21/09/2024,149.52703857421875,149.83645629882812,144.79803466796875,146.56680297851562,1385610390,69989248251.36833
22/09/2024,144.80364990234375,149.86582946777344,141.38461303710938,149.52703857421875,1597826979,67819642074.62571
23/09/2024,144.8149871826172,148.97042846679688,142.6438446044922,144.80364990234375,2344229720,67841649635.46536
24/09/2024,152.89215087890625,153.53628540039062,143.30413818359375,144.8149871826172,2927238360,71725345477.92032
25/09/2024,148.02342224121094,153.54763793945312,147.45013427734375,152.89096069335938,2138602628,69288564973.36304
26/09/2024,155.5760955810547,157.858154296875,146.87075805664062,148.02110290527344,3009969111,72792225185.7383
27/09/2024,157.74993896484375,160.9813995361328,154.13027954101562,155.5760955810547,2765830721,73935776900.63387
28/09/2024,156.9124298095703,159.34521484375,155.29931640625,157.7519073486328,1300870644,73404843189.79556
29/09/2024,158.62916564941406,161.62306213378906,155.2430877685547,156.9124298095703,1773980028,74312581780.90839
30/09/2024,152.61846923828125,159.50892639160156,152.01983642578125,158.63241577148438,2376780676,71636336697.86488
01/10/2024,145.28988647460938,157.25819396972656,142.8423309326172,152.61846923828125,3656164855,67907610459.92199
02/10/2024,140.38555908203125,148.82568359375,138.9187469482422,145.28988647460938,2892264150,65895257668.32641
03/10/2024,136.78518676757812,142.80543518066406,133.55316162109375,140.38490295410156,2914986844,64019751184.16829
04/10/2024,143.17227172851562,144.42678833007812,136.0756378173828,136.78518676757812,2361841303,66964575627.16702
05/10/2024,142.7117462158203,144.83428955078125,141.16966247558594,143.17227172851562,1113937760,66796852075.0883
06/10/2024,146.44236755371094,146.62001037597656,142.11424255371094,142.7117156982422,1168715645,68554811502.782326
07/10/2024,143.99179077148438,152.1038360595703,143.60458374023438,146.44354248046875,2678803498,67751641200.18373
08/10/2024,143.39442443847656,145.44879150390625,141.2363739013672,143.99179077148438,1710617951,67213121383.93331
09/10/2024,139.31553649902344,145.1295166015625,138.7974395751953,143.3953399658203,1697499287,65369323458.25169
10/10/2024,138.88841247558594,140.58058166503906,135.58270263671875,139.3137664794922,1770157917,65137629158.9882
11/10/2024,145.3811492919922,146.43063354492188,138.755859375,138.88674926757812,1797846253,68296679525.592415
12/10/2024,146.5002899169922,147.13690185546875,144.7617645263672,145.3811492919922,1118630507,68826686937.86089
13/10/2024,147.5724334716797,148.7133331298828,144.62364196777344,146.50033569335938,1294444111,69192945529.62746
14/10/2024,157.44512939453125,157.7541046142578,147.00582885742188,147.57025146484375,2929339176,73918853274.37834
15/10/2024,154.7206268310547,158.71575927734375,150.90951538085938,157.44512939453125,3451652506,72486658225.39719
16/10/2024,154.23422241210938,158.1370391845703,153.08169555664062,154.7206268310547,2397546608,72499675638.5002
17/10/2024,150.31602478027344,155.5516357421875,147.94349670410156,154.23817443847656,2157747733,70631777170.21829
18/10/2024,154.97593688964844,156.53741455078125,149.70101928710938,150.3227081298828,1754226839,72758005822.40285
19/10/2024,159.6393585205078,159.71041870117188,153.91282653808594,154.97593688964844,1440375026,74949074443.4125
20/10/2024,166.9398193359375,167.5856475830078,157.76573181152344,159.64122009277344,2579198899,78518396743.18443
21/10/2024,166.2168731689453,171.4306640625,161.8105010986328,166.93861389160156,3924173188,78232225104.91313
22/10/2024,167.26014709472656,170.7600860595703,163.28536987304688,166.2176055908203,3470792372,78747369583.0714
23/10/2024,170.9324951171875,173.8150177001953,164.19381713867188,167.26063537597656,3861697575,80478044820.9855
24/10/2024,177.1569366455078,178.99530029296875,170.5173797607422,171.11087036132812,3529481044,83312005185.57683
25/10/2024,164.75689697265625,177.1919403076172,160.0352783203125,177.15713500976562,4869966180,76856628613.86
26/10/2024,170.70596313476562,172.8228302001953,162.443359375,164.75599670410156,2755373492,80246633644.52336
27/10/2024,176.5491943359375,177.89515686035156,170.19244384765625,170.70596313476562,2427933420,83165541844.52628
28/10/2024,178.1049041748047,179.40797424316406,172.87225341796875,176.55368041992188,3623055701,83822770453.82446
29/10/2024,179.36074829101562,183.03944396972656,176.85548400878906,178.1036376953125,3919545873,84250174804.8949
30/10/2024,174.9249725341797,181.1526641845703,173.39939880371094,179.36074829101562,2772422773,82458300653.38704
31/10/2024,168.42999267578125,176.27984619140625,167.5767822265625,174.92507934570312,2652620406,79400714251.66664
01/11/2024,166.2621307373047,173.8500213623047,164.0325469970703,168.4302215576172,3157093060,78119412847.98064
02/11/2024,166.01034545898438,168.4605712890625,162.38702392578125,166.2621307373047,1618170398,78005112509.27515
03/11/2024,162.55130004882812,166.37632751464844,158.1367645263672,166.01034545898438,2645801646,76469012638.78893
04/11/2024,157.74710083007812,164.71389770507812,155.16552734375,162.55169677734375,2809006700,74231396599.08035
05/11/2024,166.72239685058594,169.12664794921875,156.98818969726562,157.74710083007812,3243848057,78578794357.12128
06/11/2024,186.9547882080078,189.9154815673828,166.6982421875,166.72239685058594,9822932731,88257656259.50748
07/11/2024,196.3345947265625,197.90093994140625,186.13604736328125,186.9547882080078,4700842780,92229422766.75735
08/11/2024,199.9390106201172,204.96975708007812,196.02374267578125,196.3345947265625,5673142495,94062833390.52711
09/11/2024,200.19491577148438,203.3472900390625,195.47410583496094,199.93960571289062,3363617004,94839927660.3463
10/11/2024,210.6137237548828,215.1790771484375,198.9831085205078,200.19595336914062,8564655765,99106345791.68776
11/11/2024,222.6416778564453,223.2198028564453,204.5623016357422,210.6137237548828,10290809023,104974785029.26404
12/11/2024,212.2318115234375,225.0115203857422,205.44786071777344,222.6416778564453,11308516682,100394631594.32176
13/11/2024,215.18455505371094,220.3391876220703,201.4705810546875,212.2080078125,11296665808,101464761159.78804
14/11/2024,209.2190704345703,222.63914489746094,207.49681091308594,215.18446350097656,8094554275,98633728953.62274
15/11/2024,218.09490966796875,219.53878784179688,204.82801818847656,209.23623657226562,6109860311,103450842807.7802
16/11/2024,215.8488311767578,221.66236877441406,213.80477905273438,218.56936645507812,4698955745,101880237011.91946
17/11/2024,237.57553100585938,241.23533630371094,212.72816467285156,215.84779357910156,9981076722,111848609785.93022
18/11/2024,239.79425048828125,248.19281005859375,234.4010467529297,237.57553100585938,8798714213,113426925977.64888
19/11/2024,238.09754943847656,247.09056091308594,234.15306091308594,239.80088806152344,6711919414,112729689134.8744
20/11/2024,235.4236602783203,242.10787963867188,230.91055297851562,238.0925750732422,6454141445,112082534348.70934
21/11/2024,257.0658874511719,259.0535583496094,230.34156799316406,235.42739868164062,10735314060,121972174978.6082
22/11/2024,256.5186767578125,263.70086669921875,252.1354217529297,257.0814208984375,7249493783,121562153436.84952
23/11/2024,255.1785125732422,263.83154296875,253.18743896484375,256.5181579589844,6234742858,120898787447.8634
24/11/2024,252.91952514648438,259.6256408691406,243.12216186523438,255.1785125732422,5330146683,120333593907.30592
25/11/2024,234.4466094970703,256.4226989746094,231.55198669433594,252.9160614013672,6616015635,111715819134.72908
26/11/2024,230.9781951904297,239.63780212402344,222.9571990966797,234.4456787109375,6996936265,109487901546.16045
27/11/2024,242.30221557617188,243.1248016357422,228.1300506591797,230.9722137451172,5381404312,115043406996.6516
28/11/2024,237.76400756835938,245.20445251464844,233.20286560058594,242.3004608154297,4047310070,112902254461.4884
29/11/2024,243.54949951171875,246.7762908935547,236.8212432861328,237.76397705078125,4152396835,115743017048.77492
30/11/2024,237.74374389648438,245.23687744140625,237.7225341796875,243.54884338378906,3549156564,113101635389.31207
01/12/2024,237.06993103027344,239.80657958984375,234.5303955078125,237.74383544921875,3726118866,113047251162.78165
02/12/2024,225.75619506835938,237.87661743164062,220.5511932373047,237.0654296875,7374176295,107005940572.55072
03/12/2024,234.2003173828125,239.27252197265625,216.4730224609375,225.76856994628906,8404095315,111656101123.36871
04/12/2024,229.11929321289062,240.71958923339844,225.25491333007812,234.2003173828125,6569129896,111849188040.85468
05/12/2024,233.9987030029297,244.6809539794922,223.46054077148438,229.119384765625,8820663279,108895156641.66344
06/12/2024,237.0510711669922,246.4186553955078,231.42596435546875,236.54147338867188,6726557034,112780864777.68202
07/12/2024,238.54795837402344,243.1240234375,234.6590576171875,237.0510711669922,4003422914,112628691231.92856
08/12/2024,236.67233276367188,241.4407196044922,233.71337890625,239.48516845703125,3204778349,113839345705.58536
09/12/2024,217.34146118164062,237.4574432373047,209.7061309814453,237.4574432373047,8610208198,113135754973.99297
10/12/2024,213.82461547851562,220.74098205566406,203.7238311767578,217.32894897460938,8419973004,103658784770.72432
11/12/2024,227.44683837890625,230.5073699951172,211.99317932128906,213.83522033691406,5615074058,101631048226.2473
12/12/2024,227.02671813964844,234.33322143554688,225.95188903808594,227.4451141357422,4935392005,108729401497.31155
13/12/2024,224.83729553222656,228.27305603027344,220.82472229003906,227.02671813964844,4029626623,108699878063.44142
14/12/2024,219.84075927734375,227.241943359375,215.34423828125,224.83729553222656,2925240730,107552367996.59578
15/12/2024,223.6576690673828,225.066650390625,215.91073608398438,219.84075927734375,2969473030,105315505829.8883
16/12/2024,216.3349609375,227.04476928710938,213.48239135742188,223.6561279296875,5071129914,107667694926.24756
17/12/2024,222.8167266845703,228.68629455566406,211.90963745117188,216.33377075195312,6445051900,103890617385.6761
18/12/2024,206.38174438476562,225.89439392089844,205.00486755371094,222.82318115234375,6888988933,106838498036.11574
19/12/2024,194.28451538085938,211.99520874023438,188.02752685546875,206.3828125,8043974299,98187529554.2457
20/12/2024,194.2081756591797,199.36219787597656,175.90516662597656,194.2822723388672,9600073165,93450456552.31744
21/12/2024,181.30145263671875,201.63169860839844,178.74005126953125,194.2073974609375,5368845730,92885810388.18964
22/12/2024,180.16891479492188,187.53346252441406,177.13406372070312,181.2868194580078,4001292417,86608023116.47685
23/12/2024,189.75369262695312,193.0481414794922,176.71888732910156,180.17428588867188,4922594345,86503599316.97266
24/12/2024,196.98902893066406,198.69613647460938,186.11529541015625,189.75369262695312,3412375255,91042236757.00714
25/12/2024,197.4790802001953,201.6346435546875,195.35304260253906,196.99136352539062,2688415733,94580217212.31564
26/12/2024,188.21810913085938,199.39797973632812,186.8555908203125,197.47515869140625,2864701219,94663647605.30154
27/12/2024,183.82847595214844,193.75335693359375,182.94712829589844,188.216552734375,2788285851,90223406707.14066
28/12/2024,195.01353454589844,195.43544006347656,183.8333282470703,183.83338928222656,2158687217,88113693164.8477
29/12/2024,189.7442626953125,197.1810760498047,188.34100341796875,195.02244567871094,2165753102,93472385728.09872
30/12/2024,191.02804565429688,196.12290954589844,185.93760681152344,189.74420166015625,3246300054,91097223580.5688
31/12/2024,189.2644805908203,198.6783905029297,187.97987365722656,191.04530334472656,3276526561,91400962709.76643
01/01/2025,193.8737335205078,194.81849670410156,187.87945556640625,189.2669219970703,2324231668,91478338043.51134
02/01/2025,207.7670440673828,209.0667266845703,193.25852966308594,193.87213134765625,4230329837,93458487148.00089
03/01/2025,217.74732971191406,219.5595245361328,205.65240478515625,207.76760864257812,4064420852,100434907190.9892
04/01/2025,216.6229248046875,217.90504455566406,213.83145141601562,217.748046875,2432220391,105094794982.75977
05/01/2025,213.3936309814453,218.87840270996094,211.76522827148438,216.6227569580078,2403765299,104689355900.12189
06/01/2025,218.72312927246094,222.95297241210938,211.65313720703125,213.39483642578125,3408034919,103130316780.37643
07/01/2025,202.23025512695312,219.14230346679688,202.12490844726562,218.41293334960938,4360983978,105522704111.37778
08/01/2025,197.55905151367188,203.06031799316406,188.9578857421875,202.22787475585938,5028291858,97995322629.92308
09/01/2025,185.02528381347656,198.9010009765625,182.32232666015625,197.55905151367188,3815664216,95682675885.83002
10/01/2025,187.5791778564453,192.75631713867188,183.86676025390625,185.0131378173828,3739014100,89422935371.9058
11/01/2025,187.99551391601562,191.71881103515625,184.27743530273438,187.57118225097656,2174290937,90863602526.64656
12/01/2025,188.5603790283203,190.74917602539062,185.2522735595703,187.99533081054688,1544086708,91151211516.5533
13/01/2025,182.83535766601562,191.77517700195312,170.6289825439453,188.55091857910156,5225490858,91207532007.52104
14/01/2025,187.49859619140625,189.93731689453125,181.9566650390625,182.83299255371094,2748310371,88705877704.07474
15/01/2025,205.91134643554688,205.93495178222656,186.00299072265625,187.49818420410156,4071481523,90966038336.3823
16/01/2025,211.22784423828125,216.83995056152344,198.6625213623047,205.92196655273438,6099125467,99617521322.55344
17/01/2025,219.62161254882812,221.8524169921875,209.96925354003906,211.22840881347656,5118230275,102762327812.58186
18/01/2025,261.8697509765625,268.74658203125,217.57504272460938,219.62069702148438,23186958912,106975781135.88028
19/01/2025,250.58636474609375,294.3349609375,239.61058044433594,261.8724365234375,33172955667,127785165817.10097
20/01/2025,242.25022888183594,272.1530456542969,231.63455200195312,250.62496948242188,22690757561,122020537308.0902
21/01/2025,250.41378784179688,259.829345703125,231.67591857910156,242.2365264892578,10694802909,118038765211.23404
22/01/2025,257.23736572265625,271.530029296875,248.75160217285156,250.41378784179688,8880832578,121552327585.60403
23/01/2025,253.4552001953125,258.129150390625,242.49618530273438,257.2362365722656,9264528949,124606314246.36227
24/01/2025,253.36122131347656,269.8057861328125,247.6314697265625,253.4552001953125,7483041553,123417388987.169
25/01/2025,256.0735778808594,260.5824890136719,246.65911865234375,253.36631774902344,5035419721,123361234528.28262
26/01/2025,240.88345336914062,259.6344909667969,240.85243225097656,256.0738830566406,4178231600,125148284070.78894
27/01/2025,235.07444763183594,242.42901611328125,221.97532653808594,240.8853302001953,10736630238,117303806305.96825
28/01/2025,227.20396423339844,243.894775390625,225.25985717773438,235.07296752929688,5105320114,114276592039.1658
29/01/2025,227.94493103027344,237.7097625732422,222.9235076904297,227.20278930664062,5385638692,110398046173.44064
30/01/2025,239.0231475830078,244.32595825195312,227.1376190185547,227.9530487060547,4636567306,111355015372.82307
31/01/2025,231.63790893554688,241.66659545898438,228.4788360595703,239.01669311523438,4043216055,116559779515.8497
01/02/2025,213.78501892089844,233.86383056640625,213.4364013671875,231.64060974121094,3546350864,112643737226.91638
02/02/2025,203.11962890625,218.38438415527344,195.44923400878906,213.78094482421875,8432593480,104469275144.33444
03/02/2025,216.1495819091797,218.64768981933594,180.4093017578125,203.1215057373047,15260840772,98398368500.85646
04/02/2025,207.09197998046875,219.99588012695312,202.84884643554688,216.1505126953125,7328632702,105205583844.172
05/02/2025,195.98814392089844,209.31875610351562,195.3905792236328,207.0771026611328,3826498437,100802812440.85352
06/02/2025,189.77249145507812,203.8878173828125,188.16552734375,195.98638916015625,3936545265,95550201539.32951
07/02/2025,192.20465087890625,203.15052795410156,188.48074340820312,189.75770568847656,4593806344,92031851837.88425
08/02/2025,199.5998992919922,200.83197021484375,190.12876892089844,192.20254516601562,2387525186,93773950310.2403
09/02/2025,200.49755859375,207.27464294433594,194.24131774902344,199.5897979736328,3380872965,97430610890.80077
10/02/2025,200.35635375976562,208.82749938964844,196.38076782226562,200.4982452392578,4106376694,97797330676.8804
11/02/2025,197.98236083984375,205.9241943359375,195.32150268554688,200.35891723632812,3907611299,97602797576.9777
12/02/2025,196.7738037109375,198.44981384277344,189.60842895507812,197.98385620117188,4290836657,96650663515.04697
13/02/2025,194.46095275878906,198.26075744628906,189.42771911621094,196.7738037109375,2755407329,95802342588.48463
14/02/2025,199.9356689453125,205.12501525878906,194.3540496826172,194.45455932617188,3732334277,94843692266.1009
15/02/2025,194.48208618164062,200.0533905029297,192.81378173828125,199.88677978515625,1869221857,97468827982.87822
16/02/2025,188.4864044189453,196.0703125,186.97987365722656,194.4811553955078,2160799161,94916725048.10497
17/02/2025,177.6897430419922,189.50650024414062,175.2635498046875,188.48521423339844,4345262539,91860796549.96172
18/02/2025,169.08428955078125,178.94607543945312,161.30545043945312,177.68861389160156,6684824301,86934660078.68405
19/02/2025,169.01080322265625,174.12147521972656,163.9593963623047,169.08543395996094,3717681436,82487856965.56555
20/02/2025,176.04888916015625,176.588134765625,167.8734588623047,169.00534057617188,3347070717,82688920914.07486
21/02/2025,168.89163208007812,180.4339599609375,167.30506896972656,176.03500366210938,4684370707,86011244818.54909
22/02/2025,172.16285705566406,174.46559143066406,168.367431640625,168.89163208007812,2026581266,82609623068.92926
23/02/2025,168.03811645507812,173.0360565185547,166.62765502929688,172.16346740722656,1621130854,84180442889.18811
24/02/2025,141.98948669433594,169.56248474121094,140.56651306152344,168.03811645507812,7062261489,82111049206.9718
25/02/2025,144.10775756835938,146.7398681640625,132.48583984375,141.99234008789062,9341433919,69785445476.4441
26/02/2025,134.83132934570312,144.8746795654297,130.69107055664062,144.09996032714844,4916419994,71703011109.95712
27/02/2025,137.6208038330078,142.1814727783203,134.729736328125,134.83160400390625,3723520943,67080997138.50677
28/02/2025,148.03001403808594,148.183837890625,125.74221801757812,137.6207733154297,7544673033,68562002291.54892
01/03/2025,143.6757049560547,150.7871551513672,138.68467712402344,148.03021240234375,3305410077,73865234147.56163
02/03/2025,178.49549865722656,178.50856018066406,140.29757690429688,143.67672729492188,11540413390,72725965137.73221
03/03/2025,142.02108764648438,178.6346435546875,139.79010009765625,178.4952392578125,9241009702,90446325718.02034
04/03/2025,144.9165802001953,146.39646911621094,131.57347106933594,142.03318786621094,8035056091,72549477478.20894
05/03/2025,146.26730346679688,149.4854736328125,140.59686279296875,144.91880798339844,4501939048,73677404621.18243
06/03/2025,143.355224609375,152.7792510986328,142.7803955078125,146.27066040039062,4204376336,74254605878.29288
07/03/2025,139.20913696289062,150.02325439453125,135.7171630859375,143.355224609375,6090751623,72855104265.59047
08/03/2025,136.94207763671875,140.90457153320312,135.48297119140625,139.20913696289062,2270939562,70789658072.88582
09/03/2025,126.43543243408203,139.72576904296875,125.93571472167969,136.9428253173828,3429886567,69641393306.39473
10/03/2025,118.291748046875,131.24095153808594,115.91789245605469,126.43543243408203,5519806938,64443868119.22886
11/03/2025,125.26394653320312,128.14886474609375,113.189208984375,118.29167175292969,5259428587,60550984692.33613
12/03/2025,126.58324432373047,130.6551055908203,121.36756134033203,125.26190185546875,4112201839,63868692267.70004
13/03/2025,123.28614807128906,128.15863037109375,120.90947723388672,126.58324432373047,2871050068,64342608562.247406
14/03/2025,133.31448364257812,135.6434783935547,123.11714935302734,123.2865982055664,3161542602,62750805255.11328
15/03/2025,135.91253662109375,136.48133850097656,132.55995178222656,133.31324768066406,1844463215,68090655259.91155
16/03/2025,125.98810577392578,136.468994140625,125.38740539550781,135.9167938232422,2456569508,69171954733.32257
17/03/2025,128.16371154785156,130.52687072753906,125.86190032958984,125.98741912841797,2487364373,64335280377.63734
18/03/2025,125.31269836425781,128.16134643554688,121.94453430175781,128.16134643554688,2534317858,65460614429.259926
19/03/2025,135.572509765625,135.92552185058594,124.29732513427734,125.31228637695312,3539287974,63883571506.45802
20/03/2025,127.49718475341797,135.77261352539062,126.85357666015625,135.57415771484375,2469659459,69135638972.75473
21/03/2025,128.43031311035156,129.95623779296875,124.97737121582031,127.49885559082031,2370317364,65205449286.37338
22/03/2025,128.4849853515625,131.57618713378906,127.93255615234375,128.429931640625,1442831196,65399367439.38751
23/03/2025,132.5993194580078,133.9619598388672,128.34225463867188,128.48448181152344,1711242607,65538073389.8455
24/03/2025,140.86927795410156,144.88308715820312,132.16180419921875,132.5993194580078,4207560020,67460845086.99793
25/03/2025,143.81707763671875,147.05799865722656,138.3466796875,140.87472534179688,3585353324,71815757431.57007
26/03/2025,137.28857421875,145.3684844970703,136.1363525390625,143.81707763671875,3083070981,73627601377.65034
27/03/2025,138.34738159179688,140.1745147705078,135.92221069335938,137.29095458984375,2660348034,70000923888.07939
28/03/2025,129.42315673828125,138.95281982421875,127.98094177246094,138.3472442626953,3532896573,70778661497.74887
29/03/2025,124.587646484375,130.38050842285156,123.07389068603516,129.4245147705078,2253256988,66247008410.83447
30/03/2025,124.64263153076172,126.6233901977539,123.3007583618164,124.58648681640625,1639017444,63588827540.6773
31/03/2025,124.69412994384766,127.6968994140625,123.07923889160156,124.64402770996094,3206702485,63769548570.98089
01/04/2025,126.68238067626953,130.0324249267578,123.94904327392578,124.6953353881836,2993289339,64041752306.38457
02/04/2025,117.75762939453125,135.69578552246094,117.74427795410156,126.67960357666016,5399672438,65013471543.10781
03/04/2025,117.06145477294922,120.78982543945312,112.47826385498047,117.74919891357422,4633002432,60554316318.78751
04/04/2025,122.78688049316406,123.90060424804688,113.60323333740234,117.06481170654297,5182517335,60114820903.14578
05/04/2025,120.25899505615234,122.78691101074219,117.18880462646484,122.78643035888672,1667996329,63119906836.25052
06/04/2025,105.7120132446289,120.93267822265625,104.0041275024414,120.25850677490234,3822458629,61612075005.75362
07/04/2025,106.90277862548828,111.47198486328125,96.58806610107422,105.7120132446289,8644174246,54407017309.8724
08/04/2025,105.51219177246094,112.29893493652344,103.14452362060547,106.90526580810547,5353641480,55287675172.0351
09/04/2025,119.05754089355469,120.47077178955078,101.43473815917969,105.50959014892578,7096350476,54362173273.33906
10/04/2025,112.80392456054688,119.08255767822266,108.60169219970703,119.06228637695312,4310698523,61346961564.26659
11/04/2025,121.53237915039062,122.39859008789062,112.1864242553711,112.80731964111328,3953610468,58222992351.23841
12/04/2025,132.26055908203125,133.75885009765625,119.65934753417969,121.53269958496094,4089397536,62579152124.32843
13/04/2025,128.58079528808594,133.5068359375,125.52386474609375,132.26258850097656,3818650340,68213237375.70017
14/04/2025,129.3103790283203,135.18695068359375,128.23287963867188,128.5781707763672,4425565001,66179248512.52756
15/04/2025,126.26313018798828,134.1931915283203,126.1368637084961,129.31101989746094,3272094237,66819953237.06392
16/04/2025,131.44969177246094,133.59011840820312,123.72075653076172,126.26312255859375,4448562334,65196188092.34004
17/04/2025,134.69874572753906,135.9093475341797,129.73309326171875,131.45022583007812,3504448606,67870163137.17048
18/04/2025,134.07350158691406,135.868896484375,132.58799743652344,134.70419311523438,2142264993,69481783520.11879
19/04/2025,139.75025939941406,140.0926055908203,133.69476318359375,134.07350158691406,2522912658,69200358044.81024
20/04/2025,137.77459716796875,141.8303680419922,135.77146911621094,139.75289916992188,2796023398,72126425869.29272
21/04/2025,136.7043914794922,142.66159057617188,134.1223602294922,137.77459716796875,4162691832,71115714800.43887
22/04/2025,148.73941040039062,149.94924926757812,135.3777618408203,136.70184326171875,4659792312,70377196884.15381
23/04/2025,151.15272521972656,153.86874389648438,147.45079040527344,148.74000549316406,4699152180,76994272929.58481
24/04/2025,152.3036346435547,152.75404357910156,145.66134643554688,151.15394592285156,3903057847,78136958296.32701
25/04/2025,150.91500854492188,156.04518127441406,150.12779235839844,152.32135009765625,4411923686,78834813870.53423
26/04/2025,149.28936767578125,153.01953125,148.03741455078125,150.91726684570312,2128235815,78095157984.68939
27/04/2025,148.24583435058594,150.20872497558594,145.7666015625,149.28970336914062,2015737709,77171380425.34795
28/04/2025,147.8099365234375,153.20770263671875,144.89144897460938,148.2451629638672,3819502747,76723146261.05916
29/04/2025,146.42787170410156,150.044189453125,145.16932678222656,147.8099365234375,2872743502,76624350441.35915
30/04/2025,147.64320373535156,148.20928955078125,140.71209716796875,146.427490234375,3017472875,75781317345.75404
01/05/2025,150.84658813476562,153.86590576171875,147.61297607421875,147.6449737548828,3224541533,76523027843.31308
02/05/2025,148.05003356933594,151.73170471191406,147.45223999023438,150.8431396484375,2823970426,78031497674.26257
03/05/2025,146.79605102539062,148.95945739746094,146.1094970703125,148.0498504638672,1567415096,76659566565.3345
04/05/2025,143.98306274414062,147.68251037597656,143.82241821289062,146.79595947265625,1636835620,76050416304.2383
05/05/2025,146.69664001464844,147.61659240722656,142.89988708496094,143.98593139648438,2238980623,74610364597.26736
06/05/2025,146.7664031982422,147.0896453857422,141.6705322265625,146.69577026367188,2728680947,76081780962.32152
07/05/2025,147.2137451171875,149.33984375,144.88270568847656,146.7668914794922,4316881378,76171920683.02298
08/05/2025,163.96078491210938,163.9750518798828,147.2141876220703,147.21726989746094,6372889923,76417534983.0677
09/05/2025,172.82827758789062,175.86207580566406,161.24777221679688,163.96023559570312,7452318987,84778096844.96829
10/05/2025,177.62181091308594,178.5718536376953,168.92941284179688,172.82769775390625,4012477696,89635021353.66832
11/05/2025,173.02645874023438,179.62252807617188,169.7177276611328,177.62289428710938,4025374577,92013963177.5248
12/05/2025,174.24789428710938,180.9514923095703,169.07826232910156,173.03668212890625,6940951587,89780630397.80266
13/05/2025,184.00625610351562,184.70140075683594,166.80731201171875,174.24620056152344,5170161208,90653796121.97775
14/05/2025,176.709228515625,184.7181854248047,173.7317352294922,184.0063018798828,4610872279,95581040460.8069
15/05/2025,169.00999450683594,178.10504150390625,167.28016662597656,176.7086639404297,4347587992,91672812384.26956
16/05/2025,167.33395385742188,173.95809936523438,166.75723266601562,169.0146942138672,3495576096,87703070136.71524
17/05/2025,165.9308319091797,169.76828002929688,164.22494506835938,167.33395385742188,2783616834,87324065441.59238
18/05/2025,173.89871215820312,176.4924774169922,165.51353454589844,165.93197631835938,3866092629,86258046849.37544
19/05/2025,166.86422729492188,173.83853149414062,159.64749145507812,173.83578491210938,4498613127,89156663000.20357
20/05/2025,168.4836883544922,172.86056518554688,164.77964782714844,166.8642120361328,3787047019,86660180885.53973
21/05/2025,173.68173217773438,175.5224151611328,166.30487060546875,168.48411560058594,5254974027,87567636791.65742
22/05/2025,179.69094848632812,180.54624938964844,172.7552490234375,173.6822052001953,4913432701,90506196649.11792
23/05/2025,173.82542419433594,187.27975463867188,173.5706329345703,179.69146728515625,7488253558,93401318404.666
24/05/2025,176.0424041748047,178.1427459716797,172.79171752929688,173.8404083251953,3002798120,90766229737.02824
25/05/2025,175.72547912597656,176.72129821777344,169.3577880859375,176.03448486328125,3395309315,91595150534.4116
26/05/2025,174.90789794921875,178.97799682617188,173.7002410888672,175.7256622314453,2872898398,91110205286.38454
27/05/2025,176.815185546875,179.2212677001953,171.57545471191406,174.90769958496094,3737068836,90921624705.8187
28/05/2025,172.18955993652344,177.37599182128906,169.10569763183594,176.8146514892578,3454599629,91885206177.41884
29/05/2025,166.5881805419922,175.1842803955078,166.25851440429688,172.1905975341797,3480369993,89626729703.32722
30/05/2025,156.23471069335938,167.3471221923828,156.03465270996094,166.5934295654297,4458908034,86843428994.42337
31/05/2025,156.63894653320312,157.9366912841797,152.441650390625,156.23594665527344,2817151487,81757475086.86885
01/06/2025,157.7845458984375,157.82785034179688,150.84341430664062,156.6378936767578,2554572841,81936330847.34436
02/06/2025,156.99806213378906,158.89463806152344,151.99745178222656,157.7837371826172,3070599881,82343946258.36638
03/06/2025,155.34317016601562,163.39369201660156,154.70765686035156,156.9980926513672,3739800274,81999316408.5183
04/06/2025,153.35964965820312,157.85304260253906,153.17564392089844,155.3417205810547,2694510572,81296707387.07445
05/06/2025,144.54295349121094,154.5604248046875,141.90293884277344,153.3593292236328,4691163987,80445464948.66203
06/06/2025,147.9131317138672,152.02252197265625,144.44039916992188,144.54290771484375,2780168622,75763092323.77681
07/06/2025,150.13406372070312,152.82553100585938,147.18727111816406,147.90805053710938,1895979261,77715710807.20976
08/06/2025,152.4300994873047,155.04188537597656,148.22442626953125,150.13389587402344,1928262265,78768382382.38567
09/06/2025,161.08865356445312,161.4990997314453,149.8399200439453,152.4300994873047,3689102023,80043272922.8385
10/06/2025,165.02816772460938,165.53392028808594,156.84259033203125,161.09471130371094,4891108456,84589937775.16258
11/06/2025,161.0558624267578,168.0181121826172,159.42578125,165.02816772460938,5292694830,86571332860.45332
12/06/2025,152.7896728515625,161.20278930664062,152.23741149902344,161.0558624267578,3655760294,84533356127.98843
13/06/2025,148.62835693359375,152.78704833984375,141.43714904785156,152.78704833984375,6346327306,80285894233.06946
14/06/2025,144.7637481689453,148.64666748046875,142.22569274902344,148.63223266601562,2159011897,78374298079.131
15/06/2025,152.81439208984375,153.21786499023438,144.36363220214844,144.76339721679688,3600058127,76395263029.6604
16/06/2025,150.8699951171875,158.60787963867188,150.8699951171875,152.81439208984375,4629439778,80585766786.45044
17/06/2025,147.7498016357422,154.14801025390625,145.87115478515625,150.8648681640625,4505742897,79959725924.2985
18/06/2025,146.35311889648438,149.15914916992188,143.96722412109375,147.74905395507812,3507323344,78146853122.15833
19/06/2025,147.07147216796875,147.78707885742188,143.11187744140625,146.3552703857422,2754965137,77197222250.09135
20/06/2025,140.16859436035156,148.71890258789062,136.5124053955078,147.07290649414062,4112242022,77672175553.78215
21/06/2025,135.1610107421875,142.49974060058594,132.41424560546875,140.1680450439453,3335622844,74352627907.47485
22/06/2025,131.61569213867188,137.55213928222656,126.82627868652344,135.19635009765625,4990284543,70788027179.84511
23/06/2025,144.8467254638672,146.59849548339844,131.16085815429688,131.61585998535156,5742740781,70035052662.1332
24/06/2025,145.95452880859375,146.5894775390625,142.56668090820312,144.8467254638672,3709899362,76913532127.43575
25/06/2025,143.505126953125,147.77401733398438,142.55795288085938,145.95350646972656,3095794422,77418435219.14531
26/06/2025,139.0598602294922,147.7301483154297,138.8082275390625,143.5052947998047,3480832173,76592225935.41951
27/06/2025,142.1914825439453,144.4037322998047,137.79420471191406,139.05978393554688,3327165986,74258601216.09717
28/06/2025,150.8275604248047,152.43739318847656,141.3493194580078,142.19203186035156,2847495210,75946935362.85362
29/06/2025,153.35308837890625,154.42337036132812,149.532470703125,150.82598876953125,2462940245,80534347465.08652
30/06/2025,154.7353057861328,159.63160705566406,149.61244201660156,153.35308837890625,4752163067,81941734208.35605
01/07/2025,146.9266357421875,155.34742736816406,145.212890625,154.7350311279297,3599415509,82818070628.0388
02/07/2025,152.22763061523438,154.4098358154297,146.232177734375,146.92874145507812,3941952132,78488996165.02196
03/07/2025,152.40179443359375,156.1884765625,150.15145874023438,152.2285614013672,3748228101,81356182087.82619
04/07/2025,147.76364135742188,153.55760192871094,145.45196533203125,152.4020233154297,3575641174,81414932798.53902
05/07/2025,147.64144897460938,148.59071350097656,146.07684326171875,147.76290893554688,1579874806,79002678553.63802
06/07/2025,151.87294006347656,153.38705444335938,146.8997344970703,147.64146423339844,2921512526,78946152630.50418
07/07/2025,148.87234497070312,153.27696228027344,147.78939819335938,151.8733367919922,3661294298,81209567201.79767
08/07/2025,151.81039428710938,152.79660034179688,147.9498748779297,148.87196350097656,3885408944,79678109116.42232
09/07/2025,157.28150939941406,157.88002014160156,150.69989013671875,151.81039428710938,4759358090,81344510607.36617
10/07/2025,164.06277465820312,165.0765838623047,156.0460662841797,157.28150939941406,5703252463,84264481217.45757
11/07/2025,162.8833770751953,167.92196655273438,160.06564331054688,164.06253051757812,7095844188,87651094464.58328
12/07/2025,160.68484497070312,163.84532165527344,157.99803161621094,162.8833770751953,3795297694,87228696845.69495
13/07/2025,161.1940155029297,163.9575958251953,159.9158477783203,160.68484497070312,3865898680,85990922452.45544
14/07/2025,162.2752227783203,168.33612060546875,160.7777862548828,161.1940155029297,7130680773,86379646790.38098
15/07/2025,163.950439453125,164.12208557128906,157.60275268554688,162.27561950683594,6533486768,87012722669.01315
16/07/2025,173.70848083496094,175.83580017089844,161.69142150878906,163.950439453125,8415349750,87943386177.56264
17/07/2025,175.7930450439453,178.0684356689453,169.03152465820312,173.70848083496094,7913250794,93485435152.36852
18/07/2025,177.38197326660156,184.36900329589844,173.91468811035156,175.79193115234375,8439352014,94705914575.06302
19/07/2025,177.07012939453125,178.369384765625,174.31314086914062,177.3819122314453,4074891432,95389053896.84322
20/07/2025,181.54603576660156,183.31976318359375,176.52830505371094,177.07049560546875,6503778374,95159016657.7261
21/07/2025,195.9942626953125,198.91555786132812,178.56219482421875,181.54525756835938,11211509986,97369774805.6155
22/07/2025,205.70054626464844,205.87147521972656,194.2823028564453,195.98789978027344,14508715185,105726477497.21576
23/07/2025,189.54293823242188,205.75608825683594,184.32736206054688,205.71124267578125,10671351702,110388822982.47328
24/07/2025,182.60606384277344,191.88336181640625,179.94815063476562,189.539306640625,8921891799,102009512597.66689
25/07/2025,186.7796630859375,186.78858947753906,176.41354370117188,182.60394287109375,8613557362,98288901831.98495
26/07/2025,184.91387939453125,189.64695739746094,184.5326690673828,186.77980041503906,3756183776,100191430260.7939
27/07/2025,188.73348999023438,190.44314575195312,184.74012756347656,184.91197204589844,4713357652,99537260340.7252
28/07/2025,182.54156494140625,194.65802001953125,182.36875915527344,188.7321014404297,7456216270,101416340780.40604
29/07/2025,181.33531188964844,186.4884490966797,178.57058715820312,182.55848693847656,5430304723,98532622033.55844
30/07/2025,177.6940155029297,182.3795166015625,172.34226989746094,181.33531188964844,6074764559,97454126235.82951
31/07/2025,172.42434692382812,182.48248291015625,171.85279846191406,177.69378662109375,5443530167,95607702499.41104
01/08/2025,162.87709045410156,172.4171142578125,159.78857421875,172.4171142578125,8200357157,92708865239.70064
02/08/2025,158.48301696777344,165.1070098876953,156.0843505859375,162.87709045410156,4455060056,87608862241.09743
03/08/2025,161.95497131347656,162.8240509033203,156.87167358398438,158.48341369628906,3702562222,85419275441.3688
04/08/2025,169.42568969726562,169.71173095703125,161.43699645996094,161.9629669189453,4977909460,87127911992.51938
05/08/2025,164.096435546875,171.56015014648438,161.64089965820312,169.4277801513672,4979304041,91187068515.65495
06/08/2025,168.1757354736328,169.86183166503906,161.40118408203125,164.09857177734375,3851544154,88366756321.06778
07/08/2025,175.4854278564453,175.48870849609375,166.89454650878906,168.17543029785156,5177005321,90602300378.8986
08/08/2025,176.76329040527344,179.35963439941406,173.70159912109375,175.48545837402344,6565011386,94555506562.206
09/08/2025,180.18234252929688,183.14248657226562,176.7598419189453,176.76312255859375,5297615193,95358552408.137
10/08/2025,182.90301513671875,185.916748046875,177.99513244628906,180.18289184570312,6719478867,97273757979.29633
11/08/2025,174.97781372070312,186.6573028564453,173.68667602539062,182.9030303955078,7353962794,98680797069.32024
12/08/2025,191.85682678222656,193.4408416748047,173.8356170654297,174.9778289794922,8611505118,94446838456.51956
13/08/2025,201.59042358398438,204.4700164794922,191.49545288085938,191.85682678222656,11831412257,103958446553.55504
14/08/2025,192.58595275878906,209.66685485839844,187.7833709716797,201.58673095703125,14664456934,109040519317.65358
15/08/2025,185.7412567138672,198.13832092285156,183.76400756835938,192.5877685546875,7685764515,104086483120.68983
16/08/2025,189.76699829101562,189.98114013671875,185.45777893066406,185.7395477294922,3716008732,100133112662.54549
17/08/2025,191.16482543945312,195.4407958984375,187.7236785888672,189.76585388183594,4221788171,102341194195.00089
18/08/2025,183.0698699951172,191.35415649414062,180.4141082763672,191.16448974609375,6328028844,103498590849.65073
19/08/2025,176.11227416992188,185.7837371826172,175.99241638183594,183.06968688964844,5990636025,98839575359.52383
20/08/2025,187.5863037109375,187.68954467773438,176.10101318359375,176.11387634277344,6283111574,95269629007.20668
21/08/2025,180.28062438964844,189.40052795410156,179.7133331298828,187.5863037109375,5379108039,101153138629.37643
22/08/2025,200.64744567871094,201.93734741210938,177.47476196289062,180.27969360351562,10256417346,97284344052.61476
23/08/2025,203.93673706054688,207.83900451660156,195.37184143066406,200.6461639404297,7845395369,108194143822.4916
24/08/2025,205.8523712158203,211.76023864746094,201.7071990966797,203.93714904785156,11456987571,110265793443.07307
25/08/2025,187.2784423828125,213.00613403320312,186.02505493164062,205.85543823242188,13048248034,111293086915.60172
26/08/2025,195.90509033203125,197.84652709960938,186.17344665527344,187.26841735839844,8032115173,101136116915.87978
27/08/2025,202.92337036132812,211.85757446289062,194.0631103515625,195.906005859375,12883119559,105940691853.63528
28/08/2025,214.4056396484375,216.08740234375,202.00714111328125,202.9257049560547,12079041801,109858006061.39355
29/08/2025,205.22000122070312,217.83670043945312,200.43594360351562,214.40133666992188,14055051455,116004977345.01314
30/08/2025,202.86013793945312,206.80039978027344,197.89419555664062,205.2144775390625,5828701739,110856000021.0619
31/08/2025,200.86354064941406,206.5069580078125,200.6566925048828,202.85719299316406,5028997406,109624145394.8024
01/09/2025,197.10833740234375,204.2178497314453,194.37802124023438,200.8618621826172,7253329838,108641493698.23296
02/09/2025,209.48153686523438,209.48153686523438,197.09365844726562,197.10958862304688,8625200488,106414197827.8846
03/09/2025,210.74630737304688,212.82351684570312,207.58407592773438,209.4827880859375,6966454259,113196213823.18475
04/09/2025,202.5601806640625,211.79501342773438,202.12701416015625,210.74630737304688,5241887525,113974936294.58269
05/09/2025,203.49851989746094,209.8600616455078,201.1800079345703,202.54673767089844,7780086538,109721137208.39746
06/09/2025,200.24630737304688,204.5575408935547,199.64039611816406,203.49851989746094,3057210360,110114510867.43684
07/09/2025,206.4681854248047,207.86734008789062,200.22850036621094,200.2473602294922,4153166545,108362930311.83084
08/09/2025,214.1864013671875,216.8997802734375,205.7173614501953,206.46453857421875,10019366594,111936108428.27112
09/09/2025,217.2506866455078,219.52349853515625,211.1582489013672,214.18653869628906,8798692220,116026061901.42412
10/09/2025,223.98690795898438,225.51246643066406,215.27252197265625,217.25039672851562,9070263027,117845247298.93936
11/09/2025,228.7561798095703,228.90882873535156,222.025146484375,223.98568725585938,9580815361,121443927715.77182
12/09/2025,242.30328369140625,243.78890991210938,228.2635498046875,228.75624084472656,13008621197,123996407786.3184
13/09/2025,242.5959014892578,244.14328002929688,236.47329711914062,242.3009796142578,7478581447,131451215438.38593
14/09/2025,240.5576934814453,249.12413024902344,240.21392822265625,242.59559631347656,9358190854,131625546341.2104
15/09/2025,234.35755920410156,244.0004119873047,230.4840087890625,240.548095703125,10017744936,130492671181.8851
16/09/2025,236.9895782470703,240.6835174560547,231.8729705810547,234.35922241210938,7521208086,126723030988.81142
17/09/2025,244.85745239257812,246.4639434814453,232.7739715576172,236.97752380371094,10420751509,128913223473.07256
18/09/2025,247.6371307373047,253.20989990234375,242.90658569335938,244.85130310058594,9258651570,133012651049.5734
19/09/2025,238.55270385742188,248.50660705566406,235.87193298339844,247.63824462890625,7513642552,134328267645.0745
20/09/2025,239.5924835205078,240.99896240234375,237.17776489257812,238.5497589111328,3518711912,129345335675.59084
21/09/2025,236.57545471191406,241.80892944335938,235.71669006347656,239.5933074951172,3513052984,130034859270.97708
22/09/2025,220.49644470214844,236.8692626953125,216.9177703857422,236.57421875,12102727916,128569320517.27148
23/09/2025,213.71730041503906,221.3500518798828,212.8028564453125,220.50390625,7373425460,119686369996.93571
24/09/2025,211.75625610351562,216.38018798828125,206.0406036376953,213.71072387695312,8377116522,116518133817.56525
25/09/2025,192.38076782226562,212.4007568359375,192.08314514160156,211.75344848632812,12314273479,115032433454.73328
26/09/2025,205.35255432128906,205.415283203125,191.12664794921875,192.39796447753906,10334548744,104476128475.99644
27/09/2025,203.5833282470703,205.39913940429688,200.2690887451172,205.34518432617188,4016294139,111442276251.7605
28/09/2025,210.7377471923828,210.89622497558594,198.3204345703125,203.58323669433594,4467879569,110625886749.88844
29/09/2025,213.05340576171875,214.6881103515625,205.1308135986328,210.73973083496094,6886600486,114541266794.95769
30/09/2025,208.7431182861328,213.50680541992188,204.56564331054688,213.0449676513672,6873718512,115729984092.68108
01/10/2025,221.67587280273438,221.67587280273438,206.62066650390625,208.7422332763672,8264703260,113428586887.75471
02/10/2025,234.85687255859375,234.86058044433594,219.85984802246094,221.69473266601562,9665302715,120044760192.73802
03/10/2025,233.00196838378906,236.7911834716797,227.67674255371094,234.85398864746094,9289248668,127362028246.18867
04/10/2025,228.00320434570312,233.90084838867188,224.4738311767578,233.0009765625,4553115834,127150990208.83511
05/10/2025,228.6011962890625,236.77723693847656,226.89816284179688,228.00250244140625,7132874650,124310880122.60092
06/10/2025,232.5160369873047,237.32254028320312,227.998046875,228.60110473632812,7521265450,124722639864.9079
07/10/2025,220.4827117919922,235.08648681640625,220.45469665527344,232.5147705078125,9339230314,126917886067.39792
08/10/2025,229.10121154785156,229.5643310546875,218.18418884277344,220.4855499267578,7198664384,120651918153.05309
09/10/2025,220.99107360839844,229.31578063964844,217.19894409179688,229.0968780517578,7901186012,125078490889.5338
10/10/2025,188.6638641357422,224.25440979003906,174.06973266601562,220.99305725097656,16784427014,120565130574.60736
11/10/2025,178.05416870117188,190.87913513183594,173.75479125976562,188.63890075683594,12850012618,104753731395.58649
12/10/2025,197.508544921875,198.8739776611328,173.52139282226562,178.0561981201172,11797041281,97463291611.22888
13/10/2025,208.36729431152344,209.2491912841797,191.9441680908203,197.51219177246094,11469454798,107553280810.07176
14/10/2025,202.46034240722656,211.10504150390625,191.6710205078125,208.36355590820312,13600198608,113600150801.75488
15/10/2025,194.02186584472656,208.33116149902344,192.70005798339844,202.4618682861328,9867608882,111004502175.88118
16/10/2025,184.68894958496094,197.95574951171875,182.2513427734375,194.02186584472656,10042886154,106135409373.7695
17/10/2025,182.0347900390625,187.42857360839844,174.74417114257812,184.6862030029297,10401735741,100920180313.75322
18/10/2025,187.66029357910156,188.26788330078125,182.02398681640625,182.03616333007812,4108902789,99584853701.89706
19/10/2025,187.79820251464844,192.2006072998047,183.458251953125,187.66029357910156,4863227045,102547391633.91817
20/10/2025,189.75067138671875,194.34115600585938,184.046630859375,187.79830932617188,6103945646,102473799864.32951
21/10/2025,185.66627502441406,197.37448120117188,183.31324768066406,189.7620391845703,8186574439,103759163273.00163
22/10/2025,180.14813232421875,187.32662963867188,177.6731414794922,185.66732788085938,7337365275,101503754154.96838
23/10/2025,191.38827514648438,193.17556762695312,179.80087280273438,180.14813232421875,6358339771,98365559775.72266
24/10/2025,193.5602264404297,195.3123321533203,189.10888671875,191.3885955810547,5855077941,105126704771.48364
25/10/2025,194.04037475585938,195.08335876464844,191.60333251953125,193.56082153320312,3170047006,106277703611.5622
26/10/2025,200.02862548828125,200.6212158203125,192.1607666015625,194.03758239746094,4753310567,106640787914.34056
27/10/2025,198.74171447753906,205.02005004882812,197.59854125976562,200.02748107910156,6714497027,110015344814.02438
28/10/2025,194.4427947998047,203.83175659179688,191.38519287109375,198.74099731445312,8093133805,109185355497.74608
29/10/2025,194.41087341308594,201.6774444580078,190.6092071533203,194.43362426757812,8057327834,106812830000.23653
30/10/2025,184.62442016601562,198.0394744873047,179.2217254638672,194.40017700195312,8688393422,106654590061.0207
31/10/2025,187.20947265625,189.85353088378906,184.02078247070312,184.6289520263672,5699604751,101142410783.16472
01/11/2025,186.3800506591797,187.34556579589844,184.0620880126953,187.20925903320312,2742470897,103442974150.53136
02/11/2025,187.8259735107422,188.1415252685547,182.82925415039062,186.37965393066406,3213989849,102961761123.6358
03/11/2025,166.0906982421875,188.7412109375,163.5452880859375,187.8260498046875,10083921329,103265155078.90248
04/11/2025,155.40318298339844,168.20030212402344,146.7495574951172,166.0955352783203,11720472283,91638592574.92229
05/11/2025,162.56607055664062,163.65786743164062,147.89247131347656,155.3994598388672,7278004532,85947115263.93896
06/11/2025,155.06591796875,162.779296875,153.79432678222656,162.56338500976562,5543550041,89955932106.81238
07/11/2025,161.7081756591797,164.09254455566406,150.44387817382812,155.06640625,6565811742,85562556342.39645
08/11/2025,158.10250854492188,164.70510864257812,156.08547973632812,161.70852661132812,3777278818,89680212829.84552
09/11/2025,164.45384216308594,166.2310333251953,155.38453674316406,158.1029815673828,4538025398,87566175479.22525
10/11/2025,167.36700439453125,170.15528869628906,163.8563995361328,164.45126342773438,5424364139,90880757292.0812
11/11/2025,154.56832885742188,171.6073455810547,154.26486206054688,167.36734008789062,6202061657,92866398678.98384
12/11/2025,153.2620391845703,161.01406860351562,151.46876525878906,154.56333923339844,5979682267,85546876438.37358
13/11/2025,145.1084747314453,156.98609924316406,141.3976593017578,153.2600555419922,7354986019,84852474992.51434
14/11/2025,138.67660522460938,145.46722412109375,136.0413360595703,145.1084747314453,8170562276,80581216086.66986
15/11/2025,139.5352020263672,143.59059143066406,138.67660522460938,138.67660522460938,3449336899,77119490344.96066
16/11/2025,137.26573181152344,143.15945434570312,134.96566772460938,139.5326690673828,4722106857,77375030096.27234
17/11/2025,130.8482666015625,142.46754455566406,129.01918029785156,137.26535034179688,7330608944,76214849400.6984
18/11/2025,140.71438598632812,141.83172607421875,129.3094024658203,130.84869384765625,7400753648,72426094213.65282
19/11/2025,136.76695251464844,142.47825622558594,130.64390563964844,140.71438598632812,6005404886,77934016916.19258
20/11/2025,133.51715087890625,144.3306121826172,131.38912963867188,136.76776123046875,8497498957,75584893191.21877
21/11/2025,128.50050354003906,134.7876434326172,122.27206420898438,133.5139617919922,10081815694,74844768194.70718
22/11/2025,127.55120086669922,129.64389038085938,125.40487670898438,128.49856567382812,3490973210,71848950731.73575
23/11/2025,130.70506286621094,133.32691955566406,127.55113220214844,127.55113220214844,3820042054,71349952756.82495
24/11/2025,138.37135314941406,139.48390197753906,128.54151916503906,130.70603942871094,6046925667,73167233648.17833
25/11/2025,138.89114379882812,140.3466339111328,133.5081329345703,138.37889099121094,4512057787,77367322523.65762
26/11/2025,143.01219177246094,144.47103881835938,135.63246154785156,138.88987731933594,5361639551,77771514073.10704
27/11/2025,140.84640502929688,144.1732177734375,140.6957550048828,143.0125274658203,3419017564,79924794823.57224
28/11/2025,137.39019775390625,143.30421447753906,136.28543090820312,140.8464813232422,4865188881,78777617550.5348
29/11/2025,136.0817108154297,137.8857879638672,135.1206817626953,137.39064025878906,2428334173,76938097243.95398
30/11/2025,133.5648193359375,139.93711853027344,133.5648193359375,136.0821075439453,3123775023,76118417197.87218
01/12/2025,126.70902252197266,133.60720825195312,123.31387329101562,133.5648193359375,6212210725,75637190873.42696
02/12/2025,138.67420959472656,140.66482543945312,126.1412582397461,126.7086181640625,6173683503,70966196633.84346
03/12/2025,144.89849853515625,145.73007202148438,137.94105529785156,138.673095703125,5809364566,77653527014.84753
04/12/2025,139.0145263671875,146.7203826904297,138.0679931640625,144.89154052734375,4304817495,81208229329.41095
05/12/2025,133.322998046875,140.3798828125,131.1352996826172,139.01397705078125,4557254539,77830815983.02031
06/12/2025,132.34844970703125,134.06983947753906,131.50657653808594,133.32437133789062,2061286212,74566520034.03679
07/12/2025,132.09356689453125,136.23268127441406,128.2851104736328,132.34986877441406,3824892147,73993239897.54666
08/12/2025,133.27822875976562,139.2073516845703,131.67465209960938,132.0959930419922,4710407082,73739848612.42871
09/12/2025,137.901611328125,144.74278259277344,131.8707275390625,133.27833557128906,5869893316,74811646828.87148
10/12/2025,136.46902465820312,142.44235229492188,135.8628692626953,137.90609741210938,5949930252,77575668532.51553
11/12/2025,136.37156677246094,137.67807006835938,129.38401794433594,136.46376037597656,5833676784,76726311580.65881
12/12/2025,132.3242950439453,139.98731994628906,130.67987060546875,136.36993408203125,5282060650,76743870887.65125
13/12/2025,133.24746704101562,134.24513244628906,131.98580932617188,132.32403564453125,2024059188,74491666029.22806
14/12/2025,129.48109436035156,133.5909881591797,128.9016571044922,133.24761962890625,2489001258,74841360307.62788
15/12/2025,127.75711822509766,134.71762084960938,123.998046875,129.48333740234375,5120043768,72771108472.71634
16/12/2025,129.25120544433594,129.9452667236328,125.45384979248047,127.75730895996094,3918682307,71761324664.35858
17/12/2025,123.11980438232422,133.4417724609375,121.55805206298828,129.25282287597656,5452646038,72352928471.43684
18/12/2025,119.57015228271484,128.76417541503906,117.31623077392578,123.12610626220703,5835673225,69190855101.13805
19/12/2025,126.1927490234375,127.5052261352539,117.79812622070312,119.57015228271484,5045203467,67164501569.46828
20/12/2025,125.80903625488281,126.76323699951172,125.39103698730469,126.19405364990234,1703857955,70945765444.8513
21/12/2025,125.99150085449219,126.45636749267578,123.60157775878906,125.81024169921875,2335972346,70712904180.67732
22/12/2025,125.80123138427734,128.38507080078125,124.4066162109375,125.99151611328125,3657779407,70866740448.0251
23/12/2025,123.85721588134766,126.73116302490234,122.32801818847656,125.80123138427734,3084149409,70709712071.75928
24/12/2025,122.45860290527344,124.10684204101562,120.78385925292969,123.85684204101562,2313559221,69704070559.22852
25/12/2025,119.9471206665039,124.19391632080078,119.90099334716797,122.45835876464844,2194207451,68951067341.39406
26/12/2025,122.19595336914062,124.92918395996094,119.57316589355469,119.94737243652344,3779508002,67601569093.48973
27/12/2025,124.64771270751953,124.74816131591797,121.86039733886719,122.19612121582031,1711358748,68749899193.13757
28/12/2025,125.19935607910156,125.21761322021484,123.07058715820312,124.6484146118164,2003713687,70060705784.7345
29/12/2025,123.12522888183594,129.30441284179688,122.42872619628906,125.19874572753906,4871847248,70417541311.5998
30/12/2025,124.93132019042969,126.19066619873047,122.53900146484375,123.1244888305664,3096711898,69294749014.9203
31/12/2025,124.48446655273438,127.11942291259766,123.46351623535156,124.93132019042969,3627228070,70258329328.96147
01/01/2026,126.76112365722656,126.98711395263672,124.0515365600586,124.4847412109375,2461653813,70088211901.36029
02/01/2026,132.1336669921875,132.98789978027344,125.79122161865234,126.76112365722656,4508641946,71412464990.55157
03/01/2026,133.29847717285156,133.60838317871094,129.93521118164062,132.13339233398438,2477037555,74386824319.36295
04/01/2026,133.8996124267578,135.35447692871094,133.22732543945312,133.2982177734375,2982580991,75096961115.17924
05/01/2026,136.23065185546875,137.30841064453125,133.4070587158203,133.9296112060547,4525008896,75408109505.69249
,SOL-USD,SOL-USD,SOL-USD,SOL-USD,SOL-USD,84838706571.2534
