date,Close,High,Low,Open,Volume,market_cap
09/11/2017,1.008180022239685,1.0132700204849243,0.9965149760246277,1.0108699798583984,358188000,537388871.18541
10/11/2017,1.0060100555419922,1.0242300033569336,0.9954860210418701,1.006500005722046,756446016,565364649.45077
11/11/2017,1.0089900493621826,1.0262099504470825,0.9957990050315857,1.0059800148010254,746227968,597346828.01851
12/11/2017,1.012470006942749,1.1059099435806274,0.9676010012626648,1.006019949913025,1466060032,598321089.15239
13/11/2017,1.0093499422073364,1.029289960861206,0.9751030206680298,1.004480004310608,767884032,599946432.95736
14/11/2017,1.0068299770355225,1.0134299993515015,0.9968979954719543,1.0052399635314941,429857984,597380274.62712
15/11/2017,1.0031800270080566,1.0116300582885742,1.000249981880188,1.004580020904541,449671008,596911000.30284
16/11/2017,1.002120018005371,1.010890007019043,0.993232011795044,1.0058200359344482,650278976,609862457.282624
17/11/2017,1.001389980316162,1.0118099451065063,0.9957579970359802,0.9957579970359802,639398016,645434971.8904
18/11/2017,1.002310037612915,1.009179949760437,0.9963399767875671,1.0006500482559204,588136000,645498058.686
19/11/2017,1.0024399757385254,1.0074900388717651,0.9966930150985718,1.002369999885559,485752992,675398808.7712
20/11/2017,1.0019199848175049,1.0029799938201904,0.996537983417511,1.0013799667358398,449595008,674246640.39239
21/11/2017,0.9960470199584961,1.011199951171875,0.9885720014572144,1.0034699440002441,622649024,673371208.41388
22/11/2017,1.0001499652862549,1.0033999681472778,0.9927889704704285,0.9974269866943359,499812000,673597997.26876
23/11/2017,0.9946309924125671,1.0063400268554688,0.9922389984130859,0.9986580014228821,735883008,675338061.7565
24/11/2017,1.00232994556427,1.0071300268173218,0.9880040287971497,1.004140019416809,848627968,677025478.8315
25/11/2017,1.0054099559783936,1.0090700387954712,0.9950760006904602,1.0023200511932373,651987968,678652148.8918
26/11/2017,1.008679986000061,1.0174200534820557,1.0005600452423096,1.0042200088500977,636451968,684545632.63541
27/11/2017,1.001289963722229,1.020169973373413,0.9981259703636169,1.0067499876022339,784436992,676554013.42165
28/11/2017,1.0001399517059326,1.0064799785614014,0.9960479736328125,1.002869963645935,794764032,675352570.66823
29/11/2017,0.9906060099601746,1.048449993133545,0.9556180238723755,1.0001300573349,1672120064,753155768.99724
30/11/2017,1.0081000328063965,1.0286699533462524,0.9893190264701843,1.0038599967956543,1043969984,770817102.3972
01/12/2017,1.0097800493240356,1.0192099809646606,0.9930430054664612,1.007200002670288,749395968,770465654.41712
02/12/2017,0.9996539950370789,1.0167700052261353,0.9956110119819641,1.0089499950408936,679950016,813716975.598588
03/12/2017,1.0006599426269531,1.029539942741394,0.985319972038269,1.0010199546813965,946748992,808849965.874896
04/12/2017,1.0036699771881104,1.014050006866455,0.9921320080757141,1.0024499893188477,668510016,815458158.70596
05/12/2017,1.0019700527191162,1.008370041847229,0.9964579939842224,1.0035099983215332,814145984,815938428.94128
06/12/2017,1.009909987449646,1.0200400352478027,0.9958400130271912,0.9997599720954895,1281490048,821587709.3364
07/12/2017,1.0316599607467651,1.076949954032898,1.0010700225830078,1.0070699453353882,1671609984,839414689.2576
08/12/2017,1.0176000595092773,1.0576599836349487,0.9865630269050598,1.036329984664917,1993030016,828303352.4574
09/12/2017,1.0171300172805786,1.047260046005249,0.9935600161552429,1.0205800533294678,1598909952,829044108.24408
10/12/2017,1.0177500247955322,1.044659972190857,0.9715359807014465,1.0220600366592407,1649500032,827578877.01768
11/12/2017,1.0185600519180298,1.0296299457550049,0.9999499917030334,1.012719988822937,1542119936,847994833.6236
12/12/2017,1.0778800249099731,1.0816700458526611,1.0008699893951416,1.01882004737854,2240839936,901154972.79288
13/12/2017,1.0271600484848022,1.0880000591278076,1.0194599628448486,1.0809500217437744,2198139904,906317625.59208
14/12/2017,1.0081900358200073,1.051419973373413,1.0066900253295898,1.0267200469970703,2336179968,975026426.11416
15/12/2017,1.0161000490188599,1.0187300443649292,0.9955250024795532,1.0098199844360352,2044499968,1035362386.26192
16/12/2017,1.0074199438095093,1.0193699598312378,1.0018199682235718,1.017359972000122,1592729984,1127398787.93652
17/12/2017,1.0092400312423706,1.0163999795913696,1.0028599500656128,1.01173996925354,1931020032,1130923692.58272
18/12/2017,1.0130200386047363,1.0183000564575195,0.9957399964332581,1.0105199813842773,2517230080,1134907394.3416
19/12/2017,1.0106799602508545,1.0339699983596802,0.9967679977416992,1.0131299495697021,3073860096,1186948145.3469
20/12/2017,1.0001800060272217,1.0191899538040161,0.9890789985656738,1.0084099769592285,3751790080,1169716348.4943
21/12/2017,1.0092099905014038,1.040410041809082,0.9938110113143921,1.002310037612915,3106720000,1228224344.44384
22/12/2017,1.0179500579833984,1.0590900182724,0.9630889892578125,1.006350040435791,4687949824,1261149312.73795
23/12/2017,1.045259952545166,1.0520000457763672,1.0072599649429321,1.0123900175094604,2353740032,1281430508.524
24/12/2017,1.0230300426483154,1.069219946861267,1.0218299627304077,1.0507099628448486,2611589888,1253658060.2404
25/12/2017,1.0111299753189087,1.0317200422286987,1.0089399814605713,1.026479959487915,1708380032,1231842071.25973
26/12/2017,1.0040700435638428,1.0173200368881226,0.9985799789428711,1.0104899406433105,1854780032,1223510336.77465
27/12/2017,1.003659963607788,1.014840006828308,0.9964579939842224,1.0046900510787964,1939949952,1222596769.3969
28/12/2017,1.0065900087356567,1.0330599546432495,1.0005500316619873,1.003309965133667,2211409920,1280149371.34987
29/12/2017,1.0056400299072266,1.0151900053024292,1.0008800029754639,1.010949969291687,1929090048,1372549809.86862
30/12/2017,1.0213500261306763,1.0347800254821777,0.9928420186042786,1.0077199935913086,2711059968,1393290051.79754
31/12/2017,1.0122599601745605,1.0243099927902222,1.0002700090408325,1.0243099927902222,1927010048,1384972065.58858
01/01/2018,1.0072799921035767,1.0153599977493286,1.0015300512313843,1.0125499963760376,1685299968,1380279517.44767
02/01/2018,1.0048999786376953,1.0098799467086792,0.9932500123977661,1.0057400465011597,2635859968,1373452749.16104
03/01/2018,1.0134400129318237,1.0232800245285034,1.0026400089263916,1.006600022315979,2471689984,1389678294.62786
04/01/2018,1.0025299787521362,1.0161800384521484,0.9938219785690308,1.013200044631958,3200130048,1472112403.15338
05/01/2018,0.9986339807510376,1.0050100088119507,0.9859150052070618,1.0017499923706055,3096620032,1467642069.599715
06/01/2018,1.0089900493621826,1.0120899677276611,0.9968469738960266,1.0002800226211548,2620080128,1480612643.30961
07/01/2018,1.0015699863433838,1.015720009803772,0.9982079863548279,1.0072699785232544,2338180096,1470042396.48321
08/01/2018,1.0093200206756592,1.0423599481582642,0.9976170063018799,1.005139946937561,3815749888,1486176703.79184
09/01/2018,1.0059900283813477,1.014299988746643,1.0006599426269531,1.008579969406128,2766180096,1474241133.41703
10/01/2018,1.0012799501419067,1.0138200521469116,0.9964460134506226,1.0051499605178833,3189860096,1471466443.6251
11/01/2018,1.001710057258606,1.0235199928283691,0.990198016166687,0.9999759793281555,3841110016,1477133270.39592
12/01/2018,1.0060800313949585,1.0190999507904053,0.9977110028266907,1.006250023841858,2668219904,1473800706.46593
13/01/2018,1.002020001411438,1.0125600099563599,0.9965760111808777,1.0041300058364868,2759879936,1471481124.52347
14/01/2018,1.0161199569702148,1.040310025215149,1.0006400346755981,1.0043599605560303,2960410112,1493076726.02574
15/01/2018,1.0066200494766235,1.0240000486373901,1.0017199516296387,1.0153900384902954,2557179904,1479012425.38728
16/01/2018,1.0341500043869019,1.0464500188827515,0.9990010261535645,1.0067700147628784,5552929792,1667199879.47805
17/01/2018,1.0145299434661865,1.069890022277832,0.9977390170097351,1.0328700542449951,5588839936,1651892740.29247
18/01/2018,1.023110032081604,1.0398999452590942,1.001270055770874,1.017259955406189,4302300160,1653834449.28007
19/01/2018,1.004539966583252,1.0422199964523315,1.0024900436401367,1.023319959640503,2876989952,1627071227.06765
20/01/2018,1.0011099576950073,1.0134999752044678,0.9914429783821106,1.0069899559020996,2942779904,1623851226.32988
21/01/2018,0.9998610019683838,1.026610016822815,0.9970690011978149,1.0029200315475464,3302010112,1622945095.469
22/01/2018,1.0050400495529175,1.0193099975585938,0.9915099740028381,1.003999948501587,3274899968,1606354810.260781
23/01/2018,1.0050499439239502,1.0195300579071045,0.9844740033149719,1.003999948501587,3126830080,1629643991.47622
24/01/2018,0.997484028339386,1.0306999683380127,0.9922459721565247,1.0008399486541748,2620630016,1625954744.39978
25/01/2018,0.9995949864387512,1.0127400159835815,0.9873579740524292,1.0055299997329712,2571930112,1616581144.262141
26/01/2018,1.004140019416809,1.0215400457382202,0.9857670068740845,0.9975709915161133,2957009920,1605304669.316654
27/01/2018,0.9933249950408936,1.0097999572753906,0.9922270178794861,1.002810001373291,2051980032,1610901645.473411
28/01/2018,0.988789975643158,1.001099944114685,0.9812750220298767,0.9965479969978333,2546639872,2252858690.033376
29/01/2018,0.9953190088272095,1.001579999923706,0.9817180037498474,0.9884399771690369,2031160064,2269639107.04296
30/01/2018,0.98648601770401,1.0123800039291382,0.9754359722137451,0.9986720085144043,3108630016,2266183243.262952
31/01/2018,0.9902740120887756,1.0025999546051025,0.9714030027389526,0.9925379753112793,2663930112,2224566037.382556
01/02/2018,0.986939013004303,1.0116100311279297,0.9547709822654724,0.9915580153465271,3498899968,2201862496.650726
02/02/2018,0.9907469749450684,1.0202300548553467,0.9251440167427063,0.9862939715385437,4785869824,2169643006.341678
03/02/2018,1.0013099908828735,1.0158699750900269,0.9828789830207825,0.9940710067749023,2488529920,2193721155.581718
04/02/2018,1.0101300477981567,1.0101300477981567,0.9752089977264404,1.0043799877166748,2504640000,2215748449.568808
05/02/2018,0.9963080286979675,1.0162800550460815,0.9447770118713379,0.9957939982414246,4078980096,2208046102.380972
06/02/2018,1.0100899934768677,1.020169973373413,0.9583179950714111,0.9785000085830688,6247249920,2240775535.07724
07/02/2018,1.0013999938964844,1.0198899507522583,0.9846469759941101,1.002150058746338,3307539968,2207205806.012466
08/02/2018,1.0189100503921509,1.0340299606323242,0.9875339865684509,0.9949700236320496,2466619904,2216289431.927424
09/02/2018,1.0021100044250488,1.0481799840927124,0.995048999786377,1.021090030670166,1631139968,2256871977.38688
10/02/2018,1.0037000179290771,1.0149500370025635,0.9933459758758545,1.0034799575805664,2628379904,2220887781.97566
11/02/2018,0.9992510080337524,1.0125199556350708,0.9927279949188232,1.0049200057983398,2431739904,2229312917.06886
12/02/2018,1.0000900030136108,1.0079599618911743,0.9908120036125183,1.0002100467681885,2457489920,2231929143.22938
13/02/2018,1.001099944114685,1.0086499452590942,0.9959310293197632,1.0008000135421753,2226759936,2220377839.58844
14/02/2018,1.0007699728012085,1.006809949874878,0.993291974067688,0.9977149963378906,3066190080,2225255549.37924
15/02/2018,1.0054099559783936,1.0192099809646606,0.99720299243927,1.0050400495529175,3286909952,2211790853.215818
16/02/2018,1.0020999908447266,1.0100200176239014,0.9967460036277771,1.0050400495529175,2605819904,2219624011.71168
17/02/2018,1.0037000179290771,1.0116100311279297,0.9969189763069153,1.0047399997711182,2797600000,2222129380.8315
18/02/2018,1.0051900148391724,1.0161900520324707,0.9988319873809814,1.0046800374984741,3124179968,2230953601.27122
19/02/2018,1.0006099939346313,1.0060800313949585,0.9940410256385803,1.001330018043518,2546439936,2224435207.27806
20/02/2018,1.0006099939346313,1.0096100568771362,0.9940810203552246,1.0006500482559204,3126220032,2216613134.486268
21/02/2018,1.0009700059890747,1.010390043258667,0.9886990189552307,1.0053600072860718,3459830016,2218471098.4884
22/02/2018,1.0040899515151978,1.0107500553131104,0.9939979910850525,1.0015300512313843,2904620032,2219978754.24192
23/02/2018,1.0015699863433838,1.009660005569458,0.9937019944190979,1.0084500312805176,2815280128,2224213493.19666
24/02/2018,1.0028400421142578,1.0140000581741333,0.9938870072364807,1.0011399984359741,2417710080,2212254235.645944
25/02/2018,1.0003399848937988,1.0089999437332153,0.9962289929389954,1.00478994846344,1968850048,2230332801.8433
26/02/2018,0.9995610117912292,1.0095200538635254,0.9896770119667053,0.9976639747619629,2362210048,2228315203.70256
27/02/2018,1.0005199909210205,1.008470058441162,0.9916419982910156,0.9986770153045654,2473019904,2219801382.9768
28/02/2018,0.9989029765129089,1.0070500373840332,0.9927909970283508,1.003290057182312,2414230016,2214462507.896688
01/03/2018,1.0004199743270874,1.00518000125885,0.9956790208816528,0.9998469948768616,2285570048,2221331210.13846
02/03/2018,0.9997299909591675,1.0055999755859375,0.9944390058517456,0.9981889724731445,2172250112,2218537612.71282
03/03/2018,1.0008699893951416,1.0061899423599243,0.9934769868850708,0.995248019695282,2181489920,2214677570.555646
04/03/2018,0.9976119995117188,1.0049500465393066,0.9952870011329651,1.000190019607544,2133910016,2219867897.20122
05/03/2018,0.9988639950752258,1.0017199516296387,0.9950190186500549,0.9975209832191467,2227680000,2209485026.769258
06/03/2018,1.000499963760376,1.0059599876403809,0.9962599873542786,1.0050400495529175,2491849984,2212265321.350014
07/03/2018,1.0024800300598145,1.0241199731826782,0.9813780188560486,0.9983540177345276,3037380096,2218670641.16166
08/03/2018,1.005910038948059,1.0113400220870972,0.9857339859008789,1.0015300512313843,2636689920,2223747893.62572
09/03/2018,1.0016599893569946,1.0134899616241455,0.9885640144348145,0.9997230172157288,3131620096,2224257836.01294
10/03/2018,1.0051900148391724,1.0134799480438232,0.9949359893798828,0.9976069927215576,2218810112,2220887781.97566
11/03/2018,1.0038399696350098,1.0135600566864014,0.9947090148925781,1.0034699440002441,2394810112,2222705837.44314
12/03/2018,1.0023499727249146,1.0140800476074219,0.9885299801826477,1.0001800060272217,2155559936,2237738052.16206
13/03/2018,0.9998430013656616,1.0120899677276611,0.9871950149536133,1.0018399953842163,1890040064,2215546689.754734
14/03/2018,1.002750039100647,1.0203299522399902,0.9913370013237,0.9965810179710388,2151670016,2215409227.024266
15/03/2018,1.0012799501419067,1.0119199752807617,0.9849389791488647,1.0006599426269531,2259869952,2207921942.495388
16/03/2018,0.9985510110855103,1.0115100145339966,0.98956698179245,0.9975090026855469,1872050048,2221353381.5466
17/03/2018,1.0016200542449951,1.0095900297164917,0.9907310009002686,1.0015499591827393,1687920000,2217783784.83606
18/03/2018,1.0030800104141235,1.0135200023651123,0.9797809720039368,1.0051699876785278,2639470080,2221065153.24078
19/03/2018,0.9898669719696045,1.0208200216293335,0.9821940064430237,0.9821940064430237,2638089984,2209434032.530536
20/03/2018,0.996832013130188,1.0063300132751465,0.9895700216293335,1.006019949913025,2506319872,2214400427.953896
21/03/2018,0.999243974685669,1.0090099573135376,0.9926469922065735,0.9969379901885986,2353890048,2227694404.27464
22/03/2018,0.9989820122718811,1.01118004322052,0.9934679865837097,0.999459981918335,2171849984,2218825841.01864
23/03/2018,0.9902349710464478,1.0086100101470947,0.9902349710464478,0.9992210268974304,1995699968,2226894995.118516
24/03/2018,1.0090999603271484,1.0090999603271484,0.9942989945411682,1.00163996219635,1785500032,2283547715.781206
25/03/2018,0.9996860027313232,1.0101799964904785,0.9944819808006287,1.0001200437545776,1511320064,2288398741.4477
26/03/2018,1.0034099817276,1.0130800008773804,0.9836819767951965,0.9965999722480774,2183960064,2288604584.12096
27/03/2018,1.0016100406646729,1.0129200220108032,0.9894729852676392,1.0024199485778809,2051079936,2293384708.42222
28/03/2018,0.9992039799690247,1.0099899768829346,0.9937210083007812,1.0022799968719482,1857049984,2301938615.06658
29/03/2018,0.9986230134963989,1.0110199451446533,0.9824720025062561,1.0025999546051025,2486609920,2230861337.05168
30/03/2018,0.9989429712295532,1.008470058441162,0.9796329736709595,0.9958969950675964,2596849920,2271014184.120486
31/03/2018,1.0007699728012085,1.008489966392517,0.993569016456604,0.9970139861106873,1763719936,2288581712.71282
01/04/2018,0.999809980392456,1.009850025177002,0.9807779788970947,0.9957020282745361,1832530048,2288718941.16166
02/04/2018,1.0001300573349,1.0072499513626099,0.9880599975585938,1.0033299922943115,1550880000,2294665507.27806
03/04/2018,1.0003700256347656,1.007040023803711,0.9950730204582214,0.9975870251655579,1753520000,2286132184.901026
04/04/2018,1.000830054283142,1.0145200490951538,0.9942700266838074,1.003980040550232,1772329984,2288604584.12096
05/04/2018,1.0025299787521362,1.0097600221633911,0.9874340295791626,1.0020500421524048,1609469952,2287529627.93838
06/04/2018,1.0010900497436523,1.0110100507736206,0.9913759827613831,1.000309944152832,1257110016,2287140814.0
07/04/2018,0.9996439814567566,1.0057799816131592,0.986519992351532,1.0017399787902832,1332259968,2290342811.1396
08/04/2018,0.9968090057373047,1.0058000087738037,0.9950910210609436,1.0015300512313843,1090880000,2288192898.77444
09/04/2018,0.9975550174713135,1.0089000463485718,0.9933930039405823,0.9975410103797913,1678770048,2286260264.78661
10/04/2018,0.9973559975624084,1.0037100315093994,0.9917439818382263,0.996953010559082,1253949952,2281546467.568956
11/04/2018,1.000249981880188,1.0023900270462036,0.9925209879875183,0.9975929856300354,1741699968,2284490017.796574
12/04/2018,0.9968309998512268,1.0205899477005005,0.9860249757766724,0.9964079856872559,3636590080,2275915526.884888
13/04/2018,0.998894989490509,1.0098899602890015,0.989434003829956,0.99583899974823,3218919936,2286748258.46995
14/04/2018,0.9997659921646118,1.0096800327301025,0.9939939975738525,1.001829981803894,2060220032,2277334809.096362
15/04/2018,0.9986019730567932,1.0059399604797363,0.9865639805793762,0.9963080286979675,2057859968,2284424248.0123234
16/04/2018,0.9975919723510742,1.0102699995040894,0.9957540035247803,0.9988840222358704,2125180032,2287806414.427748
17/04/2018,0.9985560178756714,1.0062799453735352,0.991320013999939,0.9972169995307922,2075650048,2288676890.914675
18/04/2018,0.99760901927948,1.0085300207138062,0.9832839965820312,1.0006599426269531,2112089984,2282926413.292516
19/04/2018,0.9971849918365479,1.0028400421142578,0.9928889870643616,0.9979069828987122,2217799936,2286824348.679072
20/04/2018,0.998337984085083,1.0049099922180176,0.9882850050926208,0.9975500106811523,3458870016,2288314708.8573847
21/04/2018,0.9990140199661255,1.0097800493240356,0.9938160181045532,0.9970710277557373,3570040064,2286642166.0685253
22/04/2018,0.9961959719657898,1.0111500024795532,0.9891909956932068,1.0043100118637085,3176019968,2287115548.841868
23/04/2018,0.9978470206260681,1.0039900541305542,0.9887800216674805,0.9951300024986267,3075480064,2293223001.07827
24/04/2018,1.0047600269317627,1.007449984550476,0.9902970194816589,0.9989740252494812,5033249792,2290287336.148911
25/04/2018,0.9918090105056763,1.01705002784729,0.9860739707946777,1.0050899982452393,6126580224,2291471961.87575
26/04/2018,0.9996140003204346,1.009160041809082,0.9923809766769409,1.0022599697113037,4206320128,2419283454.765766
27/04/2018,1.0041500329971313,1.0084799528121948,0.9951220154762268,1.0020500421524048,4060179968,2418155033.319906
28/04/2018,0.999334990978241,1.008810043334961,0.9910150170326233,1.0007799863815308,4066050048,2411376754.252148
29/04/2018,0.9980159997940063,1.0137799978256226,0.9923040270805359,0.9988660216331482,5167799808,2414871788.356529
30/04/2018,0.9989190101623535,1.0128300189971924,0.992920994758606,0.9975529909133911,4498440192,2417908906.80563
01/05/2018,1.0034899711608887,1.0120099782943726,0.993632972240448,1.000249981880188,3901110016,2414259472.9486885
02/05/2018,0.9974640011787415,1.0046499967575073,0.9927359819412231,1.0006200075149536,3711889920,2414697615.4085045
03/05/2018,0.9979730248451233,1.005270004272461,0.9939200282096863,0.9962670207023621,4307829760,2314904075.7836905
04/05/2018,0.9985610246658325,1.005810022354126,0.9922040104866028,1.005810022354126,3844979968,2372622278.315319
05/05/2018,0.996284008026123,1.0013200044631958,0.992372989654541,0.9994480013847351,3848780032,2261228727.8771443
06/05/2018,0.9972019791603088,1.0081499814987183,0.9923210144042969,0.9959059953689575,3948859904,2249478541.338824
07/05/2018,0.9972370266914368,1.0069299936294556,0.9908499717712402,0.9953510165214539,4137240064,2180637157.676249
08/05/2018,1.002120018005371,1.0082800388336182,0.9946749806404114,0.9987450242042542,3317769984,2154112977.8095737
09/05/2018,1.0005099773406982,1.0069899559020996,0.9931169748306274,1.002020001411438,3236689920,2104885290.4021573
10/05/2018,1.0013400316238403,1.0111299753189087,0.9959840178489685,0.999422013759613,3430200064,2108873301.498853
11/05/2018,1.0022499561309814,1.0136300325393677,0.9829959869384766,1.0040700435638428,4733060096,2105879046.83292
12/05/2018,1.001099944114685,1.0193400382995605,0.9847350120544434,0.999750018119812,4539990016,2112850577.8745484
13/05/2018,1.003250002861023,1.0065200328826904,0.9932479858398438,1.0004899501800537,3179099904,2220564971.047659
14/05/2018,1.001270055770874,1.0110700130462646,0.9895070195198059,1.0019700527191162,3820280064,2209044380.0149026
15/05/2018,1.0011399984359741,1.0130200386047363,0.993852972984314,1.000540018081665,3315440128,2209948700.880774
16/05/2018,0.9999499917030334,1.0134299993515015,0.9903839826583862,1.002150058746338,3238190080,2204161198.988544
17/05/2018,1.000190019607544,1.007699966430664,0.9967470169067383,1.0006200075149536,3026749952,2313604285.6077013
18/05/2018,1.0011099576950073,1.004349946975708,0.9937319755554199,1.0024900436401367,3051709952,2310503939.435861
19/05/2018,1.0003600120544434,1.0069500207901,0.9942499995231628,1.0002100467681885,2569299968,2503520439.069979
20/05/2018,0.9991170167922974,1.0046600103378296,0.9907559752464294,1.0014699697494507,2610939904,2510373975.8253307
21/05/2018,1.0029699802398682,1.007539987564087,0.996845006942749,0.9995920062065125,2406449920,2509751494.8547044
22/05/2018,1.0029699802398682,1.0064899921417236,0.9960619807243347,1.0031299591064453,2417590016,2503254463.359462
23/05/2018,1.0040199756622314,1.0139199495315552,0.9960529804229736,1.0007699728012085,3360600064,2500586102.9243646
24/05/2018,0.9988179802894592,1.0124900341033936,0.99372798204422,1.0013500452041626,3122710016,2508799676.8027496
25/05/2018,1.000440001487732,1.0140000581741333,0.9905530214309692,0.9992920160293579,2375610112,2510652937.432645
26/05/2018,0.9998900294303894,1.0086499452590942,0.9829049706459045,1.0029699802398682,1872140032,2514394133.434205
27/05/2018,0.9991819858551025,1.006850004196167,0.9915509819984436,1.0017600059509277,1885900032,2506571114.360842
28/05/2018,1.0024900436401367,1.0107300281524658,0.9874780178070068,1.0005700588226318,2582710016,2506310135.19925
29/05/2018,1.0006799697875977,1.009809970855713,0.9857900142669678,0.9992700219154358,3003919872,2517623503.770787
30/05/2018,0.9997270107269287,1.0098199844360352,0.9951580166816711,0.9994869828224182,2429060096,2505054449.441996
31/05/2018,0.9980030059814453,1.0074800252914429,0.994691014289856,1.0019999742507935,2613339904,2501825159.5949
01/06/2018,1.0009900331497192,1.0086499452590942,0.9946939945220947,0.9990879893302917,2486080000,2509107720.0010204
02/06/2018,0.9935299754142761,1.0056400299072266,0.9862310290336609,1.0001800060272217,3187569920,2512200129.6418176
03/06/2018,1.000100016593933,1.0037599802017212,0.9868469834327698,0.9920300245285034,2796300032,2506853306.3740506
04/06/2018,1.0005199909210205,1.0068000555038452,0.9952570199966431,0.9977139830589294,2798279936,2510616253.46878
05/06/2018,1.0010199546813965,1.0114599466323853,0.9908789992332458,0.9992629885673523,2796069888,2514568764.5752807
06/06/2018,1.00068998336792,1.0126099586486816,0.9908769726753235,0.9979169964790344,2508359936,2505516087.7039967
07/06/2018,0.9987499713897705,1.0057300329208374,0.9962419867515564,0.9994630217552185,2554540032,2502560003.084482
08/06/2018,1.0017900466918945,1.008389949798584,0.9943299889564514,0.9999399781227112,2219579904,2505309347.953915
09/06/2018,1.0060800313949585,1.0122100114822388,0.9991940259933472,1.002060055732727,2006880000,2510964779.585684
10/06/2018,0.9982150197029114,1.0153199434280396,0.9890310168266296,1.009369969367981,3845029888,2515854691.6073446
11/06/2018,1.0019299983978271,1.0102900266647339,0.9916560053825378,1.0053000450134277,2913220096,2513911991.7378383
12/06/2018,1.0007699728012085,1.0190900564193726,0.9986690282821655,1.004040002822876,2702340096,2511231063.547798
13/06/2018,1.0035300254821777,1.0257699489593506,0.9943159818649292,1.0047500133514404,3056750080,2512560152.06342
14/06/2018,1.0039499998092651,1.0119600296020508,0.9930350184440613,1.0019500255584717,3104209920,2510612841.565553
15/06/2018,1.0069500207901,1.013159990310669,0.9951030015945435,1.0016299486160278,2376110080,2511105268.065577
16/06/2018,1.0042400360107422,1.0124800205230713,0.9879840016365051,1.0038700103759766,1797939968,2606755302.0367866
17/06/2018,1.0054800510406494,1.0071300268173218,0.9984530210494995,1.004870057106018,1548390016,2611483997.5627456
18/06/2018,1.0028300285339355,1.01118004322052,0.9911640286445618,1.0033899545669556,2073910016,2607522086.96877
19/06/2018,1.0002199411392212,1.0063400268554688,0.994845986366272,1.0036300420761108,2253370112,2607466091.603661
20/06/2018,0.9988290071487427,1.0102100372314453,0.9944339990615845,1.001710057258606,2215259904,2609299021.795047
21/06/2018,1.0005300045013428,1.0059800148010254,0.9940750002861023,1.000540018081665,2017639936,2603656512.487704
22/06/2018,1.003000020980835,1.0263700485229492,0.9909740090370178,1.0012400150299072,3747810048,2607650404.724129
23/06/2018,1.001979947090149,1.0126999616622925,0.9906209707260132,1.0013699531555176,2500859904,2617735157.7296124
24/06/2018,1.0051000118255615,1.0224900245666504,0.9717360138893127,0.9988750219345093,3952620032,2620800943.760991
25/06/2018,1.0006200075149536,1.0089099407196045,0.9847189784049988,1.004870057106018,3956019968,2613814133.732479
26/06/2018,1.0005600452423096,1.0096399784088135,0.9905120134353638,0.9988340139389038,2025110016,2708229882.968458
27/06/2018,0.9979349970817566,1.0062099695205688,0.9814839959144592,1.0023900270462036,2055360000,2711224215.0362363
28/06/2018,0.9971929788589478,1.0044000148773193,0.9897890090942383,0.9988229870796204,2331049984,2710815882.3321047
29/06/2018,1.0033299922943115,1.0117000341415405,0.9902610182762146,0.9960470199584961,2482319872,2705747935.707918
30/06/2018,0.9991919994354248,1.0101399421691895,0.9926819801330566,1.0030100345611572,2540620032,2710522078.222563
01/07/2018,0.9988210201263428,1.0060499906539917,0.9970160126686096,0.9973229765892029,3653040128,2709184202.4315243
02/07/2018,0.9988589882850647,1.0027400255203247,0.9931929707527161,0.9994019865989685,2787729920,2703960038.875213
03/07/2018,1.0003199577331543,1.0036799907684326,0.995343029499054,0.9974449872970581,2786769920,2707143218.975718
04/07/2018,0.9991949796676636,1.0037399530410767,0.9934369921684265,0.9988570213317871,2638139904,2708578917.972982
05/07/2018,1.0061399936676025,1.0111299753189087,0.9994819760322571,1.001170039176941,3606159872,2719758742.7928057
06/07/2018,1.003159999847412,1.011240005493164,0.998691976070404,1.0070099830627441,2460250112,2716035714.524314
07/07/2018,1.0062099695205688,1.0078799724578857,0.9890279769897461,1.0017000436782837,2134790016,2630551517.232334
08/07/2018,1.0042500495910645,1.0095100402832031,1.001270055770874,1.0046099424362183,2142080000,2639086852.898884
09/07/2018,1.0075000524520874,1.0141799449920654,1.001420021057129,1.0046000480651855,2358560000,2617656193.699314
10/07/2018,1.0011999607086182,1.0116000175476074,0.9978190064430237,1.0073100328445435,2974149888,2621958055.9404225
11/07/2018,1.0011600255966187,1.0107899904251099,0.9988980293273926,1.0009100437164307,2524790016,2630093888.51045
12/07/2018,0.9990699887275696,1.0076099634170532,0.99446702003479,1.0022799968719482,2404160000,2843510050.80116
13/07/2018,1.001420021057129,1.0100300312042236,0.9957910180091858,0.9993770122528076,2279970048,2735628176.0751853
14/07/2018,1.0026500225067139,1.0068000555038452,0.9980310201644897,1.0022499561309814,1620770048,2875371132.168638
15/07/2018,0.9983519911766052,1.0044100284576416,0.9966639876365662,1.0023800134658813,1919559936,3072821184.2304983
16/07/2018,0.9991390109062195,1.0021799802780151,0.9882969856262207,0.9989659786224365,2864659968,3072501089.902076
17/07/2018,1.0001300573349,1.0058399438858032,0.979781985282898,1.002310037612915,3620499968,3202433010.239602
18/07/2018,1.002210021018982,1.0053199529647827,0.993403971195221,0.9994760155677795,4082030080,3085635269.8597736
19/07/2018,0.998088002204895,1.0041699409484863,0.9933310151100159,1.0008100271224976,3188349952,2894104981.804781
20/07/2018,1.0010299682617188,1.0071699619293213,0.9942790269851685,0.9989209771156311,3072349952,3055979237.9036107
21/07/2018,1.000040054321289,1.0042200088500977,0.995730996131897,1.0012999773025513,2164900096,2904119616.727375
22/07/2018,0.9998430013656616,1.0106199979782104,0.9947559833526611,1.0012199878692627,2209939968,3242165234.7705994
23/07/2018,0.9974960088729858,1.000830054283142,0.9919520020484924,1.000830054283142,2808819968,3340987521.787814
24/07/2018,0.9965050220489502,1.000730037689209,0.9933900237083435,0.9979180097579956,4417310208,3449495153.369037
25/07/2018,0.998790979385376,1.0020699501037598,0.9850080013275146,0.9923719763755798,3514560000,2498721071.6981635
26/07/2018,0.9979509711265564,1.003749966621399,0.9928669929504395,0.9967399835586548,2894500096,2497893235.291119
27/07/2018,0.9971179962158203,1.004390001296997,0.9911789894104004,0.9995530247688293,3092310016,2503957996.7450323
28/07/2018,0.9978870153427124,1.0026899576187134,0.995606005191803,0.995606005191803,2298899968,2504641536.6855307
29/07/2018,0.9989190101623535,1.0016100406646729,0.9951050281524658,0.9964029788970947,2404489984,2504617063.509695
30/07/2018,0.9989100098609924,1.0071500539779663,0.9939870238304138,0.9993169903755188,4311410000,2499614097.6274047
31/07/2018,0.9995070099830627,1.0075500011444092,0.9953399896621704,0.9997079968452454,3253100000,2500004008.542567
01/08/2018,0.999409019947052,1.0044499635696411,0.9947540163993835,0.9992150068283081,3059190000,2453551346.6156883
02/08/2018,1.0006599426269531,1.002769947052002,0.9951990246772766,0.9987459778785706,2539460000,2397246906.11482
03/08/2018,0.9990950226783752,1.0040899515151978,0.9957550168037415,1.0013799667358398,2843800000,2412056293.726
04/08/2018,0.9985049962997437,1.0045599937438965,0.993336021900177,1.000190019607544,2526060000,2434874462.112014
05/08/2018,0.9993469715118408,1.0026099681854248,0.996254026889801,0.9979720115661621,2204100000,2427717170.371292
06/08/2018,1.0009499788284302,1.0032000541687012,0.9981690049171448,1.0018399953842163,2336390000,2317029505.9483604
07/08/2018,1.001539945602417,1.026229977607727,0.995265007019043,0.9994159936904907,2942000000,2629576496.6034784
08/08/2018,1.0016900300979614,1.0170300006866455,0.9913449883460999,1.00163996219635,3421800000,2391622986.2410865
09/08/2018,1.0042400360107422,1.0068000555038452,0.9794560074806213,1.0007400512695312,2626630000,2677247668.678564
10/08/2018,1.001579999923706,1.0146199464797974,0.9918889999389648,1.0013400316238403,2887490000,2433038152.171622
11/08/2018,1.009850025177002,1.009850025177002,0.9785410165786743,1.0003399848937988,2630390000,2396026686.684288
12/08/2018,1.0004899501800537,1.0072799921035767,0.9949300289154053,1.00586998462677,4066320000,2407658622.294623
13/08/2018,1.0039299726486206,1.0205399990081787,0.9946590065956116,1.000920057296753,2596380000,2375326435.9214625
14/08/2018,0.9975429773330688,1.0179200172424316,0.9919739961624146,1.004330039024353,3917750000,2411321574.6405063
15/08/2018,1.0012500286102295,1.0084099769592285,0.9932529926300049,0.9950299859046936,3277720000,2447323371.727482
16/08/2018,1.0012199878692627,1.0105799436569214,0.9939860105514526,1.000540018081665,2741290000,2434993162.27591
17/08/2018,0.9977610111236572,1.0119999647140503,0.9940580129623413,1.0039000511169434,3783430000,2405947943.302754
18/08/2018,1.0028599500656128,1.0140000581741333,0.9964780211448669,1.0024199485778809,3247510000,2433497751.643381
19/08/2018,1.0005199909210205,1.0082199573516846,0.9968640208244324,1.005370020866394,2622560000,2439015130.283011
20/08/2018,1.0053900480270386,1.0173900127410889,0.9970070123672485,1.000190019607544,2596870000,2438871838.531738
21/08/2018,1.0006999969482422,1.008270025253296,0.9953640103340149,1.008139967918396,2350790000,2725078677.2575154
22/08/2018,1.000349998474121,1.011780023574829,0.9811149835586548,1.0004899501800537,3325510000,2728553308.795219
23/08/2018,0.9989759922027588,1.0042500495910645,0.9936349987983704,1.0013500452041626,2392970000,2716639197.093408
24/08/2018,1.0017800331115723,1.0089600086212158,0.9942929744720459,0.998429000377655,2850500000,2731483650.83002
25/08/2018,1.0010000467300415,1.0038199424743652,0.9952679872512817,0.998537003993988,1958700000,2727971118.950374
26/08/2018,0.999226987361908,1.007949948310852,0.9977499842643738,1.0032099485397339,1946530000,2722535740.346884
27/08/2018,0.9978020191192627,1.006410002708435,0.9832109808921814,1.00163996219635,2718980000,2723771032.1156235
28/08/2018,0.9993950128555298,1.0034899711608887,0.9919610023498535,0.9976699948310852,2991530000,2732665666.390831
29/08/2018,1.0006599426269531,1.015030026435852,0.9911059737205505,1.000190019607544,3024040000,2715010128.813364
30/08/2018,1.0000300407409668,1.005120038986206,0.9921159744262695,0.9997349977493286,2764870000,2728039077.1536984
31/08/2018,1.0035099983215332,1.0085500478744507,0.9960370063781738,1.0015100240707397,2659230000,2721520394.7395663
01/09/2018,0.9968129992485046,1.003749966621399,0.9851539731025696,1.0017000436782837,2910380000,2816280697.763921
02/09/2018,0.9978389739990234,1.0076600313186646,0.9933940172195435,0.9968649744987488,2844130000,2815472562.5224586
03/09/2018,0.9986420273780823,1.0040700435638428,0.9930099844932556,0.9953960180282593,2530750000,2813189896.093035
04/09/2018,0.999517023563385,1.0042599439620972,0.993395984172821,0.9996269941329956,2758550000,2809398139.49908
05/09/2018,1.007949948310852,1.030769944190979,0.9973980188369751,0.9998559951782227,4000180000,2810162813.893949
06/09/2018,1.0009100437164307,1.033310055732727,0.989162027835846,1.006350040435791,3695980000,2794774719.116717
07/09/2018,1.0063600540161133,1.0147500038146973,0.9962520003318787,1.0030900239944458,2778320000,2811537527.322656
08/09/2018,1.0042799711227417,1.0195399522781372,0.9973220229148865,1.0062799453735352,2345090000,2812652630.8500752
09/09/2018,1.0049799680709839,1.0157999992370605,0.9683539867401123,1.0023399591445923,2470930000,2811569543.7653465
10/09/2018,1.0012799501419067,1.0108799934387207,0.9950379729270935,0.9988309741020203,2300220000,2821504022.42089
11/09/2018,1.004539966583252,1.0165799856185913,0.9964500069618225,0.9964500069618225,2375530000,2811552368.644348
12/09/2018,1.0012500286102295,1.0136799812316895,0.989434003829956,1.003159999847412,2512200000,2812137479.260313
13/09/2018,1.006350040435791,1.0093899965286255,0.9869570136070251,1.000730037689209,3009780000,2811471886.824074
14/09/2018,1.0023599863052368,1.0194100141525269,0.9882739782333374,0.9989749789237976,2804570000,2787130230.251768
15/09/2018,1.0008599758148193,1.0092500448226929,0.9937450289726257,1.0069400072097778,2112840000,2786121046.515283
16/09/2018,1.0009599924087524,1.0140700340270996,0.9951850175857544,1.004390001296997,2103110000,2789163924.121038
17/09/2018,1.0041099786758423,1.0117700099945068,0.9952830076217651,0.9990140199661255,2854420000,2791102224.4472256
18/09/2018,1.0022499561309814,1.0077999830245972,0.9806230068206787,1.0077999830245972,2687350000,2784048694.943757
19/09/2018,1.00068998336792,1.0121599435806274,0.9645699858665466,1.0061899423599243,2635660000,2785192872.408728
20/09/2018,1.001539945602417,1.0064200162887573,0.9904919862747192,0.9994530081748962,2689090000,2788943336.1977253
21/09/2018,0.9944279789924622,1.0179599523544312,0.9751449823379517,0.9986969828605652,5090540000,2791634391.073009
22/09/2018,1.000920057296753,1.0155999660491943,0.9827209711074829,0.992044985294342,3352660000,2787935806.558183
23/09/2018,0.9995120167732239,1.0097500085830688,0.9927250146865845,0.996163010597229,2804770000,2798948786.2280807
24/09/2018,1.0006300210952759,1.013100028038025,0.9942820072174072,0.999409019947052,2852810000,2785206696.5311213
25/09/2018,1.000440001487732,1.0113999843597412,0.9930599927902222,1.0053600072860718,3572280000,2788848806.7794623
26/09/2018,1.0021300315856934,1.009950041770935,0.990896999835968,1.0022399425506592,3380990000,2784475866.7786613
27/09/2018,0.9971070289611816,1.0085999965667725,0.9778649806976318,1.001289963722229,3408680000,2788802967.69347
28/09/2018,1.001420021057129,1.0134999752044678,0.9881489872932434,0.9947869777679443,3447280000,2793938156.748332
29/09/2018,0.9996020197868347,1.006250023841858,0.9908360242843628,1.0023000240325928,3249000000,2786516141.772556
30/09/2018,1.0003600120544434,1.0076500177383423,0.9910410046577454,1.001520037651062,3307320000,2786984879.5727835
01/10/2018,0.9979249835014343,1.0091899633407593,0.99372798204422,0.9968180060386658,3069480000,2787146947.902186
02/10/2018,0.9997410178184509,1.004699945449829,0.9939950108528137,0.9953799843788147,2818190000,2784012202.20502
03/10/2018,0.9985690116882324,1.0090700387954712,0.9913949966430664,1.0038700103759766,2812780000,2780675054.058713
04/10/2018,0.9961850047111511,1.003059983253479,0.9883959889411926,0.9983400106430054,2374680000,2783984271.383165
05/10/2018,0.9957780241966248,1.0032099485397339,0.989995002746582,0.9961950182914734,2330830000,2787393920.869337
06/10/2018,0.997177004814148,1.00423002243042,0.9957749843597412,0.9965029954910278,2238520000,2783163158.37637
07/10/2018,0.9966170191764832,1.003749966621399,0.9925529956817627,0.9979379773139954,2187670000,2788311598.5473137
08/10/2018,0.9958140254020691,1.0001100301742554,0.9900550246238708,0.9962289929389954,2594100000,2786255878.602316
09/10/2018,0.9967790246009827,0.9998260140419006,0.9918990135192871,0.9963740110397339,2183500000,2786297377.8210297
10/10/2018,0.9935020208358765,1.001829981803894,0.9908030033111572,0.9953320026397705,2295300000,2781073505.6273065
11/10/2018,0.9930260181427002,1.017549991607666,0.9872519969940186,0.992933988571167,3772600000,2773726364.82801
12/10/2018,0.9941020011901855,0.9987040162086487,0.9836699962615967,0.9987040162086487,2962380000,2783485294.021143
13/10/2018,0.9880459904670715,0.9954550266265869,0.9849399924278259,0.9950360059738159,1961540000,2782596917.935652
14/10/2018,0.9895700216293335,0.9959049820899963,0.9842090010643005,0.9878690242767334,2008170000,2780610026.531775
15/10/2018,0.9801380038261414,0.9930840134620667,0.9252840280532837,0.9930840134620667,5891700000,2780058251.4118385
16/10/2018,0.9751520156860352,0.9853579998016357,0.969406008720398,0.9792429804801941,2585550000,2741743088.786245
17/10/2018,0.9712250232696533,0.9786900281906128,0.9663230180740356,0.9770780205726624,2569210000,2738404240.1470094
18/10/2018,0.9808580279350281,0.9850839972496033,0.96732097864151,0.9725220203399658,2485030000,2755618646.1224275
19/10/2018,0.987712025642395,0.9892839789390564,0.9780210256576538,0.9812909960746765,2322570000,2754104126.3584948
20/10/2018,0.983830988407135,0.9908769726753235,0.9776009917259216,0.9882410168647766,2094040000,2771835186.294085
21/10/2018,0.9835479855537415,0.9888539910316467,0.9749969840049744,0.9843479990959167,2188330000,2769255515.863117
22/10/2018,0.9839980006217957,0.9952099919319153,0.9763330221176147,0.985725998878479,2213350000,2767264866.749053
23/10/2018,0.987962007522583,0.9903740286827087,0.9825279712677002,0.9849129915237427,2111740000,2770816158.135313
24/10/2018,0.9886119961738586,0.9886119961738586,0.9824659824371338,0.9860110282897949,1781560000,2087254167.3464715
25/10/2018,0.9887909889221191,0.9914900064468384,0.9848880171775818,0.9904429912567139,1677800000,2039936496.9649203
26/10/2018,0.9897890090942383,0.9904749989509583,0.9813129901885986,0.9885709881782532,1881270000,2040926052.530425
27/10/2018,0.9930970072746277,0.9973350167274475,0.9870049953460693,0.9877780079841614,1671750000,2041779778.3549309
28/10/2018,0.9984530210494995,0.9988920092582703,0.9915480017662048,0.9952229857444763,1729890000,2045854211.5300248
29/10/2018,0.9968590140342712,1.0055099725723267,0.9916759729385376,0.9963639974594116,2296810000,2050417736.83586
30/10/2018,0.9966710209846497,0.999796986579895,0.9842110276222229,0.9959250092506409,1983070000,2045435957.1106632
31/10/2018,0.9881219863891602,1.011240005493164,0.9838849902153015,0.9985439777374268,2152470000,2054102037.623181
01/11/2018,0.9917200207710266,1.0178799629211426,0.9872850179672241,0.9873859882354736,2043660000,2054728480.8758912
02/11/2018,0.9935010075569153,0.9961469769477844,0.9769290089607239,0.9907140135765076,2373920000,2055110924.4811864
03/11/2018,0.9994329810142517,1.0060499906539917,0.9928820133209229,0.9930980205535889,2117390000,2054366245.874898
04/11/2018,0.9887080192565918,1.001539945602417,0.9457229971885681,0.999019980430603,2955200000,2058355653.340645
05/11/2018,0.9931759834289551,1.0072100162506104,0.9898489713668823,0.9898489713668823,2757810000,2006976009.2630649
06/11/2018,0.992796003818512,0.9968760013580322,0.9878159761428833,0.9948049783706665,3076640000,2045255261.1883416
07/11/2018,0.9932699799537659,0.998494029045105,0.9894530177116394,0.9935240149497986,3266710000,2047204953.673328
08/11/2018,0.994333028793335,0.9997429847717285,0.9895380139350891,0.9922540187835693,2951660000,2051069806.466744
09/11/2018,0.9948319792747498,0.9999439716339111,0.9887499809265137,0.9943839907646179,2643090000,2056799409.2331944
10/11/2018,0.9971799850463867,0.998993992805481,0.9906629920005798,0.9953969717025757,2558040000,2052590304.4168875
11/11/2018,0.9904620051383972,1.0002700090408325,0.9904620051383972,0.99720299243927,2634060000,2049517476.8911235
12/11/2018,0.9891480207443237,0.9975910186767578,0.9872000217437744,0.9902719855308533,2716680000,2052518489.2781243
13/11/2018,0.9851179718971252,0.9947969913482666,0.9799399971961975,0.987837016582489,2679670000,2043198069.9238548
14/11/2018,0.9666439890861511,1.0030499696731567,0.9641910195350647,0.9832000136375427,4749050000,2036466263.7881649
15/11/2018,0.9820219874382019,0.9925739765167236,0.9624469876289368,0.9725779891014099,4956910000,2018746895.1455305
16/11/2018,0.9870269894599915,0.992339015007019,0.9790350198745728,0.983178973197937,3454560000,2035600553.2074025
17/11/2018,0.9858689904212952,0.9928950071334839,0.9847710132598877,0.9899560213088989,2909490000,2038204379.6122413
18/11/2018,0.9925330281257629,0.9949700236320496,0.9833329916000366,0.9852160215377808,3037000000,2042210995.60713
19/11/2018,0.982729971408844,1.0046199560165405,0.9761880040168762,0.9939630031585693,5189080000,2047424658.03274
20/11/2018,0.9687989950180054,0.9930130243301392,0.9500139951705933,0.9775540232658386,5908970000,2024353860.695807
21/11/2018,0.9875040054321289,0.9964460134506226,0.9646580219268799,0.9734479784965515,4348950000,2018791812.72812
22/11/2018,0.9981880187988281,0.9997979998588562,0.9805650115013123,0.9847840070724487,3287830000,2038363321.9104369
23/11/2018,0.9825699925422668,1.0013999938964844,0.9757620096206665,0.9909120202064514,3775250000,2038890910.9304488
24/11/2018,0.9802240133285522,0.9930220246315002,0.9648709893226624,0.9818500280380249,3549490000,2043144655.8828647
25/11/2018,0.9809690117835999,0.9906030297279358,0.9612150192260742,0.9784749746322632,5223930000,2025847077.7439315
26/11/2018,0.9772430062294006,0.992572009563446,0.9679200053215027,0.97502601146698,4696030000,2039979023.7599373
27/11/2018,0.9842600226402283,0.9916989803314209,0.9662789702415466,0.9789760112762451,4071230000,2033889118.4484031
28/11/2018,0.9986220002174377,1.006369948387146,0.9800930023193359,0.9833199977874756,4765620000,2035739632.900767
29/11/2018,0.9973769783973694,1.0064040422439575,0.9920570254325867,0.9951639771461487,4348557871,2047193813.417425
30/11/2018,0.9918230175971985,1.0050139427185059,0.9865170121192932,0.9966030120849609,4065662222,2055234816.6200483
01/12/2018,1.0010520219802856,1.0158950090408325,0.982213020324707,0.9949610233306885,3306556081,2047049156.2572143
02/12/2018,0.9983720183372498,1.0037519931793213,0.9933509826660156,0.9998409748077393,3221855294,2050841698.1684828
03/12/2018,0.9965940117835999,1.0109310150146484,0.9890480041503906,0.9966760277748108,3069963646,2041915651.1781545
04/12/2018,1.0000309944152832,1.007290005683899,0.9840139746665955,0.9953309893608093,3048831081,2052538549.77908
05/12/2018,0.9929659962654114,1.0043139457702637,0.9867420196533203,1.0008219480514526,3119796461,2052214663.1853893
06/12/2018,0.9982960224151611,1.0051440000534058,0.9820759892463684,0.9913970232009888,3702066873,2037218817.906285
07/12/2018,1.0014309883117676,1.0139410495758057,0.990759015083313,0.9988030195236206,4636871756,2037768259.5430007
08/12/2018,1.019974946975708,1.0215059518814087,0.9967439770698547,1.0023059844970703,3700874976,2060263851.6044
09/12/2018,1.0155019760131836,1.0204050540924072,1.0085430145263672,1.0171109437942505,3210392369,2052773624.419269
10/12/2018,1.016603946685791,1.0237289667129517,1.0118080377578735,1.015179991722107,3208473004,2034843481.230647
11/12/2018,1.009793996810913,1.0216219425201416,1.0051300525665283,1.0178240537643433,3002221768,2056095153.768596
12/12/2018,1.0097559690475464,1.0175570249557495,1.0064159631729126,1.0142860412597656,2623601152,2055901920.006405
13/12/2018,1.0033780336380005,1.0128849744796753,0.9966989755630493,1.010316014289856,2657124589,2053482907.069265
14/12/2018,1.002197027206421,1.0083869695663452,0.9961869716644287,1.0031720399856567,2751719689,2049127392.6772013
15/12/2018,1.0049890279769897,1.0083329677581787,0.9986230134963989,1.0036970376968384,2191631708,2065658182.369759
16/12/2018,1.006335973739624,1.0108400583267212,0.9970300197601318,1.005020022392273,2322330505,2055986706.4454136
17/12/2018,1.0099409818649292,1.0153789520263672,0.9954310059547424,1.0069680213928223,3775394830,2042314619.387589
18/12/2018,1.012868046760559,1.0163569450378418,1.0022540092468262,1.009848952293396,4567397832,2078166973.46643
19/12/2018,1.0223619937896729,1.0234780311584473,1.0096149444580078,1.0107979774475098,5315586579,2097996364.454012
20/12/2018,1.0194170475006104,1.034999966621399,1.0123100280761719,1.0240240097045898,6967777735,2067237405.975344
21/12/2018,1.0155060291290283,1.0283780097961426,1.0080389976501465,1.0231339931488037,5957952408,2062580881.0424564
22/12/2018,1.0208059549331665,1.0211700201034546,1.0087499618530273,1.0115599632263184,4244056323,2056026306.9764216
23/12/2018,1.0159549713134766,1.0263760089874268,1.012315034866333,1.015360951423645,5243877298,2086824772.347427
24/12/2018,1.0157769918441772,1.0306910276412964,1.0044859647750854,1.0160579681396484,6912098933,2068167684.436786
25/12/2018,1.0190500020980835,1.032884955406189,1.008905053138733,1.0170060396194458,5493940637,2066946008.8996408
26/12/2018,1.0195499658584595,1.03233003616333,1.0117069482803345,1.0219429731369019,4461185016,2060284718.2792327
27/12/2018,1.0241739749908447,1.0434919595718384,1.0157999992370605,1.0231690406799316,3977540744,2067085802.4608183
28/12/2018,1.0231599807739258,1.0321459770202637,0.9970920085906982,1.0225739479064941,4639997631,2056263837.53658
29/12/2018,1.0314730405807495,1.0486949682235718,1.0156170129776,1.0239529609680176,4372940348,2064938691.1037617
30/12/2018,1.0190860033035278,1.0352729558944702,1.0163929462432861,1.0305140018463135,3762583033,2048421031.6895096
31/12/2018,1.0137219429016113,1.024749994277954,1.0078959465026855,1.0197319984436035,3447513904,2071214917.0616748
01/01/2019,1.018334984779358,1.020799994468689,1.0086029767990112,1.0152850151062012,3139234963,2064549306.778545
02/01/2019,1.0240119695663452,1.0240119695663452,1.0118329524993896,1.0175299644470215,4442755398,2081768947.547985
03/01/2019,1.0194729566574097,1.026824951171875,1.018286943435669,1.0206539630889893,3487202823,2081332301.3271585
04/01/2019,1.017199993133545,1.024857997894287,1.0108100175857544,1.0235569477081299,3895786727,2062404854.7085075
05/01/2019,1.0184890031814575,1.0263429880142212,1.0103410482406616,1.0155260562896729,3993806914,2076194416.4744503
06/01/2019,1.0235780477523804,1.0262019634246826,1.0048420429229736,1.0181440114974976,4224650070,2068439244.979536
07/01/2019,1.0139869451522827,1.0247650146484375,1.0123419761657715,1.022354006767273,3761972510,2076417540.2935908
08/01/2019,1.0193500518798828,1.0224039554595947,1.0128949880599976,1.0143699645996094,3843200052,2070618243.218575
09/01/2019,1.0168299674987793,1.022186040878296,1.0103039741516113,1.019819974899292,3694148978,2066962684.5225656
10/01/2019,1.023460030555725,1.0481810569763184,1.0164330005645752,1.0175399780273438,5844376311,2068319295.3167925
11/01/2019,1.0233160257339478,1.0281709432601929,1.0199600458145142,1.0276379585266113,4194066259,2076503785.0054383
12/01/2019,1.0208810567855835,1.0281749963760376,1.0168670415878296,1.0247180461883545,3258438567,2074761286.113868
13/01/2019,1.0200910568237305,1.0383700132369995,1.0163110494613647,1.0207710266113281,3380321686,2065187828.638456
14/01/2019,1.0208560228347778,1.0262320041656494,1.0126399993896484,1.0202089548110962,4072427029,2068137631.37113
15/01/2019,1.0205579996109009,1.0267750024795532,1.017698049545288,1.0190269947052002,3956962447,2068116971.6723764
16/01/2019,1.018522024154663,1.0242840051651,1.0152109861373901,1.0221279859542847,3933540777,2063760229.0413232
17/01/2019,1.017495036125183,1.0192010402679443,1.0124469995498657,1.016772985458374,4146824182,2065124095.783232
18/01/2019,1.0172510147094727,1.0204540491104126,1.0129879713058472,1.0164459943771362,3661299223,2062694616.679076
19/01/2019,1.0167820453643799,1.0206559896469116,1.0100330114364624,1.0129350423812866,3961648844,2060491672.536808
20/01/2019,1.0171459913253784,1.0274879932403564,1.0131590366363525,1.016901969909668,4389435191,2063763958.6756368
21/01/2019,1.013375997543335,1.0226110219955444,1.0059670209884644,1.0155240297317505,3497758658,2058659681.7567708
22/01/2019,1.0090359449386597,1.0152909755706787,1.0068639516830444,1.0133450031280518,3879616222,2061371005.4595115
23/01/2019,1.0082969665527344,1.013329029083252,1.0072859525680542,1.0098680257797241,3663985821,2059929315.2865465
24/01/2019,1.0085400342941284,1.012004017829895,1.004546046257019,1.008823037147522,3581348682,2059407517.4610243
25/01/2019,1.0105220079421997,1.0128990411758423,1.0073590278625488,1.010200023651123,3634209137,2057061191.7614543
26/01/2019,1.0092639923095703,1.0139390230178833,1.0042580366134644,1.0100280046463013,3445405585,2056945928.0523028
27/01/2019,1.0087169408798218,1.0148940086364746,1.004917025566101,1.0105849504470825,3932642453,2056611610.570164
28/01/2019,1.008829951286316,1.0137439966201782,1.0060820579528809,1.0094050168991089,4951907623,2060102767.3196168
29/01/2019,1.0094380378723145,1.0125230550765991,1.0060169696807861,1.0082759857177734,4206195777,2056914823.222037
30/01/2019,1.0071879625320435,1.0118440389633179,1.0049049854278564,1.0093220472335815,4249354160,2058162282.3102343
31/01/2019,1.0064899921417236,1.009431004524231,1.004127025604248,1.0066649913787842,4110696174,2056125613.0258608
01/02/2019,1.0063090324401855,1.0107300281524658,1.001006007194519,1.004796028137207,3949396927,2057052051.8271868
02/02/2019,1.0026999711990356,1.0078129768371582,1.0010030269622803,1.0051519870758057,3806913471,2054695928.823589
03/02/2019,1.000046968460083,1.0062849521636963,0.9981110095977783,1.000946044921875,3756996124,2054232207.880551
04/02/2019,0.9998260140419006,1.0035040378570557,0.9976369738578796,1.001505970954895,3770858317,2057661846.294937
05/02/2019,0.9995319843292236,1.0049450397491455,0.9955009818077087,0.9984350204467773,3691717612,2056423997.317251
06/02/2019,1.0010030269622803,1.0128779411315918,0.9928810000419617,0.9994980096817017,4271302713,2059174017.43971
07/02/2019,1.0010780096054077,1.0032459497451782,0.9985449910163879,1.0014779567718506,3569921563,2056763122.2839253
08/02/2019,1.0019429922103882,1.0090789794921875,0.9867690205574036,1.0009440183639526,6153689552,2055893421.0547287
09/02/2019,1.0002950429916382,1.0063459873199463,0.998760998249054,1.0039139986038208,4749715865,2063218010.9849248
10/02/2019,1.0042170286178589,1.0081770420074463,0.9999300241470337,1.0010470151901245,4965113768,2059394220.2353392
11/02/2019,1.0031650066375732,1.012470006942749,1.001531958580017,1.004241943359375,5144064149,2060813517.295786
12/02/2019,1.003978967666626,1.007925033569336,0.998773992061615,1.00314199924469,5105059634,2057334897.9263625
13/02/2019,1.0039680004119873,1.0072710514068604,0.9995260238647461,1.004544973373413,5228665975,2058607949.1409287
14/02/2019,1.0064820051193237,1.0104390382766724,1.0014630556106567,1.0041860342025757,4761618448,2058629803.849526
15/02/2019,1.0034409761428833,1.0086569786071777,1.0018340349197388,1.0067869424819946,5016161093,2057944821.2222755
16/02/2019,1.0032639503479004,1.0073219537734985,0.998947024345398,1.0020519495010376,4506743621,2056688196.809543
17/02/2019,1.0009560585021973,1.0063879489898682,0.9925130009651184,1.0044779777526855,5746888553,2057497032.700683
18/02/2019,1.0054529905319214,1.0144380331039429,0.9964810013771057,1.0016119480133057,9082574152,2055359684.4566305
19/02/2019,1.0076160430908203,1.0120929479599,1.0024199485778809,1.004315972328186,9304885086,2054056482.1618905
20/02/2019,1.0069780349731445,1.0135279893875122,1.0025039911270142,1.0089069604873657,8091720630,2056870928.2897987
21/02/2019,1.0044180154800415,1.0117019414901733,1.002519965171814,1.0072230100631714,6765318432,2058804569.6442947
22/02/2019,1.0085400342941284,1.0097349882125854,1.0000100135803223,1.0035779476165771,6931449681,2058000144.164095
23/02/2019,1.0085289478302002,1.0109399557113647,1.0003410577774048,1.0105609893798828,8122320488,2061101903.1792564
24/02/2019,1.012045979499817,1.0491160154342651,1.002619981765747,1.0087519884109497,11405442806,2057579428.9799352
25/02/2019,1.0150519609451294,1.0221179723739624,1.0064209699630737,1.0123250484466553,9138604588,2057172293.4819624
26/02/2019,1.0108469724655151,1.0205140113830566,1.0077860355377197,1.0129749774932861,7159288173,2052560615.113406
27/02/2019,1.0090450048446655,1.0220049619674683,1.005892038345337,1.012706995010376,7569906987,2056445494.273257
28/02/2019,1.0100669860839844,1.0193829536437988,1.0053969621658325,1.0080150365829468,7911756336,2062398601.702073
01/03/2019,1.0068680047988892,1.0163910388946533,1.0057849884033203,1.0097860097885132,6628411253,2057342972.8255465
02/03/2019,1.011415958404541,1.0143619775772095,1.0056560039520264,1.0066620111465454,6623334103,2050563202.3995588
03/03/2019,1.0102200508117676,1.014543056488037,1.0068550109863281,1.0083309412002563,6148316202,2055397325.7917216
04/03/2019,1.0116169452667236,1.0170429944992065,1.0073189735412598,1.0086029767990112,8129567032,2057521963.0599053
05/03/2019,1.011154055595398,1.0137560367584229,1.0047940015792847,1.0107929706573486,9791470887,2057283405.8828664
06/03/2019,1.0105830430984497,1.017164945602417,1.0072259902954102,1.011154055595398,8754632122,2059273722.1241288
07/03/2019,1.0084749460220337,1.0165590047836304,1.0072699785232544,1.0096629858016968,8964016754,2056017071.0924025
08/03/2019,1.009524941444397,1.0163370370864868,1.0047210454940796,1.0085660219192505,9170949582,2056603393.5852568
09/03/2019,1.0059759616851807,1.0121229887008667,1.0051480531692505,1.0103750228881836,9012563866,2057756560.468208
10/03/2019,1.008821964263916,1.0114909410476685,1.0047999620437622,1.0087159872055054,7993146408,2059613267.793785
11/03/2019,1.0087800025939941,1.0131449699401855,1.0061310529708862,1.0086350440979004,8754662156,2058018510.27024
12/03/2019,1.0065979957580566,1.0127700567245483,1.0018210411071777,1.008255958557129,8193056943,2056158426.282585
13/03/2019,1.0100829601287842,1.0162880420684814,1.005952000617981,1.007398009300232,7861726433,2057370374.543857
14/03/2019,1.0107070207595825,1.016577959060669,1.0068880319595337,1.0103169679641724,8089597848,2054158370.5296948
15/03/2019,1.0098010301589966,1.012645959854126,1.0061390399932861,1.0104340314865112,8024364516,2058070673.8831687
16/03/2019,1.0109610557556152,1.0152519941329956,1.0033609867095947,1.0099270343780518,9333467997,2058090474.3505268
17/03/2019,1.0092179775238037,1.0152159929275513,1.0086079835891724,1.0106730461120605,7070867589,2057611140.5835865
18/03/2019,1.0109469890594482,1.014227032661438,1.006531000137329,1.0104739665985107,8604028178,2055749663.4965084
19/03/2019,1.014009952545166,1.018779993057251,1.0100040435791016,1.0113569498062134,8243478388,2059594111.0005784
20/03/2019,1.0105570554733276,1.0159050226211548,1.0054980516433716,1.0151469707489014,9474331302,2056857601.518885
21/03/2019,1.0117360353469849,1.0167640447616577,1.0093330144882202,1.010841965675354,10022422933,2058141051.4356868
22/03/2019,1.0076220035552979,1.0142979621887207,1.0072619915008545,1.0117100477218628,8043069056,2056927157.9901133
23/03/2019,1.0073519945144653,1.0126310586929321,1.0052030086517334,1.0081249475479126,8252465265,2055874929.123476
24/03/2019,1.0056380033493042,1.0102369785308838,1.0043280124664307,1.0079710483551025,7789146127,2058923029.916303
25/03/2019,1.0075520277023315,1.0119099617004395,0.9980300068855286,1.007153034210205,9042276853,2058377846.4799936
26/03/2019,1.0103390216827393,1.0103390216827393,1.0037239789962769,1.0062769651412964,9075098633,2051277713.936206
27/03/2019,1.0122530460357666,1.0156229734420776,1.0083420276641846,1.0107189416885376,10893307729,2059497756.0923195
28/03/2019,1.0108519792556763,1.0180209875106812,1.0032769441604614,1.0123449563980103,8064353737,2055233665.868978
29/03/2019,0.9984959959983826,1.0116380453109741,0.9951900243759155,1.0108109712600708,9802241562,2057938698.6797628
30/03/2019,1.0003490447998047,1.0534210205078125,0.9932540059089661,0.9973959922790527,9083798415,2057620763.6206555
31/03/2019,1.0005589723587036,1.0039910078048706,0.9980000257492065,1.000288963317871,8108743211,2059187276.0119784
01/04/2019,1.003026008605957,1.0064259767532349,0.9977449774742126,1.0005730390548706,9569263475,2056503957.9496825
02/04/2019,1.008167028427124,1.0344159603118896,0.9922720193862915,1.00334894657135,21843762437,2057429259.2673328
03/04/2019,1.0075019598007202,1.0382059812545776,1.000985026359558,1.0077660083770752,26557549335,2063992651.790423
04/04/2019,1.0054210424423218,1.0130629539489746,1.0005249977111816,1.0071120262145996,19847220123,2065955959.728469
05/04/2019,1.0070099830627441,1.0108120441436768,0.9996349811553955,1.004662036895752,16216708300,2058884612.793791
06/04/2019,1.0036629438400269,1.014983057975769,0.9979950189590454,1.0072040557861328,16693450474,2063645670.2577176
07/04/2019,1.004601001739502,1.0117870569229126,1.000391960144043,1.0032860040664673,16782653244,2052047755.084336
08/04/2019,1.0089830160140991,1.019279956817627,0.9997689723968506,1.0049159526824951,17972924418,2063283127.9854484
09/04/2019,1.0078530311584473,1.0172580480575562,1.0059640407562256,1.0087759494781494,14315304509,2066844547.3343325
10/04/2019,1.0037620067596436,1.0227349996566772,0.9999549984931946,1.0079690217971802,15995091262,2064883436.79645
11/04/2019,1.0056090354919434,1.018941044807434,1.001734972000122,1.0036059617996216,17391967979,2059702912.016333
12/04/2019,1.007194995880127,1.0128229856491089,1.0025999546051025,1.0054620504379272,13546700426,2064188994.878883
13/04/2019,1.0067390203475952,1.0118889808654785,1.0045729875564575,1.0069739818572998,10655745799,2064796842.6238427
14/04/2019,1.005378007888794,1.0088200569152832,1.0026229619979858,1.0065449476242065,9870255987,2064081210.2217023
15/04/2019,1.0012099742889404,1.0151389837265015,0.9989050030708313,1.005107045173645,12810459909,2067703310.283548
16/04/2019,1.0105220079421997,1.0126639604568481,0.9972630143165588,1.0015350580215454,10983003413,2061673213.1570573
17/04/2019,1.0063070058822632,1.0140899419784546,1.0049660205841064,1.0110729932785034,11369931706,2065850646.7347767
18/04/2019,1.0049949884414673,1.0080889463424683,1.0024960041046143,1.0061570405960083,12499290660,2065512822.942984
19/04/2019,1.005918025970459,1.0104509592056274,1.002228021621704,1.0049699544906616,12376436010,2063243045.7907283
20/04/2019,1.0052030086517334,1.0075780153274536,1.0012810230255127,1.0059770345687866,11106675016,2064755201.6432736
21/04/2019,1.0066570043563843,1.0138909816741943,1.0044219493865967,1.0054700374603271,12526292374,2063756310.048199
22/04/2019,1.0060889720916748,1.0111470222473145,1.0041769742965698,1.0068310499191284,12392918470,2073682937.764092
23/04/2019,1.0083229541778564,1.0108200311660767,0.9974610209465027,1.0063539743423462,13668552021,2063826783.6423795
24/04/2019,1.0055639743804932,1.0189290046691895,1.00490403175354,1.0087909698486328,15689022306,2066710175.488618
25/04/2019,0.9928079843521118,1.0193829536437988,0.9852550029754639,1.005537986755371,13786916955,2070342265.889987
26/04/2019,0.9911029934883118,0.9965699911117554,0.9742059707641602,0.9942020177841187,15229200868,2047353620.7889447
27/04/2019,0.9947509765625,0.9972900152206421,0.9892330169677734,0.991366982460022,10698521526,2042786524.873991
28/04/2019,0.9938730001449585,1.000095009803772,0.9922940135002136,0.9946569800376892,10548623452,2042468591.0454423
29/04/2019,1.0003700256347656,1.0029100179672241,0.9930030107498169,0.9939069747924805,12221464798,2037015238.617128
30/04/2019,1.0060490369796753,1.0081909894943237,0.9980570077896118,1.0005090236663818,12702033347,2043145909.419018
01/05/2019,1.002150058746338,1.0098329782485962,1.0004960298538208,1.0061739683151245,11389167590,2045683550.140768
02/05/2019,1.00114905834198,1.006113052368164,0.9985700249671936,1.002020001411438,12403603820,2047453191.442309
03/05/2019,1.001222014427185,1.0138870477676392,0.9971010088920593,1.0012530088424683,16697196560,2040987464.34003
04/05/2019,1.0004780292510986,1.0124739408493042,0.9981549978256226,1.001276969909668,15580791271,2040275714.5748973
05/05/2019,1.0022759437561035,1.0049669742584229,0.9945949912071228,1.0007989406585693,12450308259,2049693753.2167127
06/05/2019,0.9995459914207458,1.0062669515609741,0.9956430196762085,1.001939058303833,14133150896,2046294649.053161
07/05/2019,0.9980149865150452,1.0102460384368896,0.9940400123596191,0.9995579719543457,16055442570,2044767701.634085
08/05/2019,1.0013740062713623,1.0079469680786133,0.993183970451355,0.9980430006980896,12724666198,2043100838.1574683
09/05/2019,0.9992809891700745,1.0036410093307495,0.9965540170669556,1.0012680292129517,13582927983,2049871454.6870828
10/05/2019,1.0011019706726074,1.0061709880828857,0.9910359978675842,0.9989590048789978,16345518855,2055745746.139795
11/05/2019,1.0007590055465698,1.0138369798660278,0.996982991695404,1.000797986984253,26823706394,2055140126.798761
12/05/2019,0.9956340193748474,1.0146520137786865,0.9948440194129944,1.0024420022964478,26115401657,2066120588.974396
13/05/2019,1.0051089525222778,1.014760971069336,0.9906479716300964,0.9956250190734863,24593762690,2053320888.860633
14/05/2019,1.0000009536743164,1.0113379955291748,0.9933940172195435,1.003667950630188,31171158466,2053965936.0144773
15/05/2019,1.002776026725769,1.0082180500030518,0.9961580038070679,1.0000100135803223,27509475185,2053417468.521632
16/05/2019,0.9990400075912476,1.0145930051803589,0.9915310144424438,1.0018320083618164,34137196163,2056410948.81148
17/05/2019,0.9967730045318604,1.015159010887146,0.976610004901886,0.9998019933700562,32783960324,2061844883.500843
18/05/2019,0.9966400265693665,1.0085949897766113,0.9928810000419617,0.9933930039405823,21555335780,2064324729.5433328
19/05/2019,1.0106099843978882,1.0169830322265625,0.9932129979133606,0.99726802110672,26838449167,2065505729.9335887
20/05/2019,1.0038479566574097,1.0207279920578003,0.9957860112190247,1.0108660459518433,23800323103,2062926349.0276809
21/05/2019,1.0054969787597656,1.0095720291137695,0.9999319911003113,1.0039089918136597,21591636939,2065921563.1180017
22/05/2019,1.001399040222168,1.0112810134887695,0.9946820139884949,1.0058740377426147,21111582275,2062090281.05408
23/05/2019,1.0044280290603638,1.0063270330429077,0.9951990246772766,1.001533031463623,21455730501,2056883149.6314497
24/05/2019,1.0030039548873901,1.0110210180282593,1.001384973526001,1.0043619871139526,23073515294,2061262134.8652315
25/05/2019,1.003458023071289,1.0089290142059326,1.0019960403442383,1.0034610033035278,18881328532,2063259690.96601
26/05/2019,1.0098580121994019,1.0171469449996948,0.9952179789543152,1.003240942955017,21971964413,2060613018.737583
27/05/2019,1.0049450397491455,1.030329942703247,1.0010080337524414,1.0112730264663696,27213312566,2068333352.105575
28/05/2019,1.0000100135803223,1.0094009637832642,0.9981499910354614,1.0077990293502808,24888400606,2061622887.231368
29/05/2019,1.0012849569320679,1.0055060386657715,0.9974009990692139,1.0004889965057373,23307763254,2061184724.6978853
30/05/2019,1.0019710063934326,1.0240709781646729,0.9949089884757996,1.001520037651062,31068176490,2060746562.1644032
31/05/2019,1.0034730434417725,1.0066310167312622,0.9931820034980774,1.0016200542449951,25677215086,2062917607.0135057
01/06/2019,1.0039310455322266,1.0098450183868408,0.9985259771347046,1.0030360221862793,22485000932,2060729989.7639685
02/06/2019,1.00211501121521,1.0104860067367554,0.9967349767684937,1.0014710426330566,19634978743,2062694256.6007967
03/06/2019,0.9995620250701904,1.0109930038452148,0.9938300251960754,1.002269983291626,22385023537,2058220780.187967
04/06/2019,0.9950630068778992,1.00757896900177,0.987746000289917,1.00040602684021,25914212183,2050467007.8340447
05/06/2019,1.005081057548523,1.0127350091934204,0.994517982006073,0.9957529902458191,21458472361,2056503894.914673
06/06/2019,1.0036699771881104,1.0145909786224365,0.9977160096168518,1.0053550004959106,18802214962,2061510171.698928
07/06/2019,1.0066499710083008,1.011644959449768,1.0012420415878296,1.0044790506362915,18921026163,2068011736.907346
08/06/2019,1.0047270059585571,1.0091819763183594,1.001641035079956,1.0059219598770142,16292169466,2067383137.7678435
09/06/2019,1.0029710531234741,1.008193016052246,0.9989389777183533,1.0049489736557007,17201793659,2068443262.5838685
10/06/2019,1.0056289434432983,1.0103950500488281,0.9981459975242615,1.0020380020141602,19122573655,2065095172.4073863
11/06/2019,1.0050740242004395,1.0116809606552124,0.9988489747047424,1.006019949913025,16753427566,2067920867.2128856
12/06/2019,1.0029280185699463,1.0116490125656128,1.0010169744491577,1.005262017250061,18810991260,2066354112.1803727
13/06/2019,1.001899003982544,1.0084099769592285,0.9994580149650574,1.0031609535217285,18003592840,2064333364.3944988
14/06/2019,1.006155014038086,1.0077500343322754,0.9999920129776001,1.0025509595870972,18830907639,2061629669.929947
15/06/2019,1.005560040473938,1.0102299451828003,1.0022510290145874,1.0061450004577637,17956308862,2062747244.7515247
16/06/2019,1.0029590129852295,1.0159039497375488,1.0000460147857666,1.0055030584335327,23029024600,2064294985.9248483
17/06/2019,1.004986047744751,1.0095360279083252,1.0015759468078613,1.0030200481414795,15343961198,2061521966.3026097
18/06/2019,0.9999520182609558,1.0100899934768677,0.9985349774360657,1.004446029663086,15771300771,2060407741.5764933
19/06/2019,1.002128005027771,1.0046249628067017,0.9983729720115662,0.9995700120925903,14726683847,2069235158.4367323
20/06/2019,1.0002269744873047,1.0057519674301147,0.9956110119819641,1.0024709701538086,17138142841,3570229455.490027
21/06/2019,1.0027990341186523,1.0097850561141968,0.9980900287628174,1.0005860328674316,20328307388,3576128693.296882
22/06/2019,0.9958170056343079,1.0212509632110596,0.9927579760551453,1.0035690069198608,29687375142,3573088606.7578115
23/06/2019,0.9966909885406494,1.0053590536117554,0.9917420148849487,0.9965710043907166,20905913458,3562869654.192345
24/06/2019,0.997842013835907,1.0020040273666382,0.9937180280685425,0.995527982711792,18976266767,3557802745.04675
25/06/2019,0.9993330240249634,1.005223035812378,0.9937570095062256,0.9973989725112915,23472410545,3564523270.71194
26/06/2019,0.9918190240859985,1.0124759674072266,0.9840760231018066,0.9996529817581177,41336848793,3564219247.200822
27/06/2019,0.98573899269104,1.0062979459762573,0.9704939723014832,0.9922199845314026,38157617576,3539771132.287302
28/06/2019,1.0006639957427979,1.006803035736084,0.9784370064735413,0.9862390160560608,32485233996,3552864720.1395583
29/06/2019,0.9986039996147156,1.0115540027618408,0.990676999092102,1.0010520219802856,28377740799,3551389706.673602
30/06/2019,0.9924870133399963,1.0044399499893188,0.98676598072052,1.0012160539627075,27348295158,3561919866.2602863
01/07/2019,0.9960520267486572,1.0006489753723145,0.9843950271606445,0.9915379881858826,28817659770,3535311442.319507
02/07/2019,1.0028799772262573,1.0060139894485474,0.9769750237464905,0.9957180023193359,29747160959,3561457686.491664
03/07/2019,1.0050150156021118,1.0122580528259277,0.9938420057296753,1.003371000289917,27680469385,3566382379.050883
04/07/2019,0.9999290108680725,1.0135149955749512,0.997044026851654,1.0047730207443237,24764753311,3577972123.472008
05/07/2019,1.0016690492630005,1.006240963935852,0.9950910210609436,1.000046968460083,22749205293,3570217113.215457
06/07/2019,0.997409999370575,1.0095629692077637,0.9945769906044006,1.0013920068740845,20814642709,3559642713.480675
07/07/2019,1.0024499893188477,1.0085090398788452,0.994346022605896,0.9970179796218872,19840392097,3579481363.191742
08/07/2019,1.0046260356903076,1.0099879503250122,0.9952999949455261,1.0026880502700806,22820954670,3577075803.6564465
09/07/2019,1.0022200345993042,1.018833041191101,1.000391960144043,1.0047359466552734,26933807933,3564791484.502092
10/07/2019,0.9997820258140564,1.0141750574111938,0.9958999752998352,1.0017729997634888,33907842504,3562808036.057597
11/07/2019,0.9965140223503113,1.0094330310821533,0.9942730069160461,1.000290036201477,30184888505,3576572917.455324
12/07/2019,1.0066759586334229,1.0102159976959229,0.994521975517273,0.9967190027236938,23688826133,3576444028.079833
13/07/2019,0.9986940026283264,1.0097559690475464,0.9938979744911194,1.0069210529327393,21428894196,3576348203.636425
14/07/2019,0.9999949932098389,1.0087300539016724,0.995527982711792,0.9988769888877869,23891996870,3571889150.0334644
15/07/2019,1.0082859992980957,1.012110948562622,0.9916710257530212,1.0007719993591309,27881783429,3542690109.1881547
16/07/2019,0.9959239959716797,1.0124249458312988,0.9898599982261658,1.007768988609314,26416562733,3570423336.994632
17/07/2019,1.0062659978866577,1.01003098487854,0.9893079996109009,0.9967989921569824,27923279924,3563402790.986723
18/07/2019,1.0088520050048828,1.0118720531463623,0.9906349778175354,1.0061570405960083,26607023339,3566889749.299954
19/07/2019,1.002974033355713,1.0196410417556763,0.9956759810447693,1.0085170269012451,21977173846,3579597488.507397
20/07/2019,1.0050380229949951,1.0149970054626465,0.9980990290641785,1.0031219720840454,21153364428,3570843223.0179176
21/07/2019,1.0007829666137695,1.0093690156936646,0.9957979917526245,1.00518798828125,18408364222,3558610544.1213045
22/07/2019,1.0003960132598877,1.0131690502166748,0.9919559955596924,1.0006320476531982,17683364720,3563721291.0106907
23/07/2019,0.9976310133934021,1.0042250156402588,0.9921929836273193,1.000025987625122,19014521713,3560422723.2364125
24/07/2019,1.0030479431152344,1.0097960233688354,0.9941080212593079,0.9990940093994141,19783566756,3565262643.20448
25/07/2019,1.0031269788742065,1.0121389627456665,0.9927099943161011,1.0033620595932007,17296727538,3566060267.839516
26/07/2019,1.00387704372406,1.008347988128662,0.9965310096740723,1.0028769969940186,15599639005,3562277706.2253256
27/07/2019,0.9989039897918701,1.0212210416793823,0.9944440126419067,1.0036929845809937,18615240948,3567781085.5464344
28/07/2019,1.002236008644104,1.0100699663162231,0.9849609732627869,0.9979339838027954,14944677257,3561196236.375034
29/07/2019,1.000520944595337,1.0056370496749878,0.9911450147628784,1.0020780563354492,15509464207,3563856718.164214
30/07/2019,1.003175973892212,1.0056790113449097,0.9943079948425293,1.0007309913635254,15142268405,3549363874.681723
31/07/2019,1.003749966621399,1.0077810287475586,0.9983289837837219,1.0025219917297363,17287662489,3560098364.773232
01/08/2019,1.0060679912567139,1.0091899633407593,0.9992780089378357,1.0035550594329834,17335442457,3569033681.397903
02/08/2019,1.001747965812683,1.0141839981079102,1.0003670454025269,1.0061739683151245,17771010851,3555143092.6316285
03/08/2019,1.004276990890503,1.0165070295333862,0.9999399781227112,1.0014530420303345,15536536966,3566893318.991978
04/08/2019,1.0050679445266724,1.0163739919662476,0.99822998046875,1.0040709972381592,16547093138,3558251574.8235416
05/08/2019,1.0099719762802124,1.0153449773788452,0.9994680285453796,1.005491018295288,23323661452,3566308980.2576814
06/08/2019,0.9982110261917114,1.020617961883545,0.9947819709777832,1.0102230310440063,23116470540,3558556092.9391065
07/08/2019,1.0019609928131104,1.0140180587768555,0.9947969913482666,0.9975029826164246,21336570151,3559410470.108321
08/08/2019,0.9974539875984192,1.003546953201294,0.9928730130195618,1.0025750398635864,19546253744,3570444798.4099736
09/08/2019,0.9987419843673706,1.0045499801635742,0.9958480000495911,0.9971140027046204,19138167443,3572108985.108403
10/08/2019,0.9996640086174011,1.0156810283660889,0.9941970109939575,0.9986240267753601,18865220050,3553361320.623197
11/08/2019,0.9976500272750854,1.003358006477356,0.9939640164375305,0.9995859861373901,16176202793,3554876089.003907
12/08/2019,0.9984269738197327,1.002985954284668,0.9964630007743835,0.9975280165672302,14362593627,3562200687.5256224
13/08/2019,0.9966070055961609,1.0011459589004517,0.9929640293121338,0.9988600015640259,16990669408,3555065285.3283195
14/08/2019,0.9932669997215271,1.0087660551071167,0.9916170239448547,0.9969040155410767,20899800562,3558875344.0130224
15/08/2019,1.0027680397033691,1.0060479640960693,0.989799976348877,0.9935129880905151,24671808089,3550712977.048907
16/08/2019,1.0024290084838867,1.0094209909439087,0.9893890023231506,1.0034489631652832,20270456793,3562369900.928304
17/08/2019,1.0009180307388306,1.0065280199050903,0.9949049949645996,1.0026259422302246,14226877438,3561947684.704014
18/08/2019,1.0034220218658447,1.0063589811325073,0.9950900077819824,1.000777006149292,14364172776,3564813559.902501
19/08/2019,1.0042760372161865,1.0080519914627075,0.99931401014328,1.0031410455703735,16811861913,3558947739.978588
20/08/2019,1.0005550384521484,1.006229043006897,0.9972259998321533,1.0049270391464233,16172223852,3568209005.9412184
21/08/2019,0.9944720268249512,1.0124560594558716,0.9888110160827637,1.0005630254745483,21391478351,3554933745.2834134
22/08/2019,1.0029799938201904,1.0150070190429688,0.9894970059394836,0.9941620230674744,19233722241,3563674681.5451207
23/08/2019,1.0039069652557373,1.0073399543762207,0.9952139854431152,1.0029549598693848,17469694439,3563292692.094446
24/08/2019,1.0026370286941528,1.0123670101165771,0.9945020079612732,1.0038520097732544,16855228119,3562709197.598054
25/08/2019,0.9995589852333069,1.0127110481262207,0.9977049827575684,1.002344012260437,15701077262,3560666049.0766134
26/08/2019,1.0013469457626343,1.0080440044403076,0.9904800057411194,0.998458981513977,20439272588,3562179302.197004
27/08/2019,0.9991369843482971,1.0049020051956177,0.9946680068969727,1.0013469457626343,15741344309,3553464427.7285385
28/08/2019,0.9969180226325989,1.0161889791488647,0.9956719875335693,0.997596025466919,20067236222,3557859845.994577
29/08/2019,1.002593994140625,1.004317045211792,0.9905830025672913,0.9969379901885986,19588460309,3562514240.182321
30/08/2019,1.0020899772644043,1.0062860250473022,0.9974139928817749,1.002506971359253,15743697557,3559411911.85813
31/08/2019,1.0037440061569214,1.0108280181884766,0.9988300204277039,1.0021129846572876,13595017430,3566660524.943584
01/09/2019,1.0045729875564575,1.0066009759902954,0.9975219964981079,1.003919005393982,13692453817,3564804964.092524
02/09/2019,1.0030850172042847,1.006296992301941,0.9959560036659241,1.0043840408325195,19393673770,3561592034.9634614
03/09/2019,1.0025520324707031,1.0089490413665771,0.9970690011978149,1.0031280517578125,20961149310,3556951793.373375
04/09/2019,1.0024809837341309,1.008128046989441,0.9979860186576843,1.0024529695510864,17773100138,3563969410.876095
05/09/2019,1.0010449886322021,1.0061229467391968,0.9974799752235413,1.0027869939804077,16117656384,3563799093.778485
06/09/2019,1.0033999681472778,1.0190999507904053,0.9973099827766418,1.0010770559310913,21625818728,3562012430.697566
07/09/2019,1.0059139728546143,1.0068520307540894,0.9964169859886169,1.0036289691925049,17519761214,3565228317.2657304
08/09/2019,1.0052529573440552,1.0192400217056274,0.9998000264167786,1.0062810182571411,16261435450,3561514297.225289
09/09/2019,1.0024889707565308,1.0101369619369507,0.9936800003051758,1.0032010078430176,20257637729,3566788495.3860936
10/09/2019,0.9998059868812561,1.0109879970550537,0.9974730014801025,1.0024240016937256,17017654802,3561391945.504916
11/09/2019,1.0024069547653198,1.0071510076522827,0.9947720170021057,1.0002059936523438,18377750474,3564613948.539128
12/09/2019,1.002316951751709,1.0069799423217773,1.0006910562515259,1.0026500225067139,16402248661,3564474189.297525
13/09/2019,1.0013740062713623,1.0077049732208252,1.0003249645233154,1.0018830299377441,15996355710,3565141785.895736
14/09/2019,1.0022350549697876,1.006147027015686,0.9989920258522034,1.002197027206421,16159387143,3567481702.914822
15/09/2019,1.0039039850234985,1.0076390504837036,1.0001449584960938,1.0024089813232422,14415596813,3565778733.2889004
16/09/2019,1.0016260147094727,1.0129139423370361,0.9976609945297241,1.00387704372406,17893377310,3562326505.220782
17/09/2019,1.0048860311508179,1.0069080591201782,0.9980279803276062,1.0018539428710938,19476441246,3559922682.466712
18/09/2019,1.0048890113830566,1.010159969329834,1.0021029710769653,1.0051790475845337,20444983557,3562997837.315615
19/09/2019,1.0029890537261963,1.0220249891281128,0.9962390065193176,1.0050580501556396,24952094604,3557012139.583616
20/09/2019,1.0009510517120361,1.0064109563827515,0.9980319738388062,1.0039349794387817,18113214694,3567341551.384865
21/09/2019,1.0023540258407593,1.0065749883651733,0.9994779825210571,1.0004849433898926,16319022643,3561583092.524842
22/09/2019,1.002634048461914,1.007004976272583,0.9977089762687683,1.0024709701538086,16627445896,3560308643.045494
23/09/2019,1.0025479793548584,1.0140630006790161,0.9981319904327393,1.003288984298706,18747409475,3560059047.964597
24/09/2019,1.0071580410003662,1.0572030544281006,0.9966890215873718,1.0024750232696533,30921334257,3554410705.8451314
25/09/2019,1.0067490339279175,1.0106719732284546,0.9974709749221802,1.0059479475021362,26997260690,3592832841.7627206
26/09/2019,1.0044310092926025,1.0203499794006348,0.9956439733505249,1.0063879489898682,22801049085,3566197858.869317
27/09/2019,1.0103440284729004,1.011023998260498,0.9997379779815674,1.0045429468154907,19746430476,3567657625.992481
28/09/2019,1.0046279430389404,1.0139739513397217,0.9984130263328552,1.0095239877700806,16912669853,3566364069.090884
29/09/2019,1.0056769847869873,1.0161529779434204,1.0010230541229248,1.0047279596328735,15804140912,3570432018.6373005
30/09/2019,1.0041090250015259,1.0115009546279907,0.9979389905929565,1.0059900283813477,21100592344,3565873474.3711114
01/10/2019,1.0063960552215576,1.0123460292816162,0.9987000226974487,1.0030360221862793,19030134292,3566140173.725016
02/10/2019,1.0042450428009033,1.0082180500030518,1.0014009475708008,1.0061789751052856,15811830977,3576099659.5833344
03/10/2019,1.0049480199813843,1.0117160081863403,0.9989669919013977,1.004220962524414,16169258787,3571074432.6724
04/10/2019,1.0088410377502441,1.0123059749603271,1.0032999515533447,1.0047160387039185,15728274369,3567220613.9087744
05/10/2019,1.0019320249557495,1.010388970375061,0.999737024307251,1.0081360340118408,14434599810,3563728743.226812
06/10/2019,1.0120869874954224,1.019163966178894,1.0010069608688354,1.0018160343170166,15827357439,3566839635.5521703
07/10/2019,1.008523941040039,1.0152790546417236,0.9973750114440918,1.0110950469970703,21724647654,3565105666.7035947
08/10/2019,1.006119966506958,1.009039044380188,1.0005899667739868,1.007889986038208,18815341020,3562270008.9646497
09/10/2019,1.0057189464569092,1.0097440481185913,0.995585024356842,1.0064619779586792,23029987899,3561393646.598982
10/10/2019,1.003237009048462,1.0103960037231445,0.9986220002174377,1.005895972251892,20928242912,3566136379.990864
11/10/2019,1.0123519897460938,1.0185879468917847,0.9947630167007446,1.0030590295791626,23204107707,3566273428.2638464
12/10/2019,1.0044749975204468,1.0156680345535278,1.0006630420684814,1.0124529600143433,17304431390,3558783233.143403
13/10/2019,1.0049420595169067,1.0166000127792358,1.000830054283142,1.0044080018997192,16192755686,3562687765.4062986
14/10/2019,1.004194974899292,1.0080629587173462,0.9946550130844116,1.0048400163650513,17801736393,3566190753.4596224
15/10/2019,1.0040500164031982,1.012876033782959,0.9986410140991211,1.0042450428009033,19049522501,3562469746.356078
16/10/2019,1.0061269998550415,1.0099749565124512,0.9996169805526733,1.0040290355682373,19824055272,3562701963.0308404
17/10/2019,1.0042070150375366,1.008694052696228,1.001729965209961,1.0058859586715698,17434260359,4290643937.349255
18/10/2019,1.0027389526367188,1.0151430368423462,1.0007270574569702,1.0045180320739746,19250435708,4293271658.818203
19/10/2019,1.0068509578704834,1.0102800130844116,0.9978770017623901,1.002990961074829,17298548068,4290053876.975159
20/10/2019,1.0028860569000244,1.0098819732666016,0.9976779818534851,1.0061869621276855,19329244106,4292394553.217247
21/10/2019,1.0041780471801758,1.0075459480285645,1.0013669729232788,1.0028009414672852,19359959756,4295335039.711131
22/10/2019,1.0044900178909302,1.007601022720337,1.0019949674606323,1.0041860342025757,20074662023,4297893303.518676
23/10/2019,1.0024490356445312,1.0352389812469482,0.9996709823608398,1.0043950080871582,28104432431,4294516192.591383
24/10/2019,1.0074280500411987,1.0093380212783813,0.9827269911766052,1.0015050172805786,22266038845,4295912133.840862
25/10/2019,1.0021719932556152,1.0097310543060303,0.9760779738426208,1.007398009300232,37383241390,4289829278.548389
26/10/2019,1.0015950202941895,1.0147260427474976,0.9693530201911926,1.002187967300415,53509128965,4289720345.559119
27/10/2019,1.004241943359375,1.012699007987976,0.9770200252532959,1.0017449855804443,40519447549,4286032327.363473
28/10/2019,1.0028549432754517,1.0109330415725708,0.9788209795951843,1.0028239488601685,38665694771,4280403227.087565
29/10/2019,1.0021350383758545,1.0130629539489746,0.9929770231246948,1.0040240287780762,35047512730,4285238496.396576
30/10/2019,1.0058530569076538,1.0087310075759888,0.9993399977684021,1.0025780200958252,32807890269,4290299219.8022575
31/10/2019,1.0064189434051514,1.0343869924545288,0.9980040192604065,1.0064070224761963,30727310848,4290571163.904896
01/11/2019,1.004101037979126,1.0107200145721436,1.0009620189666748,1.0065380334854126,27864589885,4295520274.681653
02/11/2019,1.0047580003738403,1.0121949911117554,0.9978960156440735,1.004012942314148,23973071925,4292402328.773791
03/11/2019,1.0044469833374023,1.0131340026855469,0.9985269904136658,1.0050790309906006,24597499287,4297274004.476377
04/11/2019,1.004343032836914,1.007733941078186,0.993690013885498,1.0040420293807983,30710349697,4291350974.949207
05/11/2019,1.004742980003357,1.0110549926757812,0.9960820078849792,1.0047279596328735,30721581637,4292440543.877688
06/11/2019,1.0030330419540405,1.0073610544204712,1.0004980564117432,1.005018949508667,28578448466,4286247361.905825
07/11/2019,1.0057320594787598,1.009145975112915,0.9979569911956787,1.0032809972763062,27694410589,4288910378.389044
08/11/2019,1.0024980306625366,1.0114059448242188,0.9984179735183716,1.005370020866394,28749114086,4290025664.460029
09/11/2019,1.000188946723938,1.0072269439697266,0.9989389777183533,1.0022519826889038,20459420156,4281140240.558369
10/11/2019,1.002694010734558,1.008126974105835,0.9881439805030823,1.0002219676971436,24552202767,4287864816.733872
11/11/2019,1.002437949180603,1.0115610361099243,0.9976270198822021,1.0028380155563354,23739145075,4283684765.4839287
12/11/2019,1.001397967338562,1.0112329721450806,0.9977740049362183,1.0024210214614868,23449537112,4286569550.521456
13/11/2019,1.0031750202178955,1.006890058517456,0.9997169971466064,1.001466989517212,20071939197,4294412325.255515
14/11/2019,1.0055819749832153,1.0121510028839111,0.9984710216522217,1.002958059310913,21911169228,4282553700.763622
15/11/2019,1.0013689994812012,1.016355037689209,0.9953979849815369,1.00615394115448,25291395573,4281715106.989038
16/11/2019,1.0067460536956787,1.0117549896240234,1.0011099576950073,1.0017210245132446,18225904912,4288170791.03422
17/11/2019,1.0084710121154785,1.0191750526428223,1.004451036453247,1.0068390369415283,20418489157,4294415723.030434
18/11/2019,1.0120079517364502,1.021420955657959,1.0048010349273682,1.0085179805755615,24102161964,4292153693.715395
19/11/2019,1.0089679956436157,1.0257519483566284,1.0005580186843872,1.0123610496520996,23104090327,4289846713.960536
20/11/2019,1.0054399967193604,1.018470048904419,1.0028220415115356,1.0088419914245605,22255938426,4290414178.3466654
21/11/2019,1.000411033630371,1.0245590209960938,0.9988849759101868,1.0050740242004395,26004738831,4288809724.842373
22/11/2019,1.0030449628829956,1.023216962814331,0.9916560053825378,1.0005689859390259,39068899485,4292424386.707467
23/11/2019,1.0131299495697021,1.0278409719467163,0.998878002166748,1.0030779838562012,24605070720,4307290446.789244
24/11/2019,1.0175189971923828,1.0286420583724976,1.002351999282837,1.0135029554367065,25990545761,4292479947.931959
25/11/2019,1.0031139850616455,1.0247470140457153,0.9939950108528137,1.0149580240249634,33648447519,4293854079.141539
26/11/2019,1.0097730159759521,1.0249799489974976,0.9952669739723206,1.0036779642105103,23545460689,4293965830.788647
27/11/2019,1.0050270557403564,1.0306669473648071,0.9813920259475708,1.0041439533233643,27416693309,4290698536.3824816
28/11/2019,1.004080057144165,1.0204399824142456,1.0006359815597534,1.0044410228729248,21502793846,4285167649.130439
29/11/2019,1.0045210123062134,1.011348009109497,0.9925860166549683,1.003891944885254,22304763156,4292216044.678289
30/11/2019,1.0017030239105225,1.015051007270813,0.9983749985694885,1.0042200088500977,19145198648,4286771768.5368767
01/12/2019,1.0024809837341309,1.0231980085372925,0.9950799942016602,1.001816987991333,21027847332,4286494287.18568
02/12/2019,1.0016809701919556,1.0188119411468506,0.9919880032539368,1.0027470588684082,19093390526,4288996420.014503
03/12/2019,1.0031349658966064,1.0142420530319214,0.9910709857940674,1.0013959407806396,16691088420,4289905360.0254
04/12/2019,1.0079389810562134,1.0161629915237427,0.9811530113220215,1.0031659603118896,24761899935,4286019192.1538186
05/12/2019,1.0100719928741455,1.0212860107421875,0.9971929788589478,1.0073920488357544,21171449599,4287650290.8584337
06/12/2019,1.0034279823303223,1.0150710344314575,0.997518002986908,1.009621024131775,19022188750,4283121715.8592286
07/12/2019,1.0074119567871094,1.0096770524978638,1.0018160343170166,1.003519058227539,16402700924,4288527224.179576
08/12/2019,1.006376028060913,1.0130360126495361,1.0021450519561768,1.0073950290679932,16556799286,4285244210.6415615
09/12/2019,1.0042530298233032,1.0122640132904053,0.9975680112838745,1.0065159797668457,19283208376,4284190124.393583
10/12/2019,1.0058549642562866,1.009310007095337,0.9995710253715515,1.0043020248413086,19145357481,4288018633.665489
11/12/2019,1.0119229555130005,1.0441609621047974,0.9792619943618774,1.0063879489898682,19625934979,4287290646.702933
12/12/2019,1.0058369636535645,1.0144050121307373,0.9997919797897339,1.0103930234909058,21128996533,4285078168.710535
13/12/2019,1.0017509460449219,1.007308006286621,0.9966570138931274,1.0057289600372314,19588662449,4291936960.869422
14/12/2019,1.0060880184173584,1.011502981185913,0.997094988822937,1.0016590356826782,19018920700,4285342719.413138
15/12/2019,1.0046160221099854,1.0207209587097168,0.9839069843292236,1.0057120323181152,19575469230,4287222687.765144
16/12/2019,1.0039860010147095,1.0151549577713013,0.9935089945793152,1.0044939517974854,23894286942,4285886684.709128
17/12/2019,0.9933390021324158,1.022001028060913,0.992618978023529,1.0041329860687256,28074801122,4291385778.307704
18/12/2019,1.006127953529358,1.0250730514526367,0.9915180206298828,0.9982849955558777,36156312247,4297263155.708665
19/12/2019,1.0085690021514893,1.0195529460906982,0.9924060106277466,1.0060060024261475,30032554753,4294101801.6877546
20/12/2019,1.0058419704437256,1.0126579999923706,0.9976770281791687,1.0085910558700562,27492020303,4290171199.0560894
21/12/2019,1.0057580471038818,1.0141220092773438,0.9870169758796692,1.005676031112671,22141256341,4292182605.6316495
22/12/2019,1.0038870573043823,1.0127769708633423,0.9990440011024475,1.0058029890060425,26913344236,4291227631.673356
23/12/2019,1.0121359825134277,1.0134199857711792,0.9938420057296753,1.004040002822876,31988935316,4299511702.355516
24/12/2019,1.0085870027542114,1.027292013168335,0.9989500045776367,1.0122439861297607,27906575904,4295666750.9686165
25/12/2019,1.004660964012146,1.0393190383911133,0.9915059804916382,1.0085150003433228,24502862889,4288724781.647807
26/12/2019,1.0039880275726318,1.018676996231079,0.9932119846343994,1.0049070119857788,27081119738,4288721465.2944646
27/12/2019,1.0058029890060425,1.0198780298233032,0.9944779872894287,1.0039819478988647,26617288047,4289428178.095597
28/12/2019,1.0003069639205933,1.0120149850845337,0.9997609853744507,1.0057090520858765,25847515455,4291565866.063677
29/12/2019,1.0042099952697754,1.0286890268325806,0.9996669888496399,1.0060709714889526,26657374932,4285608435.720256
30/12/2019,1.0061750411987305,1.0115779638290405,1.0011099576950073,1.0040509700775146,27104097511,4287781029.734016
31/12/2019,0.9996790289878845,1.0098680257797241,0.9977899789810181,1.0056320428848267,24214120056,4281011670.9315376
01/01/2020,0.9998360276222229,1.0068730115890503,0.994924008846283,0.9995710253715515,21503143454,4285941694.738991
02/01/2020,1.0015649795532227,1.008450984954834,0.9865149855613708,0.9997879862785339,24212314977,4286266485.320736
03/01/2020,1.0041919946670532,1.022286057472229,0.9880269765853882,1.001183032989502,32420287856,4288898575.229704
04/01/2020,1.007472038269043,1.0136330127716064,0.9991599917411804,1.0035099983215332,21585629320,4283023028.1804905
05/01/2020,1.0061969757080078,1.0161609649658203,1.0017579793930054,1.0099209547042847,24090142146,4287220840.862627
06/01/2020,1.0029029846191406,1.0135890245437622,0.999114990234375,1.0064170360565186,29460474864,4281391701.434949
07/01/2020,1.001723051071167,1.011154055595398,0.9982489943504333,1.0030159950256348,32765511976,4285344128.962111
08/01/2020,1.0042530298233032,1.0159510374069214,0.9900670051574707,1.0020259618759155,35175740304,4279309316.940058
09/01/2020,1.006572961807251,1.0101399421691895,0.9939939975738525,1.002985954284668,28026673217,4273984481.024239
10/01/2020,1.0014619827270508,1.0116920471191406,0.9948260188102722,1.0044440031051636,34207037022,4286942072.208549
11/01/2020,1.0000909566879272,1.0080779790878296,0.9933850169181824,1.0017549991607666,31049760361,4288341143.272189
12/01/2020,1.002478003501892,1.0093580484390259,0.9944459795951843,0.999442994594574,27250055613,4273319340.088697
13/01/2020,1.0033470392227173,1.0100979804992676,0.9984269738197327,1.0019630193710327,26468468000,4281347849.5961967
14/01/2020,1.0018210411071777,1.0189590454101562,0.9919610023498535,1.004729986190796,57687160761,4282360329.887026
15/01/2020,0.9996560215950012,1.0224930047988892,0.9910550117492676,1.0025399923324585,49045902728,4278526948.1391935
16/01/2020,0.9992309808731079,1.011167049407959,0.9933609962463379,1.0009770393371582,40752742739,4286133433.304148
17/01/2020,1.002879023551941,1.0141350030899048,0.9892799854278564,0.9992870092391968,47263851458,4277820757.819113
18/01/2020,1.0027409791946411,1.0069910287857056,0.9939849972724915,1.0012580156326294,43805026250,4279860809.687358
19/01/2020,0.9985349774360657,1.0259120464324951,0.9930840134620667,1.000910997390747,42680566067,4277817641.517423
20/01/2020,1.0006879568099976,1.0066230297088623,0.9953830242156982,0.9986410140991211,33079894466,4282607058.0138593
21/01/2020,1.0014179944992065,1.0058820247650146,0.9952189922332764,1.000512957572937,31080893275,4281327773.24018
22/01/2020,1.000594973564148,1.0035159587860107,0.9971789717674255,1.0014640092849731,29749248330,4283473427.904655
23/01/2020,0.9984089732170105,1.005092978477478,0.9963449835777283,1.000722050666809,33631459310,4282886404.333369
24/01/2020,1.0029699802398682,1.0054140090942383,0.992917001247406,0.9991040229797363,33356108238,4279582980.171292
25/01/2020,1.0021129846572876,1.0056840181350708,0.9965389966964722,1.0036590099334717,26340299495,4289750200.54091
26/01/2020,1.0005040168762207,1.0083370208740234,0.9973589777946472,1.001947045326233,29121614731,4283647990.57676
27/01/2020,1.0018999576568604,1.007146954536438,0.9932299852371216,1.0015499591827393,37771545362,4285728293.985232
28/01/2020,1.0007599592208862,1.008239984512329,0.9910669922828674,1.0020140409469604,44123906993,4277424753.5497913
29/01/2020,1.002295970916748,1.00626802444458,0.9931740164756775,1.0015289783477783,42323320108,4295159219.365079
30/01/2020,1.0014519691467285,1.0109959840774536,0.99754798412323,1.0032190084457397,43624728074,4276714293.7678623
31/01/2020,1.000648021697998,1.006945013999939,0.9974089860916138,1.002195954322815,40496855325,4277899662.966756
01/02/2020,1.0012160539627075,1.0049489736557007,0.997052013874054,1.0002520084381104,34763069931,4277278307.886351
02/02/2020,1.0005439519882202,1.008178949356079,0.9960960149765015,1.0016080141067505,40560625161,4279297792.444087
03/02/2020,0.9989129900932312,1.00667405128479,0.9943140149116516,1.0013610124588013,39849489336,4285631681.875477
04/02/2020,1.0017449855804443,1.0050630569458008,0.9963290095329285,0.9993640184402466,36950713371,4291651783.024912
05/02/2020,1.0028380155563354,1.0064729452133179,0.993602991104126,1.0019149780273438,46504757742,4279687870.004281
06/02/2020,0.997215986251831,1.0182470083236694,0.9962249994277954,1.0021530389785767,46549174003,4281286725.960383
07/02/2020,0.997750997543335,1.002750039100647,0.9948599934577942,0.997452974319458,42966951015,4280165005.9691873
08/02/2020,0.999534010887146,1.006553053855896,0.9940239787101746,0.9987729787826538,44251729422,4283434128.752056
09/02/2020,1.0014729499816895,1.0080289840698242,0.9955700039863586,0.9994410276412964,44977724508,4283445364.169793
10/02/2020,1.0006400346755981,1.0151909589767456,0.9950039982795715,1.0012279748916626,48784184264,4304246879.444564
11/02/2020,0.9984229803085327,1.004830002784729,0.9914230108261108,1.0005749464035034,46001561028,4293957672.413768
12/02/2020,1.002558946609497,1.0063279867172241,0.9944700002670288,0.9984599947929382,54829582150,4288414305.541914
13/02/2020,0.9985790252685547,1.0158319473266602,0.9919080138206482,1.0036089420318604,63588479574,4276982477.616516
14/02/2020,1.0001139640808105,1.0040860176086426,0.9956240057945251,0.9986730217933655,54698567058,4279251912.61609
15/02/2020,0.999127984046936,1.0152250528335571,0.9967359900474548,0.9996839761734009,57250318373,4283562617.3753257
16/02/2020,0.9992719888687134,1.0141849517822266,0.99515300989151,0.9988570213317871,60160518246,4282126676.342095
17/02/2020,0.9984740018844604,1.0074950456619263,0.992152988910675,1.000717043876648,63038607545,4287194543.056212
18/02/2020,1.0007590055465698,1.009063959121704,0.9893980026245117,0.9983969926834106,60616752516,4296553112.351896
19/02/2020,1.0013240575790405,1.0309590101242065,0.9963160157203674,1.0001349449157715,54920030584,4285326170.913868
20/02/2020,1.002593994140625,1.0111550092697144,0.9938340187072754,1.0020339488983154,55986244963,4282876600.340887
21/02/2020,1.0031379461288452,1.0072040557861328,0.9939889907836914,1.0024000406265259,47618138884,4287659834.945381
22/02/2020,1.0018290281295776,1.0072410106658936,0.9970459938049316,1.0017759799957275,41243330013,4286189909.950764
23/02/2020,0.9980170130729675,1.0042229890823364,0.992563009262085,1.0025990009307861,47448629411,4285130709.1202736
24/02/2020,0.9987999796867371,1.0125559568405151,0.9960219860076904,0.9991379976272583,56599226979,4294456127.209374
25/02/2020,1.0014539957046509,1.0125800371170044,0.9939259886741638,0.9987409710884094,55034243501,4289228245.46827
26/02/2020,1.002742052078247,1.0127160549163818,0.9938070178031921,1.0012760162353516,68910958735,4284267566.820399
27/02/2020,0.9984130263328552,1.0074609518051147,0.9926699995994568,1.0020509958267212,61401185853,4279357850.611201
28/02/2020,0.9970890283584595,1.0111329555511475,0.9919329881668091,0.9987890124320984,56902235264,4290501476.9167504
29/02/2020,1.0063680410385132,1.0078480243682861,0.9935749769210815,0.9962670207023621,44948749121,4284583525.7589073
01/03/2020,1.0004980564117432,1.007101058959961,0.9950039982795715,1.0063400268554688,45828960109,4281707677.9713054
02/03/2020,0.9950000047683716,1.0035550594329834,0.9942049980163574,1.0015389919281006,67439071909,4287586058.2481146
03/03/2020,1.0024969577789307,1.0083880424499512,0.9935950040817261,0.9949880242347717,50681960308,4287612678.862988
04/03/2020,1.000622034072876,1.007567048072815,0.996097981929779,1.0019750595092773,48605279710,4290848897.27709
05/03/2020,1.0025219917297363,1.006060004234314,0.9963690042495728,1.0005760192871094,49920180590,4294158069.334562
06/03/2020,0.9984300136566162,1.0059080123901367,0.9977279901504517,1.002845048904419,49389801062,4283452585.4754834
07/03/2020,1.000182032585144,1.0077259540557861,0.9973959922790527,0.9980210065841675,46199415513,4292195689.740502
08/03/2020,1.0097750425338745,1.0217939615249634,0.9979919791221619,1.0007840394973755,54758243672,4288082506.561007
09/03/2020,0.9990479946136475,1.010424017906189,0.9912610054016113,1.0095950365066528,63879966769,4262796415.264465
10/03/2020,1.0017210245132446,1.0132969617843628,0.9939590096473694,0.9978399872779846,51217843378,4299840152.818669
11/03/2020,0.9988059997558594,1.0077420473098755,0.9943349957466125,1.0014979839324951,47108137900,4301130617.355973
12/03/2020,1.0535850524902344,1.078518033027649,0.9680899977684021,0.9989839792251587,74550564419,4311456649.06912
13/03/2020,0.999629020690918,1.0848020315170288,0.8994899988174438,1.0396050214767456,99315334323,4308381652.1723
14/03/2020,1.0016210079193115,1.0142070055007935,0.9903990030288696,1.000514030456543,48327975513,4340812840.148948
15/03/2020,1.0019869804382324,1.0185699462890625,0.9913420081138611,1.0002340078353882,43945453268,4271079465.443513
16/03/2020,0.997003972530365,1.0413899421691895,0.9774450063705444,1.0009700059890747,57318450774,4293832554.087441
17/03/2020,0.9761450290679932,1.0129979848861694,0.9554830193519592,0.9973779916763306,46775877399,4317599420.116166
18/03/2020,0.9742479920387268,1.0112570524215698,0.9709479808807373,0.9737899899482727,45836273197,4306583144.903502
19/03/2020,1.0031930208206177,1.0113619565963745,0.9535859823226929,0.9732840061187744,64076531532,4231721926.3548894
20/03/2020,0.9975559711456299,1.0256589651107788,0.9635599851608276,1.002377986907959,72319289643,4294893981.1129794
21/03/2020,1.0009499788284302,1.0160449743270874,0.9862210154533386,0.9971680045127869,52643956420,4342066151.500842
22/03/2020,0.9990320205688477,1.0160139799118042,0.9842720031738281,1.0000920295715332,49036623749,4274759423.202568
23/03/2020,0.9968119859695435,1.0102720260620117,0.9651610255241394,1.000741958618164,57333099378,4298879010.052839
24/03/2020,1.0004730224609375,1.01590895652771,0.9874089956283569,0.996425986289978,57714092130,4298542912.578629
25/03/2020,0.9985939860343933,1.0123740434646606,0.991720974445343,1.00410795211792,52254209223,4287070634.488864
26/03/2020,0.9984830021858215,1.0123670101165771,0.995058000087738,0.9985970258712769,42020889460,4304355950.614791
27/03/2020,1.0133179426193237,1.0287569761276245,0.9929779767990112,0.9987040162086487,41534264141,4300196108.958909
28/03/2020,0.9997040033340454,1.0229560136795044,0.994297981262207,1.0142509937286377,44315404128,4285259141.854556
29/03/2020,1.0019630193710327,1.0138720273971558,0.9952710270881653,0.999705970287323,35069971228,4291651284.5904016
30/03/2020,1.0065339803695679,1.0065629482269287,0.9895600080490112,1.0017280578613281,44148668942,4298897388.168864
31/03/2020,1.0030269622802734,1.0080070495605469,0.9929900169372559,1.005774974822998,38970696054,4303567262.188679
01/04/2020,1.0047459602355957,1.0108100175857544,0.9742149710655212,1.0035990476608276,47949493852,4282455239.003254
02/04/2020,1.000717043876648,1.011834979057312,0.9807339906692505,1.0071439743041992,57261198792,4298464571.519161
03/04/2020,1.0017119646072388,1.0105940103530884,0.9973919987678528,1.0016460418701172,46738928486,6308898014.114253
04/04/2020,1.004112958908081,1.017382025718689,0.9951050281524658,1.0016529560089111,39644126975,6345586550.244182
05/04/2020,1.00285005569458,1.0066590309143066,0.9971190094947815,1.004809021949768,35625789596,6341175558.074301
06/04/2020,0.9928330183029175,1.0127569437026978,0.9909319877624512,1.0036640167236328,60908262080,6357859575.226397
07/04/2020,0.9986289739608765,1.0103579759597778,0.9905440211296082,0.9926400184631348,59032234493,6348996817.026262
08/04/2020,0.9991239905357361,1.0094389915466309,0.9863389730453491,0.9979000091552734,50475513637,6337540894.788158
09/04/2020,1.0034650564193726,1.0098979473114014,0.99481201171875,0.9983130097389221,44302706107,6342789172.680911
10/04/2020,1.0007929801940918,1.01774001121521,0.9951959848403931,1.0031640529632568,56393183976,6351749244.043133
11/04/2020,0.9981160163879395,1.005210041999817,0.9842429757118225,1.0009740591049194,40060959110,6360286245.591112
12/04/2020,1.0081690549850464,1.0100430250167847,0.9916729927062988,0.9976509809494019,44856466500,6358136925.695003
13/04/2020,1.0003269910812378,1.02463698387146,0.9917569756507874,1.0084340572357178,50128306911,6360712294.279481
14/04/2020,0.9968060255050659,1.0066649913787842,0.9927380084991455,0.9999669790267944,42246776207,6342632339.143849
15/04/2020,0.9995290040969849,1.0078190565109253,0.992563009262085,0.9963809847831726,40321714369,6353107084.775323
16/04/2020,1.0027190446853638,1.0098010301589966,0.9811030030250549,0.9999489784240723,63213195169,6338368646.483199
17/04/2020,1.006742000579834,1.0105359554290771,0.9959400296211243,1.002485990524292,43011919954,6367320936.370214
18/04/2020,1.000777006149292,1.010241985321045,0.9958009719848633,1.0074739456176758,45234041690,6354943648.30677
19/04/2020,1.0077040195465088,1.0171680450439453,0.9991509914398193,1.000627040863037,44414316787,6348280713.036977
20/04/2020,1.004804015159607,1.016355037689209,0.999921977519989,1.0077409744262695,54458798119,6370176428.689886
21/04/2020,1.0064560174942017,1.0125499963760376,0.9987360239028931,1.0054229497909546,42681951159,6369201538.20172
22/04/2020,1.000910997390747,1.0084320306777954,0.9953629970550537,1.0066100358963013,45471713945,6355845853.437884
23/04/2020,0.9976919889450073,1.0076260566711426,0.9796680212020874,1.0005450248718262,56696647551,7133234307.712267
24/04/2020,1.0079319477081299,1.012326955795288,0.9922639727592468,0.9966319799423218,45214285339,7101969333.498758
25/04/2020,1.0046800374984741,1.0125269889831543,0.9972220063209534,1.0074759721755981,44807056872,7109426016.447717
26/04/2020,1.0003119707107544,1.0149940252304077,0.9956340193748474,1.0048400163650513,46243541830,7125314349.5182
27/04/2020,1.0040910243988037,1.0099090337753296,0.9965530037879944,1.001142978668213,50062655667,7139857876.920758
28/04/2020,1.007822036743164,1.0100140571594238,1.0007710456848145,1.0040810108184814,45898873538,7149322731.405218
29/04/2020,1.0081230401992798,1.0143159627914429,0.992438018321991,1.0071779489517212,79272305845,7134423239.958819
30/04/2020,1.0051120519638062,1.0186690092086792,0.9927340149879456,1.0078610181808472,89936833210,7692068637.459578
01/05/2020,1.0081369876861572,1.0120350122451782,0.9987919926643372,1.0031739473342896,56216767268,7699585322.264011
02/05/2020,1.0034780502319336,1.0136220455169678,0.9985319972038269,1.008937954902649,49997806582,7792729872.971917
03/05/2020,1.0035079717636108,1.0138930082321167,0.999206006526947,1.0048340559005737,58963072938,7801751804.259999
04/05/2020,1.0061089992523193,1.0153100490570068,0.9989399909973145,1.0030839443206787,60315142637,7820865420.207942
05/05/2020,1.0008560419082642,1.0169529914855957,0.9974089860916138,1.0061899423599243,53776437547,7790956108.477815
06/05/2020,1.0179309844970703,1.0179309844970703,0.9974070191383362,0.9993469715118408,59321368204,7861206043.337105
07/05/2020,1.0028949975967407,1.0208669900894165,0.989333987236023,1.0144330263137817,72554504815,7930935317.334048
08/05/2020,1.003764033317566,1.0103479623794556,0.9945470094680786,1.0020140409469604,63400633378,8079054026.436567
09/05/2020,1.0048179626464844,1.0070220232009888,0.9953129887580872,1.0043940544128418,57870685210,8155833351.537392
10/05/2020,1.0010550022125244,1.0604850053787231,0.9869790077209473,1.0050159692764282,79545041693,8313422573.53834
11/05/2020,0.9983639717102051,1.0227530002593994,0.9711670279502869,1.0013400316238403,68664007367,8473215858.870962
12/05/2020,1.0007350444793701,1.0070040225982666,0.995872974395752,0.9992020130157471,49750084616,8491686231.453566
13/05/2020,1.0002319812774658,1.0041680335998535,0.9918109774589539,1.0003639459609985,53063776325,8640172742.42414
14/05/2020,0.9988600015640259,1.0059219598770142,0.9903519749641418,0.9982320070266724,64544825214,8634423669.521152
15/05/2020,1.003972053527832,1.0182240009307861,0.9879180192947388,0.9986739754676819,53148365727,8807791056.89655
16/05/2020,1.0001939535140991,1.005910038948059,0.9973400235176086,1.0022469758987427,42259786355,8864847685.30716
17/05/2020,1.0015900135040283,1.005424976348877,0.9915779829025269,1.0001920461654663,45525203695,8887329332.965754
18/05/2020,1.001350998878479,1.011605978012085,0.9939360022544861,1.0014489889144897,50496315260,8975796528.270578
19/05/2020,0.9960190057754517,1.0070090293884277,0.9926630258560181,1.0012060403823853,46955432504,8946398316.112976
20/05/2020,0.9989479780197144,1.0152029991149902,0.9948660135269165,0.9964029788970947,44447276085,8925141348.99949
21/05/2020,1.0020010471343994,1.0125230550765991,0.9931089878082275,0.999193012714386,47340041421,8949763767.907099
22/05/2020,1.0022870302200317,1.0057599544525146,0.9965879917144775,1.0028330087661743,37971264880,8937031687.246744
23/05/2020,1.005537986755371,1.0065100193023682,0.9954620003700256,1.0020999908447266,33726005349,8904835042.617306
24/05/2020,1.0010889768600464,1.0156869888305664,0.9954149723052979,1.0055840015411377,38944229194,8912893843.612572
25/05/2020,1.0031989812850952,1.0065569877624512,0.9934300184249878,1.0007729530334473,35985513624,8973070176.193398
26/05/2020,0.9980080127716064,1.007470965385437,0.9932810068130493,1.002892017364502,32858110128,9005148939.976181
27/05/2020,1.004554033279419,1.007694959640503,0.993241012096405,0.9983069896697998,35192290092,9000991564.001087
28/05/2020,1.0011529922485352,1.0081080198287964,0.9952359795570374,1.004122018814087,38116870951,9015071777.711218
29/05/2020,1.0033550262451172,1.0077179670333862,0.9987620115280151,1.000831961631775,36706734857,9034880313.063711
30/05/2020,1.0004030466079712,1.0044139623641968,0.9909780025482178,1.0029499530792236,40377918880,9046743741.068209
31/05/2020,0.9980329871177673,1.006363034248352,0.9945039749145508,1.0004149675369263,35009124470,9107846024.869492
01/06/2020,1.0011210441589355,1.0034339427947998,0.9856510162353516,0.9996010065078735,39619617695,9087003495.855902
02/06/2020,0.9975240230560303,1.0353089570999146,0.9958699941635132,1.001170039176941,45585907575,9131206431.3614
03/06/2020,1.0000059604644775,1.0065640211105347,0.9965749979019165,0.9968219995498657,30557149519,9212094570.570204
04/06/2020,1.0025089979171753,1.0110739469528198,0.9922909736633301,1.0003509521484375,31617065491,9223480386.249006
05/06/2020,1.003026008605957,1.0140949487686157,0.9971709847450256,1.0026179552078247,29614424319,9264926473.527744
06/06/2020,0.9993029832839966,1.0114669799804688,0.9948800206184387,1.003108024597168,23548822467,9267985509.014711
07/06/2020,1.0030139684677124,1.0066670179367065,0.9959390163421631,0.9993939995765686,29418233806,9281349701.220112
08/06/2020,1.0021369457244873,1.0080169439315796,0.9958360195159912,1.0030629634857178,23773499797,9304968054.95925
09/06/2020,1.0034689903259277,1.0170340538024902,0.9974150061607361,1.0022289752960205,25504409744,9330982636.887531
10/06/2020,1.0014359951019287,1.010910987854004,0.9884269833564758,1.003715991973877,26529161098,9350784917.608734
11/06/2020,1.000601053237915,1.0119999647140503,0.9968969821929932,1.001546025276184,39277703093,9408692692.61926
12/06/2020,1.0031150579452515,1.0062639713287354,0.9958630204200745,1.0009870529174805,28748565604,9436245876.511108
13/06/2020,1.0020780563354492,1.005167007446289,0.9996830224990845,1.003288984298706,21716523327,9486299302.532066
14/06/2020,1.0054470300674438,1.009179949760437,0.9976819753646851,1.001999020576477,21206505066,9481923029.653166
15/06/2020,1.0021779537200928,1.013038992881775,0.9979320168495178,1.0052729845046997,33118696637,9493593132.609491
16/06/2020,1.0003329515457153,1.0054279565811157,0.9989039897918701,1.0021450519561768,25217650481,9518736918.186726
17/06/2020,1.000372052192688,1.003798007965088,0.9963610172271729,1.0003629922866821,24323246034,9544643008.51534
18/06/2020,1.0020179748535156,1.0043400526046753,0.9970970153808594,1.0005179643630981,21264596740,9549847479.554846
19/06/2020,0.9938290119171143,1.005676031112671,0.9937719702720642,1.0020530223846436,23397934727,9574951885.114128
20/06/2020,0.9988840222358704,1.0061860084533691,0.9914500117301941,0.994513988494873,20222952960,9614392469.97571
21/06/2020,1.0013630390167236,1.0046629905700684,0.9962350130081177,0.9986810088157654,18590123868,9627169919.215635
22/06/2020,0.9979249835014343,1.003350019454956,0.9905589818954468,1.00177800655365,25901068733,9622223221.90068
23/06/2020,1.0030380487442017,1.0039169788360596,0.9918829798698425,0.9983720183372498,21481732223,9630499942.836613
24/06/2020,1.000303030014038,1.0117460489273071,0.9967250227928162,1.0028109550476074,25367004473,9601992527.14438
25/06/2020,1.0001020431518555,1.0053470134735107,0.9924870133399963,1.0002349615097046,21617089198,9615414191.191792
26/06/2020,0.998956024646759,1.0071920156478882,0.9974719882011414,1.0003420114517212,22595324560,9592877640.239046
27/06/2020,1.0040309429168701,1.012603998184204,0.9965680241584778,0.9989489912986755,22069989504,9629325844.443869
28/06/2020,1.0025149583816528,1.0142569541931152,0.9895370006561279,1.0039290189743042,18015458533,9638700261.322134
29/06/2020,1.0019840002059937,1.007187008857727,0.9970449805259705,1.001613974571228,20201360245,9634384874.881834
30/06/2020,0.9999039769172668,1.007680058479309,0.9982950091362,1.0014280080795288,18926019120,9628668055.154743
01/07/2020,1.0015610456466675,1.0067390203475952,0.9974939823150635,0.999646008014679,20410901924,9637841652.81123
02/07/2020,1.0157179832458496,1.0202629566192627,0.9987090229988098,1.0009549856185913,21713824216,9639104881.168352
03/07/2020,0.999521017074585,1.0183169841766357,0.9979259967803955,1.0157129764556885,17207532375,9647929508.439756
04/07/2020,1.0010780096054077,1.0098379850387573,0.9957039952278137,0.9997559785842896,16834529314,9643357747.268692
05/07/2020,0.998898983001709,1.005642056465149,0.9968460202217102,1.0002340078353882,18453609716,9704261207.525513
06/07/2020,1.0002360343933105,1.005782961845398,0.9926570057868958,0.9983760118484497,28513816011,9708811153.072803
07/07/2020,0.9992070198059082,1.0037360191345215,0.9905760288238525,1.0005099773406982,20262759503,9712908096.058014
08/07/2020,0.9998599886894226,1.0037599802017212,0.9960449934005737,0.9992799758911133,28520237097,9734760495.506432
09/07/2020,1.0030750036239624,1.0067369937896729,0.997530996799469,0.9998909831047058,24559681375,9736967713.022522
10/07/2020,0.9999859929084778,1.0044870376586914,0.9927480220794678,1.0030490159988403,19416307998,9783869272.830845
11/07/2020,1.0010520219802856,1.0034140348434448,0.9967430233955383,1.0000419616699219,16806691103,9803667486.86557
12/07/2020,0.9986339807510376,1.0049309730529785,0.9971309900283813,1.0009269714355469,18560508406,9824421803.246971
13/07/2020,0.9995520114898682,1.0051660537719727,0.9948959946632385,0.9982900023460388,23293356124,9823245541.316175
14/07/2020,0.9990460276603699,1.0050369501113892,0.996849000453949,1.0017659664154053,21927614040,9848359865.8821
15/07/2020,0.9994440078735352,1.0044569969177246,0.9971110224723816,0.9989690184593201,19801020732,9845335826.76726
16/07/2020,0.9999799728393555,1.0067670345306396,0.997518002986908,0.9990730285644531,20174060342,9858754628.68023
17/07/2020,0.9996160268783569,1.004027009010315,0.9964540004730225,0.999688982963562,16824229378,9880260498.403952
18/07/2020,0.9987949728965759,1.0071840286254883,0.9963340163230896,0.9997479915618896,15430964635,9880407857.120983
19/07/2020,0.9983519911766052,1.0052889585494995,0.994717001914978,0.9986690282821655,16068695380,9884364193.465317
20/07/2020,1.0006020069122314,1.0042239427566528,0.9970179796218872,0.9984070062637329,16920167824,9913964260.40362
21/07/2020,0.9988939762115479,1.0035400390625,0.9949100017547607,0.9999669790267944,22047241258,9913573514.91013
22/07/2020,1.000877022743225,1.0042129755020142,0.9908109903335571,0.998894989490509,21007802308,9921658839.98397
23/07/2020,0.9981859922409058,1.0036879777908325,0.9964249730110168,1.0005309581756592,24897129948,10016213022.275948
24/07/2020,0.9989929795265198,1.0038180351257324,0.9970009922981262,0.9982550144195557,22338273101,10062892351.3544
25/07/2020,0.998062014579773,1.0033060312271118,0.9966199994087219,0.9995020031929016,25077707687,10162563057.570114
26/07/2020,0.9988710284233093,1.0095570087432861,0.9938570261001587,0.9980490207672119,28852807826,10213180914.176388
27/07/2020,1.0010969638824463,1.0137989521026611,0.9917439818382263,0.9987959861755371,44309144839,10216671823.882736
28/07/2020,1.0008540153503418,1.0080920457839966,0.9957150220870972,0.9976720213890076,37054214114,10163253369.563332
29/07/2020,1.0025399923324585,1.0085599422454834,0.9956560134887695,1.0004329681396484,31945080196,10472196877.003702
30/07/2020,1.0018630027770996,1.0072239637374878,0.9988809823989868,1.0024620294570923,30145197612,10617855493.5351
31/07/2020,1.0001410245895386,1.0046429634094238,0.9974830150604248,1.0013819932937622,31216575237,10707864336.46751
01/08/2020,0.9970129728317261,1.0031429529190063,0.9925789833068848,0.9998840093612671,36596724667,10778488966.5884
02/08/2020,0.9978510141372681,1.0563730001449585,0.9915390014648438,0.9969000220298767,43620863810,10941249518.541092
03/08/2020,1.0014139413833618,1.0234869718551636,0.9938910007476807,0.997868001461029,29956228167,11062349221.834326
04/08/2020,1.0003989934921265,1.0071899890899658,0.9973840117454529,1.0014359951019287,32423781475,11118634671.41413
05/08/2020,1.0030889511108398,1.0085070133209229,0.9995329976081848,1.0001959800720215,33191883907,11182209134.55455
06/08/2020,1.0001749992370605,1.006458044052124,0.9993460178375244,1.003039002418518,32564418808,11252929576.204271
07/08/2020,1.0028460025787354,1.015854001045227,0.9980670213699341,1.0003340244293213,35097319459,11334228793.937506
08/08/2020,1.0001640319824219,1.0086580514907837,0.9992650151252747,1.0028560161590576,25836510740,11495140099.99963
09/08/2020,1.0031700134277344,1.009511947631836,0.9986180067062378,0.9998279809951782,26113895986,11578515768.948845
10/08/2020,1.0010590553283691,1.0185060501098633,0.9992120265960693,1.0044909715652466,36347245628,11650317901.938906
11/08/2020,1.0036909580230713,1.0094079971313477,0.9969149827957153,1.0005689859390259,39924390806,11698790361.505045
12/08/2020,1.0137909650802612,1.0243669748306274,0.9952089786529541,1.0037449598312378,38419235281,11858746977.85641
13/08/2020,1.0202100276947021,1.023751974105835,0.9984149932861328,1.013306975364685,45360887997,11896892578.11066
14/08/2020,1.0010240077972412,1.0259000062942505,0.9918140172958374,1.0211249589920044,38417750789,12000642229.353855
15/08/2020,1.0010319948196411,1.0100699663162231,0.9981489777565002,1.0010030269622803,38681122091,12238797982.615112
16/08/2020,1.0018810033798218,1.0085450410842896,0.9979079961776733,1.0010930299758911,35603319606,12215059078.065254
17/08/2020,1.0001109838485718,1.0166289806365967,0.9966170191764832,1.0019069910049438,43047212745,12248808990.550749
18/08/2020,1.0027199983596802,1.0094759464263916,0.9972389936447144,1.0000959634780884,40873174066,12392582270.175108
19/08/2020,1.0024080276489258,1.0098240375518799,0.9987999796867371,1.0024230480194092,40666046435,12603054668.447298
20/08/2020,1.0004090070724487,1.0034470558166504,0.9988099932670593,1.0020630359649658,32746471325,12605339229.678225
21/08/2020,1.0045490264892578,1.0092509984970093,0.9972310066223145,1.001181960105896,41215985711,12660117156.639263
22/08/2020,1.0009560585021973,1.0094890594482422,0.9990590214729309,1.0043359994888306,32892342495,12762557153.567696
23/08/2020,1.0023449659347534,1.0042649507522583,0.9981489777565002,1.001263976097107,29187550605,12812234222.111702
24/08/2020,1.0019760131835938,1.004464030265808,0.9984880089759827,1.002640962600708,31794835157,12830042987.310995
25/08/2020,1.002364993095398,1.013566017150879,0.9989699721336365,1.00199294090271,42567672036,12895083175.921797
26/08/2020,1.0018529891967773,1.0037260055541992,0.9985259771347046,1.002331018447876,37126595563,12865507393.594835
27/08/2020,1.0022059679031372,1.007627010345459,0.9967319965362549,1.0027450323104858,38341362890,12858452038.926846
28/08/2020,1.0020359754562378,1.0047060251235962,0.9993669986724854,1.0017869472503662,31740187752,13028548270.094751
29/08/2020,1.0028239488601685,1.0050979852676392,1.0000940561294556,1.001768946647644,31070541135,13129348616.63307
30/08/2020,1.0011730194091797,1.0051870346069336,0.9985820055007935,1.0035710334777832,36153398644,13302097287.881546
31/08/2020,1.0031909942626953,1.005687952041626,0.9988179802894592,1.0008000135421753,37949635827,13324009301.44109
01/09/2020,1.0039570331573486,1.0061759948730469,0.9979559779167175,1.0030560493469238,49809584105,13325296846.57462
02/09/2020,1.0018279552459717,1.0182230472564697,0.9979900121688843,1.0028539896011353,52855722597,13442714263.558971
03/09/2020,1.0054949522018433,1.02908194065094,0.9916200041770935,1.0013619661331177,57562780194,13625399575.189207
04/09/2020,1.0036859512329102,1.018913984298706,0.9923110008239746,1.0074219703674316,55525478963,13682958085.891354
05/09/2020,1.0001510381698608,1.0203039646148682,0.993340015411377,1.0036489963531494,78154159842,13944291389.99023
06/09/2020,1.0028380155563354,1.006930947303772,0.9954320192337036,1.0011650323867798,66315625008,14146895238.991238
07/09/2020,1.0005370378494263,1.0078790187835693,0.9934700131416321,1.0029720067977905,59139010478,14156780887.936438
08/09/2020,1.0010249614715576,1.0074249505996704,0.9903259873390198,1.0000790357589722,56334310286,14155492387.098202
09/09/2020,1.002102017402649,1.006574034690857,0.9980930089950562,1.0008620023727417,42234198845,14249894735.416224
10/09/2020,1.0014569759368896,1.0099159479141235,0.9945999979972839,1.0017590522766113,52111960702,14336176672.98944
11/09/2020,1.0015170574188232,1.0121179819107056,0.9923059940338135,1.0009779930114746,46009434500,14437687573.570017
12/09/2020,1.0013070106506348,1.0130690336227417,0.997937023639679,1.0010709762573242,43506381696,14583424053.573729
13/09/2020,0.9992129802703857,1.0074729919433594,0.9957559704780579,1.0011630058288574,46330693824,14699656953.527794
14/09/2020,1.0012890100479126,1.013685941696167,0.9939810037612915,0.9989510178565979,49936255991,14726592942.13541
15/09/2020,1.0024869441986084,1.0063070058822632,0.9987969994544983,1.001484990119934,49718173930,14728080925.358042
16/09/2020,1.003443956375122,1.0068260431289673,0.9993550181388855,1.002498984336853,50682289026,14927227967.75129
17/09/2020,1.001878023147583,1.0053499937057495,0.9990170001983643,1.003811001777649,51695424541,14957143001.422548
18/09/2020,0.9995020031929016,1.0173579454421997,0.997177004814148,1.0013099908828735,47248825663,15065278641.96204
19/09/2020,1.0020170211791992,1.0055160522460938,0.9969769716262817,1.0016930103302002,37361830219,15138915464.97246
20/09/2020,1.002653956413269,1.0076210498809814,0.9969140291213989,1.0022469758987427,39841903146,15212009140.544724
21/09/2020,1.003262996673584,1.0083400011062622,0.996662974357605,1.001886010169983,51961935426,15210458847.42293
22/09/2020,1.0014439821243286,1.0067410469055176,0.9985889792442322,1.0033979415893555,38413876677,15210934526.998642
23/09/2020,1.0009230375289917,1.0025349855422974,0.9995430111885071,1.0007580518722534,43424219416,15207247917.262712
24/09/2020,1.0012680292129517,1.0017369985580444,0.9993559718132019,1.0009469985961914,45065266037,15239262469.186638
25/09/2020,1.0014679431915283,1.002416968345642,0.9999240040779114,1.0012229681015015,41889632698,15232006517.32858
26/09/2020,1.0018320083618164,1.0030620098114014,1.0007200241088867,1.0014569759368896,37079804018,15198008748.329578
27/09/2020,1.0014859437942505,1.0040220022201538,0.9998199939727783,1.002074956893921,36832675909,15280949124.589355
28/09/2020,1.0011210441589355,1.0027179718017578,0.9999619722366333,1.0012789964675903,42448311096,15354889137.337387
29/09/2020,1.0008540153503418,1.0019899606704712,1.0004069805145264,1.0012420415878296,37215776820,15395506651.2522
30/09/2020,1.00136399269104,1.0015759468078613,1.0002249479293823,1.0008189678192139,36326500299,15466015671.65076
01/10/2020,1.0006990432739258,1.003311038017273,0.9997410178184509,1.001505970954895,44191606929,15517416774.848162
02/10/2020,1.0010490417480469,1.0027209520339966,1.0003859996795654,1.0006810426712036,43341045659,15506096329.968742
03/10/2020,1.0011080503463745,1.001528024673462,1.0008820295333862,1.001054048538208,29434211991,15559126337.712969
04/10/2020,1.001358985900879,1.0016859769821167,1.001114010810852,1.001114010810852,30365398041,15593659413.545422
05/10/2020,1.0008660554885864,1.001878023147583,1.0004860162734985,1.0013600587844849,33618477224,15582073682.146845
06/10/2020,1.0004479885101318,1.0009230375289917,1.0004149675369263,1.0008779764175415,43474684779,15613470199.424534
07/10/2020,1.0007070302963257,1.0008569955825806,1.0000180006027222,1.0004370212554932,34832780084,15620630276.222883
08/10/2020,1.0012520551681519,1.0014289617538452,1.0004479885101318,1.000709056854248,40437506638,15615309939.132069
09/10/2020,1.0011800527572632,1.001492977142334,1.0009289979934692,1.0012069940567017,40570731731,15613856024.733774
10/10/2020,1.0008840560913086,1.0013560056686401,1.0007740259170532,1.0011470317840576,41298643279,15629093673.39148
11/10/2020,1.0007339715957642,1.0012609958648682,1.0005110502243042,1.0009310245513916,36190854082,15705291452.78418
12/10/2020,1.0013020038604736,1.001315951347351,1.0005979537963867,1.0007840394973755,45422749776,15726508389.190048
13/10/2020,1.0011110305786133,1.0013580322265625,1.0008410215377808,1.0012999773025513,41852256541,15719081416.807518
14/10/2020,1.0010069608688354,1.0013240575790405,1.0007660388946533,1.0011030435562134,42676684541,15749202701.244398
15/10/2020,1.0007959604263306,1.0011579990386963,1.0006860494613647,1.0009959936141968,40681227712,15757276435.156536
16/10/2020,1.0010470151901245,1.0011130571365356,1.0005669593811035,1.000849962234497,42355198410,15765787578.750116
17/10/2020,1.0006970167160034,1.0012710094451904,1.0006059408187866,1.000920057296753,31063236700,15784964725.285069
18/10/2020,1.0007840394973755,1.0009440183639526,1.0006029605865479,1.0007150173187256,29893695719,15818540295.024866
19/10/2020,1.0008529424667358,1.0010679960250854,1.0003759860992432,1.0007740259170532,35567986142,15839841300.263016
20/10/2020,1.000985026359558,1.0011210441589355,1.0004609823226929,1.0007840394973755,43872844120,15836240611.318966
21/10/2020,1.0018340349197388,1.002153992652893,1.000741958618164,1.000978946685791,60904084735,15885590091.443249
22/10/2020,1.0010910034179688,1.0020029544830322,1.0008269548416138,1.0019229650497437,51457694149,15988638518.268433
23/10/2020,1.0006569623947144,1.0012849569320679,1.0004680156707764,1.0010689496994019,45364336403,16037428575.94278
24/10/2020,1.0009089708328247,1.0013129711151123,1.0006309747695923,1.0006569623947144,38024192721,16147555998.3458
25/10/2020,1.0007209777832031,1.0012869834899902,1.0006990432739258,1.0009089708328247,37992408340,16243349991.74604
26/10/2020,1.00095796585083,1.0011650323867798,1.0004969835281372,1.0007209777832031,53856600950,16280341319.822104
27/10/2020,1.0002230405807495,1.0009770393371582,1.0001829862594604,1.00095796585083,50594554703,16338115218.758928
28/10/2020,1.0003399848937988,1.0005500316619873,1.0000590085983276,1.0002230405807495,54295663450,16394460871.672909
29/10/2020,1.0003490447998047,1.0006920099258423,1.000033974647522,1.0003399848937988,45899362605,16441266715.720428
30/10/2020,1.0009039640426636,1.0010910034179688,1.0001599788665771,1.0003490447998047,48310061722,16516066040.110365
31/10/2020,1.0002000331878662,1.0009210109710693,1.0001260042190552,1.0009039640426636,42514424089,16532183807.742128
01/11/2020,1.000378966331482,1.000538945198059,1.0001200437545776,1.0002000331878662,34361640768,16623463029.31081
02/11/2020,1.0005229711532593,1.0006519556045532,1.0000940561294556,1.000378966331482,47077503200,16616270865.381224
03/11/2020,1.0005520582199097,1.0007719993591309,0.9999290108680725,1.0005229711532593,45019168827,16660305272.041183
04/11/2020,1.0010789632797241,1.001127004623413,1.0000460147857666,1.0005520582199097,51351488942,16672806891.294355
05/11/2020,1.0004199743270874,1.0011190176010132,1.0003759860992432,1.0010789632797241,50361326125,16761357255.528963
06/11/2020,1.0002959966659546,1.0008050203323364,0.9996140003204346,1.0004199743270874,52898738178,16904673926.988552
07/11/2020,1.0015759468078613,1.0018470287322998,1.000108003616333,1.0002959966659546,56226369647,16997171288.753386
08/11/2020,1.000846028327942,1.0017770528793335,1.0004539489746094,1.0015759468078613,36518314883,17169790620.045872
09/11/2020,1.0006530284881592,1.0013970136642456,1.0005040168762207,1.000846028327942,46110330836,17204850806.799107
10/11/2020,1.001127004623413,1.0012919902801514,1.000357985496521,1.0006530284881592,38577912936,17283048043.40128
11/11/2020,1.000985026359558,1.0014539957046509,1.0007970333099365,1.001127004623413,42668662479,17296592567.49869
12/11/2020,1.0005090236663818,1.0014359951019287,1.0004210472106934,1.000985026359558,43616955783,17440423454.621002
13/11/2020,1.00034499168396,1.0010700225830078,1.000188946723938,1.0005090236663818,43464032776,17556236317.80609
14/11/2020,1.0002880096435547,1.0005650520324707,0.999305009841919,1.00034499168396,37625148237,17712127062.403988
15/11/2020,1.000646948814392,1.000810980796814,0.9999939799308777,1.0002880096435547,34845215193,17860345298.663944
16/11/2020,1.0004119873046875,1.0009210109710693,1.0002089738845825,1.000646948814392,43959721427,17926838683.290417
17/11/2020,1.0008399486541748,1.0008670091629028,0.9998329877853394,1.0004429817199707,55094987084,17856049825.03192
18/11/2020,1.0003989934921265,1.0013409852981567,1.0000089406967163,1.0008399486541748,68784549701,17988127396.56825
19/11/2020,1.0007810592651367,1.0008280277252197,0.9998670220375061,1.0003989934921265,53334422091,18029086889.28224
20/11/2020,1.000427007675171,1.0008620023727417,1.0002119541168213,1.0007810592651367,58285960281,18128126545.9258
21/11/2020,0.9988740086555481,1.0004990100860596,0.9986389875411987,1.000427007675171,77062206041,18189806446.574654
22/11/2020,0.9992030262947083,1.0004589557647705,0.9980210065841675,0.9988740086555481,80187383235,18341344301.64023
23/11/2020,1.0000920295715332,1.0006790161132812,0.9990580081939697,0.9992030262947083,85808045491,18423982370.798603
24/11/2020,0.9998080134391785,1.0010830163955688,0.9988340139389038,1.000156044960022,99911012514,18468867451.71108
25/11/2020,1.00005304813385,1.001168966293335,0.999455988407135,0.9998049736022949,86889311262,18624333606.50292
26/11/2020,1.0020350217819214,1.0024080276489258,0.9996240139007568,1.000020980834961,114616849233,18610597716.1693
27/11/2020,1.0011999607086182,1.0021120309829712,1.0006639957427979,1.0019550323486328,71012323469,18979461069.235783
28/11/2020,1.001001000404358,1.0015829801559448,1.000898003578186,1.0011810064315796,59622219575,19015542986.707096
29/11/2020,1.0008900165557861,1.001338005065918,1.0005990266799927,1.0009809732437134,56283936388,19028717336.15066
30/11/2020,1.0003770589828491,1.0011670589447021,0.9999799728393555,1.0009280443191528,78422057481,19127804081.2074
01/12/2020,1.0013229846954346,1.0018279552459717,0.9997439980506897,1.0003689527511597,91231924619,19100000432.3168
02/12/2020,1.0006710290908813,1.0015339851379395,1.0002440214157104,1.0013350248336792,65320503081,19258843705.239822
03/12/2020,1.0008399486541748,1.0012010335922241,1.0003900527954102,1.0005340576171875,53438971741,19392984903.150764
04/12/2020,1.000236988067627,1.0012129545211792,0.9999269843101501,1.0008289813995361,57391362137,19453232188.123333
05/12/2020,1.0005450248718262,1.0007920265197754,0.9999819993972778,1.0002059936523438,46459783524,19616345384.530422
06/12/2020,1.001202940940857,1.001291036605835,1.000309944152832,1.0005749464035034,41702527218,19673710812.29813
07/12/2020,1.0005710124969482,1.001263976097107,1.000241994857788,1.0011910200119019,41553114205,19692101876.953365
08/12/2020,0.999705970287323,1.0006389617919922,0.999504029750824,1.0005179643630981,51018510966,19695202344.995377
09/12/2020,1.000383973121643,1.0012810230255127,0.9995790123939514,0.9997410178184509,58645762362,19756413070.60725
10/12/2020,1.0002529621124268,1.000717043876648,0.9997169971466064,1.0003750324249268,42906892986,19731593805.81443
11/12/2020,1.000458002090454,1.000519037246704,0.9996849894523621,1.0002470016479492,46855379778,19775400467.620148
12/12/2020,1.0004639625549316,1.000933051109314,1.0003509521484375,1.0004609823226929,37175152958,19774158323.945534
13/12/2020,0.9999520182609558,1.0006510019302368,0.9998390078544617,1.0004500150680542,39919658599,19799083140.566628
14/12/2020,0.9999319911003113,1.0004140138626099,0.9996489882469177,0.9999420046806335,34855969067,19824289197.4036
15/12/2020,1.0009169578552246,1.0011320114135742,0.9998760223388672,0.9999319911003113,41060539775,19832906051.15591
16/12/2020,0.9999790191650391,1.0021779537200928,0.9976850152015686,1.0009180307388306,65892006749,19756381667.630585
17/12/2020,0.9998379945755005,1.0005090236663818,0.9977179765701294,1.0000009536743164,107057692974,19757024760.13286
18/12/2020,1.0008679628372192,1.000938057899475,0.9995589852333069,0.9998440146446228,68567341447,19949736008.00444
19/12/2020,1.0004990100860596,1.0012309551239014,1.000440001487732,1.0008729696273804,59773866553,20022296286.663025
20/12/2020,0.9996430277824402,1.0005110502243042,0.9995139837265015,1.0004600286483765,62633975828,20082054875.250328
21/12/2020,0.9998270273208618,1.0001980066299438,0.9982879757881165,0.9996680021286011,70204823309,20363396933.75314
22/12/2020,0.9996410012245178,1.0003390312194824,0.9988570213317871,0.9999279975891113,72277839948,20352568043.264217
23/12/2020,0.999426007270813,1.0002260208129883,0.9990739822387695,0.9996870160102844,85019037325,20473741651.360035
24/12/2020,0.9999309778213501,1.0000100135803223,0.9978929758071899,0.9993990063667297,70696999694,20559034245.21406
25/12/2020,1.000167965888977,1.000277042388916,0.9991999864578247,0.999908983707428,69379207764,20588104977.862133
26/12/2020,0.9984809756278992,1.0002110004425049,0.9983180165290833,1.0002110004425049,70249332948,20750908441.70769
27/12/2020,0.9988539814949036,0.999144971370697,0.9964889883995056,0.998462975025177,95264858228,20763290844.73684
28/12/2020,0.9986029863357544,0.9992390275001526,0.9973239898681641,0.9988330006599426,76757036205,20803077157.078342
29/12/2020,0.9985899925231934,0.9990540146827698,0.9983710050582886,0.9986140131950378,76792619209,20856035046.27366
30/12/2020,1.0002750158309937,1.0003999471664429,0.9985859990119934,0.9986349940299988,72666964921,20873380059.77788
31/12/2020,1.0005979537963867,1.0007519721984863,0.9994620084762573,1.0002909898757935,61468463255,20920738588.99385
01/01/2021,1.0019160509109497,1.0020519495010376,1.000607967376709,1.000614047050476,60509986287,20934027063.04073
02/01/2021,1.000599980354309,1.0019910335540771,0.9995409846305847,1.0018880367279053,87333964442,21123644615.38574
03/01/2021,1.000514030456543,1.0019019842147827,0.9991689920425415,1.000427007675171,120425679796,21202977966.966965
04/01/2021,1.0001280307769775,1.0029939413070679,0.9994300007820129,1.000499963760376,125906387011,21350523809.280685
05/01/2021,1.002202033996582,1.002832055091858,0.9998440146446228,1.0001740455627441,101918715244,21808226475.32642
06/01/2021,1.001528024673462,1.0028250217437744,0.999567985534668,1.0022289752960205,116105139289,21938753509.12453
07/01/2021,1.0003999471664429,1.002573013305664,0.9990699887275696,1.0014480352401733,129467601516,22300090404.1088
08/01/2021,1.0000449419021606,1.0011780261993408,0.9991350173950195,1.0003650188446045,131555961745,22825440973.45904
09/01/2021,1.0029469728469849,1.0031570196151733,0.9996370077133179,1.0000139474868774,103292241007,23523147664.187305
10/01/2021,1.0002230405807495,1.002925992012024,0.9985399842262268,1.0029239654541016,135437984723,23789558136.59055
11/01/2021,1.000586986541748,1.0010900497436523,0.9939529895782471,1.0002520084381104,180779058885,24279872324.78446
12/01/2021,1.0004140138626099,1.0012890100479126,0.9990280270576477,1.0005919933319092,117509616511,24476886629.5841
13/01/2021,1.0000170469284058,1.0010600090026855,0.9992259740829468,1.0004910230636597,98217076295,24294673600.94405
14/01/2021,0.9989640116691589,1.0008699893951416,0.9989219903945923,1.0000200271606445,97567813514,24337321169.826145
15/01/2021,0.999845027923584,1.0001670122146606,0.9985640048980713,0.99897700548172,112214718054,24213693580.926777
16/01/2021,1.000195026397705,1.001531958580017,0.9994239807128906,0.9998350143432617,101603530718,24266793529.261494
17/01/2021,1.0004140138626099,1.0007230043411255,0.9992120265960693,1.0002269744873047,91132972168,24315907744.20519
18/01/2021,1.0008039474487305,1.0011320114135742,0.9998409748077393,1.0004119873046875,81024209658,24325253500.34864
19/01/2021,1.0004359483718872,1.0022759437561035,1.0000920295715332,1.000769019126892,103734629698,24361784336.09795
20/01/2021,1.0006860494613647,1.0008549690246582,0.9988610148429871,1.000412940979004,115893865966,24298711592.612995
21/01/2021,0.9996960163116455,1.0008189678192139,0.9981439709663391,1.0006970167160034,125636003892,24773996062.93597
22/01/2021,1.0013500452041626,1.0016109943389893,0.9992600083351135,0.999754011631012,121548669235,25008394352.59355
23/01/2021,1.0005550384521484,1.0019069910049438,1.000480055809021,1.0013619661331177,80722167203,24801327622.79229
24/01/2021,1.0014170408248901,1.0031269788742065,1.00027596950531,1.0005550384521484,84413124756,24747246253.755672
25/01/2021,0.9999709725379944,1.0020699501037598,0.9996510148048401,1.0014539957046509,101158851200,24813122584.88907
26/01/2021,1.0010809898376465,1.0018260478973389,0.9999160170555115,0.9999529719352722,101647526020,24943473422.73445
27/01/2021,1.0017640590667725,1.0022039413452148,1.0004069805145264,1.0011019706726074,105901637306,25059561869.01556
28/01/2021,1.0015430450439453,1.002336025238037,1.0007649660110474,1.0017739534378052,104090387181,25255177033.61132
29/01/2021,1.0004860162734985,1.003222942352295,1.0000079870224,1.0012969970703125,183670639698,25378936181.75741
30/01/2021,1.001242995262146,1.0013329982757568,0.9999110102653503,1.0004830360412598,115648742489,25228959196.063007
31/01/2021,1.0008080005645752,1.001312017440796,1.0002620220184326,1.0012199878692627,101327508212,26260606337.8874
01/02/2021,1.0006450414657593,1.001162052154541,0.9996979832649231,1.000838041305542,117812471778,26460152363.20715
02/02/2021,1.0014270544052124,1.0017850399017334,1.0003670454025269,1.0006450414657593,112355343051,26539965348.818275
03/02/2021,1.0010130405426025,1.0023260116577148,1.0007859468460083,1.0013890266418457,106216534834,26737565393.60749
04/02/2021,1.0008039474487305,1.001531958580017,1.0005090236663818,1.0009889602661133,130071476669,27040294469.11286
05/02/2021,1.0001310110092163,1.0015740394592285,0.9999619722366333,1.0007879734039307,116242339499,27464486048.16452
06/02/2021,1.0011290311813354,1.002163052558899,1.000067949295044,1.0001269578933716,121039422025,27816326085.94585
07/02/2021,1.0012110471725464,1.0014820098876953,1.0003080368041992,1.0011240243911743,130348566847,28318232688.70404
08/02/2021,1.0010440349578857,1.0031429529190063,1.0002909898757935,1.0012409687042236,156718232410,28564384006.70739
09/02/2021,1.0012320280075073,1.0028820037841797,1.0004379749298096,1.001081943511963,155577364901,28863249466.01401
10/02/2021,1.000722050666809,1.0017030239105225,1.0003230571746826,1.0012680292129517,167294523848,29758402439.41391
11/02/2021,1.0003670454025269,1.001315951347351,1.0002399682998657,1.0007009506225586,144658901916,30256118930.225216
12/02/2021,1.0016920566558838,1.001842975616455,1.0001499652862549,1.0004669427871704,147107216422,30750705243.030983
13/02/2021,1.0008280277252197,1.0020649433135986,0.9999399781227112,1.0017019510269165,153120142052,31064574294.36725
14/02/2021,1.0007460117340088,1.0012279748916626,1.0001180171966553,1.000802993774414,138353850761,31539493807.170025
15/02/2021,1.000249981880188,1.000993013381958,0.9996939897537231,1.0007870197296143,162693579145,31950061617.477
16/02/2021,1.0004030466079712,1.000596046447754,0.9994109869003296,1.000262975692749,141032763591,32119872729.8971
17/02/2021,1.0003700256347656,1.0012719631195068,0.9998030066490173,1.0003410577774048,139150324868,32322580880.82172
18/02/2021,1.0000189542770386,1.0007879734039307,0.9995309710502625,1.0003620386123657,94966568287,32391466873.77932
19/02/2021,1.0002009868621826,1.0006979703903198,0.9991909861564636,1.0000449419021606,113649609569,33157947105.03448
20/02/2021,1.000067949295044,1.000535011291504,0.9994959831237793,1.0002280473709106,137486320908,33750136267.93632
21/02/2021,1.000331997871399,1.000825047492981,0.9997659921646118,1.0000799894332886,102446076715,34371952648.25752
22/02/2021,1.0001109838485718,1.0004730224609375,0.9989780187606812,1.0003119707107544,169690403440,34386570525.72401
23/02/2021,1.0000319480895996,1.0005420446395874,0.9974129796028137,1.000167965888977,195964923867,34756738533.76357
24/02/2021,1.0007569789886475,1.0008820295333862,0.999538004398346,0.9999949932098389,129007383618,34896050919.73742
25/02/2021,1.0001490116119385,1.0012069940567017,0.9997950196266174,1.0007460117340088,105464333625,35055733490.14547
26/02/2021,0.9999939799308777,1.000378966331482,0.9987260103225708,1.0000749826431274,124624106848,34953515263.391785
27/02/2021,1.0011780261993408,1.00131094455719,0.9993739724159241,0.9999600052833557,94710037977,35297886361.61652
28/02/2021,1.00211501121521,1.0024839639663696,1.0008330345153809,1.001220941543579,106489914975,35019017695.772484
01/03/2021,1.0004090070724487,1.0023319721221924,1.0004090070724487,1.0020869970321655,96252860017,35168931968.608925
02/03/2021,1.0010219812393188,1.001062035560608,1.0002919435501099,1.000417947769165,92797362841,35205221027.27653
03/03/2021,1.0004169940948486,1.0010989904403687,0.9999780058860779,1.001039981842041,94786928488,35648335234.61495
04/03/2021,1.000074028968811,1.000859022140503,0.9995899796485901,1.00039803981781,103244765110,35849578088.00556
05/03/2021,1.0008189678192139,1.0009219646453857,0.9998390078544617,1.0000519752502441,87483469989,36436768966.71434
06/03/2021,1.000190019607544,1.0009510517120361,0.9992820024490356,1.0007820129394531,66739320404,36442357698.78603
07/03/2021,1.0003180503845215,1.0005970001220703,1.0000050067901611,1.0001269578933716,70107811561,36505130743.97144
08/03/2021,1.000432014465332,1.0007870197296143,1.0001410245895386,1.0003130435943604,88859705060,36537451758.11312
09/03/2021,1.0006680488586426,1.0008419752120972,1.000120997428894,1.000419020652771,95447392493,36485945568.00477
10/03/2021,1.000525951385498,1.0009490251541138,1.0001989603042603,1.0006810426712036,94996172814,36891976398.89507
11/03/2021,1.0005830526351929,1.0006940364837646,0.9999319911003113,1.000599980354309,93576067866,37294121249.33685
12/03/2021,1.0003429651260376,1.0006990432739258,0.9998810291290283,1.0005539655685425,99392797660,37582370331.17996
13/03/2021,0.999845027923584,1.0007799863815308,0.9992859959602356,1.0003620386123657,105301861825,38189879216.68884
14/03/2021,0.9997910261154175,1.0003429651260376,0.9994739890098572,0.9998300075531006,83527066354,38311238719.403534
15/03/2021,1.0003739595413208,1.00101900100708,0.9994059801101685,0.9998350143432617,110958014435,38391230641.18308
16/03/2021,1.0000580549240112,1.0007230043411255,0.9992160201072693,1.000359058380127,101176062799,38533359862.69341
17/03/2021,0.9990829825401306,1.002316951751709,0.9990829825401306,1.0000369548797607,94297363539,38715432782.02733
18/03/2021,1.0009249448776245,1.0014690160751343,0.9987000226974487,0.9990310072898865,87360030730,38960558816.20573
19/03/2021,1.0026320219039917,1.0040730237960815,1.0003950595855713,1.0009679794311523,78992617747,39026603881.10389
20/03/2021,1.0022300481796265,1.0041040182113647,1.0016100406646729,1.0027660131454468,78910215980,39402122650.76657
21/03/2021,1.0012799501419067,1.0029319524765015,0.999538004398346,1.0022640228271484,75434025575,39691193064.47697
22/03/2021,1.0018110275268555,1.0040589570999146,0.9989550113677979,1.0011359453201294,86052511859,39733383314.9747
23/03/2021,1.001194953918457,1.0024440288543701,1.0003650188446045,1.0018110275268555,87718238071,39779162452.00496
24/03/2021,1.0013010501861572,1.0023200511932373,0.9997190237045288,1.0010240077972412,97177670255,39679592730.53306
25/03/2021,1.0010160207748413,1.0015339851379395,0.9997249841690063,1.0012420415878296,97273950074,39874985485.65208
26/03/2021,1.001222014427185,1.002558946609497,0.9995599985122681,1.0010329484939575,82935770974,40325387954.373184
27/03/2021,1.000601053237915,1.0019340515136719,0.9998720288276672,1.0012860298156738,73586222744,40289735331.71208
28/03/2021,1.0006070137023926,1.002413034439087,1.000082015991211,1.0005029439926147,69313550904,40515567103.37723
29/03/2021,0.9997590184211731,1.0006760358810425,0.9992589950561523,1.0006389617919922,80873581836,40696987500.41536
30/03/2021,1.0008959770202637,1.0010000467300415,0.9990050196647644,0.9998040199279785,82702790409,40527975007.60046
31/03/2021,1.0000200271606445,1.0024529695510864,0.9993780255317688,1.000815987586975,111253962206,40730247053.68744
01/04/2021,1.0004639625549316,1.0015449523925781,0.9997149705886841,0.999983012676239,108310288784,40816914163.929474
02/04/2021,1.0005760192871094,1.0023239850997925,0.9984229803085327,1.0006150007247925,103736039046,40835188151.57636
03/04/2021,1.0030850172042847,1.0032609701156616,0.9980469942092896,1.0005079507827759,109584392991,41789686877.69644
04/04/2021,1.0034019947052002,1.0115159749984741,1.001081943511963,1.0031449794769287,99459708393,42448788685.50856
05/04/2021,1.0002540349960327,1.00485098361969,0.9997860193252563,1.0034379959106445,132303093446,42493963928.16808
06/04/2021,1.0016800165176392,1.002012014389038,0.9995239973068237,1.0001059770584106,145941395057,42544365000.30919
07/04/2021,1.0018550157546997,1.0025889873504639,1.0003700256347656,1.0016069412231445,161005666625,43125054016.87094
08/04/2021,1.0001670122146606,1.0018830299377441,1.0001440048217773,1.0018830299377441,100309980611,43178291900.996994
09/04/2021,1.0010980367660522,1.0017540454864502,1.000241994857788,1.0006599426269531,86500025530,43829500562.84908
10/04/2021,1.0004689693450928,1.0021589994430542,0.9974039793014526,1.001109004020691,111560200798,43883964992.77502
11/04/2021,1.0021770000457764,1.0025830268859863,0.9986940026283264,1.0005240440368652,100277986732,44559427154.3627
12/04/2021,0.9999369978904724,1.0022350549697876,0.9989410042762756,1.0021610260009766,106711464727,44446295786.07
13/04/2021,0.9992750287055969,1.001296043395996,0.9988290071487427,1.0000189542770386,137132738350,44597273098.82286
14/04/2021,1.0015900135040283,1.0026429891586304,0.9990119934082031,0.9992349743843079,172073450566,45518007079.69161
15/04/2021,1.000877022743225,1.0036959648132324,1.0005079507827759,1.0014959573745728,134206127794,45928633894.53902
16/04/2021,1.0023449659347534,1.0039149522781372,1.0000929832458496,1.0010859966278076,232378434390,46601536890.78333
17/04/2021,1.0115300416946411,1.0118680000305176,0.9995489716529846,1.0024340152740479,178501336545,46966476338.49882
18/04/2021,1.0001039505004883,1.0280450582504272,0.9998000264167786,1.011404037475586,226468468195,47980429555.13232
19/04/2021,0.9998649954795837,1.0002000331878662,0.9998000264167786,0.9999529719352722,169646878924,48440253076.1749
20/04/2021,0.9999380111694336,1.0002000331878662,0.999800980091095,0.9999359846115112,171214521691,48246126852.29021
21/04/2021,0.9999319911003113,1.0002000331878662,0.9998019933700562,1.0000920295715332,130529572776,48820994300.749
22/04/2021,1.0000900030136108,1.0001989603042603,0.9998000264167786,0.9999439716339111,166853483576,49176280914.27819
23/04/2021,1.0001620054244995,1.0002000331878662,0.999800980091095,0.9999459981918335,200928310345,49655032885.85445
24/04/2021,0.999908983707428,1.0001989603042603,0.9998000264167786,1.0001380443572998,105265165685,49477553574.902
25/04/2021,0.9999340176582336,1.0002000331878662,0.9998000264167786,1.0001360177993774,91733321074,49501156852.96325
26/04/2021,1.0000419616699219,1.0002000331878662,0.9998000264167786,1.000154972076416,114746493323,50300761608.34373
27/04/2021,1.0000619888305664,1.0002000331878662,0.9998000264167786,0.9998409748077393,100848882802,50177957598.77153
28/04/2021,1.0000519752502441,1.0002000331878662,0.999800980091095,1.000162959098816,107174178546,50288933664.67886
29/04/2021,0.999966025352478,1.0001989603042603,0.999800980091095,0.999813973903656,93716158086,51109245003.48066
30/04/2021,1.0000089406967163,1.0002000331878662,0.9998000264167786,1.0000439882278442,99120376275,51252930927.272285
01/05/2021,1.0001109838485718,1.0002000331878662,0.9998000264167786,0.999871015548706,93561408428,51180431595.88118
02/05/2021,1.0001319646835327,1.0002000331878662,0.9998000264167786,0.9999120235443115,87140031400,51679435029.64995
03/05/2021,1.0001649856567383,1.0002000331878662,0.9998000264167786,0.9999589920043945,115365514515,51994800962.15627
04/05/2021,0.9999510049819946,1.0001989603042603,0.9998000264167786,0.9999309778213501,184507815469,52331138431.29154
05/05/2021,0.999875009059906,1.0001989603042603,0.9998000264167786,0.999983012676239,194666058568,52279586920.02838
06/05/2021,1.000169038772583,1.0002000331878662,0.9998000264167786,1.00006902217865,209142160582,53023829034.18421
07/05/2021,1.0001660585403442,1.0002000331878662,0.9998000264167786,1.000048041343689,195953903780,53739048757.24177
08/05/2021,1.0000779628753662,1.0002000331878662,0.9998000264167786,0.9999489784240723,154970468014,54969338625.9576
09/05/2021,1.0000580549240112,1.0002000331878662,0.999800980091095,1.000167965888977,177124716916,55472173385.97693
10/05/2021,1.0001369714736938,1.0001989603042603,0.9998000264167786,0.999800980091095,196654261473,55793170948.99948
11/05/2021,0.9999669790267944,1.0002000331878662,0.9998000264167786,0.9998130202293396,175304543466,56104046205.3234
12/05/2021,0.9999930262565613,1.0002000331878662,0.9998000264167786,1.0000669956207275,179881127372,56741107698.80232
13/05/2021,0.9998679757118225,1.0002000331878662,0.999800980091095,0.9999200105667114,238503239903,57651461403.71861
14/05/2021,0.9999650120735168,1.0002000331878662,0.9998000264167786,1.0000959634780884,157669573391,57935084385.193886
15/05/2021,0.9998229742050171,1.0002000331878662,0.999800980091095,0.9999600052833557,160240116663,58027326444.74941
16/05/2021,0.9999750256538391,1.0001989603042603,0.999800980091095,1.0001239776611328,156189820298,58377161526.95669
17/05/2021,0.9998019933700562,1.0002000331878662,0.9998000264167786,0.9998509883880615,174105627753,58715150844.1361
18/05/2021,1.0006799697875977,1.0019949674606323,0.9998019933700562,0.999983012676239,139497732905,58391640940.34363
19/05/2021,1.0016160011291504,1.001999020576477,0.9986280202865601,1.0006200075149536,279067455600,58284037564.00141
20/05/2021,1.001852035522461,1.0019960403442383,1.0008879899978638,1.0017249584197998,203389167819,58182230212.21091
21/05/2021,1.0018880367279053,1.0019999742507935,1.0009560585021973,1.0019069910049438,175788781082,58467894310.534
22/05/2021,1.0015549659729004,1.0019969940185547,1.0006580352783203,1.0019619464874268,123183907998,58629178479.0463
23/05/2021,1.0016740560531616,1.0019960403442383,1.000445008277893,1.0015690326690674,166357484552,59767412543.60663
24/05/2021,1.001471996307373,1.001997947692871,1.0010290145874023,1.0016230344772339,150726607629,59697759251.17236
25/05/2021,1.00114905834198,1.0019999742507935,1.0010099411010742,1.001423954963684,133337899988,59790210429.48368
26/05/2021,1.0017659664154053,1.001999020576477,1.0008089542388916,1.0011130571365356,115346863805,60307482210.61514
27/05/2021,1.0009909868240356,1.001999020576477,1.0006979703903198,1.0017889738082886,98115089359,60846903800.987366
28/05/2021,1.0004810094833374,1.0016720294952393,1.0003440380096436,1.0009069442749023,114444985848,61056295404.959816
29/05/2021,1.000391960144043,1.0011719465255737,1.0000859498977661,1.000499963760376,93338666927,61346578032.86604
30/05/2021,1.0000629425048828,1.0008209943771362,0.9996500015258789,1.000372052192688,76081689608,61416977214.08549
31/05/2021,1.0005329847335815,1.0012680292129517,0.9999650120735168,0.9999859929084778,87983357586,61799686628.76984
01/06/2021,1.0001089572906494,1.001065969467163,0.9997389912605286,1.0004780292510986,84110288079,61813544731.17228
02/06/2021,1.0005500316619873,1.0008519887924194,0.9997599720954895,1.0000710487365723,80399629557,62110159632.3293
03/06/2021,1.0005710124969482,1.0009269714355469,0.9999799728393555,1.0003650188446045,79950612936,61905332784.33841
04/06/2021,1.0010379552841187,1.001471996307373,1.0000890493392944,1.0004550218582153,92563710563,61834495647.83147
05/06/2021,1.0003130435943604,1.0016249418258667,1.0000859498977661,1.0011459589004517,74062610826,62160346215.40116
06/06/2021,1.0008399486541748,1.0010210275650024,1.0002789497375488,1.0004700422286987,54108953419,62319635037.66653
07/06/2021,1.0007890462875366,1.0012160539627075,0.9999139904975891,1.0008529424667358,70487554952,62589210931.38007
08/06/2021,1.001189947128296,1.0016340017318726,1.0003989934921265,1.000728964805603,96727203765,62445503052.28378
09/06/2021,1.0005719661712646,1.0015590190887451,1.0002310276031494,1.0012129545211792,92231696007,62613679392.342094
10/06/2021,1.0007380247116089,1.0010390281677246,1.0001649856567383,1.0005320310592651,72706032485,62667272867.502815
11/06/2021,1.0005110502243042,1.0009980201721191,0.9999459981918335,1.000764012336731,62233050872,63018063098.887535
12/06/2021,1.0011399984359741,1.0012110471725464,1.0000959634780884,1.0004849433898926,62020661713,62813263302.05801
13/06/2021,0.9997329711914062,1.0012919902801514,0.9995689988136292,1.0011370182037354,62855843708,63041668654.45564
14/06/2021,1.0006259679794312,1.0007820129394531,0.9996169805526733,0.9996950030326843,64693139740,62737616333.26689
15/06/2021,1.0003770589828491,1.0104249715805054,0.9997429847717285,1.0004650354385376,69666548571,62843943664.46463
16/06/2021,1.0000230073928833,1.000910997390747,0.9993879795074463,1.0003880262374878,60779453764,62955531640.44513
17/06/2021,1.0007450580596924,1.0007450580596924,0.9997419714927673,1.0001120567321777,55428282562,62680833589.64867
18/06/2021,1.001749038696289,1.0019999742507935,0.999879002571106,1.000704050064087,58250506049,62915990238.76702
19/06/2021,1.001451015472412,1.0019960403442383,1.0003819465637207,1.0016460418701172,48324762375,62781866043.7493
20/06/2021,1.0008749961853027,1.0016119480133057,1.0003479719161987,1.0015480518341064,57176763747,63022640616.29419
21/06/2021,1.0000890493392944,1.001781940460205,0.9999529719352722,1.0009139776229858,90616591970,62833355064.24628
22/06/2021,1.0010019540786743,1.0017770528793335,0.9998959898948669,1.000156044960022,101175206595,62433331566.12474
23/06/2021,1.0007460117340088,1.0011420249938965,1.0003900527954102,1.0009620189666748,78451207170,62958009950.42254
24/06/2021,1.0001490116119385,1.0009839534759521,0.9999079704284668,1.0007259845733643,54635236494,63059140318.667175
25/06/2021,0.999845027923584,1.0005830526351929,0.9989529848098755,1.0000929832458496,66436810480,62965359730.8175
26/06/2021,1.0012140274047852,1.0013209581375122,0.9996860027313232,0.9998549818992615,60323833680,62770695879.09725
27/06/2021,1.000641942024231,1.0019999742507935,1.0005240440368652,1.0012600421905518,53158745469,63630251952.029495
28/06/2021,0.9999279975891113,1.000802993774414,0.9998829960823059,1.0006890296936035,56773812735,63238142380.06459
29/06/2021,1.0000239610671997,1.000810980796814,0.9999009966850281,0.9999510049819946,64868482234,62957687636.87211
30/06/2021,1.000216007232666,1.000633955001831,0.999705970287323,1.00005304813385,62591206838,62662681797.322105
01/07/2021,1.0002260208129883,1.0006400346755981,0.9999970197677612,1.0002009868621826,54577458289,62778375249.01169
02/07/2021,1.0000330209732056,1.000830054283142,0.9999909996986389,1.0003010034561157,45626594041,62764949426.17835
03/07/2021,0.9999560117721558,1.0006740093231201,0.9999139904975891,1.0000460147857666,41194990425,62826352745.32187
04/07/2021,0.9995009899139404,1.0001649856567383,0.9989020228385925,0.999987006187439,43066655708,62773752278.34914
05/07/2021,1.0006669759750366,1.001039981842041,0.999426007270813,0.999426007270813,47215849676,62252247474.50231
06/07/2021,1.0000900030136108,1.0008790493011475,0.9998250007629395,1.0007280111312866,51054194253,62795464774.85488
07/07/2021,1.000707983970642,1.0007920265197754,0.9997720122337341,1.000022053718567,50370827531,62673222840.5625
08/07/2021,0.9998999834060669,1.001404047012329,0.9996979832649231,1.0006279945373535,54546974469,62500080597.00939
09/07/2021,0.9996389746665955,1.000133991241455,0.9994999766349792,0.9998970031738281,48513127150,62650981204.45979
10/07/2021,0.9999799728393555,1.000535011291504,0.9994609951972961,0.9997329711914062,39811881630,62597287223.69701
11/07/2021,1.0002249479293823,1.0010930299758911,0.9999189972877502,1.0000510215759277,33700882503,62625649753.64239
12/07/2021,1.000270962715149,1.0008200407028198,0.9999250173568726,1.0002340078353882,40963905755,62447338867.627785
13/07/2021,0.9998999834060669,1.0009039640426636,0.999879002571106,1.0003600120544434,40689021551,62544311505.03951
14/07/2021,1.0001349449157715,1.0007619857788086,0.9998810291290283,1.0000200271606445,45371034562,62625079420.59769
15/07/2021,0.9999470114707947,1.000411033630371,0.9998120069503784,1.0001239776611328,45208496773,62311226405.84341
16/07/2021,1.0003730058670044,1.0004889965057373,0.9999470114707947,0.9999539852142334,45730099926,62399251245.14264
17/07/2021,1.0005520582199097,1.0009080171585083,1.000040054321289,1.000365972518921,39163445316,62114787443.555466
18/07/2021,1.00062096118927,1.000769019126892,0.9995629787445068,1.0005580186843872,36385511871,62276606129.46747
19/07/2021,1.0000929832458496,1.0006999969482422,0.9998720288276672,1.0006450414657593,40152920396,62544907666.8297
20/07/2021,1.000296950340271,1.000527024269104,1.0000050067901611,1.0001109838485718,45790527475,62305629667.531
21/07/2021,1.0002659559249878,1.000465989112854,0.9998109936714172,1.0002919435501099,57772259331,62179886375.77305
22/07/2021,1.0002169609069824,1.0006239414215088,0.9996989965438843,1.0002080202102661,45353041839,62271271235.8455
23/07/2021,1.0003260374069214,1.000802993774414,0.999858021736145,1.0002650022506714,48879632451,62140538003.42053
24/07/2021,1.0006979703903198,1.0011249780654907,1.000033974647522,1.0002950429916382,51306998692,62087552802.60452
25/07/2021,1.000162959098816,1.0007799863815308,0.999206006526947,1.0006920099258423,45864253744,62150298514.33958
26/07/2021,1.0002540349960327,1.000741958618164,0.9997640252113342,1.0001840591430664,92450192578,62035298715.44801
27/07/2021,1.0001319646835327,1.0007020235061646,0.9999390244483948,1.0001039505004883,67906963431,62186756799.6841
28/07/2021,1.0001169443130493,1.0006519556045532,0.9998340010643005,1.0000849962234497,64211172842,62234987754.13596
29/07/2021,1.0002779960632324,1.0009510517120361,0.9999039769172668,1.000072956085205,49910679856,61826846626.10663
30/07/2021,1.0002830028533936,1.0012229681015015,0.9998940229415894,1.0002989768981934,58525027371,62121870026.30956
31/07/2021,1.0002720355987549,1.0008540153503418,0.9999300241470337,1.000385046005249,51394668827,62114781308.95088
01/08/2021,1.0003410577774048,1.0007200241088867,0.9998959898948669,1.0004489421844482,56095370226,61982505061.26139
02/08/2021,1.000540018081665,1.0007200241088867,0.9999690055847168,1.000393033027649,51732217398,62277717172.19945
03/08/2021,1.0003039836883545,1.0007460117340088,0.9999499917030334,1.0005760192871094,53595668066,62235948822.67959
04/08/2021,1.0000940561294556,1.000396966934204,0.999779999256134,1.000288963317871,55269578265,62418179896.02379
05/08/2021,1.0000970363616943,1.000491976737976,0.9996569752693176,1.0001250505447388,67359787062,62018887952.65087
06/08/2021,1.0003819465637207,1.0004359483718872,0.9999790191650391,1.0000770092010498,69278482398,62246711954.47813
07/08/2021,1.0003859996795654,1.0007469654083252,1.0000799894332886,1.0003360509872437,83779571867,62311902806.26283
08/08/2021,1.0002490282058716,1.0005569458007812,0.9999150037765503,1.0005379915237427,74286538738,62320920591.05877
09/08/2021,1.0001529455184937,1.0004969835281372,0.9999920129776001,1.0001139640808105,77735706184,62528591970.50717
10/08/2021,1.0003149509429932,1.0009130239486694,0.9997609853744507,1.0001720190048218,74336970320,62530992250.83514
11/08/2021,1.000535011291504,1.001073956489563,0.9998180270195007,1.0002750158309937,87167321396,62714116807.46092
12/08/2021,1.0005420446395874,1.001054048538208,0.9999359846115112,1.0005149841308594,82791032054,62917564699.41276
13/08/2021,1.0002599954605103,1.001047968864441,0.9998909831047058,1.0006530284881592,73792175888,63262016420.84038
14/08/2021,1.0005860328674316,1.0010279417037964,1.0000859498977661,1.0001859664916992,76879764304,63170658193.728645
15/08/2021,1.000643014907837,1.0015289783477783,1.0001319646835327,1.0006890296936035,77556076133,63506317810.85208
16/08/2021,1.0004379749298096,1.0010629892349243,0.9998310208320618,1.0005680322647095,84438013592,63683568339.24468
17/08/2021,1.0002189874649048,1.0006129741668701,1.0000460147857666,1.0003869533538818,87487581579,63948326323.20567
18/08/2021,1.000473976135254,1.000730037689209,1.0000840425491333,1.0001640319824219,79562378117,64394092487.11692
19/08/2021,0.9996849894523621,1.0006849765777588,0.9993669986724854,1.000499963760376,79535190853,64430838255.01523
20/08/2021,1.0006680488586426,1.000730037689209,0.9996029734611511,0.9997779726982117,75007653647,64498000091.569534
21/08/2021,1.0007100105285645,1.000918984413147,1.0001009702682495,1.0005899667739868,77546194009,64751172752.67498
22/08/2021,1.0008790493011475,1.001937985420227,0.9998310208320618,1.000669002532959,63054090156,65031061327.55296
23/08/2021,1.0008009672164917,1.0011459589004517,1.0000330209732056,1.000872015953064,78500144394,65323477628.598434
24/08/2021,1.000262975692749,1.0011190176010132,0.9999889731407166,1.000764012336731,82298987461,65164646791.382805
25/08/2021,1.000359058380127,1.0005300045013428,1.0000619888305664,1.0004290342330933,78253794427,65445282987.35619
26/08/2021,1.0004299879074097,1.0007109642028809,1.0000710487365723,1.0002330541610718,75138574324,65829983682.69565
27/08/2021,1.0003550052642822,1.0011709928512573,1.0001189708709717,1.0003989934921265,77373122984,65635362613.41195
28/08/2021,1.000627040863037,1.0013879537582397,0.9999200105667114,1.000404953956604,62963190536,65932440977.79587
29/08/2021,1.0012249946594238,1.0015790462493896,1.0001360177993774,1.0005749464035034,61330496817,65898684244.86873
30/08/2021,1.0005079507827759,1.0013689994812012,1.0001929998397827,1.0010980367660522,72843224247,65810347296.26956
31/08/2021,1.0005290508270264,1.0009020566940308,1.0001260042190552,1.0006179809570312,86200102965,65898199595.46627
01/09/2021,1.0003210306167603,1.000846028327942,0.9999740123748779,1.0006320476531982,86157816302,66120214794.14732
02/09/2021,1.0002809762954712,1.0006799697875977,0.9998279809951782,1.0003520250320435,85187889141,66048068488.172165
03/09/2021,1.0002199411392212,1.0005550384521484,1.0000319480895996,1.000380039215088,94333024390,66094643840.35944
04/09/2021,1.000383973121643,1.0008280277252197,1.0001219511032104,1.0002950429916382,84730751345,66805863938.192245
05/09/2021,1.0002609491348267,1.0007109642028809,1.0000590085983276,1.0005120038986206,80204406658,66972242473.77342
06/09/2021,0.9998720288276672,1.000859022140503,0.9995980262756348,1.0002880096435547,95052134923,67199682876.97891
07/09/2021,1.000493049621582,1.0013400316238403,0.9996790289878845,1.0000239610671997,163058669007,67905439808.9109
08/09/2021,1.0002399682998657,1.0007350444793701,1.000095009803772,1.00068998336792,126616185419,68079879671.11529
09/09/2021,1.0001460313796997,1.0008779764175415,1.0000230073928833,1.0003290176391602,99828369723,69440355785.13605
10/09/2021,1.0003199577331543,1.000704050064087,0.9998810291290283,1.0001720190048218,96977805029,69442556613.454
11/09/2021,1.000978946685791,1.0011190176010132,0.99965500831604,1.000298023223877,77837822625,69151319362.9327
12/09/2021,0.9996979832649231,1.0011539459228516,0.9992709755897522,1.001041054725647,73080229538,69259977035.20502
13/09/2021,1.0002349615097046,1.0007309913635254,0.9994540214538574,0.999625027179718,97652941470,70052465366.25742
14/09/2021,1.0004810094833374,1.0011459589004517,1.0000920295715332,1.0003130435943604,77354384513,69480907310.65578
15/09/2021,1.0004600286483765,1.000862956047058,0.9999880194664001,1.0005160570144653,67018323452,69533002536.36626
16/09/2021,1.0004509687423706,1.0006870031356812,1.000115990638733,1.000331997871399,76304339417,69396384924.59024
17/09/2021,0.9996479749679565,1.0010379552841187,0.9995359778404236,1.0002939701080322,67211526457,69516780239.32883
18/09/2021,0.999472975730896,1.0010299682617188,0.9990919828414917,0.999625027179718,60077519832,69622935588.14761
19/09/2021,1.0004420280456543,1.0018370151519775,0.9981870055198669,0.9994900226593018,55435472929,69503703942.77008
20/09/2021,0.9999160170555115,1.0005359649658203,0.999813973903656,1.0003420114517212,100128036827,69596130936.817
21/09/2021,1.0000879764556885,1.0005329847335815,0.9998250007629395,1.000048041343689,97283217005,69521719398.03432
22/09/2021,1.000040054321289,1.0009770393371582,0.9999529719352722,1.0000499486923218,80708278656,69104773859.16185
23/09/2021,1.0005079507827759,1.001358985900879,0.9998739957809448,1.0000430345535278,71255677560,69542040675.65433
24/09/2021,1.0008200407028198,1.0014400482177734,0.9999120235443115,1.0005940198898315,93076113024,69524647805.21138
25/09/2021,1.0009889602661133,1.0016779899597168,1.0003730058670044,1.0009039640426636,66583739947,69909498276.36485
26/09/2021,1.0007250308990479,1.0013519525527954,1.0004199743270874,1.0009050369262695,78196884599,69690920736.60127
27/09/2021,1.000512957572937,1.0013550519943237,0.9999079704284668,1.00075101852417,70088186310,69683532760.93185
28/09/2021,1.000298023223877,1.0008389949798584,1.0000890493392944,1.0004609823226929,66373042997,69173287077.03949
29/09/2021,1.0002820491790771,1.0006530284881592,0.9997450113296509,1.0004030466079712,64767185195,69339344817.41685
30/09/2021,1.000154972076416,1.0005160570144653,0.9995369911193848,1.0003819465637207,65935536533,69575416296.99934
01/10/2021,1.0001779794692993,1.0004140138626099,0.9997950196266174,1.0001150369644165,81411630527,69520021605.50893
02/10/2021,1.00028395652771,1.0005539655685425,1.0000029802322388,1.0001070499420166,67747297412,69067396367.22952
03/10/2021,1.0002009868621826,1.0006099939346313,0.9997230172157288,1.0004220008850098,61784201197,69069226755.27443
04/10/2021,0.9998379945755005,1.0005840063095093,0.9993910193443298,1.0002590417861938,74166327976,69113874336.21835
05/10/2021,1.000440001487732,1.0010390281677246,0.9994860291481018,0.999858021736145,76210707722,69149565678.90337
06/10/2021,1.0003169775009155,1.0011980533599854,0.9993429780006409,1.0004559755325317,96553805180,69039446922.98497
07/10/2021,1.0003750324249268,1.00114905834198,0.9995549917221069,1.0004769563674927,91580420731,68940330351.21466
08/10/2021,1.000115990638733,1.000465989112854,0.9997900128364563,1.00040602684021,79865522045,69153679449.04478
09/10/2021,1.0000460147857666,1.0004099607467651,0.9999150037765503,1.0000040531158447,67391135102,69269803971.06595
10/10/2021,1.0010180473327637,1.0011260509490967,0.9994660019874573,1.0001280307769775,69927661418,69272618744.1542
11/10/2021,1.0006959438323975,1.0011450052261353,0.9998279809951782,1.0009520053863525,75741431317,69282890259.7031
12/10/2021,1.0000959634780884,1.0010319948196411,0.9999790191650391,1.0006190538406372,73275476508,69739533709.22461
13/10/2021,1.0000970363616943,1.0007569789886475,0.9994850158691406,0.9999200105667114,78117249743,69705691583.79837
14/10/2021,1.000033974647522,1.000298023223877,0.9996830224990845,1.0000619888305664,68955958208,69800578220.74155
15/10/2021,0.9991520047187805,1.0005890130996704,0.9989669919013977,0.9999769926071167,89456766433,69638061209.82117
16/10/2021,1.000040054321289,1.000177025794983,0.9990260004997253,0.9991350173950195,65419462010,69586865296.0703
17/10/2021,1.0002800226211548,1.0006810426712036,0.999472975730896,1.0000100135803223,57600914728,70147619752.58374
18/10/2021,1.0000189542770386,1.0005680322647095,0.9993469715118408,1.0003299713134766,66503250420,69917271306.04384
19/10/2021,1.0001169443130493,1.0006029605865479,0.9994779825210571,1.0000590085983276,62387883982,70074600268.87062
20/10/2021,0.9999399781227112,1.0006890296936035,0.9996119737625122,1.0001369714736938,70187915900,69936270370.84071
21/10/2021,1.000022053718567,1.0004359483718872,0.9993810057640076,0.9998769760131836,84189482202,70104463102.0962
22/10/2021,0.999879002571106,1.000445008277893,0.9995790123939514,1.0000239610671997,73919161798,70426351670.02061
23/10/2021,1.0008230209350586,1.000920057296753,0.9998030066490173,0.9999240040779114,55395032239,70699830053.87726
24/10/2021,1.0002230405807495,1.0010939836502075,0.999118983745575,1.0008560419082642,66669467996,70792324588.49191
25/10/2021,0.9993749856948853,1.0009820461273193,0.9991509914398193,1.0002189874649048,66194185821,70679207194.67644
26/10/2021,1.0002280473709106,1.0007599592208862,0.999347984790802,0.9994509816169739,77630649473,70815319784.74788
27/10/2021,1.0007909536361694,1.0015759468078613,0.9995819926261902,1.0002390146255493,124069805053,70895565804.799
28/10/2021,1.0004839897155762,1.001067042350769,1.0002820491790771,1.0008009672164917,121660107352,70922567494.52975
29/10/2021,1.0000489950180054,1.000967025756836,0.999472975730896,1.0004279613494873,87302831458,71063969239.02475
30/10/2021,1.0005179643630981,1.0011019706726074,0.9995790123939514,1.0000720024108887,86474453142,71315484748.21617
31/10/2021,1.0003759860992432,1.0016679763793945,0.9994400143623352,1.000383973121643,91561112863,71422333862.6945
01/11/2021,1.0002909898757935,1.0013350248336792,0.9998390078544617,1.0003819465637207,87025283378,71151207596.78554
02/11/2021,1.0008150339126587,1.0014100074768066,0.9999160170555115,1.0003689527511597,149878312204,71240202915.8933
03/11/2021,1.0006779432296753,1.0014270544052124,1.0002570152282715,1.0008219480514526,89436836448,71354969505.35703
04/11/2021,1.0008569955825806,1.0012840032577515,1.0004969835281372,1.000648021697998,87280485610,71984975485.46793
05/11/2021,1.0015530586242676,1.0018980503082275,1.000702977180481,1.0009750127792358,76677676369,72351970648.42763
06/11/2021,1.0014539957046509,1.0016679763793945,1.0006150007247925,1.0015449523925781,65151095549,73061551588.98027
07/11/2021,1.0015170574188232,1.001958966255188,1.0006309747695923,1.001315951347351,55905241687,72974381348.26666
08/11/2021,1.0004429817199707,1.0015870332717896,1.0001540184020996,1.0014230012893677,82548510715,73749377876.57724
09/11/2021,1.000201940536499,1.0012279748916626,1.0001219511032104,1.0005220174789429,93002275939,74778838817.55164
10/11/2021,1.0000970363616943,1.0019869804382324,0.9980289936065674,1.0001009702682495,113809197171,74780223270.60342
11/11/2021,1.0006439685821533,1.0019969940185547,0.9980409741401672,1.0003570318222046,83970826408,75077270861.92938
12/11/2021,1.0001139640808105,1.001994013786316,0.9980890154838562,1.0014480352401733,82883678293,74954116804.82545
13/11/2021,1.0008480548858643,1.00199294090271,0.9980289936065674,0.999110996723175,65797472687,74984703283.84624
14/11/2021,1.0003670454025269,1.001952052116394,0.9980909824371338,1.0008419752120972,54429579952,75044087945.3216
15/11/2021,1.0015020370483398,1.0019880533218384,0.9981579780578613,1.0002599954605103,64113625426,75139550993.33946
16/11/2021,1.0006749629974365,1.033018946647644,0.9981600046157837,1.0014569759368896,98954557342,74842834674.18434
17/11/2021,1.0000629425048828,1.0200469493865967,0.9980159997940063,1.0004889965057373,84478860409,74574774697.70978
18/11/2021,0.999970018863678,1.0019639730453491,0.9981030225753784,1.000169038772583,95287465626,74996127427.93594
19/11/2021,1.0008200407028198,1.001999020576477,0.9980409741401672,1.0000699758529663,82193745588,74839689103.10695
20/11/2021,1.0003620386123657,1.0019999742507935,0.9984139800071716,1.0006799697875977,72417177800,74229030617.11084
21/11/2021,1.0008729696273804,1.001999020576477,0.9980940222740173,0.999638020992279,69057268195,74321124405.11768
22/11/2021,1.0004509687423706,1.001986026763916,0.9980800151824951,1.0012880563735962,79375135623,74291815408.22751
23/11/2021,1.0001250505447388,1.0025140047073364,0.9980440139770508,1.0005069971084595,84196469142,73928379179.99261
24/11/2021,1.0006970167160034,1.0019919872283936,0.9980469942092896,0.9999859929084778,84317323264,73494502902.18185
25/11/2021,0.9996010065078735,1.0019899606704712,0.9982929825782776,0.9994829893112183,91394294449,73474319799.91458
26/11/2021,1.0003670454025269,1.0019810199737549,0.9982609748840332,1.0009859800338745,106740129710,73352503175.17024
27/11/2021,1.0010989904403687,1.001999020576477,0.9983050227165222,1.0002870559692383,73666340601,73748556193.78314
28/11/2021,1.0001250505447388,1.001999020576477,0.9985389709472656,1.0012810230255127,73452340871,73949327613.93976
29/11/2021,1.000525951385498,1.001966953277588,0.998104989528656,0.9999290108680725,73041134842,73995047440.41933
30/11/2021,1.0002859830856323,1.001924991607666,0.9984229803085327,1.0005830526351929,87396693339,74251120216.92519
01/12/2021,1.0002549886703491,1.0019760131835938,0.9984729886054993,1.0004489421844482,80908197091,74252385372.04616
02/12/2021,1.0001740455627441,1.001999020576477,0.9981719851493835,1.0002340078353882,77139535799,75043097238.20303
03/12/2021,1.0006170272827148,1.00199294090271,0.9984409809112549,0.9999930262565613,92639344690,74875807714.30792
04/12/2021,1.0000070333480835,1.0019969940185547,0.9987660050392151,1.000504970550537,138598008408,75168454209.84581
05/12/2021,1.0006300210952759,1.0019969940185547,0.9985470175743103,0.9998610019683838,82054153191,75212215910.51723
06/12/2021,1.0013619661331177,1.001952052116394,0.9982720017433167,1.0006320476531982,93691250219,76606478055.06642
07/12/2021,1.000972032546997,1.001994013786316,0.9992679953575134,1.0012400150299072,76247192218,76491283330.87897
08/12/2021,0.9993659853935242,1.00198495388031,0.9980130195617676,1.0009410381317139,69621457268,77389032829.05327
09/12/2021,1.0008820295333862,1.0019760131835938,0.9981380105018616,0.9989699721336365,69831553004,77339876908.30652
10/12/2021,1.0017399787902832,1.00198495388031,0.9980250000953674,1.0005910396575928,68959994142,77154353572.33357
11/12/2021,1.0005559921264648,1.0019960403442383,0.9980459809303284,1.001641035079956,57132834419,76862460767.72542
12/12/2021,1.0010509490966797,1.001939058303833,0.9980720281600952,1.000959038734436,46141935617,77193390367.98996
13/12/2021,1.0001310110092163,1.001994013786316,0.9980890154838562,1.0006170272827148,66458705759,77362822148.61008
14/12/2021,1.000648021697998,1.001999020576477,0.9981809854507446,1.000380039215088,72787499023,77266043808.12828
15/12/2021,1.0004019737243652,1.0012060403823853,0.9980959892272949,1.0004630088806152,77440719349,77456641505.74622
16/12/2021,1.0002599954605103,1.001999020576477,0.9985160231590271,1.0002299547195435,60612599459,77674023096.27138
17/12/2021,1.000838041305542,1.0019960403442383,0.9981510043144226,1.0000929832458496,69599166416,77032025806.2482
18/12/2021,1.0001829862594604,1.0019689798355103,0.9981989860534668,1.0003559589385986,55813387710,77305287658.43419
19/12/2021,0.9999880194664001,1.0019580125808716,0.9982619881629944,1.000040054321289,49752180810,77309517759.5561
20/12/2021,0.9989709854125977,1.0019969940185547,0.9980729818344116,1.0000790357589722,66647887174,77211484120.03555
21/12/2021,1.000396966934204,1.0019570589065552,0.9980199933052063,0.9988800287246704,55687834682,77830601891.26454
22/12/2021,1.000331997871399,1.0019880533218384,0.9980289936065674,1.0005439519882202,57931430463,77545654776.21895
23/12/2021,1.0003880262374878,1.0019869804382324,0.9982140064239502,1.0004700422286987,69151777565,77453048547.20584
24/12/2021,1.0012019872665405,1.001997947692871,0.9981229901313782,1.0002800226211548,60467261268,77464257576.8489
25/12/2021,0.9999229907989502,1.001997947692871,0.9980260133743286,1.0010279417037964,48124514320,77872284861.31926
26/12/2021,1.0004489421844482,1.0019659996032715,0.9981359839439392,0.9999899864196777,50593058831,78082501156.49654
27/12/2021,0.9999439716339111,1.0019969940185547,0.9980090260505676,1.0003290176391602,54788742594,78137948111.21103
28/12/2021,1.0011680126190186,1.0019969940185547,0.9984930157661438,0.9995710253715515,74531099414,78035844533.15807
29/12/2021,1.0002939701080322,1.0019810199737549,0.9980440139770508,1.0012530088424683,63544101067,78185516708.31612
30/12/2021,1.0010360479354858,1.0019559860229492,0.9983000159263611,1.0001989603042603,54862404131,78072057579.75955
31/12/2021,1.000188946723938,1.0009549856185913,0.9995599985122681,1.0009549856185913,57299598140,78441569755.0627
01/01/2022,1.000499963760376,1.0007469654083252,1.0000300407409668,1.0000929832458496,43336209524,78396945715.20705
02/01/2022,1.0004600286483765,1.000849962234497,1.0001599788665771,1.0004910230636597,43202922802,78778422990.22394
03/01/2022,1.0001649856567383,1.0007270574569702,1.000040054321289,1.000452995300293,54125933259,78481342990.46407
04/01/2022,1.0002080202102661,1.0005379915237427,0.9999780058860779,1.000161051750183,60765931554,78388221317.46565
05/01/2022,1.0001219511032104,1.0006259679794312,0.9999520182609558,1.0002050399780273,77225535519,78502373120.63478
06/01/2022,1.000195026397705,1.0005979537963867,0.9999809861183167,1.0001230239868164,71751236899,78772213379.47408
07/01/2022,1.0002520084381104,1.0006279945373535,0.999845027923584,1.0002080202102661,82344370614,78639572254.37476
08/01/2022,1.0000970363616943,1.0004440546035767,0.999879002571106,1.0002599954605103,62394894090,78498478179.95493
09/01/2022,1.0002570152282715,1.0003139972686768,1.0000079870224,1.0000970363616943,49109221960,78296609765.25183
10/01/2022,1.000180959701538,1.0003039836883545,1.0000200271606445,1.0002559423446655,68455690767,78054241928.21689
11/01/2022,1.0003620386123657,1.0005199909210205,1.0000189542770386,1.0001790523529053,59061400900,78481657326.50516
12/01/2022,1.000290036201477,1.0007129907608032,1.0002100467681885,1.0003689527511597,62300703831,78555065237.06415
13/01/2022,1.000404953956604,1.0007630586624146,1.0002620220184326,1.0002870559692383,63231903910,78482021769.54866
14/01/2022,1.0002830028533936,1.0007569789886475,1.0001620054244995,1.000411033630371,60503324000,78355483482.74783
15/01/2022,1.000641942024231,1.000939965248108,1.0002219676971436,1.0003010034561157,41922988280,78464443412.05641
16/01/2022,1.0004169940948486,1.0008180141448975,1.0002429485321045,1.0007270574569702,41551382127,78324639022.77094
17/01/2022,1.0003679990768433,1.0006489753723145,1.0002180337905884,1.0004340410232544,51430977642,78423364533.0672
18/01/2022,1.0004199743270874,1.0009969472885132,1.0001740455627441,1.0003509521484375,52799723207,78444685549.6485
19/01/2022,1.0004899501800537,1.001041054725647,1.000190019607544,1.000412940979004,50127231375,78383467334.16917
20/01/2022,1.0002570152282715,1.0008900165557861,1.0000710487365723,1.000480055809021,38591713522,78380618748.3185
21/01/2022,1.000177025794983,1.0007200241088867,1.000012993812561,1.000249981880188,86570105642,78282598756.5387
22/01/2022,1.0001579523086548,1.0009410381317139,1.000072956085205,1.000182032585144,90441827607,78144826788.17023
23/01/2022,1.0004910230636597,1.0010080337524414,1.0001070499420166,1.000154972076416,57296666670,78448336904.83098
24/01/2022,1.0004390478134155,1.001062035560608,1.000108003616333,1.0004980564117432,88845381041,78310182894.22586
25/01/2022,1.0006040334701538,1.0009020566940308,1.000169038772583,1.0004420280456543,58560287216,78669518055.59192
26/01/2022,1.0006300210952759,1.0011169910430908,1.000290036201477,1.000594973564148,70750980627,78269272661.22821
27/01/2022,1.0003440380096436,1.000859022140503,1.0002069473266602,1.0006320476531982,53950927548,78752828371.71567
28/01/2022,1.00034499168396,1.0007230043411255,1.0001510381698608,1.0003429651260376,50688257403,78718773465.92612
29/01/2022,1.0003620386123657,1.0006330013275146,1.0001939535140991,1.0003399848937988,39357192812,78249351192.82198
30/01/2022,1.0003410577774048,1.0006070137023926,1.0002340078353882,1.0004550218582153,35043713256,78366901630.80772
31/01/2022,1.0004849433898926,1.0006769895553589,1.0002650022506714,1.0003440380096436,45082693892,78198382292.98561
01/02/2022,1.0004260540008545,1.0007410049438477,1.0003540515899658,1.000504970550537,43193864245,78062781790.12593
02/02/2022,1.000380039215088,1.0006639957427979,1.0003080368041992,1.000427007675171,44198324772,78016936424.95024
03/02/2022,1.0003859996795654,1.0007619857788086,1.0002880096435547,1.000380039215088,41979444063,78038075903.61313
04/02/2022,1.0005630254745483,1.0009939670562744,1.0002779960632324,1.0003869533538818,59154422463,78064010105.8155
05/02/2022,1.000594973564148,1.0008070468902588,1.0003780126571655,1.0005639791488647,50686325002,78063205577.46619
06/02/2022,1.0006790161132812,1.0008289813995361,1.0003629922866821,1.000586986541748,40572292703,78062854577.88782
07/02/2022,1.0005550384521484,1.0008529424667358,1.000396966934204,1.0006769895553589,64635714287,78163472783.75064
08/02/2022,1.0006190538406372,1.0009909868240356,1.000491976737976,1.0005539655685425,72230569455,78096593702.1292
09/02/2022,1.0007439851760864,1.0009989738464355,1.0005450248718262,1.0006049871444702,53386706331,78040221424.51448
10/02/2022,1.0007259845733643,1.001054048538208,1.0005069971084595,1.000730037689209,77334791717,78012911279.40565
11/02/2022,1.000722050666809,1.0026830434799194,1.0005040168762207,1.000730037689209,66753002645,78515301961.99727
12/02/2022,1.000601053237915,1.0010730028152466,1.0004719495773315,1.0007200241088867,49138854287,78510632875.05116
13/02/2022,1.0004559755325317,1.000864028930664,1.0004169940948486,1.0005970001220703,41277090178,78531121017.32762
14/02/2022,1.000512957572937,1.0008649826049805,1.0003260374069214,1.0004440546035767,48318327792,78636273860.4074
15/02/2022,1.0005849599838257,1.0007400512695312,1.0003639459609985,1.000512957572937,53542330209,78558940144.38037
16/02/2022,1.000396966934204,1.0006990432739258,1.0003399848937988,1.000599980354309,48729582312,78623518666.25392
17/02/2022,1.0005149841308594,1.000601053237915,1.0003249645233154,1.0004030466079712,59426477844,78732790424.18773
18/02/2022,1.0005589723587036,1.0007070302963257,1.0004019737243652,1.0005040168762207,52679060916,78772769797.8431
19/02/2022,1.0005760192871094,1.0007699728012085,1.0004069805145264,1.0005459785461426,37278604791,78727591077.37378
20/02/2022,1.0004080533981323,1.000789999961853,1.0003180503845215,1.0005849599838257,45611091002,79138436958.11234
21/02/2022,1.0005019903182983,1.0008740425109863,1.000319004058838,1.0004019737243652,72043746349,79163080614.69766
22/02/2022,1.000704050064087,1.0008440017700195,1.0003470182418823,1.0004589557647705,60539262856,79390647858.42392
23/02/2022,1.0004980564117432,1.0009609460830688,1.000452995300293,1.0007120370864868,54845607157,79377609210.60992
24/02/2022,1.0006359815597534,1.0010249614715576,1.0002989768981934,1.0005810260772705,107952010250,79629945704.38928
25/02/2022,1.000473976135254,1.0011069774627686,1.0003399848937988,1.0006409883499146,66025345539,79631571239.38417
26/02/2022,1.000396966934204,1.000722050666809,1.0002909898757935,1.0004860162734985,46708690534,79474403712.63367
27/02/2022,1.0004910230636597,1.000789999961853,1.0002659559249878,1.000393033027649,57257598779,79679402405.45334
28/02/2022,1.0003509521484375,1.001013994216919,1.0002230405807495,1.0005069971084595,72330789600,79854422104.08676
01/03/2022,1.0004520416259766,1.0006059408187866,1.0001800060272217,1.000359058380127,75388694286,79537958059.76778
02/03/2022,1.0004669427871704,1.0006669759750366,1.0002429485321045,1.0004520416259766,68076385283,79425591343.52524
03/03/2022,1.0000170469284058,1.0005650520324707,0.9999579787254333,1.0004730224609375,57033279685,79854759317.0957
04/03/2022,1.0001970529556274,1.0007259845733643,1.0,1.0000150203704834,61900652306,79609484426.04549
05/03/2022,1.0002750158309937,1.0003809928894043,1.000087022781372,1.0001970529556274,39306054797,79843809462.27557
06/03/2022,1.0002440214157104,1.0005450248718262,1.0000569820404053,1.0002720355987549,43914369258,79862020237.87378
07/03/2022,1.0001230239868164,1.0005700588226318,1.000059962272644,1.000251054763794,61333826920,80091190392.11061
08/03/2022,1.0002820491790771,1.0005910396575928,1.000046968460083,1.0000900030136108,55667916973,79896920564.49644
09/03/2022,1.0002939701080322,1.0004969835281372,1.0001050233840942,1.000285029411316,67017876859,80070927070.8303
10/03/2022,1.0005650520324707,1.0006660223007202,1.0001879930496216,1.000285029411316,65784999972,80044018129.69551
11/03/2022,1.0002000331878662,1.0006370544433594,1.000067949295044,1.0005799531936646,58051333936,80042053179.78703
12/03/2022,1.000080943107605,1.000372052192688,1.0000170469284058,1.0002139806747437,38101124958,80132712133.51192
13/03/2022,1.0001989603042603,1.0003670454025269,1.0000619888305664,1.0000619888305664,42268710956,80116438307.62099
14/03/2022,1.0002189874649048,1.0003809928894043,1.0001120567321777,1.000190019607544,52613345077,80129528500.24916
15/03/2022,1.0003340244293213,1.0005029439926147,1.0001039505004883,1.000216007232666,52961395870,80072305020.48819
16/03/2022,1.0004349946975708,1.000501036643982,1.0001740455627441,1.000331997871399,74673285342,80062438312.3427
17/03/2022,1.000499963760376,1.0006179809570312,1.0002429485321045,1.0004279613494873,52913216462,80082861270.62189
18/03/2022,1.0004830360412598,1.0008970499038696,1.0003290176391602,1.000480055809021,64969319781,80158683653.48831
19/03/2022,1.0005099773406982,1.000769019126892,1.0003830194473267,1.000486969947815,58881848497,80532285250.16223
20/03/2022,1.000427007675171,1.0007380247116089,1.0003750324249268,1.000504970550537,57837125338,80740243739.43092
21/03/2022,1.0003470182418823,1.0005409717559814,1.000296950340271,1.0004169940948486,64828148834,80827449076.5998
22/03/2022,1.00033700466156,1.0007070302963257,1.0003039836883545,1.000349998474121,71455738693,80724926154.58902
23/03/2022,1.0004090070724487,1.0007009506225586,1.0002609491348267,1.000349998474121,68181581345,80845440414.56433
24/03/2022,1.000599980354309,1.0006669759750366,1.0002820491790771,1.000452995300293,77842904360,80751116254.44928
25/03/2022,1.00040602684021,1.0006300210952759,1.0003509521484375,1.0006040334701538,64320675570,80927589776.60255
26/03/2022,1.0003609657287598,1.000540018081665,1.0003299713134766,1.0004229545593262,39871932342,81291023434.88872
27/03/2022,1.0003759860992432,1.0006059408187866,1.0002679824829102,1.0003609657287598,59103680528,81304845676.71568
28/03/2022,1.0004119873046875,1.0006510019302368,1.0002260208129883,1.0003650188446045,86217871591,81196385910.77495
29/03/2022,1.0004500150680542,1.0006619691848755,1.0002800226211548,1.00040602684021,80447404974,81349955673.2749
30/03/2022,1.0002779960632324,1.000573992729187,1.0002189874649048,1.0004279613494873,79713341087,81664851060.03252
31/03/2022,1.0003039836883545,1.0007339715957642,1.0002000331878662,1.0002720355987549,90489848043,81930453189.4068
01/04/2022,1.000357985496521,1.0006389617919922,1.0002280473709106,1.0003060102462769,92250507858,82044965080.22784
02/04/2022,1.0003440380096436,1.0005229711532593,1.00027596950531,1.0003689527511597,79916606735,82105881308.2258
03/04/2022,1.0002729892730713,1.0006810426712036,1.000195026397705,1.0003479719161987,67183096448,82272678352.12729
04/04/2022,1.0002280473709106,1.0004509687423706,1.0001519918441772,1.00027596950531,79820905659,82388674420.82678
05/04/2022,1.0001939535140991,1.0004370212554932,1.0001219511032104,1.0002219676971436,71594982811,82449008615.80792
06/04/2022,1.000154972076416,1.0004650354385376,1.0000859498977661,1.0001989603042603,92098510461,82412689459.25401
07/04/2022,1.0002620220184326,1.000491976737976,1.0000929832458496,1.0001490116119385,61906251582,82422893105.15454
08/04/2022,1.0002880096435547,1.0005470514297485,1.0001729726791382,1.0002609491348267,64297486911,82509660677.2317
09/04/2022,1.000372052192688,1.0005810260772705,1.0001519918441772,1.00028395652771,40069848333,82582177981.31122
10/04/2022,1.0002919435501099,1.0005680322647095,1.0002399682998657,1.0003540515899658,43341611560,82608650898.85965
11/04/2022,1.0003479719161987,1.0006070137023926,1.0001939535140991,1.0002989768981934,73914574528,82714703437.73296
12/04/2022,1.0004349946975708,1.0005520582199097,1.0001779794692993,1.0003509521484375,68489224153,82634863680.08965
13/04/2022,1.0002750158309937,1.0004420280456543,1.0001280307769775,1.0004420280456543,57894656914,82881751671.08333
14/04/2022,1.0001269578933716,1.0004160404205322,1.0000540018081665,1.00027596950531,52908937427,82736682156.53658
15/04/2022,1.0002390146255493,1.000440001487732,1.0000699758529663,1.0001200437545776,42988969647,82795954521.31792
16/04/2022,1.0002959966659546,1.000391960144043,1.0001300573349,1.000236988067627,35315439111,82766275585.9142
17/04/2022,1.0003139972686768,1.0004359483718872,1.0001440048217773,1.0002909898757935,40964576376,82797938661.11595
18/04/2022,1.0002180337905884,1.0005040168762207,1.0001529455184937,1.0003210306167603,68691204704,82811298303.06853
19/04/2022,1.0003429651260376,1.000419020652771,1.000154972076416,1.0002139806747437,57975539645,82792973864.84837
20/04/2022,1.000201940536499,1.000596046447754,1.0001529455184937,1.0003509521484375,66021482830,82787027489.10574
21/04/2022,1.0001569986343384,1.0004899501800537,1.0001189708709717,1.000203013420105,77014328066,83021908771.50435
22/04/2022,1.0002340078353882,1.000365972518921,1.0000779628753662,1.000141978263855,60728483573,83120398074.31392
23/04/2022,1.0002280473709106,1.0003819465637207,1.0001039505004883,1.0002210140228271,38357597167,83182809347.61438
24/04/2022,1.0003440380096436,1.0004459619522095,1.0001649856567383,1.0002180337905884,39519383045,83198500616.62434
25/04/2022,1.0001449584960938,1.000393033027649,1.0001029968261719,1.0003459453582764,73256647805,83221428015.88246
26/04/2022,1.000072956085205,1.0002650022506714,1.000040054321289,1.0001310110092163,69068297656,83139688331.49197
27/04/2022,1.0001529455184937,1.00028395652771,1.000012993812561,1.0000590085983276,61043327313,83214573094.12813
28/04/2022,1.0001909732818604,1.0002919435501099,1.0000280141830444,1.000154972076416,68392086439,83154011772.12584
29/04/2022,1.0000200271606445,1.0002379417419434,0.9999859929084778,1.0002000331878662,67899674445,83139556788.14339
30/04/2022,1.000154972076416,1.000251054763794,0.999970018863678,1.0000009536743164,57266339850,83229249234.98518
01/05/2022,1.0001130104064941,1.0003739595413208,1.0000989437103271,1.0001519918441772,61420362842,83424696945.27954
02/05/2022,0.9999549984931946,1.0002809762954712,0.999925971031189,1.000100016593933,63751566652,83267550080.02553
03/05/2022,1.0000449419021606,1.0002330541610718,0.9999020099639893,0.9999520182609558,52924035065,83147512568.42366
04/05/2022,1.0000380277633667,1.000141978263855,0.9999399781227112,1.000020980834961,72222517203,83241023585.97873
05/05/2022,0.9999880194664001,1.0001970529556274,0.9999200105667114,1.000038981437683,85679638685,83185453774.38527
06/05/2022,0.9999819993972778,1.0002150535583496,0.9999160170555115,0.9999899864196777,81327879764,83270750870.97081
07/05/2022,0.9999210238456726,1.0000489950180054,0.9997739791870117,0.9999709725379944,57202594793,83284503885.03922
08/05/2022,0.9998540282249451,1.0000629425048828,0.9997400045394897,0.9999189972877502,77900163502,83355823232.93599
09/05/2022,0.999908983707428,1.000133991241455,0.9997699856758118,0.9998700022697449,120710294040,83279712048.29787
10/05/2022,0.9997910261154175,1.000133991241455,0.9997090101242065,0.9999449849128723,128692083965,83264870157.7176
11/05/2022,0.9958720207214355,0.9999960064888,0.9934589862823486,0.9997900128364563,159700404396,83248981251.48763
12/05/2022,0.99760901927948,0.9977359771728516,0.9484859704971313,0.9958789944648743,141052751792,82690895711.44499
13/05/2022,0.9982389807701111,0.999193012714386,0.9969450235366821,0.997527003288269,87009885196,79438155501.21606
14/05/2022,0.9987800121307373,0.9989709854125977,0.9977909922599792,0.9982420206069946,60781876668,78910081379.14339
15/05/2022,0.9990689754486084,0.9990770220756531,0.9984920024871826,0.9987800121307373,53979914930,75987316850.90068
16/05/2022,0.9987789988517761,0.9991530179977417,0.9986590147018433,0.9990839958190918,62504490441,75895175498.49956
17/05/2022,0.9989089965820312,0.9991070032119751,0.9986500144004822,0.9987720251083374,55745978864,75855994702.69917
18/05/2022,0.9988020062446594,0.9991499781608582,0.9985420107841492,0.9989020228385925,56067250693,74309953980.40013
19/05/2022,0.9989709854125977,0.9991220235824585,0.9985499978065491,0.9987859725952148,59651836770,74284590322.70355
20/05/2022,0.9988179802894592,0.9993699789047241,0.9987000226974487,0.998956024646759,54960961209,74305004327.94095
21/05/2022,0.9987930059432983,0.9990379810333252,0.9985989928245544,0.9988939762115479,34924240134,73306682137.62425
22/05/2022,0.9990659952163696,0.9991210103034973,0.9985899925231934,0.998786985874176,40965864100,73335816773.29922
23/05/2022,0.9990879893302917,0.9992939829826355,0.9988290071487427,0.9990649819374084,58585612765,73292755418.56763
24/05/2022,0.9991070032119751,0.9992039799690247,0.9988470077514648,0.9990479946136475,51053417289,73293335399.14137
25/05/2022,0.9989759922027588,0.9991850256919861,0.9988170266151428,0.9990929961204529,50311844127,73281161166.42685
26/05/2022,0.9989070296287537,0.9992120265960693,0.9987829923629761,0.9989669919013977,67771285444,73283972220.11108
27/05/2022,0.9988629817962646,0.9991840124130249,0.998786985874176,0.9989020228385925,67961870830,73342226815.48833
28/05/2022,0.9990019798278809,0.999189019203186,0.9987789988517761,0.9990109801292419,37159842905,72578744671.24936
29/05/2022,0.9991779923439026,0.9992460012435913,0.9989089965820312,0.9990079998970032,34572061153,72569743808.66728
30/05/2022,0.9993759989738464,0.9994969964027405,0.9989579916000366,0.9991869926452637,65155466235,72631887214.77895
31/05/2022,0.9993879795074463,0.9994930028915405,0.9992849826812744,0.9993780255317688,62841794272,72546423763.60416
01/06/2022,0.9992600083351135,0.9995020031929016,0.998869001865387,0.9993810057640076,68866735590,72483593605.70987
02/06/2022,0.9993169903755188,0.9994909763336182,0.9991040229797363,0.9992319941520691,50520845556,72507199138.61003
03/06/2022,0.9991700053215027,0.9994909763336182,0.9990220069885254,0.9992949962615967,43789145735,72606704176.49724
04/06/2022,0.9993129968643188,0.9993569850921631,0.9990320205688477,0.9991739988327026,30834183068,72574254041.19345
05/06/2022,0.9992960095405579,0.9993579983711243,0.9991940259933472,0.9993090033531189,30872185296,72563385811.28702
06/06/2022,0.9993109703063965,0.9995369911193848,0.9992210268974304,0.9992859959602356,51540243030,72550808924.27303
07/06/2022,0.9994140267372131,0.9995710253715515,0.9991469979286194,0.9992979764938354,67008901675,72460594246.57196
08/06/2022,0.9992619752883911,0.999563992023468,0.9991989731788635,0.9994149804115295,52176620958,72521860046.8122
09/06/2022,0.99931401014328,0.9994990229606628,0.9991589784622192,0.9992730021476746,42359067750,72479902354.95128
10/06/2022,0.999180018901825,0.9994450211524963,0.9991090297698975,0.999351978302002,49685289881,72483632298.7905
11/06/2022,0.9990249872207642,0.9993079900741577,0.9990090131759644,0.9991819858551025,48736816876,72520688667.83943
12/06/2022,0.9990800023078918,0.9991490244865417,0.9988420009613037,0.9990140199661255,59051274983,72576221406.54123
13/06/2022,0.9985939860343933,0.9991260170936584,0.9975469708442688,0.9990689754486084,107410569162,72537430319.23059
14/06/2022,0.9989539980888367,0.9991080164909363,0.9985550045967102,0.9986019730567932,81024425505,72574376064.58528
15/06/2022,0.9989420175552368,0.9990230202674866,0.998183012008667,0.9989339709281921,89017006423,71656901175.2088
16/06/2022,0.9989299774169922,0.9991340041160583,0.9986420273780823,0.9989200234413147,52400892767,70968169286.60156
17/06/2022,0.9990360140800476,0.9990739822387695,0.9986810088157654,0.9989510178565979,43836219287,70235527691.20668
18/06/2022,0.9986670017242432,0.9990450143814087,0.9984539747238159,0.9990180134773254,61973128141,68278037848.465485
19/06/2022,0.9989690184593201,0.9990119934082031,0.9984700083732605,0.9986559748649597,55603476684,68151264125.48352
20/06/2022,0.9989569783210754,0.999110996723175,0.9986289739608765,0.998947024345398,52157987688,68007814323.779625
21/06/2022,0.9990940093994141,0.999206006526947,0.9988980293273926,0.9989709854125977,50165859626,67174324823.029976
22/06/2022,0.9990950226783752,0.9991260170936584,0.9988719820976257,0.9990929961204529,46130025676,67044714784.61816
23/06/2022,0.9992799758911133,0.9993280172348022,0.9988980293273926,0.9990959763526917,43198538082,67075479327.27952
24/06/2022,0.9993249773979187,0.999504029750824,0.9991369843482971,0.9992589950561523,46919267632,66969005414.49898
25/06/2022,0.9995480179786682,0.9996110200881958,0.9992730021476746,0.9993360042572021,36390241725,66944585773.38764
26/06/2022,0.9993979930877686,0.9995949864387512,0.9993739724159241,0.999550998210907,37228683270,66939386054.83684
27/06/2022,0.9990919828414917,0.9995989799499512,0.9989839792251587,0.9994580149650574,39296953700,66896800206.77796
28/06/2022,0.9988319873809814,0.9991340041160583,0.9987819790840149,0.9991040229797363,40773930242,66844453092.32324
29/06/2022,0.9988840222358704,0.9990580081939697,0.9985190033912659,0.9988440275192261,44380636377,66839986606.59425
30/06/2022,0.9988189935684204,0.9990929961204529,0.9987620115280151,0.9988880157470703,45578518327,66515975964.05574
01/07/2022,0.9988669753074646,0.9991369843482971,0.9987050294876099,0.9988600015640259,49683415220,66360128640.29797
02/07/2022,0.998960018157959,0.999118983745575,0.9988269805908203,0.9988549947738647,31666712588,66302770832.38144
03/07/2022,0.9990779757499695,0.999127984046936,0.9988909959793091,0.9989529848098755,27890770459,66302512371.13947
04/07/2022,0.9991090297698975,0.999222993850708,0.9989910125732422,0.9990710020065308,37816157114,66115548336.29838
05/07/2022,0.9990919828414917,0.9992480278015137,0.9989359974861145,0.9991179704666138,46794873591,66068105560.54174
06/07/2022,0.999098002910614,0.9992210268974304,0.998960018157959,0.9990950226783752,41932894214,65971651201.83549
07/07/2022,0.9994459748268127,0.9995059967041016,0.9990190267562866,0.9990890026092529,41395542117,65985847014.49804
08/07/2022,0.9994180202484131,0.9995759725570679,0.9992849826812744,0.9994109869003296,64720676603,66058697133.58462
09/07/2022,0.999538004398346,0.9995719790458679,0.9993330240249634,0.999422013759613,38957001478,66180636451.069885
10/07/2022,0.9994649887084961,0.999629020690918,0.999396026134491,0.9995390176773071,40170710077,66001881637.05004
11/07/2022,0.9992250204086304,0.9995759725570679,0.999127984046936,0.999455988407135,38726869251,65994672794.216354
12/07/2022,0.9993429780006409,0.9993799924850464,0.9991179704666138,0.9992250204086304,40368791506,65967920675.79629
13/07/2022,0.9993839859962463,0.9994289875030518,0.9991570115089417,0.9993420243263245,51757860849,65924529650.69398
14/07/2022,0.9994069933891296,0.9995399713516235,0.9993020296096802,0.9993939995765686,49222660233,66037742419.18658
15/07/2022,0.999705970287323,0.9997439980506897,0.9993469715118408,0.9993849992752075,45982487607,65822635783.93115
16/07/2022,0.9997739791870117,0.9998800158500671,0.9996830224990845,0.9997010231018066,44126749597,65773604144.96095
17/07/2022,0.9997339844703674,0.9998630285263062,0.9996770024299622,0.9997789859771729,42189248625,65849217963.17656
18/07/2022,0.9997770190238953,0.999970018863678,0.999692976474762,0.9997259974479675,70390606911,65850178575.29938
19/07/2022,1.0000920295715332,1.0001239776611328,0.9997640252113342,0.9997850060462952,77160548741,65849963622.2697
20/07/2022,1.000067949295044,1.0002490282058716,1.0000020265579224,1.0000959634780884,68306872702,65918469156.42751
21/07/2022,1.0000799894332886,1.0001380443572998,0.9999489784240723,1.00005304813385,55292189306,65892597498.04063
22/07/2022,1.0000519752502441,1.000177025794983,1.0000269412994385,1.000082015991211,51645071119,65951824235.333176
23/07/2022,1.0000360012054443,1.0001460313796997,0.9999840259552002,1.0000519752502441,43014917183,65854001213.285965
24/07/2022,1.000035047531128,1.0001180171966553,0.9999300241470337,1.000033974647522,41955275140,65941857078.86505
25/07/2022,1.0000619888305664,1.0001219511032104,1.0000059604644775,1.0000380277633667,56307512994,66009063586.28748
26/07/2022,1.000046968460083,1.0001280307769775,0.9999960064888,1.0000669956207275,48266723630,66109067857.12983
27/07/2022,1.0002739429473877,1.0003279447555542,0.9999799728393555,1.000048041343689,60104591185,65949619909.8602
28/07/2022,1.0002000331878662,1.0003600120544434,1.0001230239868164,1.0002880096435547,75754591120,65938951130.35061
29/07/2022,1.000311017036438,1.0003459453582764,1.000169038772583,1.0002050399780273,72013108986,65896189151.3972
30/07/2022,1.000288963317871,1.0003520250320435,1.0002169609069824,1.000309944152832,57489826931,66064247521.13912
31/07/2022,1.0003279447555542,1.0003379583358765,1.0002000331878662,1.0002800226211548,52267348020,65998757244.06003
01/08/2022,1.0002039670944214,1.0003679990768433,1.0001250505447388,1.0003219842910767,50882756969,65871066520.41806
02/08/2022,1.0001590251922607,1.000319004058838,1.0001330375671387,1.0002100467681885,54793315279,65897271979.41255
03/08/2022,1.0002039670944214,1.0002720355987549,1.0001169443130493,1.000148057937622,47717439471,65946593628.24624
04/08/2022,1.0001330375671387,1.000285029411316,1.00005304813385,1.0002069473266602,44526180493,66048905466.55481
05/08/2022,1.0000419616699219,1.0001590251922607,1.0000319480895996,1.0001120567321777,49723473321,65884052340.8804
06/08/2022,1.0001250505447388,1.0001649856567383,1.0000380277633667,1.0000380277633667,32961917502,65906913334.12349
07/08/2022,1.0001440048217773,1.000180959701538,1.000067949295044,1.0001280307769775,29901528651,65935699280.72453
08/08/2022,1.000177025794983,1.0002269744873047,1.0000970363616943,1.0001590251922607,50243147547,65900531595.862015
09/08/2022,1.0002089738845825,1.0002440214157104,1.0001180171966553,1.000169038772583,46070684571,66588298054.16226
10/08/2022,1.0002529621124268,1.0005619525909424,1.0001510381698608,1.0002050399780273,60085173824,66643782686.95675
11/08/2022,1.00040602684021,1.0005040168762207,1.0002429485321045,1.000251054763794,64445391375,66824158933.72832
12/08/2022,1.0003360509872437,1.0004730224609375,1.0002449750900269,1.0004010200500488,46783370955,66803034990.50529
13/08/2022,1.0003759860992432,1.000573992729187,1.000249981880188,1.0003420114517212,41593883061,67033676582.9512
14/08/2022,1.000270962715149,1.0004010200500488,1.0002260208129883,1.0003670454025269,43866838979,67336058431.29527
15/08/2022,1.0001740455627441,1.0003540515899658,1.0001250505447388,1.0002599954605103,57703388667,67391244058.67241
16/08/2022,1.0001150369644165,1.0003249645233154,1.0000449419021606,1.000169038772583,46945222159,67652985767.09705
17/08/2022,1.000072956085205,1.0001319646835327,0.9999970197677612,1.0001250505447388,53355167557,67628387530.74783
18/08/2022,0.9999989867210388,1.0001189708709717,0.99993497133255,1.0000720024108887,43149679443,67661309991.09669
19/08/2022,1.000059962272644,1.0001749992370605,0.9999459981918335,0.9999909996986389,64302127382,67599397338.533615
20/08/2022,0.9999740123748779,1.0001330375671387,0.9999729990959167,1.00005304813385,64302127382,67613790592.34826
21/08/2022,0.9999939799308777,1.000161051750183,0.9999420046806335,0.9999740123748779,45699064002,67636574571.28297
22/08/2022,0.9999840259552002,1.0001139640808105,0.9998909831047058,0.9999989867210388,51710064329,67709967896.07332
23/08/2022,0.9999920129776001,1.0000499486923218,0.9998859763145447,0.999983012676239,52978066914,67459980598.66122
24/08/2022,1.000038981437683,1.0001050233840942,0.9999549984931946,0.9999920129776001,48708536003,67595655943.20196
25/08/2022,1.0000799894332886,1.0001300573349,0.9999589920043945,1.000033974647522,45854093190,67662286384.41471
26/08/2022,1.0000430345535278,1.0001389980316162,0.9999729990959167,1.0000779628753662,62406193046,67607803889.07153
27/08/2022,1.0000189542770386,1.0001399517059326,0.9999709725379944,1.0000560283660889,43316381517,67603617552.80545
28/08/2022,1.0000280141830444,1.000087022781372,0.9999650120735168,1.0000150203704834,34337927087,67491483345.88653
29/08/2022,1.0000319480895996,1.0000909566879272,0.9999679923057556,1.0000510215759277,45837060552,67758458419.37183
30/08/2022,1.000080943107605,1.0002340078353882,0.9999769926071167,1.000038981437683,50170084207,67565637622.98869
31/08/2022,1.0000159740447998,1.000162959098816,0.9999740123748779,1.0000900030136108,48405934722,67519668194.44912
01/09/2022,1.0000100135803223,1.0001169443130493,0.9999679923057556,1.0000139474868774,44702355872,67580452604.835976
02/09/2022,1.0000890493392944,1.0001200437545776,0.9999480247497559,0.9999960064888,44468235183,67566686586.32284
03/09/2022,1.000074028968811,1.0001200437545776,1.000033974647522,1.0000890493392944,30873646175,67589758604.17418
04/09/2022,1.00006103515625,1.0001009702682495,0.9999750256538391,1.0000760555267334,31495577330,67621840541.26844
05/09/2022,1.0000380277633667,1.0000920295715332,0.999966025352478,1.0000619888305664,39598045837,67552311534.993935
06/09/2022,1.0000489950180054,1.0000929832458496,0.9999669790267944,1.0000269412994385,64015343588,67462799318.13787
07/09/2022,1.0001089572906494,1.0001779794692993,0.999987006187439,1.0000109672546387,52755357561,67553030576.27932
08/09/2022,1.0001020431518555,1.0001729726791382,1.0000139474868774,1.0000970363616943,49640976411,67550650693.04298
09/09/2022,1.0002349615097046,1.000303030014038,1.000054955482483,1.0000959634780884,70683518131,67563856236.7534
10/09/2022,1.0002809762954712,1.0004199743270874,1.0001670122146606,1.0002349615097046,53524443076,67559691716.583244
11/09/2022,1.00027596950531,1.0003429651260376,1.0002219676971436,1.0002789497375488,47160062304,67616934268.85489
12/09/2022,1.0002039670944214,1.0003230571746826,1.0000979900360107,1.0002809762954712,66834639114,67621935137.52143
13/09/2022,1.0000250339508057,1.0003399848937988,0.9999920129776001,1.000161051750183,71413926112,67670900660.71105
14/09/2022,1.000141978263855,1.0002130270004272,0.9999740123748779,1.0000380277633667,55170613417,67937100888.36377
15/09/2022,1.0000029802322388,1.0002750158309937,0.9999390244483948,1.0001380443572998,60606622307,67875153355.23154
16/09/2022,0.9999809861183167,1.000095009803772,0.9998909831047058,1.0000020265579224,46290851147,67891357718.12157
17/09/2022,1.0000979900360107,1.0001369714736938,0.9999449849128723,0.9999819993972778,34904822689,67984908907.33317
18/09/2022,1.0000230073928833,1.0001449584960938,0.9999489784240723,1.0000959634780884,46056427438,67929683638.52679
19/09/2022,1.0001059770584106,1.0001749992370605,0.9999449849128723,1.0000079870224,56769197831,68047634333.75496
20/09/2022,1.000059962272644,1.0001939535140991,1.0000369548797607,1.0001039505004883,50515394641,67939949725.58882
21/09/2022,1.0000859498977661,1.0001939535140991,1.0000330209732056,1.000054955482483,63560607050,68008979229.87418
22/09/2022,0.9999840259552002,1.0001720190048218,0.9999709725379944,1.0001059770584106,54330130153,68008869299.22897
23/09/2022,0.9999809861183167,1.000048041343689,0.9999459981918335,0.9999939799308777,58265731392,67906039948.3166
24/09/2022,1.0000499486923218,1.0001020431518555,0.9999549984931946,0.9999819993972778,39015165939,68027171287.0883
25/09/2022,1.000054955482483,1.0001369714736938,1.0000239610671997,1.00005304813385,35041309688,67976902021.59561
26/09/2022,0.9999899864196777,1.0001569986343384,0.9999499917030334,1.000046968460083,57810071895,68047936265.74275
27/09/2022,0.9999799728393555,1.0000959634780884,0.9999510049819946,0.9999840259552002,71681603882,67930817962.00264
28/09/2022,0.9999759793281555,1.0000519752502441,0.9999110102653503,0.9999780058860779,65738293663,67982225347.23598
29/09/2022,1.0000790357589722,1.0000970363616943,0.9999279975891113,0.9999970197677612,52649004466,68019534015.30044
30/09/2022,1.0000489950180054,1.0001649856567383,1.0000089406967163,1.0000760555267334,55223655589,68018936942.06588
01/10/2022,1.0000430345535278,1.0001070499420166,0.9999560117721558,1.0000619888305664,27312920843,68032463504.97388
02/10/2022,1.000059962272644,1.0001059770584106,0.9999480247497559,1.0000449419021606,30109417396,67985211418.08468
03/10/2022,1.0000890493392944,1.0001579523086548,0.9999840259552002,1.0000560283660889,40191505534,67852870798.58752
04/10/2022,1.000251054763794,1.0002559423446655,1.0000649690628052,1.0000909566879272,44505643606,67955487841.613365
05/10/2022,1.0001089572906494,1.0003050565719604,1.0000519752502441,1.000249981880188,41883470473,68146472900.634766
06/10/2022,1.000143051147461,1.000223994255066,1.0000879764556885,1.0001050233840942,43958843047,68249512085.343575
07/10/2022,1.0001219511032104,1.0002119541168213,1.0000580549240112,1.0001269578933716,38019451874,68240186691.13497
08/10/2022,1.0000829696655273,1.000190019607544,1.0000439882278442,1.0001250505447388,23441883205,68360023403.83701
09/10/2022,1.0001579523086548,1.000182032585144,1.0000640153884888,1.0000779628753662,22977760897,68384660011.30266
10/10/2022,1.0000180006027222,1.000188946723938,0.9999399781227112,1.0001590251922607,37843287016,68308301853.70279
11/10/2022,0.9999009966850281,1.0000649690628052,0.9998890161514282,1.0000089406967163,38468219592,68465529813.59335
12/10/2022,0.9999920129776001,1.0000439882278442,0.999862015247345,0.9999210238456726,33048616462,68428561681.45524
13/10/2022,1.0000790357589722,1.0001360177993774,0.9999319911003113,0.999983012676239,60450860335,68433385613.54075
14/10/2022,1.000074028968811,1.0001529455184937,1.0000159740447998,1.0000829696655273,48926387475,68454082242.04629
15/10/2022,1.000087022781372,1.0001590251922607,1.0000170469284058,1.000072956085205,25527432092,68389617989.81952
16/10/2022,1.0000569820404053,1.0001490116119385,1.0000289678573608,1.0000840425491333,27428821905,68388940699.011696
17/10/2022,1.00006902217865,1.000148057937622,1.0000120401382446,1.000059962272644,36706571573,68445138503.11877
18/10/2022,1.0001059770584106,1.0001980066299438,1.0000369548797607,1.000067949295044,39012357142,68416637689.73752
19/10/2022,1.000059962272644,1.0002100467681885,1.0000360012054443,1.0001050233840942,32767030077,68473113039.735085
20/10/2022,0.9999939799308777,1.0001590251922607,0.9999639987945557,1.000067949295044,32981854458,68452826677.49308
21/10/2022,1.0001230239868164,1.0001410245895386,0.9999279975891113,1.0,41430999058,68446610236.90032
22/10/2022,1.0000849962234497,1.0001959800720215,1.0000170469284058,1.0001239776611328,24133042918,68465349602.0029
23/10/2022,1.0000770092010498,1.000203013420105,1.0000239610671997,1.00006103515625,31629519444,68458383191.545166
24/10/2022,1.0000569820404053,1.0001749992370605,1.0000410079956055,1.0000699758529663,40494105063,68424379026.95898
25/10/2022,1.0002080202102661,1.0002549886703491,1.0000150203704834,1.0000460147857666,64740988487,68401790564.43543
26/10/2022,1.0001989603042603,1.000277042388916,1.0001189708709717,1.0002000331878662,78294376043,68515959469.884926
27/10/2022,1.0000920295715332,1.000262975692749,1.0000560283660889,1.0002039670944214,68447928073,68539062510.87245
28/10/2022,1.0001460313796997,1.0002249479293823,1.00005304813385,1.0000970363616943,61718295435,68889141732.72426
29/10/2022,1.0002260208129883,1.0003459453582764,1.0001219511032104,1.0001410245895386,67603092351,68964914947.12599
30/10/2022,1.0001790523529053,1.0003459453582764,1.0001699924468994,1.0002260208129883,52873524542,69095205493.06725
31/10/2022,0.9999470114707947,1.0002520084381104,0.9999189972877502,1.0001850128173828,67168423338,69094359478.10323
01/11/2022,0.9999240040779114,0.9999849796295166,0.9997739791870117,0.9999560117721558,56795449219,69380585989.30975
02/11/2022,0.9999960064888,1.0000790357589722,0.9998649954795837,0.9999179840087891,76399032768,69425689152.10635
03/11/2022,1.0000070333480835,1.000048041343689,0.9999439716339111,0.9999790191650391,61590549857,69431437615.846
04/11/2022,1.0000760555267334,1.0001189708709717,0.9999589920043945,1.0000070333480835,88078834184,69350142130.99507
05/11/2022,1.0001189708709717,1.0001800060272217,1.000040054321289,1.0000749826431274,57121137337,69355263616.87975
06/11/2022,1.0000900030136108,1.0001640319824219,0.9999939799308777,1.000120997428894,51095877870,69350525154.05742
07/11/2022,1.0000940561294556,1.0001649856567383,1.000038981437683,1.0001009702682495,72598608064,69346001162.83171
08/11/2022,1.0000319480895996,1.0005149841308594,1.0000139474868774,1.0000940561294556,162734866334,69511154153.31842
09/11/2022,0.9986000061035156,1.0000430345535278,0.9985259771347046,1.0000430345535278,143975136007,69513632100.61911
10/11/2022,0.9978349804878235,0.9989749789237976,0.9815250039100647,0.9986339807510376,114807119109,69466521505.56256
11/11/2022,0.9982179999351501,0.9985690116882324,0.9968850016593933,0.9978139996528625,74933538836,68441044955.661415
12/11/2022,0.9986159801483154,0.9988229870796204,0.9977729916572571,0.9981979727745056,40298138489,68399398020.52115
13/11/2022,0.9987549781799316,0.9990659952163696,0.998462975025177,0.9986169934272766,40189889540,67396572037.204094
14/11/2022,0.9990130066871643,0.9991340041160583,0.9985759854316711,0.9987499713897705,65634612428,66441439081.88792
15/11/2022,0.9991300106048584,0.9992430210113525,0.9987559914588928,0.9990209937095642,47859299075,66459223430.90205
16/11/2022,0.9992290139198303,0.9994059801101685,0.9989879727363586,0.9991359710693359,45661177296,66125312403.21258
17/11/2022,0.9994019865989685,0.9996449947357178,0.9992030262947083,0.9992309808731079,37744442250,66019772913.77536
18/11/2022,0.9991629719734192,0.9994680285453796,0.9990800023078918,0.999396026134491,34879098921,65972069594.07388
19/11/2022,0.999101996421814,0.9992920160293579,0.9990460276603699,0.9991750121116638,23288439137,65986696851.80106
20/11/2022,0.9989820122718811,0.9992070198059082,0.998769998550415,0.9990869760513306,33834889406,65965182392.95004
21/11/2022,0.9990890026092529,0.9991689920425415,0.9986460208892822,0.9989950060844421,54558293762,65964018960.94639
22/11/2022,0.9991570115089417,0.9993090033531189,0.9988740086555481,0.999081015586853,44056204568,65939717655.37897
23/11/2022,0.9991940259933472,0.9992349743843079,0.9989539980888367,0.9991660118103027,45720458651,65597886005.57602
24/11/2022,0.9994210004806519,0.9995070099830627,0.9991229772567749,0.9991909861564636,36841695607,65543712562.18742
25/11/2022,0.9995779991149902,0.9995899796485901,0.9994040131568909,0.9994170069694519,25728613650,65367598699.39223
26/11/2022,0.9995740056037903,0.9996259808540344,0.9995070099830627,0.999576985836029,25190862393,65345701967.11672
27/11/2022,0.9996039867401123,0.9996539950370789,0.9995030164718628,0.999567985534668,27588594951,65338517247.26141
28/11/2022,0.9996619820594788,0.9997730255126953,0.9995930194854736,0.9995999932289124,37268352299,65432655693.52283
29/11/2022,0.9997439980506897,0.9997789859771729,0.9996060132980347,0.9996619820594788,31450915067,65361591999.46574
30/11/2022,1.0000150203704834,1.00005304813385,0.9996510148048401,0.9997329711914062,37405224166,65366405161.82076
01/12/2022,1.0000439882278442,1.0000940561294556,0.9999560117721558,1.0000289678573608,29913541569,65511131600.92582
02/12/2022,1.0000649690628052,1.0001399517059326,1.0000170469284058,1.0000419616699219,26380777290,65641200262.3192
03/12/2022,1.00006103515625,1.0001050233840942,1.0000280141830444,1.000054955482483,20609261957,65388426943.75712
04/12/2022,1.0001200437545776,1.000169038772583,1.0000200271606445,1.00006103515625,21649754992,65769558099.30616
05/12/2022,1.0000540018081665,1.0002050399780273,1.000040054321289,1.0001250505447388,28743587598,65557951753.473175
06/12/2022,1.0000770092010498,1.0001510381698608,1.0000360012054443,1.0000760555267334,25563996757,65546686928.49787
07/12/2022,1.0000020265579224,1.0001219511032104,0.9999809861183167,1.0000649690628052,25829885797,65558601840.21761
08/12/2022,1.0001269578933716,1.000133991241455,0.9999819993972778,1.0000159740447998,25868764140,65717867682.57215
09/12/2022,1.0000569820404053,1.0001569986343384,1.0000380277633667,1.000120997428894,25000886944,65681144306.21768
10/12/2022,1.0000460147857666,1.0000879764556885,1.0000250339508057,1.00006103515625,16256414916,65770950095.57288
11/12/2022,1.0000779628753662,1.0001029968261719,1.0000330209732056,1.0000330209732056,17036610394,65729244224.59175
12/12/2022,1.0001070499420166,1.0002119541168213,1.0000239610671997,1.0000849962234497,25872687355,65766093056.06259
13/12/2022,1.0000170469284058,1.0005730390548706,0.9999719858169556,1.0001109838485718,37452330494,65688467049.99374
14/12/2022,1.0001050233840942,1.0001319646835327,0.9999639987945557,1.0000280141830444,31427740393,65815203375.07555
15/12/2022,1.0000779628753662,1.0001859664916992,1.000038981437683,1.0001089572906494,24979746073,65978794246.08342
16/12/2022,1.0001569986343384,1.0001800060272217,1.0000230073928833,1.0000770092010498,31897990627,65997016215.353096
17/12/2022,1.000161051750183,1.0002959966659546,1.000072956085205,1.000128984451294,21306704152,65770714186.31364
18/12/2022,1.000154972076416,1.0002199411392212,1.0000749826431274,1.000133991241455,14422416298,66069871457.42192
19/12/2022,1.0000799894332886,1.0002069473266602,1.000048041343689,1.0001490116119385,21820408554,66163136479.42052
20/12/2022,1.0001109838485718,1.0001989603042603,1.0000519752502441,1.0000720024108887,26224288350,66174433958.50008
21/12/2022,1.0000770092010498,1.0001909732818604,1.0000369548797607,1.0000940561294556,18469483242,66210497794.15593
22/12/2022,1.0000109672546387,1.0001219511032104,0.9999719858169556,1.0000790357589722,20067291688,66222410592.693405
23/12/2022,0.9999809861183167,1.00006902217865,0.9999359846115112,1.0000020265579224,18370924559,66253234080.76853
24/12/2022,0.9999920129776001,1.00006103515625,0.9999549984931946,0.9999809861183167,11647419533,66290527437.95575
25/12/2022,0.9999430179595947,1.00005304813385,0.9998930096626282,0.9999889731407166,14856104217,66280331784.85776
26/12/2022,0.9999949932098389,1.0000200271606445,0.9998940229415894,0.9999340176582336,14986560291,66260084337.19826
27/12/2022,0.9998499751091003,1.0000189542770386,0.9998279809951782,0.9999639987945557,18554435182,66289979631.46615
28/12/2022,0.9996860027313232,0.9999210238456726,0.9996520280838013,0.9998549818992615,21161758512,66241360621.11682
29/12/2022,0.9997349977493286,0.9998379945755005,0.9995989799499512,0.9996790289878845,18567214596,66232030177.68255
30/12/2022,0.99965900182724,0.9997749924659729,0.9996299743652344,0.9997310042381287,19162959224,66255815696.12944
31/12/2022,0.9996740221977234,0.9997789859771729,0.9996529817581177,0.9996690154075623,13466542553,66279043570.31453
01/01/2023,0.9996920228004456,0.9997609853744507,0.9995669722557068,0.9996799826622009,11344984018,66226451754.38176
02/01/2023,0.999770998954773,0.9998440146446228,0.9996209740638733,0.9996880292892456,16348780894,66301858477.74817
03/01/2023,0.9997590184211731,0.9998959898948669,0.9997220039367676,0.9997829794883728,18233713873,66223251669.25232
04/01/2023,0.999763011932373,0.9998689889907837,0.9997209906578064,0.9997509717941284,24715975399,66274058933.38085
05/01/2023,0.9996970295906067,0.999904990196228,0.9996939897537231,0.999754011631012,19334292777,66245545660.29001
06/01/2023,0.9997379779815674,0.9998459815979004,0.9996259808540344,0.9997100234031677,20350836697,66278648652.01702
07/01/2023,0.9998959898948669,0.9999070167541504,0.9996970295906067,0.9997320175170898,11626878301,66263334312.75015
08/01/2023,0.9999570250511169,1.0000189542770386,0.9998440146446228,0.9998949766159058,14853747515,66272451611.88523
09/01/2023,0.9999989867210388,1.00006902217865,0.9998999834060669,0.9999449849128723,31331363115,66295359783.54114
10/01/2023,1.000100016593933,1.0001399517059326,0.9999210238456726,0.9999970197677612,23843949758,66315047027.9915
11/01/2023,1.0000189542770386,1.000161051750183,0.9999669790267944,1.0000940561294556,25576360686,66307828854.78396
12/01/2023,1.0000920295715332,1.0001499652862549,0.9999650120735168,1.00006103515625,41556485542,65470424457.41479
13/01/2023,1.0002139806747437,1.0002189874649048,1.0000430345535278,1.000120997428894,35704375577,66278004907.72334
14/01/2023,1.0001569986343384,1.0004030466079712,1.0001189708709717,1.0002069473266602,53708266585,66317495370.291145
15/01/2023,1.0003739595413208,1.0005029439926147,1.0001139640808105,1.0001440048217773,30028224816,66305842236.8753
16/01/2023,1.0001260042190552,1.0004520416259766,1.0000900030136108,1.0003479719161987,35957366329,66370266581.06579
17/01/2023,1.0001029968261719,1.0002830028533936,1.00006103515625,1.0001300573349,32250868598,66315382010.56667
18/01/2023,0.9999899864196777,1.000296950340271,0.9999719858169556,1.0001059770584106,40496222408,66472290219.18532
19/01/2023,1.0000230073928833,1.000095009803772,0.9999470114707947,0.9999899864196777,25966707878,66549279927.0732
20/01/2023,1.0001790523529053,1.0002429485321045,0.9999740123748779,1.0000059604644775,33794858528,66542669715.76394
21/01/2023,1.0002169609069824,1.0004090070724487,1.0001280307769775,1.0001829862594604,40470629184,66542663619.61765
22/01/2023,1.0002340078353882,1.0002670288085938,1.0001300573349,1.000223994255066,32852491605,66376505551.62937
23/01/2023,1.0002039670944214,1.0002460479736328,1.0000909566879272,1.0002199411392212,35271449760,66739726193.22115
24/01/2023,1.0001300573349,1.0003279447555542,1.000082015991211,1.0002009868621826,34777970359,66692161993.527954
25/01/2023,1.0001749992370605,1.0002989768981934,1.0000929832458496,1.000128984451294,39242817276,66885882203.16084
26/01/2023,1.000082015991211,1.0002690553665161,1.000059962272644,1.0001929998397827,34910787321,67139928234.07279
27/01/2023,1.000182032585144,1.0002789497375488,1.000054955482483,1.0000879764556885,34658058512,67240886056.865845
28/01/2023,1.0001939535140991,1.000296950340271,1.0001319646835327,1.000175952911377,23967491540,67373574300.06389
29/01/2023,1.0000989437103271,1.000309944152832,1.0000920295715332,1.000201940536499,33570913369,67569736303.8954
30/01/2023,1.0000929832458496,1.0001569986343384,1.0000369548797607,1.0000890493392944,37178895589,67687123254.52642
31/01/2023,1.0001169443130493,1.000169038772583,0.9999939799308777,1.000080943107605,31416134222,67779797060.88225
01/02/2023,1.0000979900360107,1.0002379417419434,1.000048041343689,1.0001380443572998,36688644471,67834965073.44664
02/02/2023,1.0001399517059326,1.0003279447555542,1.0000829696655273,1.0000879764556885,43575657052,67846146300.35402
03/02/2023,1.0001310110092163,1.00027596950531,1.0000779628753662,1.000141978263855,36792033814,67892950614.04458
04/02/2023,1.000100016593933,1.0001620054244995,1.0000540018081665,1.0001219511032104,24493083193,68042153687.37086
05/02/2023,1.0001980066299438,1.0002679824829102,1.0000890493392944,1.0000929832458496,30313569702,67944713474.21684
06/02/2023,1.0001020431518555,1.0002739429473877,1.0000669956207275,1.0002089738845825,32088027094,68114172206.9055
07/02/2023,1.0000770092010498,1.0002739429473877,1.0000300407409668,1.0000959634780884,39183502892,68043274844.16859
08/02/2023,1.0001310110092163,1.0002429485321045,1.000038981437683,1.0000879764556885,39133872723,68265208037.89304
09/02/2023,1.0001590251922607,1.0002670288085938,1.0000319480895996,1.000128984451294,47895876169,68160499147.64552
10/02/2023,1.0001529455184937,1.0003650188446045,1.000115990638733,1.0001569986343384,37581182134,68193338996.94423
11/02/2023,1.000162959098816,1.0002570152282715,1.0000900030136108,1.0002110004425049,22803314101,68366557129.9436
12/02/2023,1.0002100467681885,1.0002859830856323,1.000108003616333,1.0001469850540161,24662650244,68457150720.6405
13/02/2023,1.000933051109314,1.0024960041046143,1.0001670122146606,1.0002130270004272,41054083637,68490999406.46063
14/02/2023,1.0004040002822876,1.0011340379714966,1.0003550052642822,1.0009230375289917,40374822815,68427597807.13527
15/02/2023,1.0002180337905884,1.0005470514297485,1.000177025794983,1.000404953956604,44524116301,69541171926.41
16/02/2023,1.000162959098816,1.0003160238265991,1.0000940561294556,1.0002249479293823,57045633961,69502620730.9046
17/02/2023,1.0002210140228271,1.0002440214157104,1.0001009702682495,1.000162959098816,53478834233,69826536196.88829
18/02/2023,1.000182032585144,1.0003310441970825,1.0001449584960938,1.0002150535583496,30777314971,70292722478.4183
19/02/2023,1.000236988067627,1.0002909898757935,1.000154972076416,1.000180959701538,39281755451,70285569098.16228
20/02/2023,1.0001870393753052,1.0002830028533936,1.0001169443130493,1.0002479553222656,44403471554,70451072573.33218
21/02/2023,1.0001319646835327,1.0002230405807495,1.0000779628753662,1.000180959701538,45397558230,70418439340.4688
22/02/2023,1.0000989437103271,1.0003679990768433,1.000067949295044,1.0001460313796997,43805622619,70456590555.39325
23/02/2023,1.0001239776611328,1.000216007232666,1.0000590085983276,1.0000959634780884,40733371959,70766136200.36801
24/02/2023,1.0000699758529663,1.0002269744873047,1.0000250339508057,1.0001169443130493,39747788121,70680138527.9615
25/02/2023,1.0001319646835327,1.0001749992370605,1.0000499486923218,1.0000720024108887,25281973906,70811129790.09048
26/02/2023,1.000087022781372,1.000175952911377,1.0000519752502441,1.0001319646835327,23103836401,70832978696.81664
27/02/2023,1.0001749992370605,1.0001959800720215,1.000046968460083,1.0000799894332886,31170898346,70797067115.66945
28/02/2023,1.0001540184020996,1.0002549886703491,1.0000779628753662,1.0001399517059326,29878544329,70918517287.47423
01/03/2023,1.0001440048217773,1.0003230571746826,1.0000699758529663,1.000169038772583,33994082293,70926090372.52197
02/03/2023,1.0000909566879272,1.0003210306167603,1.0000230073928833,1.0001319646835327,28824873446,71094389016.40314
03/03/2023,1.000100016593933,1.0003600120544434,1.0000580549240112,1.0000849962234497,37747411845,71089143266.10973
04/03/2023,1.0001139640808105,1.0002429485321045,1.0000720024108887,1.0000979900360107,18409338907,71194848065.08534
05/03/2023,1.0001070499420166,1.0002379417419434,1.00005304813385,1.0001189708709717,19088160147,71520391290.3789
06/03/2023,1.0000109672546387,1.0001670122146606,0.9999740123748779,1.0000979900360107,24736796655,71463081677.24242
07/03/2023,1.000012993812561,1.000080943107605,0.9999359846115112,1.0000170469284058,31500223933,71606102630.76941
08/03/2023,1.0000070333480835,1.000048041343689,0.9999629855155945,1.0000159740447998,31323198703,71688065511.9664
09/03/2023,0.9999859929084778,1.0000430345535278,0.9998160004615784,1.0000059604644775,41653343124,71860457290.5982
10/03/2023,1.003046989440918,1.0034199953079224,0.9998660087585449,0.9999790191650391,55191206438,71814779749.86282
11/03/2023,1.0076899528503418,1.029628038406372,1.0027960538864136,1.0030250549316406,65038416671,72084236470.97087
12/03/2023,1.0071489810943604,1.0162919759750366,1.00593900680542,1.0076899528503418,48442153750,72265947202.17673
13/03/2023,1.0038700103759766,1.0115959644317627,1.0012919902801514,1.0073659420013428,72852500939,72386888341.06775
14/03/2023,1.0032470226287842,1.0064820051193237,1.001852035522461,1.0040520429611206,74778462453,73224130980.1188
15/03/2023,1.0039459466934204,1.0054069757461548,1.001278042793274,1.0031709671020508,62575628923,73662783701.2793
16/03/2023,1.0021339654922485,1.0044480562210083,1.0011290311813354,1.0039459466934204,46345690965,74750701091.58803
17/03/2023,1.0023260116577148,1.0037189722061157,1.0008039474487305,1.0021779537200928,61866017598,74845805871.10883
18/03/2023,1.0023369789123535,1.0035849809646606,1.0011390447616577,1.002197027206421,47735900216,76181018246.9454
19/03/2023,1.0030070543289185,1.003424048423767,1.001168966293335,1.0023690462112427,44405090365,76220833431.4474
20/03/2023,1.0017900466918945,1.003801941871643,1.0009759664535522,1.003046989440918,54497686907,76784764102.20827
21/03/2023,1.0015360116958618,1.0035560131072998,0.9999799728393555,1.0018080472946167,49904460369,76852694601.8154
22/03/2023,1.0018789768218994,1.002835988998413,0.9996399879455566,1.0014979839324951,50711682141,77348485075.2475
23/03/2023,1.0009599924087524,1.003147006034851,0.99993497133255,1.0019170045852661,39641340671,77988820276.12372
24/03/2023,1.0012589693069458,1.0017189979553223,1.0000269412994385,1.0011800527572632,40600299923,78372882681.58614
25/03/2023,1.0008480548858643,1.0016659498214722,1.000251054763794,1.001147985458374,22544554979,79581658858.01941
26/03/2023,1.000892996788025,1.0011969804763794,1.0001070499420166,1.0009039640426636,21431041962,79623139461.57642
27/03/2023,1.0002330541610718,1.0010650157928467,0.9997339844703674,1.000723958015442,29216004744,79174842323.5603
28/03/2023,1.0003069639205933,1.0005929470062256,0.9996050000190735,1.000046968460083,27305773765,79555652816.88434
29/03/2023,0.9999889731407166,1.0006940364837646,0.9991160035133362,1.0001800060272217,32050016572,79597410585.38544
30/03/2023,1.0000929832458496,1.0006959438323975,0.9994580149650574,1.0000879764556885,34935146979,79636370260.18375
31/03/2023,1.0001239776611328,1.0006380081176758,0.9996330142021179,1.00006103515625,29809423853,79708195096.12521
01/04/2023,1.0003010034561157,1.0006849765777588,0.9997190237045288,1.0000779628753662,19879792202,79808588133.30806
02/04/2023,1.000236988067627,1.0006380081176758,0.9997299909591675,1.0002080202102661,21255417929,79772056639.103
03/04/2023,1.0001829862594604,1.0008230209350586,0.9996259808540344,1.000359058380127,33940605510,79792660516.37926
04/04/2023,1.0002139806747437,1.0007810592651367,0.9991959929466248,0.9999629855155945,28651211704,79874799190.06126
05/04/2023,1.0001300573349,1.0005300045013428,0.9995570182800293,1.0001699924468994,29374587800,80081067435.1964
06/04/2023,1.0005539655685425,1.000749945640564,0.9996179938316345,1.0001649856567383,23758252949,80140266879.62009
07/04/2023,1.0006330013275146,1.0009989738464355,0.9995719790458679,1.000357985496521,19099660090,80188675274.39629
08/04/2023,1.0004240274429321,1.0009649991989136,0.9999809861183167,1.0004839897155762,18174194744,80268298419.65393
09/04/2023,1.000458002090454,1.000967025756836,0.9998729825019836,1.0004550218582153,19753710646,80306857722.22342
10/04/2023,1.0004370212554932,1.0011299848556519,0.9998930096626282,1.0005170106887817,27938130200,80310814337.5286
11/04/2023,1.0010299682617188,1.001127004623413,0.9999520182609558,1.000493049621582,30207674345,80390805147.35063
12/04/2023,1.0007209777832031,1.0015300512313843,1.0000289678573608,1.0009599924087524,30471411545,80526255295.43082
13/04/2023,1.0009770393371582,1.0014679431915283,1.0002349615097046,1.0002379417419434,30853738919,80667591426.44553
14/04/2023,1.000722050666809,1.0013359785079956,0.99993497133255,1.0010590553283691,43263085148,80886569881.39658
15/04/2023,1.0007799863815308,1.001289963722229,1.0002919435501099,1.0007950067520142,23715727388,80869263894.07669
16/04/2023,1.0005359649658203,1.001188039779663,0.9997410178184509,1.0006970167160034,24405645675,80993005658.63786
17/04/2023,1.0005300045013428,1.0010240077972412,0.9999139904975891,1.0004099607467651,32406207872,80983997260.14981
18/04/2023,1.0004080533981323,1.0008749961853027,0.9998819828033447,1.0006400346755981,32344221199,81022519469.1722
19/04/2023,1.0005589723587036,1.000993013381958,0.9999420046806335,1.0004390478134155,42801912254,81124243453.9212
20/04/2023,1.0002210140228271,1.0009900331497192,0.9996539950370789,1.0003279447555542,36282233270,81576461707.21233
21/04/2023,1.000141978263855,1.0006250143051147,0.999468982219696,1.0002440214157104,34553496031,81432223467.57095
22/04/2023,1.0001850128173828,1.0008679628372192,0.9995869994163513,1.0001399517059326,20337083601,81482240781.84691
23/04/2023,1.0000230073928833,1.0007719993591309,0.9996979832649231,1.0001389980316162,19881820238,81601259475.5642
24/04/2023,1.000120997428894,1.0008000135421753,0.9996680021286011,1.0000269412994385,25519663344,81498022564.96622
25/04/2023,1.0001590251922607,1.000486969947815,0.9996910095214844,1.0001059770584106,25931247322,81561952839.31276
26/04/2023,1.0002820491790771,1.0008959770202637,0.999584972858429,1.0000790357589722,43664074716,81650664075.8101
27/04/2023,0.9999650120735168,1.0007679462432861,0.9994580149650574,1.0004509687423706,35809974908,81618274278.07602
28/04/2023,1.0006959438323975,1.000967025756836,0.999875009059906,1.0002330541610718,27117912216,81714368057.79353
29/04/2023,1.000601053237915,1.0009410381317139,1.0002429485321045,1.0007610321044922,16553983401,81713940555.01346
30/04/2023,1.0004379749298096,1.0009009838104248,1.000148057937622,1.0004520416259766,21489188232,81811659037.79712
01/05/2023,1.0003290176391602,1.0009880065917969,0.9996770024299622,1.0005550384521484,29128129876,81834959453.01086
02/05/2023,1.0004340410232544,1.0009700059890747,0.9997119903564453,1.0004240274429321,24895722187,81873049553.9293
03/05/2023,1.000270962715149,1.0007890462875366,0.9999399781227112,1.000445008277893,29787863486,81882894005.45645
04/05/2023,1.0004509687423706,1.0008000135421753,1.0000499486923218,1.0002189874649048,22536823772,81989333426.1504
05/05/2023,1.0010180473327637,1.001291036605835,1.000082015991211,1.000404953956604,29375040253,82166156610.54845
06/05/2023,1.0018340349197388,1.0021179914474487,1.0006860494613647,1.0010160207748413,27117468583,82151905581.7886
07/05/2023,1.001541018486023,1.002081036567688,1.0009649991989136,1.001809000968933,18725657881,82239351555.02676
08/05/2023,1.0009260177612305,1.0019049644470215,1.0004479885101318,1.0015699863433838,32860419478,81979806768.98271
09/05/2023,1.000723958015442,1.00108802318573,1.0000799894332886,1.0009340047836304,22126554663,82444600542.1588
10/05/2023,1.0008339881896973,1.001384973526001,0.9997609853744507,1.0007189512252808,31704546238,82501557251.18872
11/05/2023,1.0007230043411255,1.0011420249938965,1.0001089572906494,1.0008100271224976,26131663102,82565452645.59608
12/05/2023,1.0005810260772705,1.0009230375289917,0.9999560117721558,1.0004860162734985,28824954947,82667039654.89803
13/05/2023,1.0005589723587036,1.0010329484939575,1.0002410411834717,1.0005120038986206,15655448449,82799743141.6915
14/05/2023,1.000512957572937,1.0008020401000977,1.0001100301742554,1.000596046447754,14874679168,83088864855.27592
15/05/2023,1.0002620220184326,1.000836968421936,0.99993497133255,1.0004550218582153,21594744662,82795486682.09766
16/05/2023,1.000115990638733,1.0007270574569702,0.9998160004615784,1.0003689527511597,19841483059,82803772135.3671
17/05/2023,1.0000920295715332,1.000741958618164,0.9995980262756348,1.0000770092010498,24293380413,82847420820.40103
18/05/2023,1.0000770092010498,1.0004849433898926,0.9995800256729126,1.0000519752502441,22493741162,82854296237.72488
19/05/2023,1.0002479553222656,1.0007569789886475,0.9994959831237793,1.0000170469284058,17414028938,82877902315.1606
20/05/2023,1.0003989934921265,1.0005780458450317,1.0000159740447998,1.000249981880188,11851408172,82912724184.7996
21/05/2023,1.0001829862594604,1.0007050037384033,1.0000900030136108,1.0004760026931763,13532622119,82935921774.5457
22/05/2023,1.0002009868621826,1.0008339881896973,0.9998549818992615,1.000141978263855,17216429735,82951150480.0993
23/05/2023,1.0001039505004883,1.0006279945373535,0.9997029900550842,1.0002449750900269,21420969303,82986871465.61473
24/05/2023,1.000038981437683,1.0004489421844482,0.9995949864387512,1.00006103515625,25306791660,83010344061.6914
25/05/2023,1.0000460147857666,1.0003739595413208,0.9994800090789795,0.9999499917030334,20956153601,83087445100.9739
26/05/2023,1.0003440380096436,1.0009759664535522,0.9997640252113342,0.9999979734420776,19111705070,83050428815.98918
27/05/2023,1.0005040168762207,1.0009039640426636,1.0000410079956055,1.0003830194473267,12433601962,83125090385.81488
28/05/2023,1.0001729726791382,1.000825047492981,0.9998970031738281,1.000553011894226,21242373192,83115259981.77856
29/05/2023,1.0002440214157104,1.0006300210952759,0.9997940063476562,1.0003529787063599,22313821215,83238961008.24347
30/05/2023,1.0001529455184937,1.000870943069458,0.9999020099639893,1.0002670288085938,21495789250,83179557093.94339
31/05/2023,1.0003340244293213,1.0008779764175415,0.9997140169143677,1.000203013420105,23174506660,83178632658.51576
01/06/2023,1.0003340244293213,1.000635027885437,0.9994320273399353,1.0002139806747437,20725195153,83259425002.24538
02/06/2023,1.0003830194473267,1.0006259679794312,0.9997490048408508,1.0003670454025269,20867435500,83245325860.45761
03/06/2023,1.0001590251922607,1.000622034072876,1.0000250339508057,1.000391960144043,13418796255,83185392884.92227
04/06/2023,1.0001510381698608,1.0006309747695923,0.9998999834060669,1.0001829862594604,14904403851,83181185644.95522
05/06/2023,1.0003060102462769,1.0006279945373535,0.999396026134491,1.000203013420105,33807354175,83202873665.42276
06/06/2023,1.0001740455627441,1.0006740093231201,0.9994649887084961,1.0003529787063599,30910972861,83214677269.12456
07/06/2023,1.0000660419464111,1.0006810426712036,0.9997810125350952,1.0001699924468994,28078183756,83215224249.20848
08/06/2023,1.000311017036438,1.0006200075149536,0.9996619820594788,1.0001569986343384,18183759822,83294694375.8993
09/06/2023,0.9999489784240723,1.0006250143051147,0.9996140003204346,1.000203013420105,18180149900,83314341457.23004
10/06/2023,1.0004390478134155,1.0011110305786133,0.9997209906578064,1.0000120401382446,39594900162,83340103621.55147
11/06/2023,1.0003149509429932,1.0009510517120361,1.0000779628753662,1.0004810094833374,17537918491,83392178490.08475
12/06/2023,1.000054955482483,1.0011130571365356,0.9994829893112183,1.0001850128173828,21083018568,83421999682.59865
13/06/2023,0.999862015247345,1.000499963760376,0.9994469881057739,0.9999729990959167,23706670402,83412876219.14725
14/06/2023,0.9998369812965393,1.0007230043411255,0.9989830255508423,0.9998149871826172,23021035089,83477452867.17456
15/06/2023,0.9991829991340637,1.0001169443130493,0.995760977268219,0.9998120069503784,26724033220,83520295613.2809
16/06/2023,0.9993299841880798,0.999629020690918,0.9984319806098938,0.9991419911384583,22643402807,83531769676.53441
17/06/2023,0.9997040033340454,1.0001180171966553,0.999002993106842,0.9993559718132019,16785486745,83512114862.29964
18/06/2023,0.9998080134391785,1.0004420280456543,0.999442994594574,0.9997109770774841,14276388752,83510630760.90634
19/06/2023,0.999862015247345,1.000285029411316,0.9992240071296692,0.9997490048408508,17980147544,83130615716.81691
20/06/2023,1.000385046005249,1.0009640455245972,0.9993219971656799,0.9997770190238953,27490561659,83176269486.24306
21/06/2023,1.00005304813385,1.0008419752120972,0.9992799758911133,1.0002809762954712,41597850081,83135121982.19963
22/06/2023,1.0001840591430664,1.0008070468902588,0.9991509914398193,1.000182032585144,31071097282,83170086674.34586
23/06/2023,1.000566005706787,1.001391053199768,0.9999110102653503,1.0002249479293823,31145738921,83172721039.26547
24/06/2023,1.000520944595337,1.0010130405426025,1.0001829862594604,1.0006070137023926,20749225264,83349230026.90846
25/06/2023,1.0004650354385376,1.000933051109314,0.9999499917030334,1.0004669427871704,21373038596,83310443944.22711
26/06/2023,1.0002119541168213,1.0008360147476196,0.999629020690918,1.0005630254745483,26117984793,83241756372.50633
27/06/2023,1.000195026397705,1.0006040334701538,0.9995999932289124,1.0002189874649048,23449790413,83129801763.55685
28/06/2023,1.0000250339508057,1.0006959438323975,0.9995309710502625,1.000095009803772,23894930229,83283881739.39743
29/06/2023,0.9998300075531006,1.0005450248718262,0.9996479749679565,1.000080943107605,21010132360,83317728409.27911
30/06/2023,1.000080943107605,1.0006380081176758,0.9991999864578247,0.999701976776123,43642431673,83395956301.867
01/07/2023,1.000128984451294,1.0007280111312866,0.9995080232620239,0.9998189806938171,19795362801,83284621552.31244
02/07/2023,1.0000849962234497,1.0008330345153809,0.9997159838676453,1.000108003616333,20337659643,83335613301.6225
03/07/2023,0.9999979734420776,1.0008169412612915,0.9997069835662842,1.0000489950180054,26282530169,83275413162.65305
04/07/2023,1.0003010034561157,1.0008820295333862,0.999796986579895,0.9999449849128723,20970952942,83340559709.13902
05/07/2023,1.0000940561294556,1.0006829500198364,0.9995830059051514,1.0003910064697266,21584664810,83379982352.33514
06/07/2023,1.0002059936523438,1.0007189512252808,0.999530017375946,1.0000089406967163,30430114230,83318318450.32018
07/07/2023,0.9999589920043945,1.000730037689209,0.9996359944343567,1.000038981437683,21072109064,83485321161.53781
08/07/2023,1.0001870393753052,1.0007450580596924,0.9998700022697449,1.000128984451294,13426621991,83361580540.12299
09/07/2023,1.0002039670944214,1.0009169578552246,0.9998900294303894,1.0002100467681885,13296750364,83400094970.38133
10/07/2023,1.0000560283660889,1.0007760524749756,0.9996309876441956,1.0002260208129883,23313495695,83401941911.69394
11/07/2023,1.000072956085205,1.0008009672164917,0.9997739791870117,1.0001189708709717,18221606248,83357075149.29001
12/07/2023,0.9999340176582336,1.0009390115737915,0.9996619820594788,1.0001029968261719,20685690690,83401280506.39957
13/07/2023,1.0003730058670044,1.0012539625167847,0.9997090101242065,1.00006902217865,41556380527,83403277912.52115
14/07/2023,1.0007250308990479,1.0014209747314453,0.9998679757118225,1.0005539655685425,39502042324,83325381227.48358
15/07/2023,1.0003650188446045,1.001204013824463,1.0000180006027222,1.0007179975509644,18925797737,83642019367.73041
16/07/2023,1.0006070137023926,1.0009479522705078,1.0000100135803223,1.000296950340271,17514358400,83663934660.37202
17/07/2023,1.0002199411392212,1.000972032546997,0.9997829794883728,1.0006120204925537,24482827973,83509799726.48723
18/07/2023,1.0001579523086548,1.0007230043411255,0.9995620250701904,1.0002720355987549,22117323145,83743480630.29497
19/07/2023,1.0002299547195435,1.0008519887924194,0.9996470212936401,1.000133991241455,21629091201,83790732854.88849
20/07/2023,1.0000790357589722,1.0008519887924194,0.9996160268783569,1.0001729726791382,25849427845,83734085145.09355
21/07/2023,1.000216007232666,1.000607967376709,0.9995440244674683,1.0000699758529663,21736934537,83839342615.98102
22/07/2023,0.9998610019683838,1.0010130405426025,0.9998490214347839,1.000169038772583,15361411060,83784332315.95091
23/07/2023,0.9998970031738281,1.001127004623413,0.9997689723968506,1.0001150369644165,15719491555,83804674505.69337
24/07/2023,1.0000109672546387,1.0005919933319092,0.9991210103034973,0.9999880194664001,24790908035,83755687819.48451
25/07/2023,0.9998289942741394,1.000704050064087,0.999517023563385,1.0000159740447998,18046684131,83792795551.98889
26/07/2023,1.0001009702682495,1.0007799863815308,0.999550998210907,0.9998990297317505,22065183057,83790318776.21411
27/07/2023,0.9995899796485901,1.0006029605865479,0.9993789792060852,1.0000560283660889,17964435031,83895071911.8851
28/07/2023,1.0001059770584106,1.0004780292510986,0.9994210004806519,0.9996749758720398,17371797760,83781752304.07178
29/07/2023,1.0000540018081665,1.0005810260772705,0.9997280240058899,1.0001089572906494,11962846967,83827866970.28653
30/07/2023,0.9998930096626282,1.0006200075149536,0.9997940063476562,1.0000790357589722,15914742870,83822465176.84192
31/07/2023,0.9999110102653503,1.0005040168762207,0.9994879961013794,0.9999240040779114,18354638255,83823744370.67871
01/08/2023,0.9995219707489014,1.0004949569702148,0.9989889860153198,0.9999150037765503,27115449240,83791388839.53244
02/08/2023,0.9993259906768799,1.0002870559692383,0.9988960027694702,0.9995440244674683,26312546015,83816313473.61049
03/08/2023,0.9994480013847351,0.9998199939727783,0.9986420273780823,0.999284029006958,20365437032,83888527906.0555
04/08/2023,0.9986019730567932,0.9996669888496399,0.9983959794044495,0.9993559718132019,20189124066,83841060938.9211
05/08/2023,0.9989830255508423,0.9992290139198303,0.9982950091362,0.9986310005187988,14278737533,83719693334.73195
06/08/2023,0.9983819723129272,0.9992719888687134,0.998196005821228,0.9990180134773254,14800094198,83816979241.18967
07/08/2023,0.9988179802894592,0.9994459748268127,0.9977959990501404,0.9982950091362,23981817200,83751692193.03862
08/08/2023,0.9997180104255676,1.0006239414215088,0.9984819889068604,0.9988409876823425,25874561718,83464564710.04935
09/08/2023,0.9994249939918518,1.000264048576355,0.9989150166511536,0.9997239708900452,22920990916,83534670798.40623
10/08/2023,0.9990119934082031,0.9998329877853394,0.9986510276794434,0.9993690252304077,18525528096,83496944483.02469
11/08/2023,0.9989690184593201,0.9995909929275513,0.9983559846878052,0.9989399909973145,16439483171,83445632345.53148
12/08/2023,0.9994530081748962,0.9998959898948669,0.998986005783081,0.998986005783081,11930000390,83313809612.89717
13/08/2023,0.9992499947547913,0.9998999834060669,0.9991070032119751,0.9994680285453796,14122729675,83355420569.70955
14/08/2023,0.9991840124130249,0.9998760223388672,0.9984310269355774,0.9992660284042358,20154696560,83303287526.81169
15/08/2023,0.9989650249481201,0.9994639754295349,0.9983929991722107,0.9991679787635803,21720437145,83323482665.83325
16/08/2023,0.9988560080528259,0.9994069933891296,0.9986050128936768,0.9989169836044312,24501625172,83089141821.30199
17/08/2023,1.0003859996795654,1.0006979703903198,0.9983569979667664,0.9988430142402649,46202367641,83061154615.96309
18/08/2023,0.9998300075531006,1.0006660223007202,0.9990010261535645,1.000285029411316,34300507987,82404783281.48492
19/08/2023,0.9998599886894226,1.0004459619522095,0.9994649887084961,0.9997169971466064,17888080535,82846348503.31053
20/08/2023,0.9999949932098389,1.0003299713134766,0.9996560215950012,0.9998990297317505,15722340351,82827386555.77365
21/08/2023,0.9998350143432617,1.0003629922866821,0.9993579983711243,0.9999420046806335,21350289570,82764346526.22603
22/08/2023,0.9994660019874573,1.0003290176391602,0.9993469715118408,0.9997959733009338,24087904847,82809847575.73654
23/08/2023,0.9998990297317505,1.0007270574569702,0.9992560148239136,0.9996129870414734,25410027986,82886695209.7922
24/08/2023,0.999426007270813,1.0001440048217773,0.9993209838867188,0.9998289942741394,20070736123,82864808775.04936
25/08/2023,0.9994940161705017,1.0001599788665771,0.9992759823799133,0.9994840025901794,19999153582,82792442087.2895
26/08/2023,0.9995390176773071,0.9999989867210388,0.9992169737815857,0.9994810223579407,11240935990,82820074363.93916
27/08/2023,0.999521017074585,1.0001189708709717,0.9993339776992798,0.9995200037956238,12072570625,82787056266.82603
28/08/2023,0.9993270039558411,1.0001740455627441,0.9991369843482971,0.9995120167732239,18160207139,82810342708.0487
29/08/2023,1.0000380277633667,1.0011279582977295,0.9989839792251587,0.9993280172348022,39257157473,82839021147.29135
30/08/2023,1.0001280307769775,1.000627040863037,0.9996190071105957,1.0000909566879272,22718699935,82842798968.823
31/08/2023,0.9998459815979004,1.0005890130996704,0.9996410012245178,1.0000369548797607,27302426037,82830657293.57698
01/09/2023,0.9997119903564453,1.0003650188446045,0.9991589784622192,0.9998130202293396,25428948060,82859256820.49013
02/09/2023,1.0001330375671387,1.000319004058838,0.9994950294494629,0.9997000098228455,16557766093,82873208039.98825
03/09/2023,0.9999740123748779,1.0004689693450928,0.9996989965438843,1.0000180006027222,14510340452,82890642638.24115
04/09/2023,0.9996449947357178,1.0001269578933716,0.9994419813156128,0.9998570084571838,17920742517,82840079833.3502
05/09/2023,0.9995840191841125,0.9999520182609558,0.9991160035133362,0.9995610117912292,18323727990,82762724711.13287
06/09/2023,0.9995520114898682,1.0001970529556274,0.9991329908370972,0.9996680021286011,19715200487,82836564032.4432
07/09/2023,0.9997580051422119,1.0001569986343384,0.9991880059242249,0.9994819760322571,18242134001,82872091764.68895
08/09/2023,0.9997779726982117,1.000285029411316,0.9993879795074463,0.9997599720954895,17906934253,82848340323.02254
09/09/2023,0.9997339844703674,1.0003219842910767,0.9994890093803406,0.9997230172157288,10128707374,82994464811.03418
10/09/2023,0.9996129870414734,1.0002379417419434,0.9995149970054626,0.9997190237045288,15171173010,82979370479.77487
11/09/2023,0.9997010231018066,1.0004550218582153,0.9994009733200073,0.9995719790458679,24658044680,82989331119.54132
12/09/2023,1.0000369548797607,1.000520944595337,0.999439001083374,0.9997220039367676,26626307087,82963209450.55505
13/09/2023,1.0002429485321045,1.0007460117340088,0.9997079968452454,0.9999600052833557,20526953164,83082929863.57187
14/09/2023,1.0002599954605103,1.0007630586624146,0.9998220205307007,1.00027596950531,21251601415,83059791981.38634
15/09/2023,1.0003429651260376,1.0007569789886475,0.9998419880867004,1.0002529621124268,19295499486,83052483552.6998
16/09/2023,1.000298023223877,1.0009130239486694,0.999987006187439,1.0001109838485718,14317870597,83007465778.7753
17/09/2023,1.0002919435501099,1.000938057899475,1.0001120567321777,1.0002779960632324,12731066338,83054852766.11803
18/09/2023,1.0002379417419434,1.0008859634399414,0.9999120235443115,1.0002540349960327,23169510106,83068058627.53192
19/09/2023,1.000262975692749,1.0008939504623413,0.9999889731407166,1.0001399517059326,19869924197,83094733747.16682
20/09/2023,1.0002069473266602,1.0006530284881592,0.9999039769172668,1.0002069473266602,20831080166,83176788712.96616
21/09/2023,0.9999859929084778,1.0006380081176758,0.9996989965438843,1.0001859664916992,65289803093,83200799692.07854
22/09/2023,1.0000089406967163,1.000553011894226,0.9996629953384399,0.9999189972877502,16422421266,83189667143.01106
23/09/2023,1.0000669956207275,1.000452995300293,0.999875009059906,1.0000159740447998,12105054638,83212195829.16446
24/09/2023,1.0001349449157715,1.0006760358810425,0.9998859763145447,1.0000649690628052,13177215723,83210015223.57744
25/09/2023,0.9997850060462952,1.000601053237915,0.9994950294494629,1.0001319646835327,18410794811,83212248384.21696
26/09/2023,0.9996060132980347,1.0005619525909424,0.9994720220565796,0.9997190237045288,17449026978,83169840527.08276
27/09/2023,0.9993860125541687,0.9999960064888,0.9990900158882141,0.9995549917221069,21012429240,83161369320.4459
28/09/2023,1.0000170469284058,1.0008209943771362,0.9989879727363586,0.999455988407135,23496469874,83193672937.38235
29/09/2023,1.0000419616699219,1.000844955444336,0.9996910095214844,1.0000619888305664,33744855887,83267423241.87346
30/09/2023,1.0002100467681885,1.000596046447754,0.9998030066490173,1.0000669956207275,28335840810,83267971094.07365
01/10/2023,0.9998940229415894,1.0006159543991089,0.9997699856758118,1.0001929998397827,26887832164,83258001884.50362
02/10/2023,1.0003329515457153,1.001006007194519,0.9998019933700562,1.0000269412994385,33775951107,83251476137.94423
03/10/2023,1.0000920295715332,1.0005090236663818,0.9997419714927673,1.000262975692749,28992376862,83273336895.26823
04/10/2023,1.0004370212554932,1.000560998916626,0.999770998954773,1.000022053718567,21138935230,83352369985.82991
05/10/2023,1.0000890493392944,1.0006459951400757,0.9999060034751892,1.0002870559692383,18816329985,83356125474.97917
06/10/2023,1.0004359483718872,1.0006380081176758,0.9998850226402283,1.0000369548797607,19152176768,83359091468.14685
07/10/2023,1.0005500316619873,1.0007760524749756,1.0002720355987549,1.0004390478134155,11006329208,83413565108.54599
08/10/2023,1.0004600286483765,1.0008000135421753,1.000270962715149,1.000588059425354,12488411034,83525460690.77596
09/10/2023,1.000080943107605,1.001181960105896,0.9998779892921448,1.0004559755325317,20684218429,83516000504.2307
10/10/2023,1.0000879764556885,1.000823974609375,0.9998589754104614,1.0001959800720215,17384784047,83524066604.36577
11/10/2023,0.9997519850730896,1.000661015510559,0.9995689988136292,1.0000649690628052,19945698427,83483900707.36946
12/10/2023,0.9997079968452454,1.0005669593811035,0.9994779825210571,0.9997490048408508,16234691731,83499673027.41563
13/10/2023,0.9999600052833557,1.000465989112854,0.9993810057640076,0.999646008014679,21158055012,83483796073.20642
14/10/2023,1.0001059770584106,1.00062096118927,0.9997929930686951,0.999888002872467,9989859215,83498697221.22173
15/10/2023,1.0003730058670044,1.000548005104065,0.9998360276222229,1.0000250339508057,12496424347,83532889783.10246
16/10/2023,1.000548005104065,1.000931978225708,0.9999110102653503,1.000378966331482,47707269941,83559393903.24854
17/10/2023,1.0004040002822876,1.0008399486541748,1.000156044960022,1.0005799531936646,38333912794,83577695008.47903
18/10/2023,1.0002269744873047,1.0007920265197754,1.0001070499420166,1.000419020652771,32819081997,83610268590.54527
19/10/2023,1.0004630088806152,1.001075029373169,1.0000699758529663,1.000404953956604,33070893762,83694671690.04245
20/10/2023,1.0005309581756592,1.0010960102081299,1.0000909566879272,1.0004420280456543,40795586179,83882616971.8118
21/10/2023,1.0003559589385986,1.0006760358810425,1.0001029968261719,1.000491976737976,31214248865,83967018889.96411
22/10/2023,1.0002460479736328,1.0006920099258423,0.9999669790267944,1.0003329515457153,33182189773,84189037781.89873
23/10/2023,1.0003999471664429,1.001013994216919,0.9998220205307007,1.0005550384521484,50238491833,84215958770.63538
24/10/2023,1.0000150203704834,1.0005680322647095,0.9995729923248291,1.0003629922866821,60389981030,84294092789.52823
25/10/2023,1.0004149675369263,1.0007719993591309,0.9997389912605286,0.999966025352478,37032981246,84345202670.72981
26/10/2023,1.0001929998397827,1.0006539821624756,0.9997810125350952,1.0004030466079712,34400726384,84259856520.10495
27/10/2023,1.0002570152282715,1.0008000135421753,0.999921977519989,1.0001620054244995,26940157935,84406796218.82835
28/10/2023,1.0002529621124268,1.0007480382919312,0.9995419979095459,1.0003169775009155,17102158535,84477164194.58943
29/10/2023,1.0003869533538818,1.0007270574569702,0.9999719858169556,1.0002349615097046,17945833722,84563580454.19505
30/10/2023,1.0005719661712646,1.0008729696273804,0.9998990297317505,1.0002340078353882,28763511481,84549233823.18846
31/10/2023,1.0003149509429932,1.0009009838104248,1.0000369548797607,1.0005929470062256,29335341382,84560721447.30846
01/11/2023,1.0006109476089478,1.0008599758148193,0.999783992767334,1.0004279613494873,39913237495,84693605222.46228
02/11/2023,1.0002130270004272,1.0011600255966187,1.0000040531158447,1.0005589723587036,37061602828,84862316815.83162
03/11/2023,1.0006500482559204,1.0010119676589966,0.9999679923057556,1.0002659559249878,30750864935,84913239127.19864
04/11/2023,1.0007810592651367,1.001268982887268,1.0003260374069214,1.0006129741668701,20039891292,85256843614.72348
05/11/2023,1.000723958015442,1.001541018486023,1.0004609823226929,1.000849962234497,27539467535,85448432838.82634
06/11/2023,1.0003169775009155,1.001209020614624,1.0001169443130493,1.0006779432296753,28998480107,85387153373.57904
07/11/2023,1.0005689859390259,1.0011080503463745,1.0000360012054443,1.0003050565719604,37131401565,85371206042.47902
08/11/2023,1.0003550052642822,1.00096595287323,0.9999099969863892,1.0004990100860596,31439123893,85731510405.70334
09/11/2023,1.0000929832458496,1.0008169412612915,0.9995779991149902,1.0003859996795654,71681797266,85850353482.25122
10/11/2023,0.9999979734420776,1.0007209777832031,0.9997429847717285,1.0001729726791382,50393389957,86220797904.93394
11/11/2023,0.9998329877853394,1.0008169412612915,0.9997159838676453,1.0002559423446655,40492882175,86576842243.3467
12/11/2023,1.000143051147461,1.000777006149292,0.9996619820594788,0.99993497133255,34090921591,86670329265.5761
13/11/2023,1.0003739595413208,1.0012309551239014,0.9998760223388672,1.0002529621124268,47623447835,86893346050.39153
14/11/2023,1.0002590417861938,1.0008039474487305,0.9995980262756348,1.0006639957427979,47902433059,86852876182.05913
15/11/2023,1.0007699728012085,1.000931978225708,1.000022053718567,1.000249981880188,49894898098,87069254488.00314
16/11/2023,1.000038981437683,1.0007929801940918,0.9997529983520508,1.0006059408187866,52458412049,87330293256.90219
17/11/2023,1.0005780458450317,1.0006170272827148,0.9998649954795837,1.000182032585144,45809290050,87433708811.30647
18/11/2023,1.0005979537963867,1.000836968421936,1.000161051750183,1.0004370212554932,30549410765,87575507814.81499
19/11/2023,1.0004539489746094,1.000810980796814,1.0001909732818604,1.0005979537963867,28609109544,87745529028.2199
20/11/2023,1.0005970001220703,1.0010069608688354,1.000033974647522,1.000491976737976,40570824216,87719871443.19617
21/11/2023,1.0003889799118042,1.0008649826049805,0.9997919797897339,1.0005179643630981,48932459629,87738748115.10922
22/11/2023,1.0003379583358765,1.0006840229034424,0.9998570084571838,1.0003739595413208,43622993259,87923200610.43375
23/11/2023,1.000141978263855,1.0004769563674927,0.9999169707298279,1.0003609657287598,28640324596,88395010860.2725
24/11/2023,1.0003529787063599,1.000857949256897,0.9999229907989502,1.0001490116119385,40071555958,88521918320.8052
25/11/2023,1.000478982925415,1.0008169412612915,0.999925971031189,1.000264048576355,23045093192,88586091086.36794
26/11/2023,1.0002110004425049,1.000609040260315,0.9996230006217957,1.0004860162734985,30299804822,88779808674.98494
27/11/2023,0.9999799728393555,1.000661015510559,0.9998350143432617,1.0002139806747437,38568585545,88746412388.52766
28/11/2023,1.0003770589828491,1.0006680488586426,0.999888002872467,1.0001120567321777,37720536626,88794083114.61061
29/11/2023,1.0002199411392212,1.0008169412612915,0.9998890161514282,1.0003260374069214,35115076722,88902002105.36464
30/11/2023,1.000156044960022,1.0003900527954102,0.9998630285263062,1.0002360343933105,29247809691,89084951252.75563
01/12/2023,1.0001850128173828,1.0006300210952759,0.9998310208320618,1.0001959800720215,36738335582,89288339819.9511
02/12/2023,1.0003639459609985,1.000560998916626,0.999692976474762,1.0001989603042603,31086578261,89384249584.62776
03/12/2023,1.0003089904785156,1.0005619525909424,0.9993209838867188,1.0004440546035767,32506614462,89567299871.82498
04/12/2023,0.9999129772186279,1.00102698802948,0.9990900158882141,1.0003069639205933,74534917166,89672338130.95718
05/12/2023,1.0005459785461426,1.0007489919662476,0.9993069767951965,0.9999740123748779,59504264657,89712226019.01518
06/12/2023,1.0000319480895996,1.0008560419082642,0.9998390078544617,1.0002199411392212,57074332907,89954651881.01256
07/12/2023,1.0003169775009155,1.001062035560608,0.9999060034751892,1.0000109672546387,52213979484,89947739514.69337
08/12/2023,1.0001239776611328,1.0006619691848755,0.9999529719352722,1.000372052192688,48979635040,90118570091.71358
09/12/2023,1.0005170106887817,1.000939965248108,1.0000489950180054,1.0001310110092163,45714652119,90313892604.98276
10/12/2023,1.0000439882278442,1.000709056854248,0.999888002872467,1.0003540515899658,32521476893,90697180084.94415
11/12/2023,0.999547004699707,1.0007729530334473,0.9988499879837036,1.0000720024108887,73473005079,90619185009.4846
12/12/2023,0.9997860193252563,1.0009870529174805,0.9990299940109253,0.9995819926261902,50960203250,90552653809.92912
13/12/2023,1.0001909732818604,1.0007189512252808,0.9992460012435913,0.9997209906578064,52038965688,90618504336.49426
14/12/2023,1.000154972076416,1.0009859800338745,0.9997860193252563,1.0002750158309937,50697278985,90695509418.53244
15/12/2023,1.0001499652862549,1.0010340213775635,0.999584972858429,1.0002280473709106,45289072124,90827525607.944
16/12/2023,0.9991819858551025,1.0005760192871094,0.9991099834442139,1.000080943107605,34866731284,90736741067.09624
17/12/2023,0.9998769760131836,1.0004429817199707,0.9985719919204712,0.9990620017051697,34792857542,90854983802.11977
18/12/2023,0.9997580051422119,1.0003060102462769,0.998852014541626,0.9993529915809631,47767663338,90872426679.6594
19/12/2023,0.9998900294303894,1.000601053237915,0.9992820024490356,0.999770998954773,44657013334,90931108068.30548
20/12/2023,1.000025987625122,1.0011169910430908,0.9994919896125793,0.9996989965438843,50936892565,90960533050.72404
21/12/2023,1.0001460313796997,1.0008729696273804,0.9997149705886841,0.9999499917030334,48533420642,90953421967.0991
22/12/2023,1.0009429454803467,1.0013439655303955,0.9999169707298279,1.0001779794692993,52902171478,91062560834.52438
23/12/2023,1.0007410049438477,1.0013129711151123,1.0002150535583496,1.000980019569397,36651294683,91196913161.69775
24/12/2023,1.0008800029754639,1.0012789964675903,1.000223994255066,1.0005279779434204,49444358257,91288621400.19968
25/12/2023,1.0005619525909424,1.0012229681015015,0.9998149871826172,1.0007810592651367,61756563211,91321270663.5734
26/12/2023,1.0002340078353882,1.000967025756836,0.9993249773979187,1.0004899501800537,63483140133,91328934694.70303
27/12/2023,1.000694990158081,1.0011160373687744,0.9998480081558228,1.0002310276031494,56078039633,91384051292.9767
28/12/2023,1.0011860132217407,1.0014619827270508,1.0000289678573608,1.0008560419082642,59086706628,91451080290.98012
29/12/2023,1.0004489421844482,1.0014840364456177,0.999800980091095,1.0010830163955688,52443392742,91563523683.55396
30/12/2023,1.0003809928894043,1.0009950399398804,0.999754011631012,1.0005099773406982,31559955137,91575330091.00008
31/12/2023,0.9997299909591675,1.0012569427490234,0.9993429780006409,1.0002039670944214,33159237822,91696771362.57608
01/01/2024,1.0003679990768433,1.000709056854248,0.9995740056037903,0.9998810291290283,35556530943,91724474427.71652
02/01/2024,1.0005069971084595,1.0013949871063232,1.0000959634780884,1.0002729892730713,59445456300,91730242123.06651
03/01/2024,1.0006569623947144,1.0036300420761108,1.0001660585403442,1.0004340410232544,87663506544,91717780780.93268
04/01/2024,1.0010319948196411,1.0017590522766113,1.0003540515899658,1.0003989934921265,54080510298,92142753304.79716
05/01/2024,1.000877022743225,1.0015729665756226,1.0004099607467651,1.000933051109314,53743098427,92526809338.21548
06/01/2024,1.0005919933319092,1.0013929605484009,1.0002959966659546,1.0008529424667358,32532178110,92858801168.91245
07/01/2024,1.0006070137023926,1.0012110471725464,1.000161051750183,1.0005029439926147,32666859534,93445427842.2196
08/01/2024,1.0005990266799927,1.0013790130615234,1.000161051750183,1.0007139444351196,61906019146,93704952521.56448
09/01/2024,1.0001660585403442,1.000980019569397,0.9994230270385742,1.0008430480957031,61396977432,94083713350.7766
10/01/2024,1.000223994255066,1.0010780096054077,0.9997320175170898,1.0002349615097046,80427898461,94064205857.5754
11/01/2024,1.0002470016479492,1.001114010810852,0.9991080164909363,1.000288963317871,78116360556,94504765887.63194
12/01/2024,0.999908983707428,1.000445008277893,0.9987599849700928,1.000290036201477,71993899911,95062620421.8833
13/01/2024,0.9999759793281555,1.0002809762954712,0.9995989799499512,1.0000920295715332,38741665180,95002649650.03416
14/01/2024,0.9994900226593018,1.0004229545593262,0.9992830157279968,0.9999420046806335,35054633394,94996286994.1404
15/01/2024,0.9997230172157288,1.000349998474121,0.9990760087966919,0.9994919896125793,41325317168,95050997231.00322
16/01/2024,0.9998689889907837,1.000432014465332,0.9986889958381653,0.999442994594574,43063894677,95255892093.39702
17/01/2024,0.9991880059242249,1.000411033630371,0.9988530278205872,0.9998090267181396,39917312476,95104647039.71396
18/01/2024,0.9992049932479858,0.9997850060462952,0.9980329871177673,0.9992039799690247,46185843187,95125787221.11208
19/01/2024,0.9991859793663025,1.0,0.9984670281410217,0.9994080066680908,46650934337,94955321534.46254
20/01/2024,0.9993109703063965,1.000923991203308,0.9989820122718811,0.9991580247879028,25670327311,94967646330.98744
21/01/2024,0.999439001083374,1.000378966331482,0.9991559982299805,0.9993759989738464,21953622854,94983399556.99968
22/01/2024,0.9988530278205872,1.000452995300293,0.998615026473999,0.9994530081748962,49537774963,94910190842.17229
23/01/2024,0.9992470145225525,1.0003149509429932,0.9984750151634216,0.998803973197937,52394904183,94768937396.33646
24/01/2024,0.999737024307251,1.000440001487732,0.9988769888877869,0.999330997467041,38440622439,95571888926.8094
25/01/2024,0.9997169971466064,1.000520944595337,0.9991970062255859,0.9996610283851624,33716145309,95512604443.57684
26/01/2024,0.9999859929084778,1.0003410577774048,0.9991880059242249,0.9995729923248291,42091434921,95526771968.36723
27/01/2024,1.000046968460083,1.0003679990768433,0.9996970295906067,0.999871015548706,23232564659,95549259109.5024
28/01/2024,1.0000009536743164,1.0002490282058716,0.9994980096817017,1.0001189708709717,29379055847,96043727984.62862
29/01/2024,1.0001250505447388,1.0005860328674316,0.9996209740638733,0.9999939799308777,35674653681,96013416643.31122
30/01/2024,1.0000280141830444,1.0003230571746826,0.9995970129966736,1.0001139640808105,41189878063,96108546237.88614
31/01/2024,1.0000280141830444,1.000357985496521,0.999110996723175,1.0000749826431274,41189878063,95993659299.87636
01/02/2024,0.9999330043792725,1.000357985496521,0.9989070296287537,1.0000749826431274,37397906057,96142607456.75385
02/02/2024,0.9997140169143677,1.0003160238265991,0.9992089867591858,0.9998459815979004,32455547367,96250022548.61604
03/02/2024,0.999809980392456,1.0000139474868774,0.9993559718132019,0.9997149705886841,19986631753,96215760125.4551
04/02/2024,0.9997199773788452,1.0001529455184937,0.9994239807128906,0.9998239874839783,22080787677,96211660645.13792
05/02/2024,0.9987949728965759,0.9999849796295166,0.9985920190811157,0.999737024307251,30574227480,96140803757.7661
06/02/2024,0.9999819993972778,1.0000430345535278,0.9985619783401489,0.9987999796867371,31068605844,96120543211.64397
07/02/2024,0.9998239874839783,1.0001519918441772,0.9991070032119751,0.9999110102653503,36206749333,96117987589.62988
08/02/2024,1.000195026397705,1.0003700256347656,0.9991049766540527,0.9996770024299622,41495353803,96220233912.91457
09/02/2024,1.0004899501800537,1.0008560419082642,0.9992910027503967,1.0001189708709717,55541686302,96268386138.41594
10/02/2024,1.0003180503845215,1.000905990600586,1.0001410245895386,1.0005170106887817,28746535798,96272021104.86111
11/02/2024,1.0002789497375488,1.0008820295333862,0.9999420046806335,1.0003219842910767,31433121648,96349651423.53716
12/02/2024,1.0002789497375488,1.0010930299758911,0.9998340010643005,1.0002700090408325,50194735130,96520553678.616
13/02/2024,1.0005919933319092,1.0011080503463745,0.9998000264167786,1.0003360509872437,57692446059,96695482935.4225
14/02/2024,1.000931978225708,1.00130295753479,0.9999729990959167,1.0005810260772705,64385254811,96762387718.77711
15/02/2024,1.0009440183639526,1.0011800527572632,0.9994059801101685,1.000898003578186,69469934488,96979195440.37872
16/02/2024,1.0006519556045532,1.001222014427185,0.9997760057449341,1.0009880065917969,53607476361,97265775292.20654
17/02/2024,1.000359058380127,1.0008759498596191,0.9997339844703674,1.0006929636001587,45457904701,97583119422.9608
18/02/2024,1.000236988067627,1.0005160570144653,0.9997469782829285,1.0003349781036377,49507723529,97716632679.09314
19/02/2024,1.0001020431518555,1.0003559589385986,0.9993849992752075,1.0002059936523438,49248059896,97661857628.50089
20/02/2024,1.0001699924468994,1.0003160238265991,0.9991940259933472,0.9999970197677612,66817806001,97674633134.28976
21/02/2024,1.0000139474868774,1.0003260374069214,0.9993020296096802,1.000169038772583,59273333052,97879397783.318
22/02/2024,0.9993600249290466,1.0002219676971436,0.9990599751472473,1.0001189708709717,55760174038,98144682611.99107
23/02/2024,0.9998980164527893,1.0001130104064941,0.9992619752883911,0.9995890259742737,49400677249,97790168760.62076
24/02/2024,1.000059962272644,1.000311017036438,0.9994270205497742,0.9998909831047058,33883854964,97932080922.40404
25/02/2024,0.9999039769172668,1.000525951385498,0.9995179772377014,0.9999390244483948,36679935803,97845940204.68391
26/02/2024,1.0007179975509644,1.0009959936141968,0.9995369911193848,1.0000139474868774,62980327478,97906044227.103
27/02/2024,1.0003540515899658,1.0011969804763794,0.999351978302002,1.000730037689209,81780866102,98159651669.30669
28/02/2024,1.001060962677002,1.0015759468078613,0.999023973941803,1.0004889965057373,128007189181,98383119474.09436
29/02/2024,1.0004019737243652,1.0012340545654297,0.9989709854125977,1.001134991645813,111968615893,98408639152.57326
01/03/2024,1.0006779432296753,1.0014209747314453,0.9996070265769958,1.0003880262374878,76389482142,98821123301.17656
02/03/2024,1.0006059408187866,1.0014469623565674,0.9999250173568726,1.0007840394973755,67653795192,99274662637.2098
03/03/2024,1.0004509687423706,1.0010579824447632,0.9998630285263062,1.0006380081176758,70762304723,99236691116.65791
04/03/2024,1.001291036605835,1.002100944519043,0.9996619820594788,1.000465989112854,123818816561,99558140762.95116
05/03/2024,1.0013079643249512,1.0021330118179321,0.9986519813537598,1.0012880563735962,189867087465,99604141292.36678
06/03/2024,1.000445008277893,1.0024980306625366,0.9995570182800293,1.0011279582977295,128487768220,100445783977.86188
07/03/2024,1.0014009475708008,1.0023490190505981,0.999351978302002,1.0004609823226929,95225950701,100524264534.42271
08/03/2024,1.0021899938583374,1.0036189556121826,0.9997000098228455,1.0014660358428955,108030960578,100821677144.31422
09/03/2024,1.0021530389785767,1.0029109716415405,1.0012589693069458,1.002187967300415,63272520530,101243181280.85776
10/03/2024,1.0009939670562744,1.0027010440826416,1.000440001487732,1.0021740198135376,77540921867,101814936996.92036
11/03/2024,1.0002750158309937,1.001731038093567,0.9990900158882141,1.000980019569397,118434243798,102297568054.78017
12/03/2024,1.0000920295715332,1.001101016998291,0.9985619783401489,1.0002679824829102,115805937864,102035960671.74452
13/03/2024,1.0005170106887817,1.0015499591827393,0.9990299940109253,1.0001529455184937,95338044782,102414694159.27916
14/03/2024,0.9996790289878845,1.0009429454803467,0.9982550144195557,1.0004889965057373,116520409213,102757940827.66808
15/03/2024,1.0001239776611328,1.0025370121002197,0.9984660148620605,0.9995980262756348,145040404215,102930574059.65364
16/03/2024,0.999243974685669,1.0010160207748413,0.9987040162086487,1.0001660585403442,101796439885,103373346487.36938
17/03/2024,0.9993709921836853,1.0004099607467651,0.9983369708061218,0.9992989897727966,90407787768,102917484336.03958
18/03/2024,0.9999160170555115,1.0006550550460815,0.9988660216331482,0.9994660019874573,98373958984,103492063270.97025
19/03/2024,0.9994800090789795,1.001204013824463,0.9984570145606995,0.999904990196228,137581151030,103358414046.23232
20/03/2024,1.0002590417861938,1.0013190507888794,0.9989529848098755,0.9996669888496399,122985298758,103787308309.5638
21/03/2024,0.9998049736022949,1.0014619827270508,0.999305009841919,1.0001989603042603,87543595572,103705912309.60864
22/03/2024,1.0002659559249878,1.001175045967102,0.9991139769554138,0.9998000264167786,81269693027,103924885647.43254
23/03/2024,1.000303030014038,1.0008339881896973,0.999688982963562,1.0002050399780273,53727479558,104042955962.91965
24/03/2024,0.9999840259552002,1.0009119510650635,0.9995999932289124,1.000349998474121,53627981617,103995094518.03925
25/03/2024,1.0002230405807495,1.001276969909668,0.9990090131759644,1.0000289678573608,81204666738,104029403026.70132
26/03/2024,1.0000189542770386,1.0008260011672974,0.9990429878234863,1.000161051750183,77399464621,103791045667.34557
27/03/2024,0.9996470212936401,1.0003739595413208,0.999055027961731,0.9999610185623169,83797223894,107605535417.30923
28/03/2024,1.000100016593933,1.0005710124969482,0.9991350173950195,0.9996219873428345,73312354659,107666047067.60872
29/03/2024,1.0004899501800537,1.000715970993042,0.9995319843292236,1.0001369714736938,61237744035,107728139953.44762
30/03/2024,1.000430941581726,1.0010780096054077,0.9999619722366333,1.0005019903182983,46808102783,107697215105.33696
31/03/2024,1.000040054321289,1.0013480186462402,0.9997259974479675,1.0004620552062988,45354730502,107658784795.06276
01/04/2024,1.0004119873046875,1.0017130374908447,0.9997339844703674,1.000033974647522,75369785257,107694893522.59048
02/04/2024,1.0002260208129883,1.0011589527130127,0.9989629983901978,1.0004349946975708,96522021189,108830652686.02122
03/04/2024,1.0003180503845215,1.000862956047058,0.9995989799499512,1.0002360343933105,72294081106,109842249106.09695
04/04/2024,1.0003830194473267,1.0008339881896973,0.99891197681427,1.0002540349960327,68789308326,109856358688.63568
05/04/2024,1.0002739429473877,1.0010000467300415,0.9993860125541687,1.000372052192688,64371464433,110841242592.08353
06/04/2024,1.000223994255066,1.0007150173187256,0.999646008014679,1.0003010034561157,41022568112,110826544576.6628
07/04/2024,0.9999240040779114,1.0006580352783203,0.999455988407135,1.0002249479293823,45028594985,110775817164.31436
08/04/2024,1.0001660585403442,1.0009870529174805,0.9993879795074463,0.9999309778213501,69769294376,110778421584.4578
09/04/2024,0.999763011932373,1.0009520053863525,0.9992799758911133,1.000169038772583,70338237086,110757201799.61064
10/04/2024,1.0001169443130493,1.0008620023727417,0.999239981174469,0.9997550249099731,68657000944,110794579356.696
11/04/2024,1.0005500316619873,1.0012069940567017,0.9993090033531189,1.0000070333480835,57625638532,110815350150.78264
12/04/2024,1.0004479885101318,1.0013870000839233,0.9986950159072876,1.000553011894226,96319763859,110849225967.42824
13/04/2024,1.0012129545211792,1.0032010078430176,0.999114990234375,1.000445008277893,118933111448,110968088497.84093
14/04/2024,1.00108003616333,1.0019240379333496,0.9995319843292236,1.0012860298156738,98630391164,110925377825.01897
15/04/2024,1.0003770589828491,1.001878023147583,0.9997680187225342,1.0011130571365356,87031799798,110845737418.76865
16/04/2024,1.000393033027649,1.0017549991607666,0.9997649788856506,1.0003000497817993,77388159492,111837887395.91087
17/04/2024,0.9999939799308777,1.0012849569320679,0.9993529915809631,1.0004769563674927,71118551643,111784208620.93356
18/04/2024,1.0005509853363037,1.0016939640045166,0.9995880126953125,1.0000079870224,63558115213,111862000210.51936
19/04/2024,1.000594973564148,1.0014760494232178,0.9996320009231567,1.0005340576171875,84354523666,112852800301.98083
20/04/2024,1.0004290342330933,1.0013020038604736,1.0,1.0006500482559204,45625971025,112846655588.72543
21/04/2024,1.0002130270004272,1.0013229846954346,0.9996510148048401,1.000411033630371,40914266460,112821200326.06786
22/04/2024,1.0003360509872437,1.0014630556106567,0.9997900128364563,1.0002750158309937,52741030322,112858481914.88132
23/04/2024,1.0000929832458496,1.0013569593429565,0.9999110102653503,1.0003329515457153,49389574681,112804604421.9634
24/04/2024,0.9998019933700562,1.0010969638824463,0.9988880157470703,1.0000979900360107,60998445931,112741273546.48584
25/04/2024,0.9998270273208618,1.0010379552841187,0.9990829825401306,0.9996010065078735,56150133824,112781974898.26665
26/04/2024,0.9997000098228455,1.0011539459228516,0.9992460012435913,0.9998329877853394,45201516166,112901391868.02144
27/04/2024,0.9993939995765686,1.0009989738464355,0.9989489912986755,0.9996169805526733,40609767473,112865757173.94896
28/04/2024,0.9997320175170898,1.0011310577392578,0.99897700548172,0.9993820190429688,36114073992,112919798206.849
29/04/2024,0.9997130036354065,1.001526951789856,0.9993039965629578,0.9997490048408508,49733140585,112916322053.95029
30/04/2024,0.9991620182991028,1.0012580156326294,0.9981070160865784,0.9997079968452454,66092463422,112841076661.1287
01/05/2024,0.9985569715499878,1.0017950534820557,0.9980720281600952,0.9991369843482971,76859530069,112760469568.58096
02/05/2024,1.00005304813385,1.0016850233078003,0.9984080195426941,0.998583972454071,54769809487,112956862480.37093
03/05/2024,1.0005470514297485,1.0018830299377441,0.9994680285453796,1.00005304813385,53871028495,113009407703.91132
04/05/2024,1.000148057937622,1.0017399787902832,0.9998170137405396,1.0005550384521484,39527945715,112964808036.07576
05/05/2024,1.0002540349960327,1.001747965812683,0.9998250007629395,1.0001510381698608,36224596673,112961671584.4063
06/05/2024,1.0000380277633667,1.0016130208969116,0.9995930194854736,1.0003290176391602,52931405950,112939520438.77512
07/05/2024,1.0,1.0016820430755615,0.9996140003204346,1.000048041343689,46143834059,112958955480.2846
08/05/2024,0.999584972858429,1.0015219449996948,0.9994459748268127,0.999966025352478,46623837988,112899735214.23335
09/05/2024,0.9998679757118225,1.0011980533599854,0.9992690086364746,0.9995890259742737,46236991775,112941591427.0032
10/05/2024,0.9998610019683838,1.0024319887161255,0.9993119835853577,0.9998959898948669,50244486838,112931255005.0932
11/05/2024,0.9997590184211731,1.0007230043411255,0.9993460178375244,0.9999179840087891,29171047578,112923051715.50732
12/05/2024,0.9995660185813904,1.0010260343551636,0.9992370009422302,0.9997349977493286,25865589825,112883464036.90169
13/05/2024,0.9998559951782227,1.001420021057129,0.9991809725761414,0.9995790123939514,53205467613,112932895276.0114
14/05/2024,0.9995920062065125,1.0011470317840576,0.9990620017051697,0.9998400211334229,57380795961,112890232302.58469
15/05/2024,1.0005470514297485,1.001459002494812,0.9993039965629578,0.999629020690918,70663923975,112946847608.45312
16/05/2024,1.0000979900360107,1.001466989517212,0.9997349977493286,1.0005300045013428,62000126842,113954686623.86893
17/05/2024,1.0003999471664429,1.0015950202941895,0.9998409748077393,1.0000840425491333,56249728895,113980820058.4962
18/05/2024,1.0002059936523438,1.0014630556106567,0.9998390078544617,1.0004849433898926,39091871989,113977173961.45264
19/05/2024,0.9999120235443115,1.001235008239746,0.9994999766349792,1.000180959701538,38312293613,113931242432.95752
20/05/2024,1.0000979900360107,1.0012190341949463,0.999472975730896,0.9999120235443115,86442004708,113942943046.10408
21/05/2024,0.999879002571106,1.0005409717559814,0.9989910125732422,1.0000280141830444,104832621504,114923054296.767
22/05/2024,0.999455988407135,1.0006170272827148,0.9992390275001526,0.9998940229415894,75458368905,114848921488.47192
23/05/2024,0.9995790123939514,1.0007150173187256,0.9984899759292603,0.9994440078735352,107880114240,114850234949.0823
24/05/2024,0.999809980392456,1.0008289813995361,0.9988610148429871,0.9996399879455566,68659164363,114932081100.11244
25/05/2024,0.9998850226402283,1.0007660388946533,0.9994519948959351,0.9998250007629395,41182549806,114935050489.64735
26/05/2024,0.9995279908180237,1.0008339881896973,0.9992169737815857,0.999871015548706,44796186073,114909960041.5868
27/05/2024,0.9992120265960693,1.0004830360412598,0.9988170266151428,0.9994879961013794,64469471473,114838659795.02748
28/05/2024,0.9989020228385925,1.0003880262374878,0.9984869956970215,0.9992049932479858,75112778670,114816354965.43648
29/05/2024,0.9987620115280151,1.0003219842910767,0.99857097864151,0.998881995677948,64306272506,114823159210.6944
30/05/2024,0.9996579885482788,1.0008859634399414,0.99857097864151,0.9987279772758484,66107540689,114917097226.5102
31/05/2024,0.9989950060844421,1.000789999961853,0.9983760118484497,0.9996600151062012,58892635053,114836235685.0842
01/06/2024,0.9992920160293579,0.9997619986534119,0.9987580180168152,0.9989950060844421,34114810017,114869812433.92049
02/06/2024,0.9994029998779297,1.0000760555267334,0.9990230202674866,0.9993039965629578,47966136014,114887430478.68996
03/06/2024,0.9997990131378174,1.000717043876648,0.998960018157959,0.9993799924850464,66326852767,114925444174.27235
04/06/2024,1.0002180337905884,1.0007859468460083,0.9994630217552185,0.9998030066490173,64592711851,114960215897.77664
05/06/2024,1.0001139640808105,1.0006150007247925,0.9994590282440186,1.000203013420105,67311453236,114963686154.30176
06/06/2024,0.999521017074585,1.0007319450378418,0.999284029006958,1.0001139640808105,58624834999,114908983040.38344
07/06/2024,0.9996240139007568,1.0004849433898926,0.9987649917602539,0.9995629787445068,83727148277,114898959047.06552
08/06/2024,0.9999189972877502,1.0002310276031494,0.9994410276412964,0.9995239973068237,42654042043,114941273171.11703
09/06/2024,0.9999039769172668,1.0001970529556274,0.9997190237045288,0.9998229742050171,38460275023,114941031807.24768
10/06/2024,0.999580979347229,1.0000929832458496,0.9994570016860962,0.9998829960823059,51346980569,114897943935.76912
11/06/2024,0.9999409914016724,1.000380039215088,0.9988980293273926,0.9995480179786682,72360838236,114951081979.05492
12/06/2024,0.9996820092201233,1.000440001487732,0.9994879961013794,0.9999399781227112,67692265125,114914671528.01628
13/06/2024,0.9996050000190735,1.000372052192688,0.9994320273399353,0.9997590184211731,56101863399,114895105778.08864
14/06/2024,0.9994710087776184,1.0002009868621826,0.9990059733390808,0.999671995639801,56734383862,114876812820.24467
15/06/2024,0.9994670152664185,1.0,0.9992049932479858,0.9994630217552185,35823242153,115882562774.34148
16/06/2024,0.9992930293083191,1.0001050233840942,0.9990389943122864,0.9994379878044128,31962850043,115877209626.7024
17/06/2024,0.9996449947357178,1.000182032585144,0.9990040063858032,0.9993410110473633,60712949361,115903814795.64778
18/06/2024,0.9995499849319458,1.0013339519500732,0.9993079900741577,0.9996500015258789,78695656625,115889781369.0324
19/06/2024,0.9997959733009338,1.0005099773406982,0.9993259906768799,0.9995949864387512,48283435769,115898783873.54108
20/06/2024,0.9993990063667297,1.000535011291504,0.9990019798278809,0.9997959733009338,53052487180,115879677039.89572
21/06/2024,0.9994789958000183,1.0003260374069214,0.9989579916000366,0.9993919730186462,52864626463,115888674084.32436
22/06/2024,0.9995729923248291,1.0002379417419434,0.9992280006408691,0.9995089769363403,26893846849,115887435224.1742
23/06/2024,0.999343991279602,1.0002750158309937,0.9991350173950195,0.9996470212936401,29265392695,115881560579.87611
24/06/2024,0.9994080066680908,1.0004650354385376,0.9987879991531372,0.9993699789047241,75556423079,115842803054.97173
25/06/2024,0.9998080134391785,1.0004470348358154,0.9991599917411804,0.9994339942932129,52502040528,115911541291.30836
26/06/2024,0.9993240237236023,1.0004949569702148,0.9992070198059082,0.9997149705886841,44813407523,115863615090.66563
27/06/2024,0.9985970258712769,0.9999269843101501,0.9984470009803772,0.9993799924850464,45267792573,115769520418.55891
28/06/2024,0.9981369972229004,0.999737024307251,0.9978190064430237,0.9986379742622375,48868972915,115722532995.64424
29/06/2024,0.9983659982681274,0.9990919828414917,0.997875988483429,0.998108983039856,28311234049,115752867579.73515
30/06/2024,0.9984089732170105,0.9996479749679565,0.997223973274231,0.9983500242233276,34937001727,115748880777.98964
01/07/2024,0.9989680051803589,0.9998819828033447,0.9982960224151611,0.9983800053596497,45876476553,115813722815.31802
02/07/2024,0.9984530210494995,0.9995030164718628,0.9982079863548279,0.9990299940109253,39391729670,115754418470.08488
03/07/2024,0.9988530278205872,0.9997820258140564,0.9983010292053223,0.9984750151634216,57042672759,115808547932.12502
04/07/2024,0.9996610283851624,1.000141978263855,0.9987260103225708,0.9989129900932312,74732714381,115906677418.38176
05/07/2024,1.0000269412994385,1.0009520053863525,0.9994339942932129,0.9997879862785339,104430727675,115945315262.91156
06/07/2024,1.0000979900360107,1.0011570453643799,0.9998130202293396,1.000059962272644,43532116200,115948569532.06964
07/07/2024,0.9998319745063782,1.0009030103683472,0.9995750188827515,1.0001720190048218,42863990186,115950148807.63574
08/07/2024,0.9998189806938171,1.0019149780273438,0.9994450211524963,0.9998120069503784,74590713592,115916725242.52148
09/07/2024,1.000012993812561,1.0010639429092407,0.9996209740638733,0.9997879862785339,52771534181,115929923623.40211
10/07/2024,0.9998769760131836,1.0015770196914673,0.9996790289878845,1.0002139806747437,48310166694,115913621826.22691
11/07/2024,1.00006902217865,1.0015859603881836,0.9997119903564453,0.9999250173568726,52287657808,115940655107.64664
12/07/2024,1.000223994255066,1.001075029373169,0.9997680187225342,1.0000560283660889,46446510451,115966376560.6034
13/07/2024,1.0003000497817993,1.0012199878692627,0.9999520182609558,1.0002809762954712,34421372740,115978416738.20651
14/07/2024,1.0002800226211548,1.0013469457626343,1.000128984451294,1.0002490282058716,41068191081,115972506804.30225
15/07/2024,1.0007929801940918,1.0016690492630005,1.0001989603042603,1.0004420280456543,66578959504,117009356417.61038
16/07/2024,1.0006259679794312,1.0013469457626343,1.000156044960022,1.000607967376709,76288567031,117018492185.45174
17/07/2024,1.0001859664916992,1.0013710260391235,0.9999529719352722,1.00068998336792,61898179810,116944845919.86703
18/07/2024,0.9998310208320618,1.0014610290527344,0.9996839761734009,1.0003060102462769,53674693484,116918065286.71196
19/07/2024,1.0005179643630981,1.0015679597854614,0.9996110200881958,0.9997910261154175,64622483446,117010636946.26897
20/07/2024,1.0004470348358154,1.0015029907226562,1.0002110004425049,1.000512957572937,40368955293,116983333554.674
21/07/2024,1.0001909732818604,1.0016859769821167,0.9999819993972778,1.0005019903182983,50474174912,116948019384.58025
22/07/2024,1.0004169940948486,1.0013339519500732,0.9997509717941284,1.0001929998397827,52730305555,117000115534.8179
23/07/2024,1.000161051750183,1.0016169548034668,0.9995830059051514,1.000430941581726,67217361972,116942261629.83304
24/07/2024,0.9998220205307007,1.0014359951019287,0.999688982963562,1.000154972076416,51701005917,116913308797.88708
25/07/2024,0.9998109936714172,1.0018190145492554,0.9993910193443298,0.999858021736145,69959674584,116897090333.62904
26/07/2024,1.000175952911377,1.0011359453201294,0.9995399713516235,0.9997169971466064,52685688859,116942633086.62608
27/07/2024,1.000087022781372,1.0020439624786377,0.9995859861373901,1.000154972076416,55047490100,116938875261.5698
28/07/2024,0.9999079704284668,1.001075029373169,0.9997529983520508,1.000040054321289,33668335667,116927229476.38884
29/07/2024,0.9997950196266174,1.0012630224227905,0.9995020031929016,0.9999139904975891,63609014546,116922695239.7797
30/07/2024,0.9998300075531006,1.0012589693069458,0.9993690252304077,0.999796986579895,51267032806,116900969302.08987
31/07/2024,0.9997329711914062,1.001222014427185,0.999288022518158,0.9998400211334229,52003171104,116909198825.14436
01/08/2024,0.9991080164909363,1.001065969467163,0.9987260103225708,0.9997320175170898,65833386618,116808410559.08553
02/08/2024,0.9986749887466431,1.00101900100708,0.9985719919204712,0.9990779757499695,67773726855,116795718088.79665
03/08/2024,0.9995989799499512,1.0009510517120361,0.9983029961585999,0.9986580014228821,54276527600,116872278363.07784
04/08/2024,0.9996799826622009,1.001062035560608,0.9988600015640259,0.9995710253715515,58452540746,116883759053.13213
05/08/2024,1.0003650188446045,1.002500057220459,0.9986519813537598,0.9996060132980347,188926094526,116992169350.36842
06/08/2024,1.0005730390548706,1.0023900270462036,0.9997929930686951,1.000412940979004,81396416579,116984049045.47775
07/08/2024,1.0002729892730713,1.0022079944610596,0.9997919797897339,1.0003759860992432,72320106597,116947003141.17728
08/08/2024,1.0002789497375488,1.0019110441207886,0.9986220002174377,1.0000829696655273,73383041658,116949993459.62604
09/08/2024,1.0005780458450317,1.001723051071167,0.9995899796485901,1.0004500150680542,55251256632,116982038731.57036
10/08/2024,1.0002110004425049,1.0018739700317383,0.9999949932098389,1.000573992729187,31042565436,116956672103.48604
11/08/2024,1.0000449419021606,1.0017889738082886,0.9998350143432617,1.0001909732818604,41909131618,116940470784.74072
12/08/2024,1.0001800060272217,1.0017650127410889,0.999750018119812,1.000046968460083,63275431596,116948260627.50682
13/08/2024,1.0002659559249878,1.001865029335022,0.9996169805526733,1.000262975692749,51440569199,117975484373.65813
14/08/2024,1.000290036201477,1.0018579959869385,0.9997609853744507,1.0003130435943604,52144724490,117951484004.1454
15/08/2024,1.000236988067627,1.0014779567718506,0.9996439814567566,1.0002959966659546,56751936622,117950976512.33632
16/08/2024,1.0002909898757935,1.0015499591827393,0.9995869994163513,1.0002180337905884,49001060836,117951725819.74936
17/08/2024,1.0002089738845825,1.0013840198516846,0.9999070167541504,1.0002820491790771,27396981274,117936287642.01088
18/08/2024,1.000641942024231,1.0015289783477783,0.9998639822006226,1.0000410079956055,34966981759,117944403030.86362
19/08/2024,1.000525951385498,1.0018160343170166,0.9997730255126953,1.0003889799118042,46796006984,117972682142.662
20/08/2024,1.0000460147857666,1.0016039609909058,0.9998630285263062,1.000525951385498,53591125880,120142051331.69482
21/08/2024,1.0003060102462769,1.0017280578613281,0.9994369745254517,1.0000699758529663,53113473486,120146353709.41426
22/08/2024,1.0002280473709106,1.001539945602417,0.9998589754104614,1.0002130270004272,45673020568,120128363423.81604
23/08/2024,1.0008389949798584,1.001932978630066,0.9997090101242065,1.0002139806747437,66435913915,120223384329.5058
24/08/2024,1.0004119873046875,1.0017460584640503,1.0000660419464111,1.0008130073547363,46227369084,120170294229.12132
25/08/2024,1.0005450248718262,1.001621961593628,1.0001200437545776,1.0004140138626099,40361519650,120188663840.8521
26/08/2024,1.000201940536499,1.0018839836120605,0.999987006187439,1.000512957572937,51030197598,120145849316.64442
27/08/2024,1.0003269910812378,1.0020619630813599,0.999396026134491,1.0001800060272217,65120597214,120160852622.07487
28/08/2024,1.0001499652862549,1.0019160509109497,0.99931401014328,1.000324010848999,69866785923,120133920419.91652
29/08/2024,1.0001590251922607,1.0024290084838867,0.9997810125350952,1.000162959098816,51557558279,120126544949.99307
30/08/2024,0.9998930096626282,1.0018529891967773,0.9994450211524963,1.0001169443130493,53462688174,120098406168.46916
31/08/2024,0.9998840093612671,1.0011370182037354,0.9995999932289124,0.9999809861183167,24536311364,120113615657.74684
01/09/2024,1.0000059604644775,1.001654028892517,0.999210000038147,0.9998829960823059,40816634044,120112088206.39684
02/09/2024,0.9998949766159058,1.0017379522323608,0.9996200203895569,1.0000380277633667,45617837521,120117135642.11948
03/09/2024,0.9997509717941284,1.0010279417037964,0.9994019865989685,0.9998649954795837,43284063635,120084943689.26286
04/09/2024,1.0000189542770386,1.0015310049057007,0.999468982219696,0.9997199773788452,57499396611,120126578587.17197
05/09/2024,0.999754011631012,1.0015079975128174,0.9993370175361633,1.000022053718567,47219392114,120077517962.17944
06/09/2024,0.9997419714927673,1.0012530088424683,0.998645007610321,0.9997349977493286,76063648537,120090567571.66583
07/09/2024,0.9998499751091003,1.0014679431915283,0.9994750022888184,0.9997860193252563,34349157560,120111607421.80244
08/09/2024,0.99993497133255,1.0012880563735962,0.9996020197868347,0.9998980164527893,32754298136,120129897511.24837
09/09/2024,1.0001449584960938,1.0016809701919556,0.9996160268783569,1.0001449584960938,53645369813,120133871639.89966
10/09/2024,1.0000170469284058,1.0012880563735962,0.9996470212936401,1.0001519918441772,44958459857,120120953309.53584
11/09/2024,1.0001369714736938,1.0016249418258667,0.9993450045585632,0.9999819993972778,53910355372,120136881230.67377
12/09/2024,0.9999719858169556,1.0015289783477783,0.999396026134491,1.0001369714736938,49496227393,120118085171.88235
13/09/2024,1.0007779598236084,1.0016850233078003,0.999642014503479,1.0000410079956055,50561943685,120204967917.58627
14/09/2024,1.0002069473266602,1.002189040184021,0.9999920129776001,1.0007070302963257,31284959922,120149849972.52492
15/09/2024,1.000067949295044,1.001121997833252,0.9998030066490173,1.0001519918441772,33574816326,120121581306.46774
16/09/2024,0.9999369978904724,1.0016679763793945,0.9994649887084961,1.0000540018081665,52359857999,121094200921.306
17/09/2024,1.0000879764556885,1.0015950202941895,0.9996169805526733,0.9999369978904724,55698782715,121123253133.62216
18/09/2024,1.0004349946975708,1.001952052116394,0.9997339844703674,1.0000959634780884,62277811817,121134569196.24844
19/09/2024,1.0001980066299438,1.0018819570541382,0.9997130036354065,1.0000959634780884,68815065769,121297001896.94672
20/09/2024,1.0001109838485718,1.0012929439544678,0.9996569752693176,1.0002110004425049,62999225593,121244738245.2837
21/09/2024,1.000309944152832,1.0010930299758911,0.999879002571106,1.000054955482483,33954200576,121358821831.50696
22/09/2024,1.0000879764556885,1.0015009641647339,0.9997770190238953,1.0003550052642822,41426101070,121270749759.09604
23/09/2024,0.9999989867210388,1.0013569593429565,0.99965900182724,1.0001120567321777,60077721757,121256837673.27869
24/09/2024,0.9999679923057556,1.0013660192489624,0.9996539950370789,0.999966025352478,56967919219,121271934920.70676
25/09/2024,0.9998549818992615,1.001297950744629,0.9995830059051514,0.999970018863678,50797578929,121220091319.7574
26/09/2024,1.0002429485321045,1.001541018486023,0.9995530247688293,0.999754011631012,66981158381,121274016300.72244
27/09/2024,1.0001790523529053,1.0018160343170166,0.9997990131378174,1.0002479553222656,61923482857,121263442358.7262
28/09/2024,1.0001859664916992,1.0011550188064575,0.9998949766159058,1.000223994255066,38585123416,121254917975.30743
29/09/2024,1.0001399517059326,1.0019299983978271,0.9998520016670227,1.0001980066299438,39151842030,121267554356.82422
30/09/2024,0.999813973903656,1.001423954963684,0.9994699954986572,1.0001410245895386,64288823984,121198365648.15808
01/10/2024,0.9997879862785339,1.00177001953125,0.9990739822387695,0.9998310208320618,87661652549,121236518030.93654
02/10/2024,0.9997509717941284,1.0014690160751343,0.9994710087776184,0.999779999256134,70063566098,121233053255.35403
03/10/2024,0.9999939799308777,1.0014610290527344,0.9994770288467407,0.9997460246086121,63125979096,121234529304.98924
04/10/2024,1.0001510381698608,1.0012329816818237,0.9994940161705017,0.9999300241470337,52705769943,121243274116.57564
05/10/2024,0.9999759793281555,1.000959038734436,0.9996119737625122,1.0001490116119385,29417406990,121241130645.7582
06/10/2024,0.9998459815979004,1.0012270212173462,0.9995260238647461,0.9999880194664001,31287737203,121225996190.94824
07/10/2024,0.9999709725379944,1.0011260509490967,0.9994459748268127,0.9997959733009338,62209887550,121214310673.53824
08/10/2024,0.9994199872016907,1.0007599592208862,0.9991000294685364,0.9998379945755005,52704043947,121166260670.49213
09/10/2024,0.9990710020065308,1.0008310079574585,0.9987969994544983,0.9994239807128906,51841377811,121121050140.83392
10/10/2024,0.9992089867591858,1.0002779960632324,0.9985089898109436,0.9990689754486084,53496953156,121139060102.90932
11/10/2024,0.9997559785842896,1.0007569789886475,0.998773992061615,0.9992250204086304,51632274020,121204483309.01855
12/10/2024,0.9997569918632507,1.001142978668213,0.9994210004806519,0.9997419714927673,35944351076,121219020070.72908
13/10/2024,0.9995570182800293,1.0008360147476196,0.9993150234222412,0.9997550249099731,36960774632,121186083168.2756
14/10/2024,0.9995030164718628,1.0005539655685425,0.9981380105018616,0.9995480179786682,73645211355,121198746382.63188
15/10/2024,0.9998080134391785,1.0011320114135742,0.9992030262947083,0.9995480179786682,83963242850,121217431859.12404
16/10/2024,0.9998350143432617,1.0008289813995361,0.9993659853935242,0.9997929930686951,63169854723,121219746831.84776
17/10/2024,0.9996830224990845,1.0007660388946533,0.9992499947547913,0.999845027923584,55057801321,121200618472.55576
18/10/2024,0.9999079704284668,1.000594973564148,0.9991409778594971,0.9996860027313232,59487210585,121227609655.5818
19/10/2024,0.9999489784240723,1.0002059936523438,0.9992380142211914,0.9999099969863892,32490132300,121213488937.91309
20/10/2024,0.999701976776123,1.0003429651260376,0.9992629885673523,0.9999669790267944,45409324314,121197431180.21388
21/10/2024,0.9998329877853394,1.0004980564117432,0.9990419745445251,0.9996910095214844,66839777317,121157151800.36652
22/10/2024,0.9993879795074463,1.0005340576171875,0.9989579916000366,0.9997339844703674,58886789137,121135099959.29814
23/10/2024,0.9991940259933472,1.0001829862594604,0.9983659982681274,0.9993510246276855,60689585382,121086089331.32
24/10/2024,0.9995070099830627,0.9999639987945557,0.9985340237617493,0.9990100264549255,57614263583,121135301603.8159
25/10/2024,0.9981629848480225,1.0001790523529053,0.9969260096549988,0.9995309710502625,78091841017,121000373902.73596
26/10/2024,0.9987220168113708,1.0000489950180054,0.9978370070457458,0.9979529976844788,44076956725,121057197216.09576
27/10/2024,0.9987450242042542,0.9996060132980347,0.9983270168304443,0.9988530278205872,34453667355,121072862802.1314
28/10/2024,0.999305009841919,1.0002870559692383,0.9982870221138,0.9986940026283264,66855500410,121137114665.1984
29/10/2024,0.9997289776802063,1.0003199577331543,0.9987540245056152,0.9993330240249634,87586242107,122182844067.00952
30/10/2024,0.9996320009231567,1.0007879734039307,0.9984880089759827,0.9997119903564453,69142436437,122176642479.84036
31/10/2024,0.9986230134963989,1.0005719661712646,0.9982110261917114,0.9995959997177124,67445977914,122046118752.0964
01/11/2024,0.9994419813156128,1.0005789995193481,0.9981600046157837,0.9986519813537598,75894767746,122158637396.4298
02/11/2024,0.9996569752693176,1.0004889965057373,0.9993199706077576,0.9995179772377014,35453783349,122172548636.20464
03/11/2024,0.9995909929275513,1.000709056854248,0.9992629885673523,0.9997429847717285,57567131255,122148606387.23122
04/11/2024,0.9995650053024292,1.0006359815597534,0.9989079833030701,0.9995759725570679,64129566492,122134857083.53516
05/11/2024,1.0000009536743164,1.0009740591049194,0.9990879893302917,0.9995499849319458,69890308288,122212616354.21
06/11/2024,1.000830054283142,1.0017520189285278,0.9989140033721924,0.9999759793281555,174263401161,122822135637.9357
07/11/2024,1.0007150173187256,1.0017999410629272,0.9996820092201233,1.0008330345153809,113210698441,122801853143.16864
08/11/2024,1.0004589557647705,1.0014840364456177,0.9997829794883728,1.0007189512252808,102072246665,123800000335.75038
09/11/2024,1.000440001487732,1.0008360147476196,0.9998350143432617,1.0005489587783813,79860693662,124760538035.00554
10/11/2024,1.0006929636001587,1.0013070106506348,0.9990019798278809,1.0004509687423706,178936402107,124811926164.3198
11/11/2024,1.0011160373687744,1.0024000406265259,0.9997329711914062,1.0007619857788086,221704336713,126854251643.10287
12/11/2024,1.0009820461273193,1.0020339488983154,0.9991850256919861,1.0010499954223633,263991047405,126832029507.97945
13/11/2024,1.0012710094451904,1.002701997756958,0.9997990131378174,1.000972032546997,249998968429,127875194623.0694
14/11/2024,1.0000189542770386,1.0014770030975342,0.9993559718132019,1.0012530088424683,191362214233,129736141466.70416
15/11/2024,1.0003670454025269,1.000959038734436,0.9992330074310303,0.9999520182609558,162767483205,129741916321.98328
16/11/2024,1.0002599954605103,1.0007870197296143,0.999567985534668,1.0003470182418823,132581111290,129766312078.40828
17/11/2024,1.0002189874649048,1.0007410049438477,0.9995499849319458,1.0002950429916382,132049931364,129719905587.49857
18/11/2024,1.0005910396575928,1.0013409852981567,0.9996790289878845,1.0002009868621826,160315204053,129442699634.025
19/11/2024,1.0013370513916016,1.0015920400619507,0.9997050166130066,1.000581979751587,145026896702,131035552073.70552
20/11/2024,1.0007619857788086,1.0017670392990112,0.9995930194854736,1.001373052597046,140774842890,131973907996.00893
21/11/2024,1.001054048538208,1.0014899969100952,0.9989759922027588,1.000709056854248,196629125698,131965012483.07803
22/11/2024,1.0011210441589355,1.0015599727630615,0.9993990063667297,1.0010759830474854,168744865627,132974872775.85684
23/11/2024,1.0009260177612305,1.0026710033416748,0.9999340176582336,1.0011049509048462,175794188544,135961885521.45128
24/11/2024,1.000862956047058,1.0014580488204956,0.9995080232620239,1.0009440183639526,161179026067,135949544112.25175
25/11/2024,0.9999889731407166,1.0013970136642456,0.9990890026092529,1.001039981842041,191694839817,135821069775.29828
26/11/2024,0.9996539950370789,1.0014230012893677,0.9990270137786865,0.9999269843101501,181473614140,135777322998.4014
27/11/2024,1.0009939670562744,1.0016599893569946,0.9992579817771912,0.9995689988136292,160374457051,136256232004.41504
28/11/2024,1.0001540184020996,1.0012530088424683,0.9998189806938171,1.0009139776229858,129679180306,136092198316.52432
29/11/2024,1.000365972518921,1.0014959573745728,0.999879002571106,1.0001620054244995,134186448971,137147662886.2114
30/11/2024,1.0006300210952759,1.0010600090026855,1.0001640319824219,1.0003830194473267,120928470477,137148472656.57536
01/12/2024,1.0007619857788086,1.0012249946594238,1.0001859664916992,1.0007489919662476,130353277727,137167257316.73547
02/12/2024,1.0003490447998047,1.0015380382537842,0.9996669888496399,1.0007920265197754,227268445649,138108669805.74268
03/12/2024,1.0009859800338745,1.0012760162353516,0.9993579983711243,1.0003089904785156,228432340978,138176410494.1686
04/12/2024,1.0013370513916016,1.0026830434799194,1.0001649856567383,1.0008620023727417,230862012926,134792339935.28387
05/12/2024,1.0022239685058594,1.0026079416275024,0.9994329810142517,1.0012669563293457,300668571420,135115109896.89236
06/12/2024,1.001539945602417,1.002089023590088,0.9996110200881958,1.0010950565338135,217009391726,136102059296.96884
07/12/2024,1.000910997390747,1.0018019676208496,1.000372052192688,1.001531958580017,134071994829,136854657753.23322
08/12/2024,1.0008009672164917,1.0012439489364624,1.0002080202102661,1.000898003578186,124097864930,137612057919.25864
09/12/2024,1.0004470348358154,1.0023959875106812,0.9981719851493835,1.0006829500198364,268299692134,138155979444.8298
10/12/2024,1.0006979703903198,1.0015729665756226,0.9997910261154175,1.000488042831421,258614541407,138058530450.22394
11/12/2024,1.0005509853363037,1.0013819932937622,0.9999560117721558,1.0006669759750366,183494290144,138406600567.98428
12/12/2024,1.0001039505004883,1.001109004020691,0.9991030097007751,1.0005630254745483,175416498704,138607890909.79578
13/12/2024,1.0001319646835327,1.0007100105285645,0.9992650151252747,1.0000829696655273,138144222106,139723319629.38098
14/12/2024,0.9997119903564453,1.0003310441970825,0.9993230104446411,1.0000540018081665,105119424690,140114634837.7505
15/12/2024,0.9994379878044128,1.0001380443572998,0.9991949796676636,0.9997180104255676,110558845836,140087294966.58328
16/12/2024,1.0001410245895386,1.0006150007247925,0.9985169768333435,0.9993469715118408,182117784211,140272958832.9677
17/12/2024,1.0000519752502441,1.0005249977111816,0.9986010193824768,1.000175952911377,153946818098,140528755312.63113
18/12/2024,0.9996659755706787,1.0003390312194824,0.9980829954147339,1.0000560283660889,204621508146,140386804952.9903
19/12/2024,0.9991999864578247,1.000586986541748,0.9976900219917297,0.9995229840278625,235961162359,140430126428.05792
20/12/2024,0.9995260238647461,1.000717043876648,0.9979360103607178,0.9992169737815857,259587932676,140458454546.44226
21/12/2024,0.9997699856758118,1.0005619525909424,0.9991030097007751,0.9995350241661072,145138019727,140552909215.8974
22/12/2024,0.9990730285644531,1.000627040863037,0.9986109733581543,0.9996510148048401,113706935887,139878963807.55807
23/12/2024,0.9987210035324097,1.0000970363616943,0.9982360005378723,0.9990230202674866,143549331087,139768365159.78833
24/12/2024,0.9993100166320801,1.0003750324249268,0.9981859922409058,0.9987069964408875,110251264354,139687775563.41205
25/12/2024,0.9991679787635803,1.000535011291504,0.9987639784812927,0.9992889761924744,95006873018,139770106592.92612
26/12/2024,0.9987840056419373,1.0005979537963867,0.9985600113868713,0.9991509914398193,103981654028,139410953421.88742
27/12/2024,0.9986330270767212,1.0000159740447998,0.997767984867096,0.9988639950752258,109643243034,139269166726.24817
28/12/2024,0.9981849789619446,0.999638020992279,0.9979029893875122,0.9985780119895935,67439233134,139333855881.23007
29/12/2024,0.9981480240821838,0.9993169903755188,0.9976149797439575,0.9982190132141113,69693606139,138807977384.18298
30/12/2024,0.9980729818344116,0.9997159838676453,0.9971460103988647,0.9981560111045837,115072081499,138773516095.78662
31/12/2024,0.9980779886245728,0.999987006187439,0.9978129863739014,0.9980739951133728,91819301596,138763094692.8659
01/01/2025,0.9978430271148682,0.999235987663269,0.9973520040512085,0.9980319738388062,68502735817,137550314628.76688
02/01/2025,0.999114990234375,1.0006059408187866,0.9976199865341187,0.997842013835907,105203615172,137101703969.67776
03/01/2025,0.9995020031929016,1.0004349946975708,0.9987379908561707,0.9990010261535645,98538090257,137331887471.71828
04/01/2025,0.999983012676239,1.0004899501800537,0.9994249939918518,0.9995369911193848,74021836865,137192105753.9347
05/01/2025,0.9998540282249451,1.000525951385498,0.9993969798088074,0.9999970197677612,64028140855,137305566064.1093
06/01/2025,1.000427007675171,1.00096595287323,0.999351978302002,0.9998520016670227,108122902094,137240062369.61302
07/01/2025,0.9999240040779114,1.0008399486541748,0.998878002166748,1.0003670454025269,131667426225,137371602393.87473
08/01/2025,0.9997599720954895,1.0010039806365967,0.9991269707679749,0.9999060034751892,136465081033,137502913758.3664
09/01/2025,0.9999650120735168,1.0013819932937622,0.999101996421814,0.999750018119812,123330689723,137461689717.54153
10/01/2025,0.9999110102653503,1.0014640092849731,0.9991710186004639,0.9999970197677612,118957513491,137595836948.89062
11/01/2025,0.9996119737625122,1.0008089542388916,0.9992499947547913,0.9999160170555115,57535335308,137418015532.89644
12/01/2025,0.999534010887146,1.0005229711532593,0.9991250038146973,0.9996169805526733,54637025454,137395276170.74464
13/01/2025,0.9995449781417847,1.001001000404358,0.9983029961585999,0.9995409846305847,144300712698,137382338700.09828
14/01/2025,0.9997929930686951,1.0009410381317139,0.999206006526947,0.9996209740638733,98005957394,137394435422.15051
15/01/2025,1.0000330209732056,1.0009609460830688,0.9979069828987122,0.9997929930686951,123293293794,137195233890.8344
16/01/2025,0.9998999834060669,1.0004650354385376,0.9988139867782593,1.0000519752502441,121313098677,137263267034.76675
17/01/2025,1.000296950340271,1.0009839534759521,0.9990360140800476,0.9998599886894226,134437311375,137434718566.12897
18/01/2025,0.9990590214729309,1.0005569458007812,0.99857497215271,1.0003149509429932,142636119598,137507965857.7034
19/01/2025,0.9990329742431641,1.0000629425048828,0.9978809952735901,0.9990559816360474,242157716336,138145243969.68326
20/01/2025,0.9989510178565979,1.001001000404358,0.99760901927948,0.998986005783081,273447339459,138173327027.93808
21/01/2025,0.9999179840087891,1.0005279779434204,0.9981610178947449,0.9987199902534485,174822279640,138226656229.2718
22/01/2025,0.9995419979095459,1.0006599426269531,0.9994040131568909,0.9998300075531006,112098975855,138435059655.89478
23/01/2025,1.0001579523086548,1.000862956047058,0.9988809823989868,0.9996010065078735,156427496541,138481119469.81738
24/01/2025,0.999891996383667,1.0007400512695312,0.999468982219696,1.0001790523529053,106044721443,138637964407.1223
25/01/2025,0.9998819828033447,1.000223994255066,0.9992589950561523,0.9998959898948669,65014479482,138927558447.45166
26/01/2025,0.9996500015258789,1.0004700422286987,0.9993979930877686,0.9998570084571838,63723125224,139306836020.2213
27/01/2025,0.9999600052833557,1.001315951347351,0.9988300204277039,0.9997109770774841,162852896419,139277496559.4295
28/01/2025,0.9996489882469177,1.0010119676589966,0.9989989995956421,1.000020980834961,91853415796,139318143035.09293
29/01/2025,1.0001399517059326,1.0006330013275146,0.9990050196647644,0.9994379878044128,94067494817,139372570195.0672
30/01/2025,1.0001219511032104,1.0009340047836304,0.9994580149650574,1.0001929998397827,83411405756,139467738720.50363
31/01/2025,0.999770998954773,1.0005919933319092,0.9992129802703857,1.0001189708709717,96233410167,139418116247.9574
01/02/2025,0.9998430013656616,1.000844955444336,0.9992809891700745,0.9997310042381287,72792811129,139356518750.79407
02/02/2025,0.9997599720954895,1.0008070468902588,0.9984269738197327,0.9998959898948669,147745588018,139369659734.76315
03/02/2025,1.0010509490966797,1.0025149583816528,0.9975860118865967,0.9997239708900452,292831861639,139351770066.63937
04/02/2025,1.0001579523086548,1.0015920400619507,0.9994279742240906,1.0010440349578857,155187896041,139544931369.56818
05/02/2025,1.0001319646835327,1.0011759996414185,0.9993230104446411,1.0001319646835327,100967848652,140514899916.90826
06/02/2025,1.0001699924468994,1.0017520189285278,0.9995869994163513,1.0001059770584106,99009274148,141393478723.375
07/02/2025,1.0003050565719604,1.0013010501861572,0.9995009899139404,1.000074028968811,107866064908,141177790732.949
08/02/2025,1.000236988067627,1.0010490417480469,0.9997159838676453,1.000349998474121,59882139192,141383107623.1629
09/02/2025,1.0001939535140991,1.0016469955444336,0.9995530247688293,1.000290036201477,67025155232,141672006081.73532
10/02/2025,1.0001349449157715,1.0014050006866455,0.9995930194854736,1.0001779794692993,82150710154,141758176744.5722
11/02/2025,0.9998599886894226,1.001325011253357,0.999538004398346,1.0002219676971436,84538857183,141642107463.36398
12/02/2025,1.00006103515625,1.002392053604126,0.9994189739227295,0.9998520016670227,102503671614,141857240927.29068
13/02/2025,1.000161051750183,1.0011919736862183,0.9989950060844421,1.0000770092010498,83624826615,141956769708.80518
14/02/2025,1.0000840425491333,1.0012669563293457,0.9994999766349792,1.0002000331878662,82431082792,141936184424.38916
15/02/2025,1.0001540184020996,1.000491976737976,0.9998589754104614,1.0001039505004883,49511991572,141813941006.74393
16/02/2025,1.0000849962234497,1.0008150339126587,0.9997889995574951,1.0001490116119385,45737337095,142018214890.93796
17/02/2025,0.9999330043792725,1.0012969970703125,0.9997529983520508,1.0001319646835327,73802340406,142003722086.2393
18/02/2025,0.9993789792060852,1.001204013824463,0.9991130232810974,0.9999380111694336,85488692072,141988528416.98083
19/02/2025,0.9999290108680725,1.0012550354003906,0.9991239905357361,0.9993690252304077,65862475675,141678398891.6635
20/02/2025,1.000331997871399,1.0014270544052124,0.9996569752693176,0.9999060034751892,72455845464,141765245323.6581
21/02/2025,0.9995219707489014,1.0014549493789673,0.9988380074501038,1.0003180503845215,108902119689,141802180650.47913
22/02/2025,1.0002189874649048,1.0007590055465698,0.9993619918823242,0.9995790123939514,57283088675,142128586355.1962
23/02/2025,1.0001150369644165,1.0013370513916016,0.999737024307251,1.0002189874649048,54022199584,142498638055.93616
24/02/2025,0.999750018119812,1.0013660192489624,0.9992960095405579,1.0000720024108887,100852116996,142488385786.8108
25/02/2025,0.9989879727363586,1.00177800655365,0.9980869889259338,0.999692976474762,170041838176,142374840343.81754
26/02/2025,1.0001970529556274,1.0005090236663818,0.9978330135345459,0.9987969994544983,119836685405,142189635187.1762
27/02/2025,0.9989799857139587,1.0012309551239014,0.9981889724731445,0.9985150098800659,98043035762,141898152624.9529
28/02/2025,0.9995290040969849,1.0014599561691284,0.9980700016021729,0.9989320039749146,146908454227,142167939695.37976
01/03/2025,0.9994490146636963,1.00149405002594,0.9990460276603699,0.9995499849319458,62938723492,142108250750.88724
02/03/2025,1.0001250505447388,1.0029850006103516,0.9990630149841309,0.999504029750824,133280929229,142135831908.092
03/03/2025,0.9991940259933472,1.0020580291748047,0.998524010181427,1.000082015991211,135811207338,142426333596.40833
04/03/2025,0.9996780157089233,1.0019489526748657,0.9987080097198486,0.999210000038147,130594229329,142328281738.8466
05/03/2025,0.9999439716339111,1.001662015914917,0.9992560148239136,0.9997140169143677,91447454228,142475945352.80405
06/03/2025,1.0001460313796997,1.0021189451217651,0.9993690252304077,0.9999849796295166,87306564550,142492309523.23022
07/03/2025,0.9995579719543457,1.0021400451660156,0.9991419911384583,1.0001260042190552,111427883161,142721064979.14023
08/03/2025,0.9997190237045288,1.0015209913253784,0.9991520047187805,0.9996089935302734,45463660288,142738486120.2912
09/03/2025,0.9997329711914062,1.0017069578170776,0.9994069933891296,0.9997329711914062,66660356811,142753630869.77725
10/03/2025,0.9996799826622009,1.002020001411438,0.9987080097198486,0.9997720122337341,106068799847,142755060054.8938
11/03/2025,0.9997760057449341,1.0024670362472534,0.9987859725952148,0.9997239708900452,104880955133,142841784938.59088
12/03/2025,0.9996870160102844,1.0019810199737549,0.9987829923629761,0.9997479915618896,78841806978,142958096810.7093
13/03/2025,0.9996259808540344,1.0014480352401733,0.9991829991340637,0.9997439980506897,69499068047,143145003460.77124
14/03/2025,1.0000289678573608,1.0018219947814941,0.9992589950561523,0.999646008014679,60468227136,143278843107.76877
15/03/2025,1.0000439882278442,1.001127004623413,0.9997119903564453,1.0000449419021606,38617325773,143347227007.29355
16/03/2025,1.0001120567321777,1.0016690492630005,0.9994649887084961,0.9999949932098389,48641020262,143467739230.26804
17/03/2025,1.0000309944152832,1.0012420415878296,0.9989320039749146,1.000133991241455,56970443832,143450696223.53488
18/03/2025,0.9998000264167786,1.0012160539627075,0.9994770288467407,1.0000009536743164,55568882437,143455184183.74826
19/03/2025,1.000290036201477,1.0018750429153442,0.9992240071296692,0.9997979998588562,77454470815,143397059107.19373
20/03/2025,0.9994919896125793,1.001481056213379,0.9991949796676636,1.0002460479736328,61655037854,143469384429.60666
21/03/2025,0.9996479749679565,1.0005719661712646,0.9991639852523804,0.9993879795074463,47826756168,143567858626.63156
22/03/2025,0.9998779892921448,1.0007590055465698,0.9993460178375244,0.9996870160102844,33001997620,143474442014.9646
23/03/2025,1.0000170469284058,1.0007810592651367,0.9995200037956238,0.999879002571106,39613720219,143463333939.09814
24/03/2025,1.000357985496521,1.001054048538208,0.9997000098228455,1.0001130104064941,67599933158,143482457552.841
25/03/2025,1.0001879930496216,1.001160979270935,0.9997400045394897,1.000203013420105,58456757340,143511834088.14075
26/03/2025,1.0000519752502441,1.0013179779052734,0.9996860027313232,1.0001469850540161,58872800987,143802306843.42358
27/03/2025,0.9997180104255676,1.001173973083496,0.999517023563385,1.0000109672546387,55911263699,144028219833.2976
28/03/2025,0.9995089769363403,1.001283049583435,0.9990159869194031,0.9997410178184509,71112920720,144133880049.62244
29/03/2025,0.9995909929275513,1.0011919736862183,0.9991790056228638,0.9994940161705017,45385777468,144112246172.76373
30/03/2025,0.9998700022697449,1.000920057296753,0.9994249939918518,0.9995859861373901,38085432412,144134977946.60168
31/03/2025,0.9997680187225342,1.0014820098876953,0.9994969964027405,0.9999039769172668,59967779901,144151836208.78763
01/04/2025,1.0,1.0007200241088867,0.9994890093803406,0.9997850060462952,58370134998,143908732518.58286
02/04/2025,0.999796986579895,1.0007989406585693,0.9981920123100281,1.000038981437683,91631661187,143990231518.7388
03/04/2025,0.999567985534668,1.000440001487732,0.9990059733390808,0.9998090267181396,74632997745,143988054419.68607
04/04/2025,0.9996160268783569,1.0004260540008545,0.9987940192222595,0.9995719790458679,79619710660,144182937322.16763
05/04/2025,0.9995840191841125,1.0005110502243042,0.9992039799690247,0.9996340274810791,34108090670,144035750400.1829
06/04/2025,0.9992759823799133,1.0007070302963257,0.9986810088157654,0.9995800256729126,74366051040,144029490829.95786
07/04/2025,0.9997730255126953,1.001006007194519,0.9979379773139954,0.9993060231208801,159480342752,143958926471.4519
08/04/2025,0.9989749789237976,1.000560998916626,0.9985129833221436,0.9997310042381287,81564232647,144205567669.1466
09/04/2025,0.9996860027313232,1.000512957572937,0.9983850121498108,0.9990320205688477,139544979611,144054569797.2035
10/04/2025,0.9992910027503967,1.0005840063095093,0.9985690116882324,0.9996669888496399,80163124209,143979365781.68594
11/04/2025,0.9994919896125793,1.0000699758529663,0.998665988445282,0.9993159770965576,69911193868,144286395278.9551
12/04/2025,0.9998840093612671,1.0002219676971436,0.9989290237426758,0.9994980096817017,53780414831,144275039627.88824
13/04/2025,0.9996529817581177,1.0003000497817993,0.9989780187606812,0.999783992767334,60193768880,144374132862.5354
14/04/2025,0.9996989965438843,1.0002880096435547,0.9991700053215027,0.9996950030326843,65444521521,144347938969.45416
15/04/2025,0.9998840093612671,1.000370979309082,0.9992790222167969,0.999705970287323,54947280667,144334107980.62497
16/04/2025,0.9999459981918335,1.0006459951400757,0.9994459748268127,0.9998940229415894,59750641080,144568505877.0596
17/04/2025,0.99993497133255,1.0002789497375488,0.998744010925293,0.9999020099639893,47118773907,144632716534.40927
18/04/2025,0.9997379779815674,1.0003830194473267,0.9990180134773254,0.9998970031738281,33063109617,144806058274.99985
19/04/2025,0.999879002571106,1.0001009702682495,0.99891597032547,0.9997329711914062,34424066182,144773493164.272
20/04/2025,0.9999120235443115,1.0002650022506714,0.9991059899330139,0.9998999834060669,37039868478,144626535181.3877
21/04/2025,0.9999399781227112,1.0005810260772705,0.9982190132141113,0.9999240040779114,72249779354,144636655192.65256
22/04/2025,1.00027596950531,1.001081943511963,0.9989749789237976,0.9999669790267944,97051535759,144628467100.05707
23/04/2025,1.0002959966659546,1.0007489919662476,0.9990220069885254,1.0002880096435547,89456481949,144787216371.0264
24/04/2025,1.0002739429473877,1.0008339881896973,0.9995080232620239,1.0003160238265991,70478465816,145334994442.8229
25/04/2025,1.0006020069122314,1.00108802318573,0.9998769760131836,1.0003540515899658,82748542699,145704892662.22678
26/04/2025,1.0003360509872437,1.001099944114685,1.0000439882278442,1.0005290508270264,50556786801,146102824559.95065
27/04/2025,1.0003470182418823,1.0011210441589355,0.99993497133255,1.000478982925415,45636119067,147176227949.38904
28/04/2025,1.0002670288085938,1.0010700225830078,0.9997900128364563,1.0003470182418823,71418678616,147177522305.55164
29/04/2025,1.0003050565719604,1.0010700225830078,0.9999229907989502,1.0003080368041992,58847439395,147276031291.01443
30/04/2025,1.0001649856567383,1.0013660192489624,0.9997640252113342,1.0003279447555542,60565082309,148006012381.16373
01/05/2025,1.0002650022506714,1.0011340379714966,0.9998059868812561,1.0002110004425049,63545852894,148428458921.78488
02/05/2025,1.000324010848999,1.0007139444351196,0.9998930096626282,1.0002859830856323,53577687728,148729502512.55002
03/05/2025,1.0002399682998657,1.001101016998291,1.0000150203704834,1.0003180503845215,37059197790,148960089669.36575
04/05/2025,1.0000239610671997,1.0013550519943237,0.9998419880867004,1.0001510381698608,39019645137,149216918792.02405
05/05/2025,0.9998720288276672,1.0015289783477783,0.999688982963562,1.0000369548797607,52376592856,149359909126.67517
06/05/2025,0.9999769926071167,1.0013530254364014,0.9995869994163513,0.9998859763145447,56328642132,149346610972.1294
07/05/2025,1.0001490116119385,1.0010019540786743,0.9996629953384399,0.9999430179595947,58714502443,149419951385.11246
08/05/2025,1.00006902217865,1.0014749765396118,0.9994710087776184,1.0001469850540161,113086692647,149457054005.27136
09/05/2025,1.0000319480895996,1.0011399984359741,0.9993690252304077,0.9999390244483948,123013026162,149493872634.72855
10/05/2025,1.0001089572906494,1.000359058380127,0.9990890026092529,1.0000289678573608,88086126429,149743084522.3816
11/05/2025,1.0001250505447388,1.00062894821167,0.9993079900741577,1.0001529455184937,88874924689,149889745922.2353
12/05/2025,1.0001150369644165,1.000756025314331,0.9992169737815857,1.0001330375671387,130321621664,149905101863.97977
13/05/2025,1.0002009868621826,1.0008410215377808,0.9995359778404236,1.000169038772583,104321151541,150062819973.57834
14/05/2025,1.0002429485321045,1.0005539655685425,0.999442994594574,1.0001939535140991,86030378330,150076010701.81958
15/05/2025,1.0000699758529663,1.00068199634552,0.9994829893112183,1.0002360343933105,90553673786,150363832522.01163
16/05/2025,1.000251054763794,1.0005780458450317,0.999459981918335,1.0000189542770386,71549071733,150686295171.93018
17/05/2025,1.000262975692749,1.0006710290908813,0.9996129870414734,1.000251054763794,60177866672,151086450912.1188
18/05/2025,1.0004240274429321,1.000825047492981,0.9994860291481018,1.0002570152282715,83080469498,151256967601.13028
19/05/2025,1.0003060102462769,1.0006999969482422,0.9993839859962463,1.0003039836883545,94868169113,151335913569.9966
20/05/2025,1.0002830028533936,1.0007619857788086,0.9993060231208801,1.0003050565719604,83143664164,151397243586.7935
21/05/2025,1.0003349781036377,1.0010260343551636,0.9995030164718628,1.000288963317871,123466069083,151623683545.6729
22/05/2025,0.9995790123939514,1.0007059574127197,0.9988610148429871,1.0002650022506714,110975437486,151965145889.9434
23/05/2025,1.0000449419021606,1.0005899667739868,0.9990379810333252,0.9996219873428345,120184388351,152429358067.93
24/05/2025,1.0003230571746826,1.0006879568099976,0.9991220235824585,1.0000180006027222,60282877255,152504474726.0133
25/05/2025,1.0003199577331543,1.0005940198898315,0.9991599917411804,1.0004140138626099,65478311659,152731781250.04868
26/05/2025,1.0003249645233154,1.0006489753723145,0.999547004699707,1.0002230405807495,65825717009,152785634650.1942
27/05/2025,1.000349998474121,1.000709056854248,0.999468982219696,1.0003260374069214,88511058748,152773329685.2376
28/05/2025,1.0001959800720215,1.0006990432739258,0.9988660216331482,1.0003470182418823,75666999754,152821712873.4083
29/05/2025,0.9997829794883728,1.0006109476089478,0.9994630217552185,1.0001909732818604,132016426246,152939615248.6882
30/05/2025,1.0001389980316162,1.000859022140503,0.9993860125541687,0.9997950196266174,103196627033,153012882316.87454
31/05/2025,1.000372052192688,1.0009030103683472,0.9996129870414734,1.0000640153884888,66326914702,153119221148.4424
01/06/2025,1.0003050565719604,1.0008139610290527,0.9999579787254333,1.0003730058670044,53989612056,153082120332.94412
02/06/2025,1.0004700422286987,1.0007250308990479,0.999871015548706,1.0002330541610718,66085098943,153153034403.6833
03/06/2025,1.000488042831421,1.0009889602661133,0.9997619986534119,1.000473976135254,71013728169,153206457899.89407
04/06/2025,1.0004349946975708,1.0008080005645752,0.9993669986724854,1.0005569458007812,67119856911,153397794279.6906
05/06/2025,1.0005370378494263,1.0015820264816284,0.9991739988327026,1.000499963760376,92185172217,153785541890.78516
06/06/2025,1.0006680488586426,1.0016189813613892,1.000035047531128,1.0005730390548706,72405540439,153888799244.76022
07/06/2025,1.0005559921264648,1.0013259649276733,1.0002490282058716,1.0006849765777588,53104974465,154223964621.06296
08/06/2025,1.0004260540008545,1.0012279748916626,0.9999909996986389,1.000527024269104,56579422544,154535435745.18573
09/06/2025,1.0004609823226929,1.0011919736862183,0.999858021736145,1.000440001487732,78229739798,154813893920.00262
10/06/2025,1.0000779628753662,1.0006870031356812,0.9990299940109253,1.0004160404205322,96538967029,154815100257.24564
11/06/2025,1.0001569986343384,1.0006580352783203,0.9990389943122864,1.0000970363616943,86823756798,155191377114.92856
12/06/2025,1.0003069639205933,1.000823974609375,0.9991059899330139,1.000177025794983,83390494825,155060034616.54254
13/06/2025,1.000290036201477,1.0011420249938965,0.9992949962615967,1.0002650022506714,113707726435,155229279159.86356
14/06/2025,1.0004730224609375,1.0012869834899902,1.0000180006027222,1.000370979309082,49035562806,155241505784.7768
15/06/2025,1.0000489950180054,1.001291036605835,0.9999070167541504,1.0004260540008545,47283178771,155516573446.70776
16/06/2025,1.0005040168762207,1.0010720491409302,0.9998070001602173,1.0001399517059326,81243114660,155452141769.05713
17/06/2025,1.0002230405807495,1.0010720491409302,0.9996690154075623,1.0004849433898926,88541509931,155544907963.97885
18/06/2025,1.0002059936523438,1.0013550519943237,0.9994609951972961,1.0002269744873047,72884896811,155479539457.37143
19/06/2025,1.0001859664916992,1.0012489557266235,0.9999160170555115,1.0002139806747437,51812908672,155588301934.80716
20/06/2025,1.0001490116119385,1.0008870363235474,0.9995869994163513,1.0001590251922607,75209794639,155728724343.18478
21/06/2025,1.000059962272644,1.001518964767456,0.9992830157279968,1.0001670122146606,59391042865,155943659515.59326
22/06/2025,1.000251054763794,1.0020819902420044,0.9995229840278625,1.0004899501800537,99454507418,155914735505.37784
23/06/2025,1.0015660524368286,1.001863956451416,0.9997829794883728,1.0003010034561157,98542704157,155823535902.08963
24/06/2025,1.0004520416259766,1.0017050504684448,0.9999679923057556,1.0011850595474243,75707901657,156064607850.97464
25/06/2025,0.9999799728393555,1.001170039176941,0.9997199773788452,1.0004509687423706,69356982500,156407434582.08188
26/06/2025,1.0002130270004272,1.000830054283142,0.9996510148048401,1.0001660585403442,64207856832,156766999298.43674
27/06/2025,1.0003290176391602,1.0008670091629028,0.999888002872467,1.0001410245895386,60543447346,157271724601.06177
28/06/2025,1.0002490282058716,1.00062894821167,1.0000189542770386,1.000349998474121,36646048715,157533488924.85007
29/06/2025,1.000270962715149,1.0004860162734985,0.999705970287323,1.000249981880188,47033153081,157534240466.23904
30/06/2025,1.000251054763794,1.001283049583435,0.9997929930686951,1.000203013420105,63682675277,157596199393.19992
01/07/2025,1.0001709461212158,1.0012969970703125,0.9998430013656616,1.0002930164337158,61712257961,157725452770.4913
02/07/2025,1.0004290342330933,1.0017590522766113,0.9997770190238953,1.0001970529556274,84337260966,157728281420.36035
03/07/2025,1.000359058380127,1.0017160177230835,0.9999619722366333,1.0003679990768433,74258481190,157879549490.15512
04/07/2025,1.0003000497817993,1.0013090372085571,0.9998239874839783,1.0002650022506714,61260899527,158312598178.93857
05/07/2025,1.0002570152282715,1.001263976097107,1.0000150203704834,1.000229001045227,36817986895,158456545511.90213
06/07/2025,1.0002360343933105,1.001060962677002,0.9997029900550842,1.0002570152282715,49522300682,158621120525.43677
07/07/2025,1.000033974647522,1.001384973526001,0.9994019865989685,1.0002470016479492,61718401347,158634407829.99646
08/07/2025,1.0002130270004272,1.0014469623565674,0.9995840191841125,1.0000089406967163,61978988726,158583008856.6118
09/07/2025,1.0005320310592651,1.0013560056686401,0.9996709823608398,1.0002130270004272,89310464799,158677174828.34338
10/07/2025,1.000020980834961,1.001291036605835,0.9989190101623535,1.0005580186843872,118583636419,158706387150.6509
11/07/2025,0.999862015247345,1.0006710290908813,0.9990350008010864,1.0000439882278442,149421606856,158789684206.1827
12/07/2025,1.0002820491790771,1.0008900165557861,0.9991179704666138,0.9999539852142334,78220719514,159124450417.99405
13/07/2025,1.0003859996795654,1.0007020235061646,0.9987210035324097,1.0002570152282715,79087285413,159432153628.75653
14/07/2025,1.0000239610671997,1.0006409883499146,0.9990720152854919,1.0004019737243652,139888129017,159532935861.2492
15/07/2025,1.0000770092010498,1.0009039640426636,0.9994500279426575,1.0000449419021606,147110595931,159549816472.643
16/07/2025,1.0004160404205322,1.000923991203308,0.999675989151001,1.0000770092010498,136735817796,159888845413.1027
17/07/2025,1.0006929636001587,1.00096595287323,0.999530017375946,1.0004160404205322,145287866633,160046475251.48993
18/07/2025,1.000627040863037,1.001675009727478,1.0001399517059326,1.0007050037384033,171391095397,160355259560.11707
19/07/2025,1.0004709959030151,1.000836968421936,0.9998649954795837,1.000614047050476,84555363504,160901686887.3535
20/07/2025,1.0002169609069824,1.000831961631775,0.9997929930686951,1.0004620552062988,121220271115,161623516431.03748
21/07/2025,1.000298023223877,1.0008440017700195,0.9998369812965393,1.0002939701080322,142526085980,161657924155.92453
22/07/2025,1.000270962715149,1.0008889436721802,0.9997900128364563,1.0002700090408325,152807165273,161714313907.55716
23/07/2025,1.0004429817199707,1.0012949705123901,0.9999060034751892,1.0002989768981934,141784375073,161998859726.48193
24/07/2025,1.0006940364837646,1.0014549493789673,1.000154972076416,1.0004030466079712,140278466992,162001064184.97644
25/07/2025,1.0001959800720215,1.0010889768600464,0.9995250105857849,1.0006940364837646,160666344286,162581045547.76492
26/07/2025,1.0003559589385986,1.001075029373169,0.9998199939727783,1.0002349615097046,81395777919,163050890399.23785
27/07/2025,1.0002609491348267,1.0011459589004517,0.9998589754104614,1.000357985496521,93779072985,163335949202.88684
28/07/2025,1.0000560283660889,1.0013339519500732,0.9996089935302734,1.0002880096435547,122494776913,163611552679.87692
29/07/2025,0.9998059868812561,1.001479983329773,0.999426007270813,1.0000159740447998,119233565102,163590746762.937
30/07/2025,0.9999549984931946,1.0013279914855957,0.9994270205497742,0.9998419880867004,117065539789,163622824216.23938
31/07/2025,0.9999570250511169,1.0013949871063232,0.9995070099830627,0.9999619722366333,115507997580,163743255734.61145
01/08/2025,0.9994699954986572,1.0013179779052734,0.9989320039749146,0.999809980392456,149264878937,163726923788.97968
02/08/2025,0.9996669888496399,1.001328945159912,0.9993550181388855,0.9993889927864075,90832324897,163828186245.7113
03/08/2025,1.0000499486923218,1.001466989517212,0.9994289875030518,0.9996809959411621,68628703726,163859964337.55692
04/08/2025,0.9998930096626282,1.0010299682617188,0.9996370077133179,1.0001180171966553,94254451380,163898336148.0803
05/08/2025,0.9998720288276672,1.0007729530334473,0.9994639754295349,0.9999150037765503,100233404863,163892973829.06534
06/08/2025,1.0001959800720215,1.0010700225830078,0.9995080232620239,0.9999169707298279,86168507038,163881457760.11612
07/08/2025,1.0002870559692383,1.001373052597046,0.9998030066490173,1.0001920461654663,113750272695,163849751258.64297
08/08/2025,1.0000909566879272,1.001492977142334,0.9997280240058899,1.0002939701080322,120123758457,164062882581.09888
09/08/2025,1.0002690553665161,1.0010089874267578,0.9998180270195007,1.0000289678573608,109112430637,164348036577.36246
10/08/2025,1.000251054763794,1.0008430480957031,0.999750018119812,1.0002540349960327,110258257943,164510960910.42734
11/08/2025,1.0002909898757935,1.0009570121765137,0.9994639754295349,1.0002520084381104,153631931263,164514579394.95172
12/08/2025,0.9998049736022949,1.000764012336731,0.9993900060653687,1.0002679824829102,145454707320,164531428220.9301
13/08/2025,1.000357985496521,1.0007450580596924,0.9987499713897705,0.9998030066490173,176174405839,164582366980.36435
14/08/2025,1.0006519556045532,1.0012110471725464,0.9990159869194031,1.0003149509429932,209961673553,165067250309.70636
15/08/2025,1.0006330013275146,1.0014280080795288,0.9999250173568726,1.0007590055465698,136081976828,165136555130.99542
16/08/2025,1.0006309747695923,1.0017019510269165,1.0004160404205322,1.000622034072876,78429925390,165965167893.58472
17/08/2025,1.0006550550460815,1.0013099908828735,1.0002490282058716,1.000627040863037,84634710709,166492984191.68777
18/08/2025,1.0004750490188599,1.0015629529953003,0.9999390244483948,1.0006159543991089,135590930861,166762498064.89728
19/08/2025,1.0002080202102661,1.0016369819641113,0.9996110200881958,1.000411033630371,133667632358,166805473910.4239
20/08/2025,1.000054955482483,1.001592993736267,0.9995260238647461,1.0001280307769775,128830738720,167025249464.9712
21/08/2025,0.9996449947357178,1.0008790493011475,0.9994590282440186,1.00006902217865,99705745364,167022764187.69885
22/08/2025,0.9997140169143677,1.0018160343170166,0.999064028263092,0.9997299909591675,177968789836,167022463443.8843
23/08/2025,0.9995710253715515,1.000702977180481,0.9992520213127136,0.9996780157089233,106830359561,167015858355.2277
24/08/2025,0.9998869895935059,1.0018359422683716,0.9989140033721924,0.9996650218963623,144846575399,167091079556.32883
25/08/2025,1.0001230239868164,1.0017629861831665,0.99931800365448,0.9998720288276672,168636919245,167139162109.3019
26/08/2025,1.0003160238265991,1.0022059679031372,0.9994710087776184,1.000095009803772,138436111431,167189640747.67313
27/08/2025,1.0000590085983276,1.002066969871521,0.9995859861373901,1.0002720355987549,120312328281,167227656284.75525
28/08/2025,1.0000410079956055,1.0016080141067505,0.9996060132980347,0.9999629855155945,110437549759,167227040389.9868
29/08/2025,1.0001460313796997,1.0018279552459717,0.9992960095405579,1.0000669956207275,142155878479,167350893321.808
30/08/2025,1.0000569820404053,1.0013090372085571,0.99965500831604,1.0001469850540161,82307848032,167393291686.28262
31/08/2025,1.000059962272644,1.000954031944275,0.9997509717941284,1.0001989603042603,81269306867,167623030177.18237
01/09/2025,1.000046968460083,1.0012609958648682,0.9995250105857849,0.9999560117721558,122614755607,168033937030.53226
02/09/2025,0.9999970197677612,1.0013320446014404,0.9997000098228455,0.9999279975891113,125812940916,168042730226.59213
03/09/2025,1.0005710124969482,1.0015530586242676,0.9997699856758118,0.9999279975891113,106189144879,168030536519.75308
04/09/2025,1.0003060102462769,1.001513957977295,0.9998459815979004,1.0005580186843872,102212994424,168208879799.11713
05/09/2025,0.9999499917030334,1.0016380548477173,0.9996430277824402,1.0002830028533936,132146186478,168341103332.74863
06/09/2025,1.0002219676971436,1.0009570121765137,0.9993090033531189,0.9999499917030334,63681768081,168571448655.179
07/09/2025,1.0000929832458496,1.0006970167160034,0.9996060132980347,1.0002110004425049,70719934554,168935354719.06802
08/09/2025,0.9999060034751892,1.0008209943771362,0.9994670152664185,1.0000959634780884,114790407663,168873494952.15576
09/09/2025,1.0000649690628052,1.000383973121643,0.9994120001792908,0.9999679923057556,124541484302,168888299256.7979
10/09/2025,1.0001380443572998,1.0008779764175415,0.9996680021286011,1.0000710487365723,133101421364,168935638241.06598
11/09/2025,1.0002659559249878,1.0005940198898315,0.9994509816169739,1.0000929832458496,121507255807,169143657795.09875
12/09/2025,1.0006179809570312,1.001188039779663,0.9993860125541687,1.0002700090408325,141338448172,169443595938.2991
13/09/2025,1.000319004058838,1.0007829666137695,0.9995989799499512,1.0005489587783813,119042646333,169647322430.77823
14/09/2025,1.0005279779434204,1.0008779764175415,0.9997529983520508,1.0003160238265991,105982674402,170091547144.3486
15/09/2025,1.0003299713134766,1.0012660026550293,0.9998260140419006,1.0005179643630981,139213508847,170336524837.73416
16/09/2025,1.0004240274429321,1.0010700225830078,0.999875009059906,1.0002750158309937,116631704617,170303334835.32635
17/09/2025,1.0004500150680542,1.0017410516738892,0.9996449947357178,1.0005509853363037,154274220391,170858172815.05698
18/09/2025,1.0001269578933716,1.0007539987564087,0.9998859763145447,1.0003960132598877,142240779824,171006848211.07492
19/09/2025,1.0005459785461426,1.0011910200119019,0.9999300241470337,1.0001989603042603,112173044138,171181401557.2812
20/09/2025,1.0003759860992432,1.0012249946594238,1.0002330541610718,1.000566005706787,78464789723,171519427516.86133
21/09/2025,1.0004229545593262,1.0017650127410889,1.0001989603042603,1.0004040002822876,84579518480,171511067457.4239
22/09/2025,1.0009779930114746,1.0016709566116333,1.0001499652862549,1.0004509687423706,192241730378,172005777812.51822
23/09/2025,1.0001620054244995,1.0015870332717896,0.9998649954795837,1.001054048538208,129756252249,172157397166.50168
24/09/2025,1.000264048576355,1.0016369819641113,0.9998120069503784,1.0001620054244995,127933462579,172785885820.29865
25/09/2025,1.0004709959030151,1.0021090507507324,0.9996479749679565,1.0002670288085938,201897993979,173101417753.8346
26/09/2025,1.0004780292510986,1.0016249418258667,1.0000430345535278,1.00040602684021,154341516007,173523720973.87344
27/09/2025,1.0004600286483765,1.0010730028152466,1.000038981437683,1.0004849433898926,83168656412,173535663991.02292
28/09/2025,1.000349998474121,1.0013329982757568,0.9999340176582336,1.0004760026931763,92130856740,174270349818.45258
29/09/2025,1.000560998916626,1.001399040222168,0.9999330043792725,1.000190019607544,149598657209,174425533712.1196
30/09/2025,1.0000959634780884,1.0016260147094727,0.9997410178184509,1.0004689693450928,141617176980,174459824720.40707
01/10/2025,1.0005110502243042,1.0010429620742798,0.9997360110282898,1.0001139640808105,160344508086,174690086251.1323
02/10/2025,1.000707983970642,1.0012279748916626,1.0000460147857666,1.0004830360412598,169486978125,174999290965.29602
03/10/2025,1.0004940032958984,1.0012279748916626,1.000059962272644,1.0005580186843872,180715556425,175816608503.01376
04/10/2025,1.0003459453582764,1.0008269548416138,0.9999129772186279,1.0005019903182983,99382972258,176335566592.27377
05/10/2025,1.0001980066299438,1.0007519721984863,0.999530017375946,1.0003299713134766,158608091665,176304224855.29468
06/10/2025,1.0002150535583496,1.0007480382919312,0.9996709823608398,1.0001729726791382,168375378432,177067514950.84668
07/10/2025,1.0004700422286987,1.0009269714355469,0.9997789859771729,1.0002169609069824,192783487489,177079964922.25107
08/10/2025,1.0003169775009155,1.0010440349578857,0.9998070001602173,1.0004969835281372,158618584990,177494668064.36362
09/10/2025,1.000491976737976,1.0008230209350586,0.9998630285263062,1.000201940536499,174554495070,177950841608.52524
10/10/2025,1.001755952835083,1.0075119733810425,0.9981250166893005,1.0004839897155762,344398037459,178429389762.36295
11/10/2025,1.0010730028152466,1.0031789541244507,1.0002050399780273,1.0018210411071777,253479630144,178990649162.2722
12/10/2025,1.0012569427490234,1.0019750595092773,0.9999060034751892,1.0011110305786133,217858899877,179446718177.73962
13/10/2025,1.001013994216919,1.0018420219421387,1.0003620386123657,1.0011810064315796,193528248672,180012440570.36078
14/10/2025,1.0005470514297485,1.002020001411438,0.9993699789047241,1.0009950399398804,221236832633,179968076038.43332
15/10/2025,1.000586986541748,1.0020259618759155,1.0000629425048828,1.000520944595337,170147938778,180724457715.88092
16/10/2025,1.0001649856567383,1.0019060373306274,0.9996539950370789,1.0005279779434204,183807551756,180746576093.0095
17/10/2025,1.00033700466156,1.0018830299377441,0.9993100166320801,1.000251054763794,204241479578,181409776329.5793
18/10/2025,1.000311017036438,1.0014419555664062,0.9999709725379944,1.0003880262374878,92433050492,181690604096.158
19/10/2025,1.0004010200500488,1.0018459558486938,0.9993500113487244,1.0003650188446045,113441520509,181974341826.8677
20/10/2025,1.0003750324249268,1.0018010139465332,0.9998670220375061,1.000417947769165,140035880063,181983632002.44144
21/10/2025,1.0004620552062988,1.001932978630066,0.9996730089187622,1.0003670454025269,189249929340,181966466928.9676
22/10/2025,1.0001879930496216,1.0014840364456177,0.9995859861373901,1.000594973564148,164510413668,182056845390.38025
23/10/2025,1.0005199909210205,1.0010119676589966,0.9992460012435913,1.0001150369644165,129632145103,182479294245.7441
24/10/2025,1.0003039836883545,1.0009219646453857,0.9989590048789978,1.000499963760376,119470709578,182583812791.9298
25/10/2025,1.0001230239868164,1.000823974609375,0.9996839761734009,1.0002570152282715,69239633414,182964141441.5654
26/10/2025,1.000033974647522,1.0008440017700195,0.9992730021476746,1.000177025794983,102374273854,182955826348.95685
27/10/2025,0.9999619722366333,1.0009939670562744,0.9993219971656799,0.9999629855155945,141545257932,183191897789.51465
28/10/2025,1.0002690553665161,1.0006109476089478,0.9992830157279968,1.0000159740447998,130159595314,183199468540.68063
29/10/2025,1.0002069473266602,1.0020649433135986,0.9995830059051514,1.000072956085205,137767365340,183287874389.86383
30/10/2025,0.9998959898948669,1.0019400119781494,0.9993389844894409,1.0003010034561157,153545488789,183390521235.13968
31/10/2025,0.999576985836029,1.0008920431137085,0.9990800023078918,0.9998720288276672,135248715842,183366211111.34683
01/11/2025,0.9996640086174011,1.001641035079956,0.9992089867591858,0.9996119737625122,74530426678,183355571992.56003
02/11/2025,1.0000660419464111,1.0008549690246582,0.9993910193443298,0.9996309876441956,87990855403,183434428104.09067
03/11/2025,0.9998530149459839,1.0018019676208496,0.9990190267562866,1.0001349449157715,176871325526,183457006523.76016
04/11/2025,0.9999819993972778,1.0016310214996338,0.9983400106430054,0.9998400211334229,241475086413,183437646536.87012
05/11/2025,0.9998909831047058,1.0011199712753296,0.9994189739227295,0.9998440146446228,164615811246,183420827853.5468
06/11/2025,0.9996479749679565,1.0013209581375122,0.99891597032547,0.9999160170555115,136131315720,183473350319.9698
07/11/2025,0.9997280240058899,1.000838041305542,0.998649001121521,0.9995359778404236,170699361657,183373529053.05545
08/11/2025,0.9996569752693176,1.0006979703903198,0.9990190267562866,0.9997199773788452,102848841858,183390255204.8163
09/11/2025,1.0000360012054443,1.0007950067520142,0.9992550015449524,0.9996439814567566,106734150825,183418028030.3693
10/11/2025,0.9996899962425232,1.00136399269104,0.9993770122528076,0.9999439716339111,136965192866,183426322660.04385
11/11/2025,0.9997050166130066,1.0006749629974365,0.9990209937095642,0.9996939897537231,139919777898,183465216167.62888
12/11/2025,0.9999480247497559,1.001189947128296,0.9993410110473633,0.9995629787445068,125966296267,183429112491.6132
13/11/2025,0.9994069933891296,1.0018179416656494,0.9987649917602539,0.9999399781227112,167234230804,184005021987.05792
14/11/2025,0.9991289973258972,1.001418948173523,0.998714029788971,0.9994909763336182,179708124711,183904959047.3268
15/11/2025,0.9995309710502625,1.0005110502243042,0.9988970160484314,0.9991589784622192,87346757339,183909651707.6564
16/11/2025,0.9992619752883911,1.0019299983978271,0.9988459944725037,0.9995710253715515,119937340292,183963683697.8373
17/11/2025,0.998894989490509,1.0013890266418457,0.9982870221138,0.9992449879646301,158466587927,183926036215.10297
18/11/2025,0.9995250105857849,1.0012589693069458,0.9981549978256226,0.9988740086555481,156914958706,183853937016.8522
19/11/2025,0.9990829825401306,1.003283977508545,0.9984520077705383,0.9995480179786682,142163447276,183762763572.12384
20/11/2025,0.9996950030326843,1.0013630390167236,0.9981099963188171,0.9990270137786865,162346571995,183700071934.6224
21/11/2025,0.9994140267372131,1.001729965209961,0.9978079795837402,0.9992089867591858,211350842667,184591758908.9901
22/11/2025,0.9994750022888184,1.0007630586624146,0.9984560012817383,0.9994570016860962,80725438012,184703894075.6417
23/11/2025,0.9996799826622009,1.000864028930664,0.9990519881248474,0.9994490146636963,93113293579,184513624922.39407
24/11/2025,0.9996370077133179,1.0015679597854614,0.999081015586853,0.9996359944343567,119819578839,184450064025.40848
25/11/2025,0.9995179772377014,1.0011409521102905,0.9991419911384583,0.9995999932289124,102433262214,184364174120.2872
26/11/2025,1.0000009536743164,1.0011570453643799,0.9992700219154358,0.9996029734611511,102580658562,184483146090.68137
27/11/2025,0.9999079704284668,1.000954031944275,0.9992820024490356,0.999987006187439,84918880946,184558481141.5772
28/11/2025,1.000175952911377,1.001291036605835,0.9995149970054626,0.9999070167541504,93695868523,184564207381.0597
29/11/2025,1.0002330541610718,1.0012880563735962,0.9997590184211731,1.000167965888977,56449708485,184659967249.50595
30/11/2025,1.0001850128173828,1.0009050369262695,0.9996939897537231,1.000161051750183,58060684316,184678012913.0905
01/12/2025,0.9999269843101501,1.0015250444412231,0.9992510080337524,1.0001020431518555,136512854575,184642693214.2226
02/12/2025,1.0002959966659546,1.0010499954223633,0.9994400143623352,0.9999359846115112,115617188862,184606686821.1453
03/12/2025,1.000501036643982,1.0011579990386963,0.9995430111885071,1.0003160238265991,117032986206,184651818638.3552
04/12/2025,1.000236988067627,1.0009889602661133,0.9995959997177124,1.0002930164337158,98585820418,185357034454.7985
05/12/2025,1.0002319812774658,1.0010449886322021,0.999222993850708,1.0002310276031494,98818490719,185551970438.9393
06/12/2025,1.0003390312194824,1.001170039176941,0.9998720288276672,1.0002670288085938,53315581787,185563081663.07333
07/12/2025,1.0003310441970825,1.0011299848556519,0.9994159936904907,1.000417947769165,72808424054,185686266932.78265
08/12/2025,1.0002720355987549,1.0008289813995361,0.9990910291671753,1.000285029411316,88136109201,185692880290.2917
09/12/2025,1.0000849962234497,1.0011509656906128,0.9987750053405762,1.0002360343933105,108124525756,185671906870.2685
10/12/2025,1.0002800226211548,1.001418948173523,0.998432993888855,1.0000760555267334,104582114546,185738221203.8327
11/12/2025,1.0002559423446655,1.000972032546997,0.999351978302002,1.0003279447555542,101622304149,186094769376.6468
12/12/2025,1.000080943107605,1.0011190176010132,0.9996730089187622,1.0002679824829102,86394477161,186188230590.29712
13/12/2025,1.0002570152282715,1.0006749629974365,0.9998599886894226,1.0000419616699219,46254432201,186249151423.14764
14/12/2025,1.0001989603042603,1.0017590522766113,0.9997379779815674,1.0003050565719604,57551567458,186242557114.8324
15/12/2025,0.9998810291290283,1.0010889768600464,0.9981020092964172,1.0001250505447388,96176642817,186286668583.9252
16/12/2025,0.9998850226402283,1.0015519857406616,0.9991629719734192,0.9999470114707947,84425789643,186264086469.9936
17/12/2025,0.9996240139007568,1.0015100240707397,0.9988899827003479,0.9999520182609558,92047938306,186312032469.20587
18/12/2025,0.9995030164718628,1.0009759664535522,0.9983890056610107,0.9996449947357178,105998238214,186282760329.77423
19/12/2025,0.9994630217552185,1.0010509490966797,0.9989759922027588,0.999563992023468,101816687768,186202092308.7985
20/12/2025,0.9996330142021179,1.0008009672164917,0.999110996723175,0.9994480013847351,45991860432,186226677116.68268
21/12/2025,0.9997239708900452,1.0013970136642456,0.9990649819374084,0.9996359944343567,58117509263,186773632481.9556
22/12/2025,0.9993979930877686,1.0009180307388306,0.9991469979286194,0.9997169971466064,84644391342,186787106692.936
23/12/2025,0.9994919896125793,1.000972032546997,0.9990940093994141,0.9993979930877686,77238853787,186810914380.7728
24/12/2025,0.9993249773979187,1.0003730058670044,0.9988530278205872,0.999426007270813,62404214627,186827189365.3243
25/12/2025,0.9993789792060852,1.0002449750900269,0.9991059899330139,0.9992780089378357,54062181923,186793465675.51428
26/12/2025,0.9991869926452637,1.000648021697998,0.9987800121307373,0.9993870258331299,81713363687,186791970834.21863
27/12/2025,0.9992849826812744,1.0001349449157715,0.9990530014038086,0.9991869926452637,40982045847,186755060290.9574
28/12/2025,0.9992589950561523,1.0001169443130493,0.9990230202674866,0.9992619752883911,43793554358,186731617227.19147
29/12/2025,0.9987750053405762,1.0002080202102661,0.9984539747238159,0.9992570281028748,97725242399,186710944191.7638
30/12/2025,0.9988669753074646,1.00006902217865,0.9984530210494995,0.9987499713897705,74119035312,186622402821.9425
31/12/2025,0.9984490275382996,0.999908983707428,0.9981489777565002,0.9988560080528259,70259461189,187154085276.56705
01/01/2026,0.9987450242042542,0.9993540048599243,0.9979850053787231,0.9984390139579773,50548666268,187087814456.2501
02/01/2026,0.999671995639801,1.0001529455184937,0.9983350038528442,0.9987469911575317,96128566387,186881197640.7609
03/01/2026,0.9996349811553955,0.9999880194664001,0.9992579817771912,0.9997050166130066,55660104876,187028151245.34985
04/01/2026,0.9995059967041016,0.9998170137405396,0.9991390109062195,0.9996370077133179,66989138853,187040826581.55585
05/01/2026,0.9992916584014893,0.9998233318328857,0.998970627784729,0.9995215535163879,97008328704,187033604127.80338
,USDT-USD,USDT-USD,USDT-USD,USDT-USD,USDT-USD,104171067977.45192
