date,Close,High,Low,Open,Volume,market_cap
08/10/2018,1.002210021,1.007680058,1.001899958,1.004099965,382900,0.0
09/10/2018,1.006860018,1.008329988,1.000030041,1.004269958,108803,0.0
10/10/2018,1.009619951,1.019080043,1.003970027,1.004940033,711783,0.0
11/10/2018,1.009780049,1.031229973,1.001729965,1.009940028,4177290,0.0
12/10/2018,1.012719989,1.018710017,1.001139998,1.00861001,1322240,0.0
13/10/2018,1.007429957,1.020290017,1.003550053,1.014449954,698507,0.0
14/10/2018,1.016309977,1.022510052,1.004920006,1.007259965,982750,0.0
15/10/2018,1.026800036,1.113729954,0.998372018,1.016899943,10660400,0.0
16/10/2018,1.021430016,1.035509944,1.01899004,1.027230024,2124080,0.0
17/10/2018,1.012189984,1.026530027,1.010579944,1.024039984,1102740,24736312.47
18/10/2018,1.014889956,1.020619988,1.009230018,1.014660001,1182450,24590235.09
19/10/2018,1.006979942,1.01643002,1.006309986,1.014750004,715078,0.0
20/10/2018,1.00643003,1.013630033,1.002550006,1.007490039,299871,0.0
21/10/2018,1.012899995,1.019610047,1.003200054,1.006819963,509276,0.0
22/10/2018,1.009299994,1.024799943,1.003290057,1.012310028,1211160,0.0
23/10/2018,1.010589957,1.017959952,1.007470012,1.009230018,1503840,0.0
24/10/2018,1.010020018,1.012089968,1.002380013,1.009379983,923940,0.0
25/10/2018,1.007969975,1.013689995,1.001899958,1.010460019,1365520,129207942.6
26/10/2018,1.011630058,1.015519977,1.003520012,1.006109953,950623,128775493.6
27/10/2018,1.008239985,1.014889956,1.001070023,1.012079954,712963,129502938.6
28/10/2018,1.011070013,1.014960051,1.002730012,1.006620049,282707,128177230.8
29/10/2018,1.008370042,1.019000053,1.00553,1.010830045,1983680,129589926.8
30/10/2018,1.004680037,1.010859966,1.003010035,1.00643003,715882,128032733.0
31/10/2018,0.996385992,1.008730054,0.994032979,1.00672996,1279360,127904252.2
01/11/2018,0.992501974,1.018399954,0.991167009,0.996412992,1800480,127652782.5
02/11/2018,0.999969006,1.00801003,0.988213003,0.992896974,2042390,128091488.0
03/11/2018,1.003790021,1.008299947,0.997810006,1.000280023,1402480,133609203.3
04/11/2018,0.997668982,1.008090019,0.982746005,1.004009962,2144200,133279984.9
05/11/2018,0.998748004,1.007449985,0.996702015,0.996996999,1287400,131039278.4
06/11/2018,1.000519991,1.005059958,0.997110009,1.002490044,2241070,134613399.3
07/11/2018,1.004299998,1.011610031,0.997180998,1.001440048,2589880,134834229.7
08/11/2018,1.00383997,1.007210016,0.99862498,1.003829956,3423190,135701197.3
09/11/2018,1.008039951,1.013610005,1.001940012,1.004070044,3478250,135158925.2
10/11/2018,1.010959983,1.029729962,0.99585402,1.00711,2497760,136052182.9
11/11/2018,1.009009957,1.019930005,0.996740997,1.012639999,4726130,135335501.5
12/11/2018,1.013200045,1.015140057,1.00059998,1.008559942,6446540,136458935.6
13/11/2018,1.012820005,1.022230029,0.999477029,1.008260012,6483310,136284804.9
14/11/2018,1.023069978,1.043339968,0.999077022,1.017629981,24013300,141683057.7
15/11/2018,1.018309951,1.061390042,1.007850051,1.020670056,18776600,148577982.7
16/11/2018,1.03026998,1.039409995,1.006180048,1.017120004,9247040,146981646.4
17/11/2018,1.009119987,1.039330006,1.006160021,1.033439994,5537380,145736699.9
18/11/2018,1.01188004,1.01462996,1.001180053,1.009619951,5735460,146146329.3
19/11/2018,1.020190001,1.052170038,1.001309991,1.012030005,27873100,145255943.2
20/11/2018,1.019950032,1.056699991,1.00722003,1.015879989,43293600,146842391.2
21/11/2018,1.014410019,1.032050014,1.008919954,1.024119973,20164000,161782019.6
22/11/2018,1.01947999,1.02256,1.006160021,1.012850046,11556600,166203162.4
23/11/2018,1.020609975,1.027830005,1.008329988,1.016129971,17717500,169951951.4
24/11/2018,1.022959948,1.039690018,1.011049986,1.017179966,19409700,169591535.0
25/11/2018,1.025959969,1.040130019,0.990265012,1.026870012,23476200,170718063.2
26/11/2018,1.037410021,1.058809996,1.015509963,1.018309951,29734800,170695963.2
27/11/2018,1.012099981,1.037999988,0.995527983,1.032420039,13622700,171920667.2
28/11/2018,1.011639953,1.025850058,1.003720045,1.008710027,23327400,175112664.9
29/11/2018,1.014597058,1.020604014,1.003919959,1.011675954,18025473,178905400.6
30/11/2018,1.010396957,1.020449042,1.00406599,1.013566971,14143221,179073854.5
01/12/2018,1.00819695,1.025342941,1.000193954,1.012817979,14198649,179488336.8
02/12/2018,1.01277101,1.031792045,0.993287027,1.008255005,10761895,179742796.3
03/12/2018,1.009749055,1.016582966,1.000216007,1.011119008,12188098,179261826.5
04/12/2018,1.012794971,1.01642704,1.003540039,1.009027958,12556999,180216664.3
05/12/2018,1.013633013,1.01859796,1.004891992,1.011455059,14257800,179191321.1
06/12/2018,1.018265963,1.02166903,1.002132058,1.010985017,21637768,179672596.3
07/12/2018,1.011307955,1.025060058,1.002380967,1.017930984,29947363,182203423.4
08/12/2018,1.022182941,1.02757597,1.006569982,1.011297941,17724714,185925217.4
09/12/2018,1.018252969,1.032773972,1.013916969,1.018798947,14831259,186362017.8
10/12/2018,1.024693012,1.029119968,1.014796019,1.018170953,12987868,186009059.8
11/12/2018,1.020336032,1.037340999,1.017228961,1.02523303,12104531,191717217.4
12/12/2018,1.022770047,1.042865038,0.989759982,1.021955967,10392693,191980058.3
13/12/2018,1.01591301,1.036771059,0.98298502,1.036771059,8569160,202349331.8
14/12/2018,1.017292023,1.028429985,1.012029052,1.015233994,11571584,201945777.8
15/12/2018,0.997940004,1.021464944,0.995121002,1.01839304,8595919,204783087.6
16/12/2018,1.011960983,1.041059971,0.998009026,1.00484097,9383751,204422469.5
17/12/2018,1.014232993,1.033969045,0.998067975,1.027451992,18392475,204836482.4
18/12/2018,1.009853959,1.020584941,1.000012994,1.014194965,24572396,215286064.7
19/12/2018,1.019230008,1.020859957,1.002078056,1.009052992,46352135,214184707.2
20/12/2018,1.015118957,1.024417996,1.006773949,1.021234989,58976758,224129739.0
21/12/2018,1.015426993,1.024196982,1.006100059,1.016415954,46603504,225824770.8
22/12/2018,1.010668039,1.019031048,0.997087002,1.012441993,26222950,228925653.9
23/12/2018,1.010718942,1.017750978,1.005426049,1.008020997,23629168,229078540.9
24/12/2018,1.01157105,1.021427989,0.998427987,1.010748982,43621601,227697886.9
25/12/2018,1.011736989,1.028385043,1.008046031,1.010195017,27610569,228237620.8
26/12/2018,1.013623953,1.021890044,1.006778955,1.013208985,19786403,227184144.0
27/12/2018,1.017480016,1.033882022,1.011579037,1.015598059,23019282,229152576.4
28/12/2018,1.011209965,1.018527031,0.978582978,1.017390013,28974098,238408338.8
29/12/2018,1.021664977,1.04025805,1.002529025,1.01088202,22783697,240471674.1
30/12/2018,1.01316905,1.025472999,1.009649992,1.019605041,18537225,241385119.7
31/12/2018,1.016564965,1.025764942,1.00523603,1.012398005,20975704,248534076.4
01/01/2019,1.013301015,1.022230029,1.008677006,1.018946052,17007853,250584341.0
02/01/2019,1.018172979,1.02026403,1.009168029,1.014261961,18125812,261532670.1
03/01/2019,1.013576984,1.022562027,1.009953976,1.014457941,15279811,285618972.3
04/01/2019,1.008159995,1.017634988,1.001057982,1.015246987,17203036,286516389.8
05/01/2019,1.011010051,1.01611805,1.00245297,1.006732941,15428171,294504722.8
06/01/2019,1.010107994,1.015288949,0.989169002,1.010750055,18503989,290681640.7
07/01/2019,1.005357981,1.01216805,1.001628995,1.009508967,18697630,300214373.8
08/01/2019,1.007918,1.016626954,1.004016042,1.006054044,23189996,313435514.8
09/01/2019,1.002264023,1.011260986,1.000763059,1.00661397,23000567,323217620.0
10/01/2019,1.013103962,1.034793019,1.001950026,1.002841949,51534670,341081572.3
11/01/2019,1.014734983,1.017006993,1.007704973,1.016942024,25279715,355008147.7
12/01/2019,1.010691047,1.017493963,1.007727027,1.014780998,12617410,358076244.7
13/01/2019,1.011108994,1.026268005,1.008317947,1.010934949,16808894,359427065.0
14/01/2019,1.007591963,1.016634941,0.998744011,1.011011958,25825886,367194732.7
15/01/2019,1.012068987,1.017956972,1.006510019,1.007457972,26459207,370764588.9
16/01/2019,1.012362957,1.017729044,1.007982969,1.01323998,25957206,355451747.0
17/01/2019,1.03035295,1.044891953,1.009570003,1.010017991,41708422,352698266.2
18/01/2019,1.013115048,1.035452008,1.009829998,1.02906096,18899249,362187289.4
19/01/2019,1.011410952,1.014775991,1.002609968,1.009876966,15830400,358872737.9
20/01/2019,1.016669035,1.028619051,1.010475039,1.012287021,14934092,346848080.2
21/01/2019,1.012547016,1.02276504,1.006685972,1.015444994,12277261,348206766.7
22/01/2019,1.008540988,1.016688943,1.006482005,1.013007998,18848807,347851811.4
23/01/2019,1.008734941,1.013386011,1.006289005,1.008716941,14686835,345392588.8
24/01/2019,1.010270953,1.013039947,1.006649017,1.009251952,19309437,349789723.5
25/01/2019,1.012050033,1.013592958,1.008942962,1.010969043,16078526,340507232.9
26/01/2019,1.012475967,1.015329957,1.006314993,1.01197505,12311593,343078507.7
27/01/2019,1.013942003,1.019325972,1.011610031,1.013715982,17334193,336667630.0
28/01/2019,1.011801958,1.019119978,1.010957003,1.014655948,34421448,343068666.4
29/01/2019,1.014050007,1.017393947,1.010076046,1.011793971,26620698,334945905.5
30/01/2019,1.013232946,1.016512036,1.009879947,1.01384306,28233801,324943663.7
31/01/2019,1.012485027,1.015769005,1.000758052,1.013162017,30016994,325851698.7
01/02/2019,1.015843987,1.031891942,1.00782001,1.011765003,26896947,310132134.1
02/02/2019,1.018337965,1.018363953,1.011024952,1.014754057,23207115,310423136.1
03/02/2019,1.01424396,1.016899943,1.00664103,1.015589952,26365349,310303376.1
04/02/2019,1.011425018,1.016734958,1.009284973,1.013759971,24242526,312165433.3
05/02/2019,1.008728981,1.014165998,1.005800009,1.01156795,19011789,306481186.7
06/02/2019,1.013051033,1.017233968,1.007526994,1.008877039,27032564,299065780.4
07/02/2019,1.011047959,1.024724007,1.008752942,1.013648987,15429983,295888927.1
08/02/2019,1.01731205,1.024335027,1.008219004,1.011391997,31291520,290364759.7
09/02/2019,1.011700988,1.018622994,1.008242011,1.017205,21523062,291521669.3
10/02/2019,1.014389038,1.020550013,1.010241032,1.011948943,19451268,291484154.5
11/02/2019,1.013288975,1.019636035,1.011723042,1.015701056,19063318,290113095.3
12/02/2019,1.017773986,1.019593,1.011379004,1.012431026,28682063,261608191.6
13/02/2019,1.011628032,1.019184947,1.008823991,1.018411994,27483515,261483988.2
14/02/2019,1.011428952,1.015570045,1.009053946,1.010975957,27582140,260029238.6
15/02/2019,1.011823058,1.016546011,1.003473997,1.011973977,35775279,249853199.2
16/02/2019,1.013239026,1.015648961,1.006994009,1.011505961,44255529,250473888.1
17/02/2019,1.023789048,1.026548028,1.008301973,1.014425039,45168007,247236104.9
18/02/2019,1.012897015,1.03094101,1.001528978,1.023102045,51464756,247579528.5
19/02/2019,1.004068971,1.019669056,1.003322959,1.013003945,49393554,246523132.9
20/02/2019,1.015740991,1.02046299,0.998658001,1.004050016,41527390,246301948.6
21/02/2019,1.012017012,1.016394019,1.005130053,1.015285969,35317064,248070070.2
22/02/2019,1.01573801,1.019425035,1.005460978,1.009835958,32159403,247896923.9
23/02/2019,1.012145042,1.037757993,1.007200956,1.014065981,36243964,235024371.3
24/02/2019,1.007181048,1.028911948,0.998950005,1.013239026,51756152,234341044.0
25/02/2019,1.017585993,1.022758961,1.004343033,1.004343033,52796841,234269734.7
26/02/2019,1.011172056,1.021518946,1.011172056,1.016229987,42569527,232109898.2
27/02/2019,1.015962005,1.021757007,1.008285046,1.012675047,38328217,234673211.5
28/02/2019,1.013672948,1.019919038,1.010602951,1.015192032,31630079,237793919.6
01/03/2019,1.010856032,1.02372396,1.010856032,1.013116956,21097111,238178935.1
02/03/2019,1.00998497,1.020117044,1.008077979,1.01009202,18482080,239542561.0
03/03/2019,1.01197505,1.014853954,1.006930947,1.008705974,17429846,240470524.8
04/03/2019,1.015483022,1.017490983,1.010313988,1.010313988,23960578,241162085.0
05/03/2019,1.016844988,1.016844988,1.010612011,1.015727043,32016571,242340814.6
06/03/2019,1.013903022,1.02075398,1.011850953,1.017554045,24347412,242572691.6
07/03/2019,1.013484955,1.017763972,1.011247993,1.013458014,24225454,243483370.1
08/03/2019,1.014518976,1.021450996,1.01058197,1.014444947,27535813,239418664.2
09/03/2019,1.01235795,1.020488977,1.011230946,1.014161944,24550954,245564367.8
10/03/2019,1.019503951,1.022843003,1.010445952,1.014304996,21622742,241892941.4
11/03/2019,1.013620019,1.021482944,1.010478973,1.020557046,25473881,241929214.8
12/03/2019,1.012156963,1.01652801,1.007853985,1.013249993,25249458,242026376.0
13/03/2019,1.013291955,1.019184947,1.010846972,1.012820959,32955078,242080857.6
14/03/2019,1.017089963,1.020238996,1.012436032,1.013373971,30654411,241632550.5
15/03/2019,1.015259981,1.019619942,1.014160037,1.016306043,30356979,242540798.0
16/03/2019,1.015427947,1.018656969,1.011297941,1.016044021,35637112,241674979.0
17/03/2019,1.019448996,1.023566961,1.014361024,1.015051961,38655614,241051503.3
18/03/2019,1.015398026,1.022032022,1.010794044,1.020424962,41889761,240876597.6
19/03/2019,1.016152024,1.021018982,1.014353991,1.015599966,34394867,241580915.8
20/03/2019,1.01415801,1.017714977,1.009989977,1.016868949,43164011,241425298.2
21/03/2019,1.01404798,1.016827941,1.010555983,1.01364398,43135935,241625516.0
22/03/2019,1.009016037,1.017714977,1.008659959,1.013599992,33465329,244350752.3
23/03/2019,1.012213945,1.015117049,1.007462025,1.009156942,23348602,245713094.1
24/03/2019,1.008054018,1.012771964,1.003365993,1.011324048,17336324,246735068.7
25/03/2019,1.012812972,1.024253964,1.006247997,1.008746028,34431703,246870374.9
26/03/2019,1.012508035,1.015081048,1.009070039,1.013404965,33876854,247798566.1
27/03/2019,1.016144037,1.019659042,1.011054039,1.012513995,37698423,247042348.5
28/03/2019,1.013795018,1.020601034,1.006386995,1.016435027,28392576,246498530.8
29/03/2019,1.002529025,1.015089035,0.998833001,1.013795018,37377861,247456742.5
30/03/2019,1.001989961,1.049149036,0.992955029,1.000946999,26227081,247553006.0
31/03/2019,1.00149405,1.008056998,0.998965025,1.001989961,24262615,247482835.8
01/04/2019,1.002632976,1.005910039,0.994118989,1.001394033,30912903,247215043.8
02/04/2019,1.001929998,1.022609949,0.993830025,1.002338052,75355543,253582676.1
03/04/2019,1.000928998,1.024855018,0.989149988,1.001950026,87987040,255615162.1
04/04/2019,1.002344966,1.006989956,0.997175992,1.00098002,52686902,256415595.1
05/04/2019,1.002799034,1.009742022,1.000149965,1.002702951,43799308,256962608.7
06/04/2019,1.001001954,1.011862993,0.997350991,1.003229976,43756481,260342115.2
07/04/2019,1.005359054,1.013262987,0.998052001,1.000422001,43184042,259983480.5
08/04/2019,1.002128005,1.008036971,0.993659973,1.005748987,49978405,260709199.7
09/04/2019,1.001181006,1.004022956,0.996617019,1.002128005,40372954,260350307.7
10/04/2019,1.001379013,1.014706016,0.995966971,1.000972986,48590445,265216255.8
11/04/2019,1.002825975,1.005681992,0.997779012,1.001674056,63695457,262609710.4
12/04/2019,1.002897978,1.00583303,0.998884022,1.002578974,44545387,258528238.9
13/04/2019,1.004066944,1.00611496,1.000305057,1.003026009,35520365,259272804.9
14/04/2019,1.00802505,1.009899974,0.999414027,1.004066944,31692818,259546042.9
15/04/2019,0.998979986,1.009677052,0.995658994,1.00802505,44283943,259764026.0
16/04/2019,1.010408044,1.013753057,0.997579992,0.999090016,31481366,260475212.4
17/04/2019,1.005684018,1.014480948,1.001948953,1.011734009,32737398,259230717.6
18/04/2019,1.002645016,1.007622957,1.000257969,1.005480051,41597044,256300117.1
19/04/2019,1.002629042,1.00523901,0.997391999,1.00355804,34134430,252667522.8
20/04/2019,1.000969052,1.005642056,0.996161997,1.002941966,39216250,252670152.9
21/04/2019,1.002082944,1.007246971,0.994410992,1.001430035,46250000,252978811.3
22/04/2019,1.003837943,1.008206964,0.996921003,1.00206995,46697245,252669776.1
23/04/2019,0.999439001,1.005401015,0.994679987,1.003561974,55954909,251326924.1
24/04/2019,0.998930991,1.004547954,0.991964996,0.999439001,56853285,253170141.4
25/04/2019,1.007150054,1.017526984,0.996013999,0.998736978,82371631,252588396.4
26/04/2019,1.01939404,1.024261951,1.005208969,1.005208969,113370626,259219532.9
27/04/2019,1.012979031,1.021036029,1.011623979,1.01907897,48849898,268611419.4
28/04/2019,1.015594006,1.018955946,1.012300968,1.013007998,44378359,297244675.2
29/04/2019,1.015280962,1.01848495,1.010362029,1.015890956,71768244,298089016.1
30/04/2019,1.015303969,1.017550945,1.010916948,1.015308976,81415438,295234804.1
01/05/2019,1.011903048,1.016276002,1.008236051,1.01520896,90100967,294502573.6
02/05/2019,1.016191959,1.018533945,1.011327028,1.011641979,83209787,297466210.8
03/05/2019,1.017825961,1.023689032,1.009819984,1.016299963,108921203,296634359.8
04/05/2019,1.009245038,1.022565961,1.00573802,1.017825961,117381605,300022402.1
05/05/2019,1.009385943,1.013185024,1.003257036,1.009765983,79929581,301467386.7
06/05/2019,1.008190989,1.012382984,1.006451964,1.009170055,89601155,302125188.1
07/05/2019,1.010692,1.01690197,1.002871037,1.008147001,100559475,307719304.6
08/05/2019,1.007400036,1.017101049,1.005149961,1.009757996,99486108,311013611.1
09/05/2019,1.004044056,1.009636998,1.002185941,1.007202029,134758323,316455095.8
10/05/2019,1.005607009,1.009811997,1.000586987,1.004333019,247829264,327655413.0
11/05/2019,0.996858001,1.010416031,0.988556981,1.00671804,510302993,330250263.7
12/05/2019,0.998353004,1.011860967,0.991182029,0.995415986,481377527,328135288.7
13/05/2019,0.999697983,1.008020043,0.982582986,0.998353004,268233283,327956580.3
14/05/2019,0.998840988,1.00940299,0.992935002,0.998884022,235041654,336959654.8
15/05/2019,0.998185992,1.003252029,0.994539022,0.998905003,217410064,345778033.6
16/05/2019,0.998786986,1.01256597,0.990903974,0.99751699,289789111,350286855.9
17/05/2019,0.998728991,1.018815041,0.993125021,0.999222994,293691288,357037909.7
18/05/2019,0.996541977,1.006790996,0.993305981,0.998728991,154811622,361720383.4
19/05/2019,1.002773046,1.007532001,0.989988983,0.997066975,184721780,359777959.6
20/05/2019,0.996523976,1.014682055,0.992919028,1.002773046,276118420,358756401.3
21/05/2019,0.998889029,1.003509998,0.994719028,0.997358024,170890835,358555344.6
22/05/2019,1.000087023,1.008836031,0.992417991,0.998889029,125174452,358200084.6
23/05/2019,0.999962986,1.003579974,0.995096982,1.00019598,129739544,360266085.5
24/05/2019,0.998374999,1.003533959,0.997169971,0.999715984,148518446,361312034.4
25/05/2019,0.998014987,1.001137972,0.996546984,0.998374999,95403891,360687372.6
26/05/2019,0.997112989,1.004627943,0.992296994,0.997862995,132653003,363359359.0
27/05/2019,1.00483799,1.017166972,0.995018005,0.997422993,157886328,362378697.0
28/05/2019,1.005179048,1.007346988,0.997232974,1.005730987,106019351,363429621.3
29/05/2019,0.998430014,1.00663805,0.997151017,1.005424023,115843796,363932724.6
30/05/2019,0.999490023,1.023725033,0.994786024,0.998430014,169319401,359590382.0
31/05/2019,1.001047015,1.006237984,0.996261001,0.999490023,98020521,340665537.7
01/06/2019,0.999936998,1.007660031,0.996020019,1.000655055,70583907,337018772.1
02/06/2019,0.999190986,1.006973982,0.995500982,0.999936998,80548187,336543468.5
03/06/2019,0.997897029,1.017047048,0.993417978,0.999190986,111821198,334451437.2
04/06/2019,1.002485037,1.01542604,0.992253006,0.999078989,136428049,335910975.8
05/06/2019,1.003695965,1.011631012,0.99783802,1.002485037,93861385,336589575.4
06/06/2019,1.003733039,1.013929963,0.994033992,1.003113985,85196344,337983848.6
07/06/2019,1.00169003,1.004878998,0.997801006,1.004524946,86557460,339394216.9
08/06/2019,0.994123995,1.004137993,0.993335009,1.001206994,58308368,339416542.9
09/06/2019,1.001664042,1.003119946,0.993332982,0.99397701,71761740,339434314.2
10/06/2019,1.00068295,1.004120946,0.993354023,1.00061202,84730095,340351564.7
11/06/2019,1.000738025,1.006171942,0.997642994,1.000810027,77849492,342143192.1
12/06/2019,0.999854028,1.004014969,0.991833985,1.001021981,104507306,339575488.3
13/06/2019,0.998952985,1.002802968,0.997685015,0.999089003,100661027,341070351.7
14/06/2019,1.002580047,1.002990961,0.99603498,0.999251008,102745227,344673326.6
15/06/2019,0.999234021,1.00316596,0.997003019,1.001634002,74693218,348823456.6
16/06/2019,1.000211,1.013553977,0.996730983,0.999234021,110310160,349968804.5
17/06/2019,1.002318025,1.006248951,0.996585011,1.000143051,109557094,349808117.2
18/06/2019,0.99862802,1.006217957,0.996994019,1.004169941,100022653,347100852.7
19/06/2019,0.99891001,1.002897978,0.996585011,0.998301029,76300038,350947022.5
20/06/2019,0.997663021,1.001453996,0.993101001,0.998658001,119884299,346818809.5
21/06/2019,0.998050988,1.008147955,0.996048987,0.997613013,112588159,347033782.1
22/06/2019,0.999975026,1.018913984,0.995402992,0.998378992,198318684,343842611.9
23/06/2019,1.000463009,1.014099002,0.99713999,0.999852002,126408037,344687046.9
24/06/2019,1,1.007495046,0.996779978,1.000463009,146462988,348304785.5
25/06/2019,1.002846003,1.011963964,0.996469975,0.999823987,162151709,348372350.8
26/06/2019,1.004521966,1.03904295,0.993659019,1.002846003,301891501,347433770.5
27/06/2019,1.001821995,1.014845967,0.99653399,1.004521966,270933375,357394195.3
28/06/2019,1.00267005,1.008437037,0.998175025,1.000684023,222978120,367523057.9
29/06/2019,0.999632001,1.017361045,0.996092975,1.002769947,204845657,364309798.4
30/06/2019,1.003191948,1.012141943,0.997759998,1.000470996,184930416,367745517.2
01/07/2019,1.000836968,1.01028204,0.995321989,1.003191948,180323705,369921760.1
02/07/2019,1.002063036,1.008890033,0.98833698,1.000579,197506894,368266788.6
03/07/2019,1.000990033,1.006628036,0.988103986,1.00237298,187818876,372599499.4
04/07/2019,0.999386013,1.014531016,0.996877015,1.001410007,157145205,368501014.1
05/07/2019,1.000465989,1.008679032,0.992536008,0.999067008,105604889,369590744.6
06/07/2019,0.996119976,1.007295012,0.991649985,1.00037396,95844874,367909222.5
07/07/2019,0.996720016,1.003342986,0.992825985,0.995885015,79091529,372580686.5
08/07/2019,0.999369979,1.004624963,0.986717999,0.996836007,122496181,370382727.8
09/07/2019,0.999477029,1.014744043,0.995196998,0.999553025,164588273,376246247.0
10/07/2019,1.001109958,1.014305949,0.992218018,0.997852027,190158658,376694321.4
11/07/2019,0.999334991,1.010072947,0.995616019,1.001078963,178747822,379833503.0
12/07/2019,1.001399994,1.004235983,0.99486798,0.99872297,135296874,379882966.4
13/07/2019,0.999131024,1.009781957,0.995311022,1.001901031,95762367,382598914.2
14/07/2019,0.998567998,1.011654019,0.995563984,0.998642027,106041670,383726603.6
15/07/2019,1.003612995,1.007357955,0.994530022,0.999674976,138049441,384909990.0
16/07/2019,0.999940991,1.011870027,0.99494499,1.004521012,184923693,384083284.5
17/07/2019,1.002289057,1.005519986,0.994467974,1.000761032,162980968,405893629.6
18/07/2019,1.003288984,1.006950021,0.985635996,1.002467036,170055529,424095209.3
19/07/2019,0.999852002,1.016471982,0.991115987,1.003288984,123323972,424196123.7
20/07/2019,1.001829982,1.012784958,0.994835019,0.99938798,97823106,405901897.8
21/07/2019,1.001430988,1.006294012,0.997713983,1.00256598,77161429,407374054.6
22/07/2019,1.001711011,1.014240026,0.993030012,1.001157045,84139079,405871468.3
23/07/2019,1.001103997,1.005344987,0.995938003,1.001405001,76690057,407104715.5
24/07/2019,1.003262997,1.011464953,0.997353017,1.001103997,81723548,405486480.6
25/07/2019,1.003124952,1.007938981,0.994108975,1.003571987,94853819,421722949.7
26/07/2019,1.002607942,1.008874059,0.996990025,1.002709985,65047970,421982759.5
27/07/2019,1.000622988,1.017974019,0.991734982,1.002607942,112409400,425799511.1
28/07/2019,1.002014995,1.011242032,0.987132013,1.000622988,61030066,424478862.8
29/07/2019,1.002725005,1.00810504,0.996312976,1.000851035,64034829,422978926.5
30/07/2019,1.002622962,1.00544703,0.993543983,1.002696991,72740003,436599066.0
31/07/2019,1.00169301,1.005311966,0.997600019,1.001685977,76363107,435921688.6
01/08/2019,1.002257943,1.006055951,0.995647013,1.001615047,90755236,436808772.7
02/08/2019,0.999779999,1.00871098,0.99891001,1.002508044,108695096,427770544.2
03/08/2019,1.001780987,1.005117059,0.997353971,0.999885023,139947812,422679110.1
04/08/2019,0.998090029,1.005113959,0.993340015,1.001927972,105761004,422900311.2
05/08/2019,1.002104998,1.006178975,0.991842985,0.998153985,343644659,423439074.9
06/08/2019,0.99960202,1.01867497,0.995984018,1.00295198,149803388,431685145.9
07/08/2019,1.001155972,1.018450975,0.996900976,0.999113023,133917479,434992619.3
08/08/2019,0.996484995,1.006976008,0.994047999,1.001155972,107836436,435951764.1
09/08/2019,0.999862015,1.005393982,0.996643007,0.996950984,86084349,434276073.4
10/08/2019,1.003113985,1.022711039,0.99663198,0.999862015,121464047,421304233.1
11/08/2019,0.997542977,1.008512974,0.997097015,1.003113985,88725828,430310318.6
12/08/2019,1.002359033,1.010880947,0.99802202,0.998813987,101717903,424025066.1
13/08/2019,1.000630021,1.007375956,0.998525023,1.00177896,106639934,422698832.4
14/08/2019,1.001968026,1.013373017,0.996124983,1.000355959,155009810,422593142.3
15/08/2019,1.000913978,1.007254958,0.989804029,1.001968026,139392936,421187605.0
16/08/2019,1.000861049,1.008332014,0.98685199,1.001361012,125713021,418374634.8
17/08/2019,1.000852942,1.006186962,0.994024992,1.000717044,87160072,420999198.9
18/08/2019,1.001783967,1.004606009,0.994149983,1.000301957,84496697,421802113.0
19/08/2019,1.001147985,1.00592196,0.99465698,1.001713037,110441849,420681539.7
20/08/2019,1.001564026,1.006369948,0.997713983,1.00126195,95290236,419932403.2
21/08/2019,0.999723017,1.017171025,0.994325995,1.001376033,140393308,416246042.8
22/08/2019,1.000237942,1.013540983,0.995880008,0.999723017,161974031,440034650.8
23/08/2019,1.001518965,1.011168003,0.990463018,1.000237942,166459701,440499963.3
24/08/2019,1.002681971,1.013623953,0.994897008,1.00177598,148820460,438592020.1
25/08/2019,0.999175012,1.01238203,0.995392025,1.002681971,155556320,437534965.6
26/08/2019,1.002136946,1.008121014,0.987236023,0.999065995,188397602,437969456.3
27/08/2019,1.001307011,1.008990049,0.997729003,1.002251983,134282531,429974260.3
28/08/2019,0.999821007,1.028489947,0.99645102,1.000887036,167046464,425324514.2
29/08/2019,1.003471017,1.007753015,0.997435987,1.000283003,148444116,426784381.4
30/08/2019,1.000484943,1.006464958,0.99792397,1.003471017,118556193,449714251.3
31/08/2019,1.003442049,1.010354996,0.999303997,1.000558019,88557733,453399056.4
01/09/2019,1.001209974,1.004914045,0.997470021,1.003455997,85163334,453695805.5
02/09/2019,0.997990012,1.002609968,0.99010998,1.001250982,188570485,452494494.5
03/09/2019,1.000586987,1.008437037,0.994705975,0.998342991,312426040,449009667.0
04/09/2019,1.001098037,1.005939007,0.995907009,1.000898004,214046131,449207870.3
05/09/2019,0.999252021,1.004951,0.995706975,1.001155972,161117389,430441484.2
06/09/2019,1.00247705,1.017088056,0.995256007,0.999252021,235777567,452678892.2
07/09/2019,1.002406001,1.004660964,0.995326996,1.003149033,216553605,446511030.9
08/09/2019,1.003195047,1.016893029,0.996856987,1.002181053,184302338,445772728.6
09/09/2019,1.00137496,1.009405971,0.990454972,1.003195047,320254412,442586602.0
10/09/2019,1.001310945,1.016855001,0.998622,1.001247048,287595684,439472293.7
11/09/2019,1.002053976,1.00819397,0.998583972,1.001310945,170908062,438282022.3
12/09/2019,0.999024987,1.005949974,0.997735023,1.002385974,208929233,435198800.7
13/09/2019,0.998835027,1.006489992,0.997497022,0.999028027,159607257,433572249.6
14/09/2019,0.999346018,1.004739046,0.998116016,0.999584019,146591060,426830025.1
15/09/2019,1.003386974,1.006139994,0.998561978,0.999346018,108479017,426445725.4
16/09/2019,0.999925971,1.010504007,0.995350003,1.003133059,303681510,426493844.1
17/09/2019,1.003121018,1.006765962,0.998124003,1.00001502,171423477,422679815.7
18/09/2019,1.004055023,1.007096052,1.000588059,1.004034996,166194614,413833926.8
19/09/2019,0.998835027,1.025153995,0.990056992,1.004127979,232010536,403507113.6
20/09/2019,1.001369953,1.005592942,0.998869002,1.000002027,192695287,401303135.3
21/09/2019,1.003059983,1.007297039,0.999548018,1.001067042,159348829,395314343.1
22/09/2019,1.002130985,1.008736968,0.998308003,1.003494024,122958976,394404952.8
23/09/2019,1.00306499,1.015310049,0.999804974,1.003201008,141559451,393355259.3
24/09/2019,1.004101992,1.055047035,0.991235971,1.003201008,289013278,390231911.6
25/09/2019,1.004902005,1.00978303,0.997772992,1.002434015,216810339,393088072.6
26/09/2019,1.005321026,1.024528027,0.997546971,1.004896998,198067687,417168838.0
27/09/2019,1.006368995,1.010161042,0.999577999,1.005290031,157011691,417682090.1
28/09/2019,1.002169967,1.011093974,0.995802999,1.006144047,118395271,427756527.7
29/09/2019,1.004490018,1.015794039,0.999217987,1.002462983,114528745,428807538.6
30/09/2019,1.001386046,1.013316989,0.996290028,1.004472017,176210397,428916763.7
01/10/2019,1.00327301,1.009325981,0.995453,1.000684023,139974502,430018640.0
02/10/2019,1.001127958,1.006474018,0.99862802,1.00327301,170359263,458187996.0
03/10/2019,1.002370954,1.010141015,0.997937024,1.000854015,217085171,458187996.0
04/10/2019,1.005406976,1.013044953,1.000175953,1.002292037,154530799,476767896.1
05/10/2019,0.998862982,1.008509994,0.996109009,1.005406976,131141182,476815969.5
06/10/2019,1.013546944,1.021896005,0.996903002,0.99891597,154064852,477060919.9
07/10/2019,1.005491972,1.017310977,0.996638,1.01226902,183256904,476313015.4
08/10/2019,1.005445004,1.009145021,0.998372018,1.004856944,182457962,470965851.3
09/10/2019,1.000867963,1.010167956,0.991701007,1.005445004,213518684,467288581.3
10/10/2019,1.000491977,1.003993034,0.995635986,1.000534058,219588027,463494913.7
11/10/2019,1.00701797,1.012977004,0.990912974,1.000301003,212197499,469017200.3
12/10/2019,1.002840996,1.00701797,0.999284029,1.00701797,155919006,469010773.7
13/10/2019,1.003168941,1.015354991,0.999925017,1.002941966,141554667,470533552.0
14/10/2019,1.002748966,1.00760603,0.994080007,1.003168941,190937613,471133124.7
15/10/2019,1.004289985,1.014310956,0.996475995,1.002948999,225464591,470233770.8
16/10/2019,1.004678965,1.010509014,0.999840021,1.004312992,273003369,473217880.4
17/10/2019,1.003134012,1.008237958,1.001003981,1.004382014,163371782,476097248.5
18/10/2019,1.001674056,1.015130043,1.000615001,1.003134012,167707575,475850275.7
19/10/2019,1.003929973,1.00842905,0.996502995,1.001489043,134004655,476413602.8
20/10/2019,1.000502944,1.007354021,0.990778983,1.003700018,142910830,476727548.4
21/10/2019,1.002588034,1.004760981,0.998844981,1.000530005,204345569,476655628.2
22/10/2019,1.002693057,1.006757975,1.000020027,1.002223969,157055490,478080072.9
23/10/2019,1.003170013,1.035086036,1.000450969,1.002603054,202607602,463171435.2
24/10/2019,1.007722974,1.007722974,1.001948953,1.002907991,169699224,465259485.6
25/10/2019,1.000640035,1.009264946,0.974552989,1.007722974,269128282,478945129.6
26/10/2019,0.998884976,1.008890033,0.967926025,1.000589967,325436453,483180225.0
27/10/2019,1.000813961,1.006855965,0.97309798,0.998996019,259625515,481720470.4
28/10/2019,1.001157999,1.006402016,0.974623024,1.000401974,279804543,474850471.7
29/10/2019,0.999634981,1.012312055,0.992214978,1.002181053,275012859,473552793.9
30/10/2019,1.002588034,1.007943988,0.998395979,1.000038028,278236712,471934371.1
31/10/2019,1.004974961,1.040577054,0.99634999,1.002401948,238812359,468122310.7
01/11/2019,1.00187397,1.009021044,0.998651981,1.005260944,244379930,464372972.3
02/11/2019,1.002745986,1.009899974,0.995356977,1.00187397,222754025,472418450.0
03/11/2019,1.003211975,1.012529016,0.997735023,1.003136992,208342328,470761254.2
04/11/2019,1.002729058,1.006937027,0.991434991,1.002907991,310602968,469719465.7
05/11/2019,1.003358006,1.008332014,0.995416999,1.002729058,294667615,447779285.2
06/11/2019,1.001407027,1.006654024,0.999217987,1.003994942,254889570,470003246.4
07/11/2019,1.006103992,1.009044051,0.999596,1.001479983,239841337,461157227.0
08/11/2019,1.002701998,1.014485002,0.999713004,1.005951047,274189415,461193129.3
09/11/2019,0.99990797,1.006713986,0.999435008,1.002871037,181125623,455273770.3
10/11/2019,1.002099991,1.009477973,0.987540007,1.000439048,208138709,454961073.3
11/11/2019,1.004065037,1.012130022,0.99929601,1.00217998,249046403,454295397.6
12/11/2019,1.002707005,1.011042953,0.997958004,1.004091024,231927404,453176167.5
13/11/2019,1.004377007,1.008558989,1.000532031,1.002514005,221641563,452407099.4
14/11/2019,1.006939054,1.014698982,1.000975013,1.004536033,206724419,450041636.1
15/11/2019,1.002589941,1.015107036,0.998942018,1.007578015,217386443,441647688.5
16/11/2019,1.007969022,1.010977983,1.002380967,1.002776027,196265977,441606102.3
17/11/2019,1.008219004,1.018982053,1.002995968,1.007969022,348968468,444931115.8
18/11/2019,1.01362896,1.023303986,1.007266045,1.008414984,318741886,444357527.7
19/11/2019,1.010225058,1.029225945,1.004130006,1.014206052,270511693,444616084.5
20/11/2019,1.007014036,1.020068049,1.004362941,1.010225058,243202937,442495947.6
21/11/2019,1.004042029,1.020598054,1.002570987,1.006575942,273585206,433592629.1
22/11/2019,1.001247048,1.01571703,0.992034018,1.004042029,360936425,445294157.8
23/11/2019,1.011744022,1.015544057,0.998938978,1.001101017,278078472,444448266.8
24/11/2019,1.008878946,1.016546011,1.002089977,1.011994004,205327943,446370841.4
25/11/2019,1.000393033,1.019106984,0.987094998,1.008133054,292879020,444771592.4
26/11/2019,1.007935047,1.019232988,0.996792972,1.000121951,253662665,458938236.3
27/11/2019,1.007488012,1.028931022,0.985044003,1.002429962,320421509,461348398.7
28/11/2019,1.006754994,1.031532049,1.004138947,1.007001042,297912088,466383703.2
29/11/2019,1.00304997,1.016423941,0.992704988,1.006490946,243248443,457716963.8
30/11/2019,0.997658014,1.013131022,0.991825998,1.002871037,225316662,457191553.7
01/12/2019,0.996450007,1.01117301,0.981535017,0.997869015,195974260,457052632.4
02/12/2019,0.998794019,1.013468981,0.987112999,0.996618986,236676758,457651531.0
03/12/2019,1.002146006,1.012390971,0.988955975,0.998794019,220114424,459213411.2
04/12/2019,1.004955053,1.013198018,0.989386022,1.002410054,266815750,466090974.3
05/12/2019,1.008944988,1.01434195,0.995629013,1.004106045,278757472,465581562.4
06/12/2019,1.003250957,1.011796951,0.998641014,1.009158969,303997788,465767167.6
07/12/2019,1.006559014,1.009701014,1.002035022,1.003875017,303307059,465972828.0
08/12/2019,1.005470037,1.01383698,1.00209403,1.006363034,343379311,464366717.7
09/12/2019,1.005753994,1.010998964,0.996309996,1.006104946,289633306,464124743.7
10/12/2019,1.006340981,1.010797024,1.000658035,1.005877018,337364122,486394053.4
11/12/2019,1.000769973,1.013947964,1.000769973,1.00680697,220178877,482079787.9
12/12/2019,1.006965995,1.013901949,0.995325983,1.000751019,254328990,478606595.8
13/12/2019,1.003056049,1.008259058,1.000978947,1.006780982,234842837,478625073.7
14/12/2019,1.006865978,1.010035038,1.001657963,1.003324986,219599263,476917418.5
15/12/2019,1.005689025,1.008901,0.99712503,1.006865978,245259537,477026325.2
16/12/2019,1.003617048,1.01947999,1.000727057,1.005709052,267804554,478098103.3
17/12/2019,0.99872601,1.021873951,0.994054019,1.003617048,343419650,469893385.5
18/12/2019,1.009050965,1.034401059,0.993736982,0.997871995,502511827,465519241.1
19/12/2019,1.009814978,1.023167968,0.996854007,1.009341002,328027662,475749306.2
20/12/2019,1.005709052,1.014274001,1.003919005,1.009814978,286324794,512185140.8
21/12/2019,1.007745981,1.009480953,1.004758,1.005663037,318647354,524923971.9
22/12/2019,1.002087951,1.008864999,0.998062015,1.007755995,304211343,525086871.6
23/12/2019,1.000583053,1.00967598,0.995127022,1.001587033,318337304,526397205.6
24/12/2019,1.010236025,1.025784016,0.999743998,1.001188993,228681222,524912556.1
25/12/2019,1.012935996,1.020825028,1.004904032,1.010236025,275322378,520897437.3
26/12/2019,1.005048037,1.01621604,0.996977985,1.012935996,220889371,520903668.6
27/12/2019,1.008643985,1.024281979,0.997282982,1.005337954,273234537,520901260.6
28/12/2019,1.002401948,1.012573004,1.00198102,1.008643985,264015986,522616859.9
29/12/2019,1.005282998,1.027343035,0.999790013,1.002526045,277058217,522142727.3
30/12/2019,1.009358048,1.014492035,1.004480958,1.006145954,391410188,521992558.3
31/12/2019,1.003730059,1.01425302,1.001067042,1.00919795,267041315,521144821.0
01/01/2020,1.004078984,1.006639004,1.001989007,1.003730059,242586528,522027683.4
02/01/2020,1.005017042,1.012635946,1.002542973,1.004431009,318268134,520207772.3
03/01/2020,1.005272985,1.007928014,0.988454998,1.005357027,374792167,519915525.7
04/01/2020,1.009466052,1.018391013,1.001273036,1.004817963,334494308,518840356.2
05/01/2020,1.008497,1.018718004,1.003931999,1.008748055,334597544,518952465.9
06/01/2020,1.003118992,1.015182018,0.999634981,1.009073019,383494516,517973272.0
07/01/2020,0.999499977,1.010913968,0.99781698,1.003651977,400308774,513964830.9
08/01/2020,1.004603028,1.013774037,0.99238801,0.999983013,410892668,490317289.1
09/01/2020,1.007030964,1.011631966,0.997039974,1.003612041,307584171,469784290.5
10/01/2020,1.000821948,1.01620996,0.994234025,1.008286953,350097573,461732414.6
11/01/2020,1.002529025,1.009413004,0.995334029,1.001227021,287180029,458520665.0
12/01/2020,1.004317999,1.01138401,0.997058988,1.002040982,330297498,448892630.0
13/01/2020,1.004318953,1.012061954,1.000579,1.004209042,343177235,449197501.3
14/01/2020,1.002370954,1.019536972,0.994485974,1.005347013,469120389,447171709.5
15/01/2020,1.001165032,1.026960015,0.99219197,1.001539946,493412531,432020884.2
16/01/2020,1.002668023,1.007364035,0.99899298,1.001070976,430662074,452134110.3
17/01/2020,1.004523039,1.006515026,0.998318017,1.002521992,479116540,448456801.4
18/01/2020,1.005319953,1.007763982,0.999839008,1.004148006,413666367,444757303.0
19/01/2020,0.997290015,1.025253057,0.993860006,1.005082011,423373607,444284972.4
20/01/2020,1.000802994,1.00503099,0.996484995,0.997346997,343768616,444638589.3
21/01/2020,1.002642035,1.003836036,0.997227013,1.000669003,311559856,444694131.2
22/01/2020,1.001615047,1.007619977,0.99871403,1.002019048,309750921,447471889.3
23/01/2020,1.000879049,1.004086971,0.995976985,1.001467943,320079261,458243977.5
24/01/2020,1.002792954,1.004734039,0.994215012,1.001023054,315274054,449166380.0
25/01/2020,1.002035022,1.004891992,0.998438001,1.003113985,265326087,449600265.6
26/01/2020,1.012184024,1.01462996,0.997739971,1.00209403,292385181,449476884.2
27/01/2020,1.019121051,1.023859978,1.007300973,1.012199044,393996733,449139167.0
28/01/2020,1.024196029,1.026937962,1.004933,1.01907599,502474594,445977554.7
29/01/2020,1.025096059,1.029754996,1.01264596,1.024369955,381758732,446882008.3
30/01/2020,1.044028997,1.051867962,1.022408962,1.024404049,316332808,447850721.3
31/01/2020,1.028373957,1.046054006,1.021648049,1.043627024,361818896,442466920.6
01/02/2020,1.027546048,1.036741018,1.022243023,1.028594971,313660538,440802894.1
02/02/2020,1.028210044,1.036828041,1.022006035,1.027541995,384098792,438558615.2
03/02/2020,1.026433945,1.033439994,1.023058057,1.028210044,387993602,438330505.3
04/02/2020,1.024435997,1.029240966,1.019669056,1.025537968,382499609,437557126.5
05/02/2020,1.031869054,1.035400987,1.022498965,1.024183989,468527693,435829631.7
06/02/2020,1.024657011,1.033241987,1.022982955,1.032013059,501097854,426708639.3
07/02/2020,1.016931057,1.024817944,1.014773011,1.024562955,676480629,426671373.9
08/02/2020,1.019541979,1.024013996,1.015195966,1.01729095,620221599,423899680.6
09/02/2020,1.024577975,1.042024016,1.015985012,1.019204021,659695137,421470434.6
10/02/2020,1.018856049,1.031175017,1.015231967,1.023527026,733552993,426484982.8
11/02/2020,1.014909029,1.022289991,1.004747987,1.018272042,845894777,422144695.6
12/02/2020,1.033136964,1.035393,1.012526035,1.014533997,555559141,420429610.0
13/02/2020,1.019116044,1.046797991,1.018275023,1.033481956,850741759,430565815.0
14/02/2020,1.016723037,1.022825003,1.014873028,1.018646002,928033207,429206851.0
15/02/2020,1.011255026,1.030789018,1.009240985,1.016723037,848189242,429538978.0
16/02/2020,1.009634018,1.022325993,1.007506967,1.011332989,926497189,429266918.3
17/02/2020,1.011898041,1.017807007,1.007169008,1.011006951,983888760,430850991.6
18/02/2020,1.021221042,1.035315037,1.007809043,1.011683941,739770635,430318294.5
19/02/2020,1.007413983,1.046077013,1.003762007,1.020804048,857550747,432640417.0
20/02/2020,1.009511948,1.015347958,1.004515052,1.007141948,977934310,434416693.0
21/02/2020,1.011224985,1.017457008,1.00464797,1.010434985,1007474893,425180738.7
22/02/2020,0.999921978,1.018849015,0.996110976,1.010730982,945408542,424407128.4
23/02/2020,0.997281015,1.003011942,0.991505027,1.000602961,1033736189,425934494.8
24/02/2020,0.999536991,1.007127047,0.995662987,0.998121023,1114860352,424523237.5
25/02/2020,1.000337958,1.00959897,0.995669007,0.999405026,1047807481,427141133.3
26/02/2020,1.002997994,1.011168957,0.997353971,1.000169992,1160696128,428152154.6
27/02/2020,1.000619054,1.006590962,0.993636012,1.002992034,1097362414,430280212.0
28/02/2020,0.992981017,1.007644057,0.991701007,1.000816941,1039692084,442683071.0
29/02/2020,1.004585981,1.005288005,0.992682993,0.993454993,938837732,444737275.4
01/03/2020,1.001160979,1.006539941,0.996994019,1.004780054,897676018,444538917.7
02/03/2020,0.994211018,1.004197955,0.993332982,1.001680017,938905914,445667651.9
03/03/2020,1.002810001,1.005460978,0.994381011,0.994526982,1012370159,457244830.2
04/03/2020,1.000452995,1.004683018,0.99415499,1.001813054,786351195,468968352.7
05/03/2020,1.004377007,1.005686045,0.995662987,1.000311017,765829131,468927308.4
06/03/2020,0.99743402,1.005571961,0.996876001,1.004358053,1401149802,462571692.8
07/03/2020,1.000411987,1.008651018,0.996589005,0.996692002,1239893192,462713791.7
08/03/2020,1.00740397,1.016219974,0.997012973,1.000411987,1430098332,464653647.0
09/03/2020,1.001111031,1.00880003,0.993795991,1.00671804,1320662037,460009438.4
10/03/2020,1.001518965,1.016713977,0.992133021,1.001685023,1545918026,460225304.1
11/03/2020,0.997317016,1.006032944,0.994539976,1.00196898,1295474005,457583949.4
12/03/2020,1.040552974,1.079099059,0.957809985,0.997784972,1605204520,467915567.6
13/03/2020,1.002521992,1.06042397,0.929221988,1.034064054,847303035,518795787.7
14/03/2020,1.000496984,1.007558942,0.984916985,1.004305959,574424825,563821752.0
15/03/2020,1.003144026,1.014001966,0.994499981,0.998444974,712798810,564599306.1
16/03/2020,0.998602986,1.043192983,0.972554028,1.002490044,700699447,604610635.0
17/03/2020,0.97023797,1.005566001,0.955294013,0.996376991,561066412,606271145.6
18/03/2020,0.970124006,1.003738999,0.966304004,0.967938006,649533429,626587117.3
19/03/2020,1.002104044,1.005800962,0.949526012,0.970124006,1067530248,628140652.8
20/03/2020,0.996585011,1.011422992,0.96046102,1.001054049,961675019,651712527.1
21/03/2020,1.000913978,1.014718056,0.98587501,0.994919002,1073258927,646624347.3
22/03/2020,0.995935977,1.011674047,0.979282975,0.999032974,687125480,668188336.8
23/03/2020,0.991020977,1.00691998,0.963307023,0.995935977,687375222,669658760.8
24/03/2020,0.995981991,1.013108015,0.983102024,0.993656993,743619081,670753143.7
25/03/2020,0.997521996,1.005877972,0.988550007,0.996095002,734599583,689313852.0
26/03/2020,0.994055986,1.005519986,0.990570009,0.997521996,829443692,688998447.5
27/03/2020,1.012163997,1.024405003,0.987559021,0.994388998,956026571,686111344.1
28/03/2020,0.996872008,1.017675996,0.993048012,1.012199044,821108456,685378083.2
29/03/2020,0.978038013,1.008867979,0.976253986,0.997569978,641642083,689133980.9
30/03/2020,1.005465984,1.005465984,0.97538799,0.977025986,947341484,693876956.2
31/03/2020,1.001333952,1.005198002,0.991137028,1.003728986,757273271,691237918.2
01/04/2020,0.99574703,1.009771943,0.966786981,1.001333952,874513925,693220680.9
02/04/2020,0.999602973,1.005028009,0.98753798,0.996030986,1119590861,695999746.9
03/04/2020,1.000666022,1.006199002,0.99575001,1.000548005,802031808,693825978.0
04/04/2020,1.001580954,1.01492095,0.994602978,1.00041604,733529363,702995459.0
05/04/2020,1.001513958,1.006140947,0.997515976,1.001860023,718937342,702183762.2
06/04/2020,0.996729016,1.009614944,0.990309,1.002647042,870767266,700351786.0
07/04/2020,0.996327996,1.007282972,0.99021101,0.995700002,895902327,686220118.6
08/04/2020,0.995845973,1.002895951,0.98605001,0.996104002,775527778,697129227.9
09/04/2020,1.001512051,1.002784014,0.99396801,0.995505989,767509663,713025412.0
10/04/2020,0.998970985,1.006052971,0.990265012,1.001255035,847956955,711749677.2
11/04/2020,0.995006979,1.000779986,0.980156004,0.998970985,665074561,710557996.6
12/04/2020,1.004065037,1.004119992,0.988354027,0.994383991,805969792,710605126.4
13/04/2020,0.99842298,1.011036038,0.991047978,1.003515005,721095996,717420223.5
14/04/2020,0.995926976,1.002756,0.989885986,0.998584986,723478384,725680674.1
15/04/2020,0.999661028,1.005772948,0.967281997,0.994888008,834202006,735203086.3
16/04/2020,1.001096964,1.006590962,0.980825007,0.999647021,1055234948,735988497.3
17/04/2020,1.00564301,1.007199049,0.994035006,1.000751019,789114157,731850212.5
18/04/2020,0.999885023,1.007711053,0.993816972,1.006103039,850643276,725926636.3
19/04/2020,1.006057978,1.010887027,0.994826019,0.999325991,894054504,728802965.2
20/04/2020,1.00218904,1.009721041,0.997187972,1.005674958,645616338,726847322.4
21/04/2020,1.002432942,1.007624984,0.996867001,1.003429055,512937610,735999651.2
22/04/2020,1.000529051,1.007737994,0.996028006,1.002030969,416817326,725055953.9
23/04/2020,0.993807971,1.005367041,0.982146978,1.000327945,469598546,726234993.1
24/04/2020,1.006198049,1.007658005,0.988780022,0.992689013,435965644,731974511.5
25/04/2020,1.003965974,1.008939028,0.994852006,1.00623095,379571252,753828819.5
26/04/2020,0.998956025,1.009477973,0.993391991,1.004201055,419876552,756062774.4
27/04/2020,1.002315044,1.006593943,0.995307982,1.000118971,425919491,755111871.4
28/04/2020,1.004223943,1.006607056,0.998134971,1.002539039,358936206,752281854.0
29/04/2020,1.005151033,1.01006496,0.990876973,1.003924012,617721870,731366477.6
30/04/2020,1.001821041,1.009058952,0.992139995,1.004829049,588729708,726001387.7
01/05/2020,1.004920006,1.008736014,0.998706996,1.001821041,483918719,726339842.3
02/05/2020,1.002508998,1.008370042,0.996078014,1.00583899,527930176,712603897.4
03/05/2020,0.99929601,1.009130001,0.99654001,1.003095031,538532397,711461082.0
04/05/2020,1.002652049,1.008437037,0.998381972,0.99969703,546869282,710346518.6
05/05/2020,0.999118984,1.004711032,0.993839979,1.002153039,568954079,710793061.9
06/05/2020,1.008072972,1.011183977,0.994740009,0.997192025,570788155,714139098.1
07/05/2020,1.000923991,1.012760043,0.989498019,1.008072972,569477470,711778609.5
08/05/2020,1.003993034,1.00871098,0.994624019,1.000923991,573933002,722023647.3
09/05/2020,1.002112985,1.006157994,0.996621013,1.004168987,527392293,721261346.0
10/05/2020,1.00169301,1.010347962,0.988601983,1.002004027,628815173,722268679.7
11/05/2020,0.99732101,1.005257964,0.962439001,1.001525998,560486656,746986294.5
12/05/2020,1.001191974,1.005517006,0.996716022,0.996746004,418915209,745026108.1
13/05/2020,1.001011014,1.003615975,0.992232025,1.001149058,442974311,748338008.3
14/05/2020,0.996882975,1.008702993,0.987995028,0.998530984,589452910,769698234.2
15/05/2020,1.002948046,1.017557025,0.993883014,0.996756971,733477055,726205937.7
16/05/2020,0.999336004,1.004088998,0.997300982,1.002665997,590472282,727130462.7
17/05/2020,1.001593947,1.004608989,0.992698014,0.999701977,623833304,724661419.0
18/05/2020,1.001309991,1.008149028,0.994009972,1.001436949,556502433,726279460.8
19/05/2020,0.995395005,1.007563949,0.994298995,1.001289964,645252420,724994740.7
20/05/2020,0.999987006,1.00938201,0.993936002,0.994619012,654997591,726086023.6
21/05/2020,1.001997948,1.011930943,0.995217979,1.000159025,639942387,733473515.9
22/05/2020,1.003144026,1.005913019,0.99752897,1.002603054,479674913,730845882.9
23/05/2020,1.004600048,1.005278945,0.996527016,1.002704024,418061541,730001403.3
24/05/2020,1.002401948,1.014297962,0.996151984,1.004670024,420645623,730880485.3
25/05/2020,1.002305031,1.004873991,0.99615401,1.001490951,427366175,728156160.0
26/05/2020,0.999370992,1.007310033,0.994466007,1.002066016,386722721,738174061.4
27/05/2020,1.002329946,1.00525105,0.993992984,0.999370992,447623269,738446276.8
28/05/2020,0.998959005,1.004623055,0.993065,1.002169967,477608688,740107622.7
29/05/2020,1.002418995,1.00680697,0.99744302,0.997982979,445311776,744293975.2
30/05/2020,1.00327599,1.005571961,0.996197999,1.002611995,478039732,746020197.9
31/05/2020,1.002468944,1.008365035,0.999511003,1.00327599,437098476,747124387.2
01/06/2020,1.002444029,1.005112052,0.982528985,1.00217998,511987831,732150216.5
02/06/2020,0.998905003,1.00870502,0.984131992,1.002725005,517602290,729757861.5
03/06/2020,0.999940991,1.004008055,0.998053014,0.998807013,370385643,741158313.3
04/06/2020,1.00137198,1.004482985,0.995087028,1.000092983,292616628,737553655.5
05/06/2020,1.002861023,1.009603024,0.998373985,1.001556039,267403161,739424342.5
06/06/2020,0.998269975,1.006046057,0.995014012,1.003396034,249661876,738419597.8
07/06/2020,1.001670957,1.005576968,0.995682001,0.998251975,278942203,740762680.8
08/06/2020,0.998395026,1.004377007,0.995284975,1.00178194,258124392,739704499.2
09/06/2020,1.002923012,1.008646965,0.99773401,0.998345017,275906690,745158033.3
10/06/2020,0.999464989,1.004426956,0.988233984,1.002925038,286430600,744872916.5
11/06/2020,1.002308011,1.008878946,0.996909022,0.999464989,361418859,733633526.9
12/06/2020,1.00149405,1.00375998,1.000048041,1.002375007,269662003,734705830.4
13/06/2020,1.001023054,1.004071951,1.000766039,1.002498031,244922456,733293831.3
14/06/2020,1.004572988,1.007796049,0.996924996,0.999934971,261665467,742538868.1
15/06/2020,1.000926018,1.012613058,0.999963999,1.004572988,329241566,742292747.0
16/06/2020,1.000151038,1.003571987,0.99881202,1.001021028,305768693,752372162.4
17/06/2020,1.001180053,1.005063057,0.999432981,1.000141025,296663411,771764657.4
18/06/2020,1.002308011,1.005221963,0.998749971,1.00146997,265869062,802944492.5
19/06/2020,0.998489976,1.006134987,0.997515023,1.00296998,286431524,830636248.3
20/06/2020,0.999228001,1.006384015,0.991557002,0.998489976,264040919,882367706.9
21/06/2020,1.002208948,1.00524199,0.995791018,0.998519003,264643094,912533593.5
22/06/2020,0.996190012,1.00297904,0.989728987,1.002145052,312776437,933298871.5
23/06/2020,1.001976013,1.002406955,0.990912974,0.996650994,275629670,951762279.3
24/06/2020,1.001754999,1.006404996,0.99949199,1.001957059,317475211,945441840.6
25/06/2020,1.000061989,1.006086946,0.994032979,1.001942992,280081178,940124658.3
26/06/2020,0.999839008,1.007320046,0.998318017,1.000816941,270824709,941549148.7
27/06/2020,1.003823996,1.010779023,0.999041975,1.000089049,262437538,953580578.7
28/06/2020,1.002910972,1.007980943,0.99840802,1.003823996,227229690,984604097.0
29/06/2020,0.999404013,1.011368036,0.997609973,1.000924945,240627594,984899580.5
30/06/2020,0.99970299,1.007442951,0.99732399,0.998911977,230378726,981974100.3
01/07/2020,1.000324965,1.007956028,0.997602999,0.999957979,277293073,986360473.6
02/07/2020,1.005746007,1.009212017,0.997871995,0.999832988,268646941,1001687048.0
03/07/2020,1.000237942,1.009515047,0.997690976,1.005925059,250629643,998027102.5
04/07/2020,0.999575973,1.009560943,0.994638026,1.00010097,230791965,1039334176.0
05/07/2020,0.99781698,1.00613296,0.995486975,0.999201,229374669,1038416512.0
06/07/2020,0.99920702,1.004529953,0.993354023,0.99781698,262308134,1039017303.0
07/07/2020,1.000144958,1.00434804,0.992793977,0.998441994,251459273,1046503700.0
08/07/2020,0.999224007,1.003713012,0.998257995,1.000213981,338710426,1045241768.0
09/07/2020,1.00367403,1.006821036,0.998308003,0.999224007,262565337,1069778242.0
10/07/2020,0.999930024,1.006021023,0.997005999,1.003492951,268662387,1080064567.0
11/07/2020,1.000821948,1.003831029,0.997440994,1.00020504,228429648,1100018699.0
12/07/2020,0.998242974,1.003198981,0.99752003,1.000794053,247223175,1108808904.0
13/07/2020,1.002431035,1.003159046,0.995127976,0.998242974,284329507,1108342350.0
14/07/2020,0.998808026,1.003836989,0.997687995,1.002431035,272931352,1107133398.0
15/07/2020,0.999521017,1.005205035,0.997554004,0.998682022,257140387,1100954442.0
16/07/2020,0.999943018,1.005591035,0.998547971,0.999360025,278630288,1107994136.0
17/07/2020,0.999219,1.005416989,0.997750998,0.999669015,248319472,1105670920.0
18/07/2020,0.997559011,1.006845951,0.997042,0.999219,237728742,1105525121.0
19/07/2020,0.997107983,1.006379008,0.994140029,0.997521996,239654085,1123580301.0
20/07/2020,0.99883002,1.004791975,0.997286022,0.998000026,241979767,1124222592.0
21/07/2020,0.997547984,1.004413009,0.996163011,0.998961985,268162461,1109330263.0
22/07/2020,1.000699997,1.005220056,0.996272981,0.997712016,275630027,1117656662.0
23/07/2020,0.997654974,1.003813982,0.996281028,1.000349998,295608573,1117412376.0
24/07/2020,0.998066008,1.002033949,0.996235013,0.99780798,273580676,1111666685.0
25/07/2020,0.997804999,1.001714945,0.996396005,0.998228014,280171826,1109062844.0
26/07/2020,0.997416973,1.003298998,0.991874993,0.997878015,352834293,1106484358.0
27/07/2020,0.998512983,1.005373955,0.993420005,0.99742502,470335314,1166058592.0
28/07/2020,0.998609006,1.004520059,0.996190012,0.996918023,377869121,1168067160.0
29/07/2020,1.000049949,1.007693052,0.997218013,0.998651028,344833565,1167917744.0
30/07/2020,0.999816,1.003759027,0.998021007,1.000301957,332715300,1165546374.0
31/07/2020,1.006482959,1.013069034,0.997397006,0.999368012,352387844,1145335232.0
01/08/2020,0.996375978,1.011432052,0.993233025,1.006482959,428788849,1079713382.0
02/08/2020,0.997363985,1.020434976,0.992635012,0.996523976,481496070,1087114066.0
03/08/2020,1.000051022,1.002804995,0.992855012,0.997512996,370719446,1097449797.0
04/08/2020,1.000049949,1.00247395,0.998004973,1.00000596,344445344,1084969023.0
05/08/2020,1.000128031,1.002449036,0.997233987,1.000030041,351757028,1082620641.0
06/08/2020,1.000236988,1.001556993,0.998983979,0.99991101,338670829,1080663525.0
07/08/2020,1.000269055,1.003955007,0.998584986,1.000172019,362226389,1093371177.0
08/08/2020,0.999427974,1.001773953,0.998416007,1.000434995,334134858,1108253404.0
09/08/2020,1.001760006,1.004457951,0.997802019,0.999288976,326988690,1147426900.0
10/08/2020,1.002071977,1.014610052,0.997990012,1.001762033,405468663,1146087516.0
11/08/2020,1.001999021,1.00643003,0.999962986,1.00166595,421389774,1123043261.0
12/08/2020,1.004197955,1.007681966,0.997484982,1.001955986,402384827,1133850754.0
13/08/2020,1.005012035,1.008226991,0.996914983,1.004400015,453460226,1161006417.0
14/08/2020,0.999605,1.010326028,0.996070027,1.005192041,404192611,1177494755.0
15/08/2020,0.998965025,1.002845049,0.996137023,0.999650002,363887509,1205711262.0
16/08/2020,0.999266028,1.002601981,0.994583011,0.998965025,378056620,1201078658.0
17/08/2020,0.99802202,1.002629995,0.994422019,0.999266028,436462695,1202780393.0
18/08/2020,1.001340032,1.005494952,0.995666981,0.998166025,415507652,1218933979.0
19/08/2020,1.001580954,1.006559014,0.99932301,1.000813007,407521488,1246578444.0
20/08/2020,0.999719977,1.001852036,0.997663975,1.001677036,351261530,1276066354.0
21/08/2020,1.002434015,1.004328966,0.997618973,0.999706984,402846713,1308639524.0
22/08/2020,0.999939024,1.004987001,0.998793006,1.002302051,336278907,1318000931.0
23/08/2020,0.999468029,1.001737952,0.998638988,1.000162005,299959710,1337354145.0
24/08/2020,1.000630021,1.001785994,0.997564018,0.999399006,315086650,1355621233.0
25/08/2020,1.001706958,1.006695986,0.999952018,1.000357032,336440006,1362784250.0
26/08/2020,1.001392007,1.002210021,0.999248028,1.001791,307466693,1382944810.0
27/08/2020,1.00128901,1.002843976,0.999355972,1.001055956,319885737,1400055981.0
28/08/2020,1.001706958,1.002738953,0.99989301,1.001603007,330211751,1425062753.0
29/08/2020,1.002604008,1.003770947,1.000108957,1.00148201,321728690,1426971000.0
30/08/2020,1.001255035,1.005952954,0.997738004,1.002598047,384070993,1461801399.0
31/08/2020,1.003908992,1.005586028,0.998134971,1.000782967,388657503,1474977048.0
01/09/2020,1.001186013,1.00760901,0.997955978,1.003648996,478155175,1478076252.0
02/09/2020,1.000190973,1.006260991,0.997071028,1.000507951,545699500,1526243029.0
03/09/2020,1.003031015,1.007958055,0.998242021,1.000834942,569632814,1521629076.0
04/09/2020,1.003458977,1.010545015,0.997156024,1.004201055,549725309,1585737957.0
05/09/2020,1.004732966,1.01482904,1.001078963,1.003757,591701985,1654937551.0
06/09/2020,1.001080036,1.00830102,0.997469008,1.004732966,447289979,1697373902.0
07/09/2020,1.001541018,1.005792975,0.999267995,1.001726031,465106040,1738405992.0
08/09/2020,1.003494024,1.006443024,0.995791972,1.001629949,437692971,1770732237.0
09/09/2020,1.001889944,1.004899025,0.999580979,1.003620982,453341080,1807864449.0
10/09/2020,1.002740979,1.011409044,0.99813199,1.002048969,430412791,1837881410.0
11/09/2020,1.001510978,1.010347962,0.996073008,1.002740979,412149370,1851977261.0
12/09/2020,1.001716971,1.010418057,1.000126958,1.001417994,366444889,1917867507.0
13/09/2020,1.001317024,1.007220984,0.999415994,1.00197196,406389837,1960519722.0
14/09/2020,1.001939058,1.011639953,0.996995986,1.001263022,477277457,1998726033.0
15/09/2020,1,1.003826976,0.999017,1.001984954,406597604,2019992601.0
16/09/2020,0.997973025,1.002097011,0.996670008,1.000535965,425437479,2078905551.0
17/09/2020,1.000429034,1.002562046,0.996097982,0.997976005,457241421,2077721052.0
18/09/2020,0.999641001,1.041002035,0.988463998,1.000355959,442248343,2108597204.0
19/09/2020,1.001399994,1.003805995,0.997430027,0.998769999,372786315,2181447456.0
20/09/2020,1.00118196,1.003537059,0.999423981,1.001564026,380417648,2286773731.0
21/09/2020,1.001842976,1.006842017,0.999688983,1.001176953,452203611,2348242846.0
22/09/2020,1.000259995,1.002475977,0.999342024,1.001930952,343552519,2394979223.0
23/09/2020,1.000995994,1.002048016,1.000244021,1.000491977,570244649,2401695866.0
24/09/2020,1.000223994,1.00166297,1.000223994,1.000946999,485569424,2447227065.0
25/09/2020,1.000360012,1.000591993,1.000146031,1.000265002,454308022,2508029494.0
26/09/2020,1.000563025,1.00069797,1.000229955,1.000432014,403554372,2510442216.0
27/09/2020,1.000473976,1.000710964,1.000349045,1.000563025,372960063,2551472974.0
28/09/2020,1.000125051,1.000782967,0.999987006,1.000473976,394663533,2602973323.0
29/09/2020,1.000550985,1.000869036,1.000077009,1.000313997,270605261,2529880668.0
30/09/2020,1.000563979,1.00078702,1.000244975,1.000552058,292596570,2537998074.0
01/10/2020,1.000815988,1.001075983,1.000236988,1.000566006,487472949,2533716802.0
02/10/2020,1.000496984,1.001266956,1.000419021,1.000815988,465525692,2538189510.0
03/10/2020,1.000972986,1.001117945,1.000385046,1.000563025,238468460,2596747527.0
04/10/2020,1.000368953,1.002573967,1.000319958,1.000974059,241403386,2635139058.0
05/10/2020,1.00047195,1.001435995,1.000172973,1.000367999,360918052,2647091930.0
06/10/2020,1.000882983,1.001139998,1.000285029,1.000448942,425031250,2669784990.0
07/10/2020,1.000167966,1.001394987,0.996671021,1.000880957,374254318,2677147190.0
08/10/2020,1.000430942,1.001176953,0.999813974,1.000164986,299815037,2713582993.0
09/10/2020,1.000727057,1.001507044,1.000309944,1.000429034,327727313,2813795125.0
10/10/2020,1.00029099,1.000797987,1.000182033,1.000406981,427180195,2816482258.0
11/10/2020,1.000751019,1.000838995,1.000221968,1.00029099,403861256,2860465292.0
12/10/2020,1.000391006,1.001139998,1.000184059,1.000705957,416476986,2862636124.0
13/10/2020,1.000429988,1.00078702,1.000059009,1.00039196,387594913,2848010177.0
14/10/2020,1.000802994,1.001023054,1.000229001,1.000429988,409435371,2780366832.0
15/10/2020,1.000452042,1.001194,1.000097036,1.000864029,391984913,2758342399.0
16/10/2020,1.000643015,1.001641035,1.000269055,1.000424027,395543365,2744150812.0
17/10/2020,1.000444055,1.000970006,1.000236988,1.000447035,333120960,2708757172.0
18/10/2020,1.000430942,1.000808001,1.000169992,1.000408053,307862058,2712475152.0
19/10/2020,1.000638008,1.000931978,1.000270963,1.000321984,413360977,2735872028.0
20/10/2020,1.000439048,1.00069201,1.000224948,1.000414014,465386778,2743403339.0
21/10/2020,0.999956012,1.000867963,0.998924017,1.000430942,604292164,2737764421.0
22/10/2020,0.999993026,1.00028801,0.999701023,0.999976993,576937506,2793509639.0
23/10/2020,1.000313044,1.000717998,0.99980098,1.000018001,437724211,2788502061.0
24/10/2020,0.999927998,1.001037955,0.999866009,1.000313044,398566286,2761599310.0
25/10/2020,1.000195026,1.000430942,0.999795973,0.999927998,402083347,2791642605.0
26/10/2020,1.000175953,1.000507951,0.997837007,1.000195026,3320438919,2812099248.0
27/10/2020,0.999994993,1.000542045,0.999606013,1.000175953,458104673,2780171009.0
28/10/2020,1.000082016,1.000560045,0.999929011,0.999994993,528512165,2815626165.0
29/10/2020,1.000146031,1.000430942,0.99970597,1.000082016,470459196,2845042314.0
30/10/2020,1.000265002,1.000658989,1.000087023,1.000146031,431217496,2889448405.0
31/10/2020,1.000277996,1.000329018,0.999830008,1.000265002,373758762,2886046069.0
01/11/2020,1.000303984,1.00047195,0.99970901,1.000277996,351799541,2937044139.0
02/11/2020,1.000267982,1.000834942,0.999644995,1.000303984,441571379,2935020081.0
03/11/2020,0.999971986,1.000550032,0.999971986,1.000267982,442283090,2941412397.0
04/11/2020,1.000347972,1.000453949,0.99989301,0.999971986,472844826,2925280467.0
05/11/2020,0.999988019,1.000941992,0.999834001,1.000347972,539340014,2895425437.0
06/11/2020,1.000141025,1.000414014,0.999484003,0.999988019,591081548,2874608522.0
07/11/2020,1.00010097,1.00078702,0.989995003,1.000141025,557991189,2861131230.0
08/11/2020,0.999957025,1.000995994,0.999607027,1.00010097,476614619,2894648970.0
09/11/2020,0.999931991,1.000476956,0.998885989,0.999957025,622091070,2885939648.0
10/11/2020,1.000324965,1.000506997,0.999473989,0.999931991,343661075,2852111119.0
11/11/2020,1.000149965,1.000463009,0.999743998,1.000324965,485540181,2837068623.0
12/11/2020,0.99920702,1.000403047,0.999078989,1.000149965,537060492,2837664545.0
13/11/2020,1.00001204,1.000313997,0.999063015,0.99920702,540727846,2814909577.0
14/11/2020,1.000223994,1.000349998,0.999467015,1.00001204,449535541,2814609667.0
15/11/2020,1.000167966,1.000285029,0.999801993,1.000223994,283637646,2831723902.0
16/11/2020,1.000162005,1.000381947,0.999431014,1.000167966,512767433,2828793298.0
17/11/2020,1.000076056,1.000270009,0.998260975,0.999948978,580963624,2833905447.0
18/11/2020,1.000120997,1.000851035,0.999850988,1.000076056,656269397,2785897568.0
19/11/2020,1.000187993,1.000476003,0.999907017,1.000120997,494516423,2803800472.0
20/11/2020,1.000038981,1.000702977,0.999723971,1.000187993,566516098,2800505796.0
21/11/2020,0.999992013,1.000236988,0.999410987,1.000038981,617179131,2814073314.0
22/11/2020,0.999978006,1.00030005,0.998277009,0.999992013,612750450,2847988468.0
23/11/2020,0.999819994,1.000324965,0.99851203,0.999978006,684467515,2877288664.0
24/11/2020,0.999830008,1.000375032,0.996788025,0.999836981,767726663,2869297042.0
25/11/2020,1.000053048,1.000291944,0.99563998,0.999830008,684764089,2857242352.0
26/11/2020,1.000234962,1.00130403,0.999617994,1.000053048,1029792049,2885506624.0
27/11/2020,1.000769019,1.001080036,0.999813974,1.000234962,579819717,2900492932.0
28/11/2020,1.000043035,1.000859976,0.999903023,1.000769019,505337859,2914579537.0
29/11/2020,1.000072956,1.000272989,0.999522984,1.000043035,469745856,2970456072.0
30/11/2020,1.000192046,1.000480056,0.999662995,1.000072956,707506103,2969654630.0
01/12/2020,1.000226974,1.000818014,0.999899983,1.000192046,791656264,2974088273.0
02/12/2020,1.000051975,1.000812054,0.99900198,1.000226974,659579565,2986024737.0
03/12/2020,0.999988019,1.000622988,0.999597013,1.000051975,613512931,2973689219.0
04/12/2020,1.000054002,1.000437021,0.999565005,0.999988019,616718869,2976771003.0
05/12/2020,1.000023961,1.000334978,0.999652982,1.000054002,528929182,3024346244.0
06/12/2020,1.000270009,1.000427008,0.999934971,1.000025034,500125499,3054098687.0
07/12/2020,1.000007987,1.000517011,0.999969006,1.000270009,503390382,3082126093.0
08/12/2020,1.000102043,1.000864983,0.999720991,1.000007987,624652067,3072555831.0
09/12/2020,1.000789046,1.008942962,0.99990201,1.000102043,661526815,3090738841.0
10/12/2020,1.000046015,1.000908017,0.999920011,1.000751972,386067664,3088976237.0
11/12/2020,0.999993026,1.001366019,0.997871995,1.000046015,575419053,3094211683.0
12/12/2020,1.000000954,1.000612974,0.994333982,0.999993026,372750751,3148910616.0
13/12/2020,0.999888003,1.000517964,0.99958998,1.000000954,544392773,3221104235.0
14/12/2020,0.999971986,1.000444055,0.999800026,0.999888003,511228529,3271544009.0
15/12/2020,1.000231981,1.000450015,0.999866009,1.000072956,558700049,3281248613.0
16/12/2020,0.999866009,1.000681043,0.999368012,1.000174999,777969586,3287513029.0
17/12/2020,0.999828994,1.000170946,0.998449028,0.999801993,1292144145,3315561177.0
18/12/2020,0.999897003,1.00027597,0.999646008,0.999763012,794460442,3294373041.0
19/12/2020,0.999960005,1.000285983,0.999639988,0.999897003,749344674,3298168361.0
20/12/2020,0.99989301,1.000130057,0.999719024,0.999960005,730501642,3383803900.0
21/12/2020,0.999866009,1.000327945,0.998983979,0.99989301,835998783,3367310808.0
22/12/2020,0.999970973,1.001750946,0.999593973,0.999866009,1004407433,3354936550.0
23/12/2020,0.999939024,1.000872016,0.999678016,0.999970973,994946010,3382198128.0
24/12/2020,1.000074029,1.000305057,0.999477983,0.99990797,822668329,3456806893.0
25/12/2020,1.00019002,1.000404954,0.999689996,1.000148058,768443745,3560032068.0
26/12/2020,0.999732971,1.000476003,0.999348998,1.00019002,837782777,3556134257.0
27/12/2020,1.000079036,1.000221014,0.99217701,0.999803007,1168083151,3567381017.0
28/12/2020,1.00010097,1.000355005,0.99950403,1.000079036,1037472251,3622545892.0
29/12/2020,0.999978006,1.00109303,0.99861598,1.00010097,1102774805,3681723725.0
30/12/2020,1.000010967,1.000455022,0.999444008,1.000046968,1158073232,3731970718.0
31/12/2020,0.999807,1.000406981,0.99950701,1.000010967,1099562416,3705248342.0
01/01/2021,0.999822974,1.000290036,0.999541998,0.999807,944050095,3925840105.0
02/01/2021,1.000162005,1.000324011,0.997097015,0.99989599,1679209330,4123724902.0
03/01/2021,0.999736011,1.000609994,0.99840498,1.000167012,1828596899,4128120369.0
04/01/2021,0.999372005,1.000491977,0.998750985,0.999624014,2201035267,4227905606.0
05/01/2021,0.999749005,1.000269055,0.998706996,0.999424994,1662321027,4254328707.0
06/01/2021,0.999680996,1.000082016,0.997870982,0.999749005,1791474728,4372477495.0
07/01/2021,0.99791199,1.000319004,0.997654021,0.999680996,2265386969,4383223920.0
08/01/2021,0.999683976,1.002244949,0.997907996,0.997910023,2236539817,4487166195.0
09/01/2021,0.999777019,1.000782013,0.999324024,0.999683976,1553771951,4569415837.0
10/01/2021,1.000090003,1.001348972,0.999441981,0.999836981,1917152178,4756435704.0
11/01/2021,0.999951005,1.00325501,0.999834001,1.000090003,3166658513,4823053785.0
12/01/2021,1.000597954,1.001036048,0.999459982,0.999962986,1934826250,4827132057.0
13/01/2021,0.999810994,1.001983047,0.99950999,1.000597954,1739625823,4783652038.0
14/01/2021,1.000115037,1.000645041,0.999375999,0.99980998,1810728488,4762603311.0
15/01/2021,1.000084996,1.000784039,0.999642015,1.000116944,1630000401,4828960535.0
16/01/2021,1.000133991,1.000954986,0.999688029,1.00008595,1671304227,4876847233.0
17/01/2021,1.000455022,1.000498056,0.999849021,1.000133991,1463914697,5042504750.0
18/01/2021,1.000566006,1.000805974,1.000020027,1.000468016,1412016575,5073254051.0
19/01/2021,1.000041008,1.001809955,0.999967992,1.000566006,2019188111,5130649762.0
20/01/2021,0.999976993,1.000329018,0.999508023,0.999992013,1814079623,5144419416.0
21/01/2021,1.000419021,1.000781059,0.999710023,0.999976993,1853154939,5295657476.0
22/01/2021,1.000275016,1.001229048,0.999773979,1.000419021,2196461508,5371877613.0
23/01/2021,1.00000596,1.000354052,0.999894023,1.000277042,1287925958,5517506426.0
24/01/2021,1.000162005,1.001350999,0.999755979,1.00000596,1335242694,5594771753.0
25/01/2021,1.000043988,1.000530958,0.999915004,1.000200033,1637162641,5604626118.0
26/01/2021,1.000069976,1.000715017,0.999915004,1.000043988,1584592377,5538707948.0
27/01/2021,1.000018001,1.001881957,0.999354005,1.000069976,1674268317,5423438352.0
28/01/2021,0.999577999,1.000260949,0.999257028,1.000004053,1532598984,5500492873.0
29/01/2021,0.999970973,1.000838041,0.998471022,0.998906016,2410429032,5648928084.0
30/01/2021,1.000025988,1.000359058,0.999722004,0.999933004,1443344471,5838749940.0
31/01/2021,0.999961019,1.000231981,0.999581993,0.999960005,1245897595,5835791902.0
01/02/2021,0.999945998,1.000185966,0.999180973,1.000071049,1456048772,5890426385.0
02/02/2021,1.000421047,1.000733972,0.999406993,0.999885976,1750372396,5881863611.0
03/02/2021,0.999750972,1.000946999,0.999548972,1.000421047,1827257483,5950883380.0
04/02/2021,0.999741018,1.000089049,0.99930203,0.999792993,1864772386,6087940608.0
05/02/2021,0.999944985,1.000599027,0.99831897,0.99979502,1722650454,6178741215.0
06/02/2021,0.99999702,1.000378966,0.999525011,0.999944985,1802646232,6322831601.0
07/02/2021,0.999885976,1.000144005,0.999624014,0.999984026,1416867095,6433917491.0
08/02/2021,0.999796987,1.000422001,0.998247981,0.999835014,1791932105,6476719262.0
09/02/2021,1.000040054,1.002207994,0.999275029,0.999796987,1689656162,6517634647.0
10/02/2021,1.000017047,1.002349019,0.999523997,1.000040054,2156624147,6627096518.0
11/02/2021,0.999844015,1.000941992,0.999445975,1.000054002,2045704986,6763193829.0
12/02/2021,0.999823987,1.000383019,0.999413013,0.999858022,2186409043,6913660759.0
13/02/2021,0.999861002,1.000144958,0.999593973,0.999823987,2279143401,7027287391.0
14/02/2021,1.000025034,1.000563979,0.999675989,0.999859989,1913316177,7190053397.0
15/02/2021,1.000038981,1.001186013,0.999682009,1.000025988,2214311704,7433772486.0
16/02/2021,1.000113964,1.000269055,0.999818027,1.000038981,2062438717,7427673930.0
17/02/2021,0.999840975,1.001044035,0.999688983,1.000056982,2132590491,7456620806.0
18/02/2021,1.000046015,1.000298977,0.999799013,0.999800026,2094266690,7262343575.0
19/02/2021,1.000051022,1.000633001,0.999769986,1.00010705,2321201287,7346658147.0
20/02/2021,0.999852002,1.000149965,0.999559999,1.000051022,2471881936,7555406944.0
21/02/2021,0.999944985,1.000255942,0.999728024,0.999854028,1945631587,7733340120.0
22/02/2021,1.000074029,1.001917005,0.998184025,0.999936998,3584165265,7866158101.0
23/02/2021,1.000221014,1.001701951,0.999657989,1.000020981,4522385569,8032612636.0
24/02/2021,1.000229001,1.00336802,0.999823987,1.000018954,2427751206,8125731411.0
25/02/2021,1.000072002,1.000710011,0.999958992,1.000219941,2301651550,8404744817.0
26/02/2021,0.999985993,1.000473976,0.99970901,1.000152946,2459413406,8448299265.0
27/02/2021,1.000030994,1.000203967,0.999790013,0.999972999,1776838289,8885825463.0
28/02/2021,1.000295997,1.001006961,0.999942005,1.00009501,2268777551,8973026510.0
01/03/2021,0.999756992,1.000602007,0.999625027,1.000265956,1740798094,9003494923.0
02/03/2021,1.000077963,1.000432014,0.99960798,0.999768019,1949254169,9053683777.0
03/03/2021,1.000002027,1.000579,0.999819994,1.000077963,1905564606,8959115662.0
04/03/2021,1.000162959,1.00040102,0.999894023,1.000002027,1665593866,8823613107.0
05/03/2021,1.000277042,1.001196027,1.000030994,1.000162959,1973917285,8902532163.0
06/03/2021,0.999881029,1.000975966,0.999450982,1.00048399,1275477009,8894751158.0
07/03/2021,0.99999398,1.000375032,0.999731004,0.999881029,1215837774,9032233274.0
08/03/2021,0.999984026,1.001525998,0.999889016,0.999952972,1441044445,9176406818.0
09/03/2021,1.000074029,1.002861023,0.999957979,0.999984026,1683029544,9145091358.0
10/03/2021,1.000051975,1.000939965,0.999918997,1.000138998,1751024086,9150186675.0
11/03/2021,1.000128984,1.000803947,0.999805987,1.000004053,1487841641,9201978687.0
12/03/2021,1.000174046,1.00088203,0.999794006,1.000141978,1612404621,9319995200.0
13/03/2021,1.000231981,1.000710011,0.999877989,1.000174046,2044348842,9346257995.0
14/03/2021,0.999997973,1.000216007,0.999807,1.000128984,1544999695,9441975284.0
15/03/2021,1.000084043,1.000898004,0.999297023,0.999927998,1927366887,9410543237.0
16/03/2021,0.99999398,1.000362992,0.999550998,1.000084043,1868824949,9519577208.0
17/03/2021,0.998902023,1.002097011,0.998665988,0.99999398,1782793504,9518430138.0
18/03/2021,1.000993967,1.001451015,0.998696983,0.998857021,1525693757,9603930633.0
19/03/2021,1.002437949,1.003981948,1.000323057,1.000952959,1472879184,9735135431.0
20/03/2021,1.002151012,1.003926039,1.001302958,1.002434969,1191670789,9995845147.0
21/03/2021,1.000962019,1.00257194,0.999280989,1.00209105,1265098606,10047460401.0
22/03/2021,1.001309991,1.003988981,0.999089003,1.00098896,1380781628,10222586940.0
23/03/2021,1.000803947,1.002025008,1.000246048,1.001345038,1511795325,10262107981.0
24/03/2021,1.001554012,1.002313018,0.999861002,1.000938058,1916803425,10297325820.0
25/03/2021,1.000830054,1.001538992,1.000126004,1.001490951,1646557726,10378845922.0
26/03/2021,1.000800967,1.00217998,0.999337018,1.000764966,1591672366,10525664763.0
27/03/2021,1.000273943,1.001713991,0.999756992,1.000700951,1340283946,10839740837.0
28/03/2021,1.000792027,1.002539039,1.000007033,1.000283957,1294220918,10899687715.0
29/03/2021,1.000023961,1.000857949,0.999360979,1.00080204,1535871374,10989945487.0
30/03/2021,1.000558019,1.000946045,0.999315977,1.000028968,1506313602,10809771379.0
31/03/2021,0.999605,1.001914024,0.999180973,1.000588059,1589845937,10903519641.0
01/04/2021,1.000869036,1.001224995,0.999413013,0.99969101,1515653266,10825119296.0
02/04/2021,1.000349998,1.001984954,0.998975992,1.00070405,1645041684,10874663109.0
03/04/2021,1.002791047,1.002864003,0.998099983,1.000293016,1521294666,10920631184.0
04/04/2021,1.002956986,1.011098027,1.000926971,1.002722979,1205342903,10814220927.0
05/04/2021,1.000044942,1.004343987,0.999830008,1.003057957,1398732746,11072379393.0
06/04/2021,1.001423001,1.001893044,0.999482989,1.000143051,1519196566,11039896701.0
07/04/2021,1.002236962,1.002540946,1.000797987,1.00146997,1821911304,10937004459.0
08/04/2021,1.000239968,1.002403975,1.00001204,1.002328038,1443171575,11025108743.0
09/04/2021,1.001492977,1.00167501,1.000203013,1.000203013,1140401440,11178287476.0
10/04/2021,1.00059104,1.002498031,0.998248994,1.001510978,1642749490,11219365821.0
11/04/2021,1.002869964,1.003097057,0.999577999,1.00059402,1336026255,11185465357.0
12/04/2021,1.000370979,1.002756953,0.999841988,1.002756953,1582588399,11280826364.0
13/04/2021,0.999455988,1.001149058,0.999176025,1.000373006,1943769751,11011222094.0
14/04/2021,1.001435995,1.002653003,0.999257982,0.999422014,2400110758,11159853205.0
15/04/2021,1.000326037,1.003051043,0.999962986,1.001469016,1888693157,11487127274.0
16/04/2021,1.001032948,1.002601027,0.999417007,1.000229001,2557259201,11602388664.0
17/04/2021,1.01049602,1.010725021,0.998768985,1.001034975,2143517952,11970285414.0
18/04/2021,1.00009501,1.026528955,0.999800026,1.010571957,3829528301,12314666877.0
19/04/2021,0.999966979,1.000200033,0.999800026,1.000141978,2323105009,12649880207.0
20/04/2021,1.000054002,1.000200033,0.999800026,1.000115037,2318491536,12763424152.0
21/04/2021,1.000133991,1.000200033,0.999800026,1.000148058,2311278586,13003119764.0
22/04/2021,1.000028014,1.000200033,0.999800026,0.999805987,3112810473,13084305485.0
23/04/2021,0.999978006,1.00019896,0.999800026,1.000157952,3676677427,13106028087.0
24/04/2021,1.000064969,1.000200033,0.999800026,0.999969006,1788061914,13264415771.0
25/04/2021,1.000179052,1.000200033,0.999800026,1.000172973,1642128335,13527497524.0
26/04/2021,0.999987006,1.000200033,0.99980098,1.000156999,2285611608,13667640426.0
27/04/2021,0.999926984,1.000200033,0.999800026,1.000025988,2024246696,13775379892.0
28/04/2021,1.00019896,1.000200033,0.999800026,0.999962986,2010047371,13879528332.0
29/04/2021,1.000144005,1.000200033,0.999800026,1.000077963,1840352705,13917317510.0
30/04/2021,0.999823987,1.00019896,0.999800026,1.000018954,1906112907,14603752839.0
01/05/2021,1.000154018,1.000200033,0.99980098,0.999807,1867976129,14671379803.0
02/05/2021,0.999948978,1.000200033,0.99980098,1.000110984,1366986801,14711500830.0
03/05/2021,1.000103951,1.000200033,0.999800026,0.999975979,2684327606,14681097409.0
04/05/2021,1.000195026,1.000200033,0.99980098,1.000138044,3275014762,14645727409.0
05/05/2021,1.000118017,1.000200033,0.999800026,0.999939024,2783594521,14864602401.0
06/05/2021,1.000054955,1.000200033,0.999800026,0.999817014,2220457984,15078309686.0
07/05/2021,1.000077009,1.000200033,0.999800026,1.000048041,2266049147,15095243418.0
08/05/2021,1.000033975,1.000200033,0.999800026,1.000022054,2317458254,15175582509.0
09/05/2021,1.000051975,1.000200033,0.99980098,0.999822021,2704843631,15411075861.0
10/05/2021,1.000017047,1.000200033,0.999800026,0.999936998,3173361075,15685227317.0
11/05/2021,1.000167012,1.000200033,0.999800026,0.999836028,2566367931,15693277010.0
12/05/2021,1.000097036,1.000200033,0.999800026,0.999934018,3183988042,15739931853.0
13/05/2021,0.999823987,1.000200033,0.999800026,0.999807,4460022465,15720985268.0
14/05/2021,0.999961972,1.00019896,0.999800026,0.999884009,3146472043,16040203997.0
15/05/2021,1.000090003,1.000200033,0.999800026,0.999952972,3328173098,16300886624.0
16/05/2021,1.000154972,1.000200033,0.999800026,0.999840021,3772657577,16506100926.0
17/05/2021,1.000100017,1.000200033,0.999800026,0.999855995,4135608294,16551787204.0
18/05/2021,1.000018001,1.001168013,0.999571025,1.000159979,3070777038,17010869514.0
19/05/2021,0.999925971,1.001824021,0.998054981,1.000038028,8053431253,17015755724.0
20/05/2021,0.999880016,1.001029968,0.999677002,0.999849975,5382601764,17448183840.0
21/05/2021,1.000416994,1.001765966,0.999647975,0.999867976,4613942917,18304414337.0
22/05/2021,1.000807047,1.001067996,0.999888003,1.000607014,3335609643,19503925134.0
23/05/2021,1.000422001,1.001682997,1.000004053,1.000761986,5171953965,19863377446.0
24/05/2021,1.000287056,1.000705957,0.999725997,1.000462055,4286226504,20479394910.0
25/05/2021,0.999930024,1.000669956,0.999776006,1.000324011,3043007002,20822322853.0
26/05/2021,1.000417948,1.000905037,0.999710023,0.999916971,2604239878,20894350190.0
27/05/2021,1.000249028,1.000931978,0.999859989,1.00038898,1971138940,21629088335.0
28/05/2021,1.00019598,1.000767946,0.999862015,1.000251055,2707603887,22028910596.0
29/05/2021,0.999900997,1.000880957,0.99980098,1.000144005,2227562471,22237952997.0
30/05/2021,0.99949801,1.000236034,0.999092996,0.999894977,2190418517,22197384368.0
31/05/2021,1.000264049,1.000697017,0.999391019,0.999559999,2333931932,22426127685.0
01/06/2021,1.000025034,1.000738025,0.999782979,1.000283003,1999280287,22704685391.0
02/06/2021,1.000277042,1.000736952,0.999836028,1.000064969,1776182592,22715036497.0
03/06/2021,1.000241995,1.000823021,1.000017047,1.000370979,2167192412,22759949916.0
04/06/2021,1.000748992,1.001119018,0.999822021,1.000242949,2570089020,22905883548.0
05/06/2021,1.000184059,1.001423001,0.999879003,1.000650048,1876582877,22915441531.0
06/06/2021,1.000576973,1.000677943,0.999750018,1.00009501,1383139177,22938639641.0
07/06/2021,1.000540018,1.000902057,0.999723017,1.000537038,1862347845,23073263173.0
08/06/2021,1.000496984,1.000903964,0.999998987,1.000494003,2790193245,23082064115.0
09/06/2021,0.999949992,1.000903964,0.999665976,1.000488043,2342690520,23200615749.0
10/06/2021,1.000316978,1.000553966,0.99971801,0.999975026,1900199959,23358653521.0
11/06/2021,1.000434995,1.000640035,0.999575019,1.000293016,1874628476,23237329690.0
12/06/2021,1.001135945,1.00118506,0.999962986,1.000478983,1727912702,23485819485.0
13/06/2021,0.999629974,1.001366973,0.999433994,1.00109601,1731376606,23644275384.0
14/06/2021,1.000030041,1.000633955,0.999422014,0.999610007,1729527102,23762953484.0
15/06/2021,1.000283957,1.010241985,0.999761999,1.000130057,1933931509,23860101075.0
16/06/2021,1.000167966,1.000823975,0.999485016,1.000344992,1915334512,23903919118.0
17/06/2021,1.000717044,1.000798941,0.99958998,1.000126004,2154845901,23802115380.0
18/06/2021,1.00138402,1.001600981,0.999764025,1.000671983,2071077950,23938162355.0
19/06/2021,1.001386046,1.001710057,1.000043035,1.001412034,1592022973,24316073416.0
20/06/2021,1.000962019,1.001453996,1.000548005,1.001312971,2004269887,24345717745.0
21/06/2021,1.000259995,1.001813054,1.000141978,1.000898004,4276274311,24520273749.0
22/06/2021,1.00080502,1.001500964,1.000030041,1.000167012,4227695695,25044676394.0
23/06/2021,1.000470042,1.000838041,1.000166059,1.000738978,3250654168,25217013577.0
24/06/2021,1.000126004,1.000848055,1.000000954,1.000542045,2086547894,25563546985.0
25/06/2021,1.000017047,1.000723958,0.999373972,1.00019002,2278575965,25536327908.0
26/06/2021,1.001435995,1.001435995,0.999850988,0.999993026,2166740089,25848144732.0
27/06/2021,1.00059104,1.001955032,1.000408053,1.001376987,2006379615,25845805611.0
28/06/2021,0.999925017,1.000713944,0.999738991,1.000514984,2280426599,25966143375.0
29/06/2021,1.000066042,1.000558972,0.999814987,0.999876022,2367988438,25325494704.0
30/06/2021,1.000089049,1.000475049,0.999647975,1.000023961,2251615883,25227093821.0
01/07/2021,1.000192046,1.000673056,0.999877989,1.000064969,2063325693,25187559420.0
02/07/2021,1.000035048,1.000916004,0.999966025,1.000177026,1787895570,25295918722.0
03/07/2021,0.999984026,1.000669956,0.999925017,1.000048041,1491016821,25504182251.0
04/07/2021,0.999499977,1.000187039,0.99890101,0.999956012,1578667344,25571786494.0
05/07/2021,1.000527978,1.000838995,0.999459028,0.999566019,1887495558,25558269535.0
06/07/2021,1.000059009,1.000730991,0.999661982,1.000501037,2312601910,25574855813.0
07/07/2021,1.000370026,1.000599027,0.999552011,1.000126004,1998620780,25736640792.0
08/07/2021,0.999944985,1.001091003,0.999641001,1.000424027,2270470755,25803727530.0
09/07/2021,0.999831021,1.000306964,0.999602973,0.999929011,1926093225,26047252041.0
10/07/2021,1.000154018,1.000699043,0.999606013,0.999837995,1688326088,26069633400.0
11/07/2021,1.000267982,1.001252055,1.000156045,1.000156045,1380260792,26168294199.0
12/07/2021,1.000372052,1.000923991,1.000013947,1.000252962,1869328110,26145472545.0
13/07/2021,1.000139952,1.000779986,0.999993026,1.000373006,2052753217,26442919220.0
14/07/2021,0.999953985,1.000722051,0.999926984,1.000054955,2178980895,26487629400.0
15/07/2021,1.000146031,1.000743032,0.999714017,1.000041008,2024673761,26700071046.0
16/07/2021,1.000336051,1.000411987,0.999957025,1.000164986,1967709606,26383458214.0
17/07/2021,1.000494957,1.000864983,0.999983013,1.000267029,1654537979,26357277620.0
18/07/2021,1.000573993,1.00077796,0.999455988,1.000494957,1646186031,26623730448.0
19/07/2021,1.000259042,1.000777006,1.000120997,1.000560999,1882742176,26790894613.0
20/07/2021,1.000275016,1.000694036,1.000079989,1.000305057,2382271230,26751449956.0
21/07/2021,1.000200987,1.00041604,0.999759018,1.000280023,2641185552,26845829804.0
22/07/2021,1.000291944,1.000592947,0.99971801,1.000193,1951581122,26993133328.0
23/07/2021,1.000064969,1.000633955,0.999577999,1.00027895,1843554513,27009192506.0
24/07/2021,1.000233054,1.000741005,0.999764979,1.000015974,1879930934,27109004815.0
25/07/2021,0.999586999,1.000262022,0.998854995,1.000200033,1597724492,27075645362.0
26/07/2021,1.000108004,1.000617981,0.999451995,0.999598026,4345976082,27274094166.0
27/07/2021,1.000018954,1.00068295,0.999836028,1.000156045,3322377092,27048461699.0
28/07/2021,0.999798,1.000453949,0.999670029,1.000061989,3167300230,27214470965.0
29/07/2021,1.00020802,1.000798941,0.999707997,0.999867022,2436098922,27329563748.0
30/07/2021,0.999843001,1.000898957,0.999594986,1.000108957,2767764066,27270295457.0
31/07/2021,0.999846995,1.000326037,0.999575019,0.999888003,2089374194,27488455661.0
01/08/2021,1.000161052,1.00041604,0.999315023,0.999745011,2486455912,27319676910.0
02/08/2021,1.000285983,1.00058496,0.999836981,1.000156045,2439258777,27312514187.0
03/08/2021,1.000244021,1.000674963,1.000031948,1.000326991,2813334453,27402862312.0
04/08/2021,1.000062943,1.000553012,0.999772012,1.000287056,2835178251,27477883849.0
05/08/2021,0.999597013,1.000406981,0.999433994,1.00009799,3178159135,27590796351.0
06/08/2021,0.999810994,1.000118017,0.999379992,0.999619007,2937467305,27593186740.0
07/08/2021,0.999857008,1.000149965,0.999448001,0.999873996,3489017547,27574471033.0
08/08/2021,0.999589026,0.999966025,0.999119997,0.999782026,3012509725,27660079591.0
09/08/2021,0.999832988,1.000069022,0.999457002,0.999707997,3898068399,27591736544.0
10/08/2021,0.999936998,1.000481009,0.999477983,0.999846995,2931130333,27948178608.0
11/08/2021,0.999922991,1.000470042,0.999391019,1.000017047,2785529004,28005369591.0
12/08/2021,1.00009203,1.000589967,0.999436021,0.999974012,2994704874,27950403625.0
13/08/2021,0.999513984,1.000538945,0.999499977,1.000113964,2628902158,27860191049.0
14/08/2021,0.999953985,1.000229955,0.999431014,0.999568999,2254426890,27713587184.0
15/08/2021,0.999849021,1.00089097,0.999448001,0.999884009,2487714412,27747983650.0
16/08/2021,1.000102043,1.000262022,0.999215007,0.999866009,2817667036,27604891795.0
17/08/2021,1.000329018,1.000424027,0.999760985,1.000103951,3516524402,27425038809.0
18/08/2021,1.000236988,1.000527024,0.999818027,1.000285029,3083898715,27480130954.0
19/08/2021,0.999648988,1.000653982,0.999384999,1.000229001,2800835700,27501150833.0
20/08/2021,1.000311017,1.000565052,0.999459028,0.999610007,2726460511,27570889506.0
21/08/2021,0.999866009,1.000509977,0.999352992,1.000393987,2204325275,26988358693.0
22/08/2021,1.000167012,1.001274943,0.999162018,0.999925971,2003215527,26943862009.0
23/08/2021,1.000460029,1.000535011,0.999450028,1.000233054,2455907973,26994190692.0
24/08/2021,1.000197053,1.00061202,0.999873996,1.000525951,2963784032,26909139886.0
25/08/2021,1.000036955,1.000421047,0.999935985,1.000154018,2658484333,26960386900.0
26/08/2021,1.000164986,1.000676036,0.999939978,1.00011301,2796769690,27067045684.0
27/08/2021,0.999891996,1.000728965,0.999849021,1.000128031,2701122162,27063633911.0
28/08/2021,1.000036955,1.000715017,0.999351025,0.999845028,1753172363,27160308680.0
29/08/2021,1.000498056,1.001019001,0.999646008,1.000080943,1949814217,27208835429.0
30/08/2021,1.00028801,1.000830054,0.999675989,1.000494957,2622499236,27214921399.0
31/08/2021,1.000213981,1.000583053,0.99980998,1.000368953,3343430902,27379050579.0
01/09/2021,0.999818981,1.000427961,0.999487996,1.000228047,3244150267,27448639357.0
02/09/2021,1.000020981,1.000262022,0.999423027,0.999728024,3143686060,27556766889.0
03/09/2021,0.999840021,1.000139952,0.999596,0.999947011,3401964526,27622288717.0
04/09/2021,0.999936998,1.000442028,0.999790013,0.999854028,2628095148,27622612715.0
05/09/2021,0.999575019,1.000254035,0.999234974,0.999880016,2324755018,27728110118.0
06/09/2021,0.999517977,1.000327945,0.999360979,0.99950403,2592075507,27794264303.0
07/09/2021,1.000262022,1.000588059,0.999333024,0.999558985,5947165235,27889766263.0
08/09/2021,1.000305057,1.000594974,0.999871016,1.000242949,4765769583,28187250675.0
09/09/2021,1.000210047,1.000666976,0.987380028,1.000370979,3450210441,28637608634.0
10/09/2021,1.000231028,1.00067699,0.999764025,1.000040054,3691326992,28940940133.0
11/09/2021,1.00097096,1.00097096,0.999648988,1.000170946,2652390883,29164261910.0
12/09/2021,0.999490023,1.001008987,0.999319017,1.000965953,2394483277,29234449332.0
13/09/2021,1.00009501,1.000700951,0.999373019,0.999571025,3628988394,29321972545.0
14/09/2021,1.000277996,1.000905037,0.999921978,1.000079989,2519296426,29452160470.0
15/09/2021,1.000020981,1.00048399,0.999664009,1.000259042,2470653828,29292599266.0
16/09/2021,1.000064015,1.000432014,0.999876022,1.000033021,3019567636,29298235941.0
17/09/2021,0.999831975,1.000913978,0.999673009,1.00009799,2793493277,29248576941.0
18/09/2021,0.999405026,1.00069201,0.999004006,0.999817014,2210179953,29419021030.0
19/09/2021,1.000254989,1.001716018,0.998138011,0.999379992,2034748121,29441841305.0
20/09/2021,1.000383973,1.000566959,1.000064015,1.000377059,5202372291,29542018179.0
21/09/2021,1.000344038,1.000602961,1.000022054,1.000354052,5165987150,29173722177.0
22/09/2021,0.999562979,1.000632048,0.999530017,1.000314951,3905266045,29564016529.0
23/09/2021,1.000038981,1.000900984,0.99951297,0.999574006,2989210780,30089008722.0
24/09/2021,1.000134945,1.000823021,0.999641001,1.000023007,4132538967,30421738787.0
25/09/2021,1.000339031,1.001157045,0.999777019,1.000128031,3005798209,30718950163.0
26/09/2021,1.000254989,1.000962019,1.000038028,1.000439048,3719002400,30960933125.0
27/09/2021,1.000303984,1.000952005,0.999674022,1.000334024,3153527155,31210690703.0
28/09/2021,1.000386953,1.001052976,1.000110984,1.00028801,3234280358,31051664365.0
29/09/2021,1.000411034,1.000596046,0.999776006,1.000352979,3096200242,31123551732.0
30/09/2021,1.000139952,1.00049901,0.999576986,1.000416994,3038068264,31495887077.0
01/10/2021,0.999544978,1.00029099,0.999462008,1.000100017,3489367696,31692881419.0
02/10/2021,0.999790013,1.000123024,0.999441981,0.999576986,2517695174,31985670851.0
03/10/2021,0.999680996,1.000110984,0.999198973,0.999727011,2262697516,32065396418.0
04/10/2021,0.999415994,1.000148058,0.999126017,0.999643981,2886834627,32308102491.0
05/10/2021,0.999849021,1.000514984,0.999215007,0.99941498,2723328431,32281399683.0
06/10/2021,0.999989986,1.000550032,0.999130011,0.999823987,3358844472,32430277337.0
07/10/2021,1.000023007,1.000632048,0.999289989,0.99999702,3128456280,32415371926.0
08/10/2021,0.999791026,1.000206947,0.999485016,1.000023007,2716836270,32663872060.0
09/10/2021,0.99989599,1.000270963,0.999723971,0.999853015,2005512526,32941065051.0
10/10/2021,1.000597954,1.000812054,0.999081016,0.999827981,2553564243,33019345832.0
11/10/2021,1.00039196,1.000759006,0.999518991,1.00059402,2971560705,33201426677.0
12/10/2021,0.999961972,1.000691056,0.999810994,1.000444055,3375680364,33341301845.0
13/10/2021,1.000146985,1.000730038,0.999525011,1.000028968,3067360744,33024168106.0
14/10/2021,0.999741971,1.000175953,0.999662995,1.000167012,3161139708,32916224696.0
15/10/2021,0.999239028,1.00059104,0.999234021,0.999738991,4289629016,32889541491.0
16/10/2021,0.999967992,1.00020504,0.999182999,0.999246001,2886818679,32935404783.0
17/10/2021,1.000298977,1.000607014,0.999484003,0.999925017,2647518203,32751068702.0
18/10/2021,1.000058055,1.000794053,0.999538004,1.000339031,3349379834,32829914616.0
19/10/2021,0.999939024,1.00059998,0.999553978,1.000077963,3317029545,32822878831.0
20/10/2021,0.99958998,1.000517011,0.999462008,0.999993026,3641553954,32284447586.0
21/10/2021,1.000118017,1.000597,0.999391973,0.999641001,4933838154,32487158192.0
22/10/2021,1.000334024,1.000560999,0.99949801,1.000079036,3886103505,32416377618.0
23/10/2021,1.001199007,1.001314998,0.999970973,1.000298977,2934215247,32554520598.0
24/10/2021,1.000308037,1.001181006,0.999251008,1.001181006,2877560293,32764610092.0
25/10/2021,0.999650002,1.000957012,0.999346018,1.000257969,2881886893,32698090258.0
26/10/2021,1.000134945,1.000787973,0.999512017,0.999617994,3626626200,32629490324.0
27/10/2021,1.000272989,1.000767946,0.999382973,1.000108957,5829428897,32635237366.0
28/10/2021,0.999921024,1.000532031,0.999589026,1.000218034,5988045784,32579208094.0
29/10/2021,0.999828994,1.000650048,0.999368012,0.99990201,4731131108,32743686857.0
30/10/2021,1.000131011,1.000622034,0.999556005,0.999871016,3902638718,33022326285.0
31/10/2021,0.999723971,1.00108397,0.998908997,1.000185966,3903073032,33228774070.0
01/11/2021,0.999861002,1.000658989,0.999078989,0.999632001,4358098743,33110875335.0
02/11/2021,0.99989599,1.000798941,0.999282002,0.999768972,4521578460,33243052017.0
03/11/2021,1.000224948,1.000722051,0.999478996,0.999898016,4700643650,33463328881.0
04/11/2021,1.000205994,1.000537038,0.999900997,1.000210047,4626163402,33740471390.0
05/11/2021,1.000561953,1.001008034,0.999953985,1.000257969,3901573705,33724659752.0
06/11/2021,1.000344992,1.000677943,0.999722004,1.000574946,3805073877,34028087046.0
07/11/2021,1.000648975,1.001049995,0.999912024,1.000437975,3580619669,34307622747.0
08/11/2021,0.999827981,1.000723004,0.999671996,1.000661969,5334534827,34375850959.0
09/11/2021,1.000074983,1.00047195,0.999728978,0.999792993,5510084775,34349984710.0
10/11/2021,0.999522984,1.001991034,0.99800998,1.000130057,8390821902,34720218044.0
11/11/2021,0.999855995,1.001988053,0.998345971,0.99958998,5770365511,34484652473.0
12/11/2021,0.99929601,1.001994014,0.998019993,0.999939024,4901205330,34513130459.0
13/11/2021,1.000830054,1.001986027,0.998000979,0.999777019,2806361295,34568820952.0
14/11/2021,0.999647021,1.001911998,0.998048007,1.000798941,3318788371,34582367286.0
15/11/2021,0.999643028,1.001968026,0.998081028,0.999680996,4118012760,34599105432.0
16/11/2021,1.000424981,2.349555969,0.998022974,1.000717998,6486127186,34556187322.0
17/11/2021,0.999849975,1.173478007,0.998045981,1.001911998,5185892264,34573034414.0
18/11/2021,0.999696016,1.001976967,0.998049021,0.999849021,6254410701,34593345060.0
19/11/2021,0.999991,1.001901031,0.998017013,0.999688029,4866369149,34419231681.0
20/11/2021,0.999698997,1.00196898,0.998053014,0.999791026,3596758987,34542766009.0
21/11/2021,1.000234962,1.001991987,0.99802202,0.999558985,3314709429,34684904835.0
22/11/2021,0.999961972,1.00197804,0.998045981,1.000046015,5353790196,36293925945.0
23/11/2021,1.000115037,1.001996994,0.99801302,1.000076056,4805345753,36409126597.0
24/11/2021,1.00070703,1.001988053,0.998058021,0.999772012,4771592674,36742043694.0
25/11/2021,1.000331998,1.001991034,0.998184979,0.999391973,4514614915,37227799828.0
26/11/2021,0.999843001,1.00198102,0.998152971,1.000650048,6592288363,37384879726.0
27/11/2021,1.001593947,1.001997948,0.998031974,0.999779999,3824221682,37850131170.0
28/11/2021,0.999875009,1.001976967,0.99800998,1.001430988,4387793390,38142698007.0
29/11/2021,1.000077963,1.001958013,0.998082995,0.999903977,4339110918,38416273299.0
30/11/2021,0.999455988,1.00198698,0.998064995,0.999734998,5698220779,38505521702.0
01/12/2021,0.999593019,1.001981974,0.99803102,1.000205994,4989445952,38647787181.0
02/12/2021,0.998839021,1.001999021,0.998004019,0.999660015,5089421584,38906533548.0
03/12/2021,1.000326991,1.00197196,0.998054981,0.999032021,5879299772,39004175585.0
04/12/2021,0.99999398,1.001960993,0.998009026,1.000316978,9498203241,39133439701.0
05/12/2021,0.998714983,1.001997948,0.998006999,1.000198007,5815739519,39939629110.0
06/12/2021,0.999526024,1.001950026,0.998004973,0.998769999,7085836821,40967183292.0
07/12/2021,1.000062943,1.001927972,0.998010993,1.000206947,4621758475,40867622506.0
08/12/2021,0.999912977,1.001886964,0.998082995,1.000069976,4169038670,41032241128.0
09/12/2021,1.000527024,1.001989007,0.998058021,0.998907983,5294556413,41035045583.0
10/12/2021,1.001216054,1.001994014,0.998034,1.000262976,5667174420,41020856786.0
11/12/2021,1.000172019,1.001943946,0.998004019,1.001073003,4131962866,41171844114.0
12/12/2021,1.000239015,1.001979947,0.998012006,1.00011301,3253441868,41541216678.0
13/12/2021,0.999779999,1.001999021,0.998257995,1.000136971,4967338939,41537930466.0
14/12/2021,1.000195026,1.001992941,0.998115003,1.000018954,4929898732,41466978388.0
15/12/2021,1.000244021,1.001960993,0.998143971,0.999625027,5885434505,41783776329.0
16/12/2021,0.998951972,1.001994014,0.998005986,1.00049603,4261770587,41660928281.0
17/12/2021,0.999805987,1.001816988,0.998076022,1.000010967,4989557925,41803303102.0
18/12/2021,0.999930024,1.001844049,0.998082995,0.998098016,3839132525,41909636704.0
19/12/2021,0.999882996,1.001991987,0.998036027,1.000015974,3413716404,42095692704.0
20/12/2021,0.999642015,1.001947999,0.99800998,1.000056028,4314880732,41991393513.0
21/12/2021,1.000066042,1.001994014,0.998023987,0.999189019,3742498924,42454852429.0
22/12/2021,0.998162985,1.001772046,0.998019993,1.000146985,3384263782,42454865818.0
23/12/2021,1.000218987,1.001991034,0.998035014,0.998265982,4090339477,42599602248.0
24/12/2021,1.000664949,1.001970053,0.998317003,1.000399947,3426361439,42669217458.0
25/12/2021,0.999855995,1.001981974,0.998018026,1.000512004,2505867410,42505317485.0
26/12/2021,0.999108016,1.001999021,0.998014987,0.999844015,2674907883,42562441813.0
27/12/2021,0.999581993,1.001973033,0.998040974,0.999216974,2793491169,42453109635.0
28/12/2021,1.000841022,1.001996994,0.998165011,0.999633014,4171719361,42127140809.0
29/12/2021,0.999463022,1.001935005,0.998229027,1.000758052,3506506629,42155697582.0
30/12/2021,1.000345945,1.001806974,0.998103976,0.999621987,3137476099,42097583289.0
31/12/2021,1.000038981,1.000933051,0.999184012,1.000383019,3283686715,42428767390.0
01/01/2022,1.000084996,1.000861049,0.999216974,1.00008297,2655459065,42213673135.0
02/01/2022,0.999764979,1.000965953,0.999265015,1.000080943,2491554185,42549565818.0
03/01/2022,0.999707997,1.000913978,0.999396026,0.999776006,2979943098,42641327349.0
04/01/2022,1.00058496,1.001356006,0.999134004,0.999818027,3450318436,42687912491.0
05/01/2022,0.999756992,1.000902057,0.999287009,1.000604033,4834405737,42785333024.0
06/01/2022,0.999559999,1.001171947,0.999270976,0.999751985,4569272674,42961099326.0
07/01/2022,1.000476956,1.000869989,0.999401987,0.999525011,4710183601,43225368240.0
08/01/2022,0.999512017,1.000996947,0.999450028,1.000473976,4278836552,39844918409.0
09/01/2022,0.999836028,1.001119971,0.999476016,0.999505997,2921877299,43582658995.0
10/01/2022,1.000380993,1.001127005,0.999303997,0.999830008,4659945891,43635931592.0
11/01/2022,1.000216007,1.001160979,0.999074996,1.000354052,3645526457,43987565688.0
12/01/2022,0.999799013,1.000820994,0.999154985,1.000224948,3486307844,44166089917.0
13/01/2022,0.999024987,1.000977993,0.998996973,0.999786019,3601566982,44774203526.0
14/01/2022,1.000033975,1.000754952,0.999095023,0.999095023,4005995393,45035577584.0
15/01/2022,0.999481976,1.000622988,0.999132991,1.000054002,2837817560,45137094666.0
16/01/2022,0.999692023,1.000754952,0.999072015,0.999494016,2296999988,45237354153.0
17/01/2022,0.999679029,1.00090003,0.999204993,0.999750018,3025152126,45430902660.0
18/01/2022,1.000105023,1.000952959,0.999159992,0.999669015,3223501722,45637274267.0
19/01/2022,1.000331044,1.000758052,0.999137998,1.00009799,3239858099,45764592269.0
20/01/2022,1.000411987,1.001302004,0.998925984,1.000336051,3125580294,46058070986.0
21/01/2022,1.000440955,1.001214027,0.998996019,1.000488043,7940219543,46428142404.0
22/01/2022,1.000031948,1.000754952,0.998984993,1.000439048,6945199430,42732777582.0
23/01/2022,1.000144958,1.001132011,0.999089003,1.000090003,4572234577,43399887532.0
24/01/2022,1.000305057,1.000990033,0.999131024,1.000169992,7468827146,47960656738.0
25/01/2022,1.000429034,1.00109005,0.999031007,1.00031805,4146328235,48227447406.0
26/01/2022,0.999934971,1.000885963,0.998853028,1.000419974,8.32521E+13,48751308900.0
27/01/2022,0.999776006,1.001183033,0.998923004,0.999849975,5023632111,49162186990.0
28/01/2022,0.999651015,1.001276016,0.998969018,0.999749005,4809047239,49593244050.0
29/01/2022,1.00039506,1.000803947,0.998957992,0.999662995,7.79418E+13,49629722996.0
30/01/2022,1.000064969,1.000751019,0.999195993,1.000404954,2333906963,49822470988.0
31/01/2022,0.999539018,1.001075029,0.999083996,1.000084996,2977541960,49794511801.0
01/02/2022,0.999683022,1.000466943,0.999089003,0.999520004,3093316095,49918615204.0
02/02/2022,0.999966979,1.000725985,0.999175012,0.99970597,2735917325,50255165742.0
03/02/2022,1.000231028,1.000627041,0.999059975,0.999900997,2639131315,50530744243.0
04/02/2022,0.999532998,1.000676036,0.999231994,1.000187039,5446795900,50891956574.0
05/02/2022,1.000116944,1.000478983,0.998865008,0.999584973,5767688766,51126955863.0
06/02/2022,1.000357032,1.000494003,0.999041021,1.000090957,2185135025,51125781969.0
07/02/2022,0.999022007,1.001152992,0.998997986,1.000311971,3534437072,51171401396.0
08/02/2022,0.999171019,1.000568032,0.997991025,0.999077022,3736950599,51376105826.0
09/02/2022,0.999586999,1.000563979,0.999009013,0.999113023,2902479207,51617308590.0
10/02/2022,1.000102997,1.000820994,0.998883009,0.999592006,4195499895,51900324270.0
11/02/2022,0.999368012,1.000532031,0.998683989,1.000144005,4014217487,52054797409.0
12/02/2022,1.000177026,1.000677943,0.998826027,0.999382973,2817156195,52250598202.0
13/02/2022,0.999983013,1.000622034,0.998767972,1.000154972,2123450728,52335045828.0
14/02/2022,0.999364972,1.000691056,0.998978019,0.99998498,2963505590,52473422561.0
15/02/2022,0.999571025,1.000414968,0.998861015,0.999329984,3303759191,52507811955.0
16/02/2022,0.999776006,1.000666022,0.99892199,0.999608994,3231224663,52544445045.0
17/02/2022,0.999401987,1.000455022,0.998884022,0.99969703,3964363431,52583527243.0
18/02/2022,0.999770999,1.000573039,0.998898983,0.999404013,3506445548,52570695424.0
19/02/2022,0.999870002,1.000506997,0.999018013,0.999733984,2094832701,52556151807.0
20/02/2022,1.00000298,1.000710964,0.998878002,0.999863982,2869319070,52684758315.0
21/02/2022,0.999334991,1.000856042,0.998835027,1.000000954,5035066514,52682266469.0
22/02/2022,1.000044942,1.001062989,0.998824,0.999359012,4311028906,52707824144.0
23/02/2022,0.99951297,1.00069797,0.998880982,1.000046015,4088593001,52829973428.0
24/02/2022,0.999962986,1.000717044,0.998839974,0.999521017,9044960990,52870303586.0
25/02/2022,0.999943018,1.000911951,0.999282002,0.999943972,5563465156,53249174589.0
26/02/2022,0.999992013,1.000396967,0.999135017,0.999903977,3262045031,53155258428.0
27/02/2022,0.999722004,1.000419974,0.998544991,0.999934971,4352100239,53354079813.0
28/02/2022,0.999853015,1.000571012,0.998875022,0.999688029,5502186592,53569960348.0
01/03/2022,0.999813974,1.000522971,0.998504996,0.999840021,5617261430,53458489275.0
02/03/2022,0.999568999,1.00058496,0.998769999,0.999803007,5351706956,53535209641.0
03/03/2022,0.999934018,1.000502944,0.999041021,0.999563992,3923999317,53460734124.0
04/03/2022,0.999840975,1.000684977,0.999072015,0.999958992,4810312635,53414694791.0
05/03/2022,0.999370992,1.00088799,0.997744977,0.999921978,2645372913,52845480301.0
06/03/2022,0.999850988,1.000412941,0.998767972,0.999379992,3162813903,52941838088.0
07/03/2022,0.999134004,1.000687003,0.998631001,0.999875009,4227523780,52806695838.0
08/03/2022,1.000259995,1.001224995,0.999068975,0.999100983,4167069281,52183496667.0
09/03/2022,1.000450015,1.001520991,0.999221027,1.000269055,4206640635,52392565506.0
10/03/2022,0.99980098,1.000705004,0.998993993,1.000440001,3932910648,52382602556.0
11/03/2022,0.999341011,1.000177026,0.999167979,0.999808013,3885937976,52536873749.0
12/03/2022,0.999538004,1.000237942,0.999243021,0.999346972,2442312633,52458033805.0
13/03/2022,0.999965012,1.00018096,0.999028027,0.999698997,2802399958,52421564168.0
14/03/2022,1.00028801,1.000643015,0.998396993,0.999947011,3579010932,52430189478.0
15/03/2022,0.999366999,1.000797987,0.99870199,1.000269055,3439991060,52442627223.0
16/03/2022,0.99989599,1.000555038,0.999167979,0.999361992,5396067900,52304672903.0
17/03/2022,0.999783993,1.000246048,0.99949801,0.99990499,3742857761,52316342175.0
18/03/2022,0.999848008,1.000102997,0.99932301,0.999752998,4336717258,52799091236.0
19/03/2022,0.999747992,1.000169039,0.999337018,0.999805987,2958600262,52830384958.0
20/03/2022,0.999931991,1.000246048,0.999157012,0.999755025,2943598190,52865924687.0
21/03/2022,0.999827981,1.000377059,0.999399006,0.999926984,3371335656,52986600673.0
22/03/2022,0.999903977,1.000267982,0.999477029,0.999819994,4026123791,53033013665.0
23/03/2022,0.999952972,1.000378966,0.999176979,0.999890029,3777569857,52648557138.0
24/03/2022,0.999705017,1.000378966,0.999073029,0.999976993,4794381206,52312387349.0
25/03/2022,0.999153018,1.000249028,0.998782992,0.99970299,3995768300,52500264885.0
26/03/2022,0.999891996,1.000545025,0.999065995,0.999203026,2351508897,51872642831.0
27/03/2022,1.000038981,1.000434995,0.999495029,0.999920011,3193250085,51968286155.0
28/03/2022,1.000126004,1.00051105,0.999230981,1.000044942,4736107595,51983272483.0
29/03/2022,0.999996006,1.000331998,0.999345005,1.000064015,4605087735,52033109393.0
30/03/2022,0.999431014,1.000478029,0.999164999,0.999996006,4294916739,51996541151.0
31/03/2022,0.999446988,1.00029397,0.998941004,0.999448001,4965559497,52132452506.0
01/04/2022,0.99999398,1.000417948,0.999023974,0.99951601,4910693133,51709881549.0
02/04/2022,0.999343991,1.00030899,0.999064982,1.000007033,4174919496,51950236855.0
03/04/2022,1.000094056,1.000437975,0.998504996,0.999303997,3383196459,51852952209.0
04/04/2022,1.000121951,1.000316024,0.99891001,1.000087976,4217884092,51625573576.0
05/04/2022,0.999696016,1.000360012,0.999033988,1.000138044,3993328112,51611805895.0
06/04/2022,0.999584973,1.000602007,0.998623013,0.999659002,5849605363,51298300549.0
07/04/2022,1.000036955,1.001111031,0.999065995,0.999611974,3809231231,50746204263.0
08/04/2022,0.999741018,1.001014948,0.997316003,1.00011003,3965817036,50918438013.0
09/04/2022,1.000084043,1.000532985,0.999067008,0.999746025,2269317026,50844820961.0
10/04/2022,0.999625981,1.000502944,0.999144018,1.000084043,2315716300,50831613834.0
11/04/2022,0.999732018,1.000303984,0.999009013,0.999696016,5102389285,50938471710.0
12/04/2022,0.999864995,1.000623941,0.999231994,0.999813974,4605505010,50626993742.0
13/04/2022,0.999745011,1.000390053,0.999153018,0.999828994,3725782044,50557027126.0
14/04/2022,0.999839008,1.000332952,0.999081016,0.999724984,3957318706,50352516151.0
15/04/2022,0.999752998,1.000561953,0.999386013,0.999831021,3220618832,50227458393.0
16/04/2022,1.000226021,1.000432014,0.999270022,0.999733984,2152278186,50134682250.0
17/04/2022,0.999258995,1.000321031,0.998905003,1.000201941,2678573075,50054012926.0
18/04/2022,0.999872983,1.000550032,0.998829007,0.999273002,4013104508,50048713208.0
19/04/2022,0.999897003,1.000604987,0.999319971,0.999882996,3629844066,49860188964.0
20/04/2022,0.999846995,1.000633001,0.999312997,0.99990797,4170091755,50018475091.0
21/04/2022,1.000282049,1.001759052,0.999439001,0.999839008,4474827385,49863548515.0
22/04/2022,1.00019896,1.00067699,0.999463022,1.000247002,3882678798,49861799100.0
23/04/2022,1.000004053,1.000627995,0.999495029,1.000236988,2324060694,49885461217.0
24/04/2022,0.999962986,1.001844049,0.999477983,0.999791026,2649077080,49903732595.0
25/04/2022,1.000218034,1.002027988,0.99940002,0.999960005,4720363070,49912345763.0
26/04/2022,1.000126958,1.001826048,0.999363005,1.000192046,4221564998,49854024064.0
27/04/2022,1.000321031,1.000838995,0.999535024,1.000128984,3849488651,49362464745.0
28/04/2022,1.000028968,1.000504971,0.99950701,1.000309944,4611631886,49391470739.0
29/04/2022,1.000023007,1.000416994,0.999541998,1.000007033,4076411418,49383094281.0
30/04/2022,1.000295043,1.000494957,0.999279976,1.000007987,3824993132,49286152379.0
01/05/2022,1.000380993,1.000849962,0.999486983,1.00027895,3757508036,49179894108.0
02/05/2022,1.000059962,1.000563979,0.999499977,1.000360966,3902762410,49285265563.0
03/05/2022,1.000118971,1.000380993,0.999476016,1.000056028,3691702287,49141005064.0
04/05/2022,1.000077009,1.000648022,0.999619007,1.000118017,4446134900,49029382275.0
05/05/2022,0.999957979,1.000604987,0.999381006,1.000066042,5202645491,48776655221.0
06/05/2022,1.000072002,1.000607967,0.999522984,0.999947011,5376284197,48837550840.0
07/05/2022,0.999906003,1.000427008,0.999616981,1.000064969,3623126811,48447145524.0
08/05/2022,1.000087023,1.000630975,0.999548018,0.999917984,5432001418,48504620166.0
09/05/2022,0.999594986,1.000681996,0.999375999,0.99999398,8493986111,48600409739.0
10/05/2022,0.999827981,1.000684977,0.999278009,0.999575973,8611992228,48657094760.0
11/05/2022,1.000766039,1.001350045,0.999252975,0.999785006,15143285239,48451920962.0
12/05/2022,1.000658989,1.011433959,0.999530971,1.000777006,18612052637,49012944580.0
13/05/2022,1.000347018,1.001901031,0.999637008,1.000601053,8025797259,49845265548.0
14/05/2022,1.000380993,1.000977039,0.999695003,1.000417948,5734214071,50938222009.0
15/05/2022,1.000182986,1.001026034,0.999863029,1.000367999,4610661832,51311542815.0
16/05/2022,1.000581026,1.000815988,0.999740005,1.000195026,6650512579,51276012854.0
17/05/2022,1.000218987,1.001044989,0.999939978,1.000622988,5271575140,52172633713.0
18/05/2022,0.999770999,1.000798941,0.999770999,1.000218987,5791540700,52382101410.0
19/05/2022,1.000269055,1.000821948,0.99980998,0.99980998,6580258237,52477602165.0
20/05/2022,0.999907017,1.000887036,0.999786973,1.000277996,5519038708,52829406132.0
21/05/2022,1.000265956,1.000862002,0.999866009,0.999943972,3085866979,53023637496.0
22/05/2022,1.00009203,1.000833988,0.999936998,1.000254989,3493584223,53189636032.0
23/05/2022,1.000141025,1.000905991,0.999728024,1.000115037,5594245864,53262551890.0
24/05/2022,1.000179052,1.000906944,0.999737978,1.000149012,4616931095,53364339709.0
25/05/2022,0.999821007,1.001006961,0.999777973,1.000177026,4580073336,53454117664.0
26/05/2022,0.999930024,1.001171947,0.999740005,0.999837995,6850921932,53459678522.0
27/05/2022,1.000403047,1.001227975,0.999705017,0.999963999,6832701659,53301625639.0
28/05/2022,1.000149965,1.000846982,0.999837995,1.000251055,4367920911,53643467177.0
29/05/2022,1.000586033,1.000826001,0.999827981,1.000149012,3972282488,53798595398.0
30/05/2022,1.000098944,1.000870943,0.999581993,1.000568032,6484139842,53890889129.0
31/05/2022,1.000210047,1.000776052,0.999773979,1.000079989,5896228360,53826859974.0
01/06/2022,1.000130057,1.000717998,0.99971199,1.000216007,6158677984,54003654729.0
02/06/2022,1.000223994,1.000808001,0.999823987,1.000139952,4994899697,54072438827.0
03/06/2022,1.000143051,1.000761032,0.999764979,1.000272036,4266590882,54076000824.0
04/06/2022,1.000242949,1.000725985,0.999827981,1.000174999,3190396150,54168799848.0
05/06/2022,1.000144005,1.000959992,0.999881983,1.00020504,3227635578,54094959418.0
06/06/2022,1.000082016,1.000833988,0.999664009,1.000139952,4623471415,54187767667.0
07/06/2022,1.000102997,1.000846982,0.999741971,1.000089049,5926284249,53828413759.0
08/06/2022,1.000218034,1.000830054,0.999794006,1.000043988,4466105669,53906740225.0
09/06/2022,1.000244021,1.000632048,0.999746978,1.000211954,3391661643,53755487848.0
10/06/2022,1.000062943,1.000476956,0.999697983,1.00020802,4483108536,53849615436.0
11/06/2022,1.000090003,1.001088023,0.999737978,1.000087976,4801662884,53908143848.0
12/06/2022,1.000048995,1.000915051,0.999526978,1.000195026,6008997676,53874889529.0
13/06/2022,1.000434041,1.001116991,0.99950099,0.999974012,13815639937,54301279574.0
14/06/2022,1.000728011,1.001225948,0.999592006,1.000502944,9261666900,54292415558.0
15/06/2022,1.00070405,1.001340032,0.999777019,1.000643015,10865090032,54202231644.0
16/06/2022,1.000367999,1.000908971,0.999789,1.000710964,6216714654,54490560449.0
17/06/2022,1.00020802,1.001063943,0.999921978,1.000448942,5283451774,54854866421.0
18/06/2022,1.000314951,1.001324058,0.999586999,1.000151038,7168140282,55155090583.0
19/06/2022,1.000404,1.00109601,0.99989599,1.000257969,6073489273,55466165647.0
20/06/2022,1.000151992,1.000983,0.999844015,1.000409007,5394231917,56128609415.0
21/06/2022,0.999943018,1.001109004,0.999839008,1.000180006,4898540814,55879082300.0
22/06/2022,1.000108004,1.000790954,0.999628007,0.999963999,4567777097,55889328008.0
23/06/2022,1.000538945,1.000779033,0.999818981,1.000092983,4598601365,55915586935.0
24/06/2022,0.999863982,1.000620008,0.999807,1.000560045,5032854948,55738930116.0
25/06/2022,1.000103951,1.000659943,0.999661982,0.999920011,3411506544,55911195638.0
26/06/2022,0.99981302,1.000735998,0.999812007,1.00008297,3243270528,56026893004.0
27/06/2022,1.000166059,1.000637054,0.999773026,1.000008941,3977297459,56053317629.0
28/06/2022,1.000139952,1.000687003,0.999814987,1.000123024,4237935225,55645129055.0
29/06/2022,1.000365019,1.000681996,0.999836981,1.000120997,5094612628,55645129055.0
30/06/2022,0.99991399,1.00079298,0.999743998,1.000393033,5219514116,55645129055.0
01/07/2022,1.000177026,1.000658989,0.999812007,1.000090003,5311122206,56159787682.0
02/07/2022,0.999970973,1.00067699,0.999678016,1.000216007,3973778503,55806408741.0
03/07/2022,1.000372052,1.000655055,0.999773026,0.999960005,3614447154,55812518074.0
04/07/2022,1.00030601,1.000730038,0.999812007,1.000357032,5032411793,55906902223.0
05/07/2022,1.000053048,1.00058198,0.999809027,1.000336051,6243487902,55965537333.0
06/07/2022,0.999879003,1.000781059,0.999734998,1.000112057,5406302050,55902560070.0
07/07/2022,1.00009203,1.000619054,0.999759018,0.99989301,5521739581,55666378876.0
08/07/2022,0.999777973,1.000710964,0.999634981,1.000105023,6142274118,55457611328.0
09/07/2022,1.000046015,1.000524998,0.999812007,0.999915004,4905270940,55451756131.0
10/07/2022,1.000028968,1.000386953,0.999701977,1.000059962,4439375698,55553592501.0
11/07/2022,1.000169039,1.000651956,0.999725997,1.000046015,4843512117,55460735370.0
12/07/2022,0.999853015,1.000573993,0.999686003,1.000170946,4780296209,55503183942.0
13/07/2022,1.000046968,1.000787973,0.999535024,0.999909997,5445116047,55307053640.0
14/07/2022,0.99999702,1.000475049,0.999707997,1.000164032,5345559224,55471635119.0
15/07/2022,0.999962986,1.000465035,0.999599993,1.000008941,5646216485,55299310303.0
16/07/2022,1.000151038,1.000864983,0.999589026,0.999945998,5382938984,54746590064.0
17/07/2022,1.000249028,1.000440001,0.999451995,1.000172019,5540927850,54834591387.0
18/07/2022,1.000077963,1.000769973,0.999518991,1.000241995,8456901936,54898002728.0
19/07/2022,0.99989301,1.000501037,0.999354005,0.999872029,9504899153,54874165484.0
20/07/2022,0.999912977,1.000579,0.999450028,0.999872983,8806753436,54830779476.0
21/07/2022,1.000082016,1.000548959,0.999458015,0.99988699,7372587537,54793379074.0
22/07/2022,1.000017047,1.000447035,0.999219,1.000079036,6285903773,55019913818.0
23/07/2022,1.000013947,1.000408053,0.999496996,0.999952018,5287167945,54906314484.0
24/07/2022,1.000084043,1.000475049,0.999598026,1.000007033,4866184511,55149837928.0
25/07/2022,0.999741971,1.000484943,0.999363005,1.000064015,6431520471,55180646382.0
26/07/2022,1.000141978,1.000669003,0.999584973,0.999777019,6871887569,55205872053.0
27/07/2022,1.000115037,1.00069499,0.999634981,1.000161052,8262809031,55166381188.0
28/07/2022,1.000022054,1.000491977,0.999418974,1.000141025,9419521160,55102333941.0
29/07/2022,0.999678016,1.000506043,0.99921,1.000023961,8773001546,54807696397.0
30/07/2022,0.999866009,1.000419021,0.999375999,0.999719977,6342886733,54776435814.0
31/07/2022,0.999796987,1.000301003,0.999315977,0.999747992,7124030237,54486021783.0
01/08/2022,0.999836981,1.000468969,0.999522984,0.999758005,8090652736,54475694589.0
02/08/2022,0.999934018,1.000583053,0.999347985,0.999855995,8333966555,54363171984.0
03/08/2022,1.000031948,1.000512004,0.999565005,0.999966979,7123782220,54400868591.0
04/08/2022,1.000036001,1.000686049,0.999611974,1.000033975,6265705595,54392871105.0
05/08/2022,1.000087976,1.000417948,0.999423981,1.000036955,6033672422,54163409631.0
06/08/2022,0.99970597,1.00028801,0.999566019,1.000120997,4013049170,54288769569.0
07/08/2022,0.999918997,1.000354052,0.999490976,0.999848008,3504912367,54298760703.0
08/08/2022,1.000066042,1.000453949,0.999441981,0.999938011,6960679226,54269365270.0
09/08/2022,0.999798,1.000298977,0.999144971,1.000079989,6736005317,54212233071.0
10/08/2022,1.000134945,1.000326037,0.999531984,0.999772012,7908008277,54162812660.0
11/08/2022,0.99991399,1.000257969,0.999642015,1.000136018,8324806426,53941490099.0
12/08/2022,1.000066996,1.00027895,0.999651015,0.999884009,6575377525,53838264962.0
13/08/2022,0.999952018,1.000159979,0.999670982,1.000041008,5445129024,53922771548.0
14/08/2022,0.999848008,1.000170946,0.999557972,0.999952018,4448890165,53907543363.0
15/08/2022,0.999948978,1.000260949,0.999459028,0.999881983,7302904711,53617936749.0
16/08/2022,1.000061035,1.000231981,0.999620974,0.999915004,6162980451,53586366040.0
17/08/2022,0.999954998,1.000260949,0.999421,1.000064015,6429626031,53563274699.0
18/08/2022,0.999907017,1.000192046,0.999625027,0.999975026,5259309739,53192725315.0
19/08/2022,1.000028014,1.000399947,0.999477983,0.999936998,7104084896,52880168878.0
20/08/2022,1.000211,1.000460982,0.999737024,0.999953985,7104084896,52523070333.0
21/08/2022,1.000141025,1.000396967,0.999759018,1.000187993,5446317941,52437858150.0
22/08/2022,1.000138044,1.000363946,0.999764025,1.000113964,5446317941,52659400311.0
23/08/2022,0.999981999,1.00039506,0.999705017,1.000136018,5446317941,52340061743.0
24/08/2022,0.999861002,1.000239015,0.999647021,0.999998987,7342467396,52325574418.0
25/08/2022,0.999960005,1.000195026,0.999670982,0.999921024,7247298408,52246887020.0
26/08/2022,0.999974012,1.00031805,0.999548972,0.999979019,9023777773,52161487277.0
27/08/2022,1.000008941,1.000349998,0.999701023,0.999921024,12367955268,52221735775.0
28/08/2022,1.000030994,1.000239968,0.999727011,1.000013947,6479740107,52159828556.0
29/08/2022,0.999966979,1.000365973,0.99980098,0.999934971,8146241733,52302755947.0
30/08/2022,1.00000596,1.00050199,0.999687016,0.999979973,6564730413,52313311695.0
31/08/2022,1.000028014,1.000391006,0.999682009,0.999979019,5586800452,52328535498.0
01/09/2022,0.999975979,1.000396967,0.999660015,1.000054955,5070758690,52330137598.0
02/09/2022,1.00010097,1.000277996,0.999732018,0.999970019,4800544392,52054122243.0
03/09/2022,1.000126004,1.00029397,0.999639988,1.000133038,5057166378,51839811823.0
04/09/2022,1.00010705,1.000254989,0.999795973,1.000115991,6332291606,51916991289.0
05/09/2022,0.999881983,1.000290036,0.999592006,1.000120997,6182567826,51857089829.0
06/09/2022,0.999877989,1.00031805,0.999457002,0.999899983,7323352432,51836941616.0
07/09/2022,0.999993026,1.000316024,0.999710023,0.999804974,5925798240,51555774393.0
08/09/2022,0.99991399,1.000259042,0.99970001,0.999966979,5599051311,51713335979.0
09/09/2022,0.999944985,1.000219941,0.999633014,0.999907017,7486756055,51684200639.0
10/09/2022,0.999863029,1.000223994,0.999686003,0.999944985,6034410916,51708716431.0
11/09/2022,0.999951005,1.000252962,0.999629974,0.999861002,5285353049,51660632937.0
12/09/2022,1.000010967,1.000200033,0.99951601,0.999960005,6603561164,51573885798.0
13/09/2022,1.000113964,1.000224948,0.999364018,1.000022054,7447771857,51439632692.0
14/09/2022,1.000040054,1.000267982,0.999769986,0.999965012,5785823308,51382830585.0
15/09/2022,1.000162005,1.000429988,0.999743998,1.000038028,7140693834,50699690765.0
16/09/2022,1.000118017,1.000336051,0.999746978,1.000169992,5765020468,50362962308.0
17/09/2022,1.000031948,1.000283003,0.999855995,1.000077009,3630797018,50321821841.0
18/09/2022,1.000077009,1.000239015,0.999651015,1.000080943,4028540366,50275732998.0
19/09/2022,0.999872983,1.000450015,0.999668002,0.99999398,5448220572,50246500269.0
20/09/2022,0.999948025,1.000308037,0.999599993,0.99990201,4922676526,49984828100.0
21/09/2022,1.00011301,1.000692964,0.999348998,0.999915004,5956755763,50170337210.0
22/09/2022,0.999920011,1.000488043,0.999612987,1.000133991,5233558179,49961843473.0
23/09/2022,0.999993026,1.000386,0.999719977,0.999945998,5282910708,49892551994.0
24/09/2022,0.999972999,1.000242949,0.999647021,1.000010014,3875334932,49869385732.0
25/09/2022,0.999967992,1.000301003,0.999817014,0.999967992,3878358168,49778209174.0
26/09/2022,1.000164986,1.000421047,0.999741018,1.000048995,3999499289,49676427403.0
27/09/2022,1.000123024,1.000411987,0.999705017,1.000213981,4795683665,49228298552.0
28/09/2022,1.000010967,1.000344038,0.999767005,1.000054002,4650658918,49197363299.0
29/09/2022,1.000123978,1.000319004,0.999652028,1.000054002,4102135594,48925297414.0
30/09/2022,1.000066042,1.00039506,0.99980098,0.999971986,4870470845,48516414137.0
01/10/2022,0.999984026,1.000170946,0.999798,1.000041962,3108134491,47317566544.0
02/10/2022,0.999991,1.000311017,0.999441981,1.000012994,2933405193,47217028392.0
03/10/2022,0.999926984,1.000215054,0.999816,1.000031948,4449830981,47429205567.0
04/10/2022,0.999931991,1.000200033,0.999787986,0.999916017,3702781171,47127777473.0
05/10/2022,0.999938011,1.000252962,0.999710023,0.999943018,3648372214,46767462842.0
06/10/2022,0.999969006,1.000272036,0.999713004,1.00000596,4064924187,46412465271.0
07/10/2022,1.000022054,1.000249982,0.999731004,0.999988019,3663387742,46188993441.0
08/10/2022,1.000146985,1.000188947,0.999765992,0.999993026,2735745388,46210937641.0
09/10/2022,0.999993026,1.000216961,0.999854028,1.000151038,2260430910,46054961501.0
10/10/2022,0.999940991,1.000242949,0.999737978,0.999980986,3234465931,45974636494.0
11/10/2022,1.000025034,1.000272989,0.999710023,0.999934018,3635935332,45967669158.0
12/10/2022,0.999961972,1.000254989,0.999859989,1.000023961,2920458912,45948598246.0
13/10/2022,1.000015974,1.000350952,0.999545991,0.999970019,4863475901,45868986890.0
14/10/2022,0.999994993,1.000324011,0.999701023,1.000008941,4058420604,45509587293.0
15/10/2022,0.999930024,1.000234962,0.999837995,0.999996006,2551998130,44952268038.0
16/10/2022,0.999952972,1.000285983,0.999831975,0.999906003,2511992440,45014733396.0
17/10/2022,0.99998498,1.000218034,0.999854028,0.999961019,2980936199,45007234186.0
18/10/2022,0.999997973,1.000301957,0.999848008,0.999991,2885568216,44756383398.0
19/10/2022,1.000054955,1.000403047,0.999760985,0.999981999,2645576295,44552999522.0
20/10/2022,1,1.000401974,0.999750972,1.000038981,2679829482,44399264135.0
21/10/2022,1.000013947,1.000401974,0.999839008,0.999985993,3250082894,43915403662.0
22/10/2022,1.000028968,1.000190973,0.99980998,1.000018954,1929650726,43900140152.0
23/10/2022,1.000030041,1.000316024,0.999782026,1.000023007,2276952462,43913475710.0
24/10/2022,0.999979973,1.000259995,0.999767005,1.000079989,3031244247,43923123683.0
25/10/2022,0.999966025,1.000731945,0.99970597,0.999942005,4523233356,43774483588.0
26/10/2022,1.000026941,1.000424981,0.99971199,0.999925971,4575654708,43760353890.0
27/10/2022,0.999969006,1.000260949,0.999731004,1.000022054,4234666654,43823149352.0
28/10/2022,0.999922991,1.00028801,0.999686003,0.999952972,4000469292,43971339153.0
29/10/2022,1.000079036,1.000426054,0.999698997,0.999917984,4594883158,43735636821.0
30/10/2022,1.000115037,1.000260949,0.999776006,1.000051975,3672657264,43687403699.0
31/10/2022,0.999996006,1.000378966,0.999451995,1.00008595,5307443271,43650950203.0
01/11/2022,1.000043988,1.000254035,0.999728978,1.00001204,3559235451,43404958127.0
02/11/2022,1.000097036,1.000380993,0.999571979,1.000035048,6343248164,43002287942.0
03/11/2022,1.000064969,1.000653982,0.999794006,1.000133991,3480226568,42583246690.0
04/11/2022,1.000036001,1.00049603,0.999669015,1.000041008,4189794922,42134427139.0
05/11/2022,0.999903977,1.000314951,0.999761999,1.000018001,2820629269,42096164339.0
06/11/2022,0.999868989,1.000311017,0.999593973,0.99990797,2414704424,42052836507.0
07/11/2022,1.000323057,1.000388026,0.999657989,0.999850988,3478168774,42327476717.0
08/11/2022,0.999981999,1.001322985,0.998709977,1.00029695,9481272661,43328997278.0
09/11/2022,1.000342011,1.001206994,0.999155998,1.000131965,10733960295,42692116355.0
10/11/2022,1.00069201,1.007329941,0.999857008,1.000359058,9392844548,42786320123.0
11/11/2022,1.000733972,1.001327991,0.999646008,1.000659943,4591678573,43650609779.0
12/11/2022,1.000223994,1.000934958,0.999998987,1.000758052,2456430569,43885311175.0
13/11/2022,1.000136018,1.000620008,0.999948025,1.000177979,2374782585,44063041659.0
14/11/2022,1.000586033,1.000987053,0.999778986,1.000134945,4017714642,44093694941.0
15/11/2022,1.000344992,1.00080502,0.999881983,1.000617981,3132740778,44249938150.0
16/11/2022,1.000185966,1.000512958,0.999789,1.000355959,3988959847,44625634395.0
17/11/2022,1.000162005,1.000525951,0.999768972,1.00019896,2882973153,44380809310.0
18/11/2022,1.000247955,1.000488043,1.000038981,1.000159979,2638924708,44166074835.0
19/11/2022,1.000156045,1.000460029,0.99999702,1.000226021,2142545663,44397713114.0
20/11/2022,1.000213981,1.00049901,0.999831975,1.000167012,2631891750,44454698762.0
21/11/2022,1.000329971,1.000779033,0.999808013,1.000208974,6600804024,44571997620.0
22/11/2022,1.000419021,1.000722051,0.999969006,1.000252008,4058680571,44322455958.0
23/11/2022,1.000326991,1.00078702,1.000013947,1.000480056,4043753926,44137703778.0
24/11/2022,1.000215054,1.000635028,0.999965012,1.000329018,3455771499,43725048309.0
25/11/2022,1.000056982,1.000316024,0.99989301,1.000167012,2547890810,44047195157.0
26/11/2022,1.000151038,1.000638962,0.999868989,1.000080943,2436483647,43961272957.0
27/11/2022,1.000141025,1.000354052,0.999837995,1.000164986,2289589937,44130944750.0
28/11/2022,1.000200987,1.000622988,0.999678016,1.000175953,2949046303,44267982125.0
29/11/2022,1.000076056,1.000444055,0.999943018,1.000252962,2909572697,43639134379.0
30/11/2022,1.000007987,1.000607967,0.999646008,1.000079036,3389698194,43289158815.0
01/12/2022,1.00000298,1.000260949,0.999561012,1.00001502,2503961407,43237688219.0
02/12/2022,1.000051022,1.000295043,0.999695003,1.00001204,2490597772,43038089851.0
03/12/2022,0.999961972,1.000244975,0.999741971,1.000064969,1795238577,43226288019.0
04/12/2022,1.000015974,1.000252962,0.99980998,0.999966025,1702758189,43437755639.0
05/12/2022,1.000020981,1.000396967,0.999679029,1.000118017,2283841749,43453588832.0
06/12/2022,1.000090003,1.000254989,0.999670029,1.000018954,2226009116,43174777144.0
07/12/2022,1.000026941,1.00019896,0.99949801,1.000098944,2274813216,43014542406.0
08/12/2022,1.000028968,1.000442028,0.999805987,1.000035048,2170271743,42841983413.0
09/12/2022,1.000043035,1.000306964,0.999760985,1.000033021,2120225426,42795341794.0
10/12/2022,1.000072002,1.000219941,0.999912977,1.000038028,1280687558,42734846904.0
11/12/2022,0.999996006,1.000339985,0.999740005,1.000069022,1330942018,42708116170.0
12/12/2022,1.000095963,1.00028801,0.999725997,0.99999702,2410188441,42804576874.0
13/12/2022,1.000133991,1.000517011,0.999634027,1.000095963,3884992735,42478597335.0
14/12/2022,0.999979973,1.000280976,0.999617994,1.000134945,3151848157,45046905555.0
15/12/2022,1.00001502,1.000249028,0.999570012,1.000040054,2460794466,45219482769.0
16/12/2022,0.999900997,1.000246048,0.999342978,1.00000596,3154403231,45135657888.0
17/12/2022,1.000020027,1.000409961,0.999403,0.99989903,2160638041,44783417675.0
18/12/2022,0.999760985,1.000265956,0.999633014,1.000018954,1068964229,44962564936.0
19/12/2022,1.000190973,1.000249982,0.999346018,0.99979198,2366552622,44960720773.0
20/12/2022,0.999991,1.000442982,0.999763012,1.00019002,2562520190,44590089225.0
21/12/2022,1.000095963,1.000270009,0.999736011,0.999987006,1950566712,44442864039.0
22/12/2022,1.00011003,1.000342965,0.999505997,1.000040054,1850998745,44292111491.0
23/12/2022,1.000033975,1.000270963,0.999786019,1.000120044,1885345751,44195475644.0
24/12/2022,1.000046015,1.000234008,0.999917984,1.000012994,915340746,44161657754.0
25/12/2022,1.000082016,1.000215054,0.999755025,1.000028968,1380163674,44233781036.0
26/12/2022,1.000102997,1.00019598,0.999854028,1.00011003,1442718612,44372269007.0
27/12/2022,1.000169039,1.000272036,0.999697983,1.000103951,1696141537,44513812934.0
28/12/2022,1.000185013,1.000244021,0.999770999,1.000128031,2210122747,44178052972.0
29/12/2022,1.000138044,1.000331044,0.999782979,1.000156999,1972864413,44400302706.0
30/12/2022,1.000120997,1.000295997,0.999852002,1.000102043,1879667314,44406969868.0
31/12/2022,1.000028968,1.000341058,0.999876976,1.00019598,1329559200,44523297779.0
01/01/2023,0.999993026,1.000362039,0.999854028,1.000022054,1197927576,44528657221.0
02/01/2023,0.999988973,1.000216961,0.999848008,1.000013947,1562545140,44601803874.0
03/01/2023,1.00009799,1.000251055,0.99970901,1.000010014,2006189065,44694019196.0
04/01/2023,1.000004053,1.000301957,0.999737978,1.000108957,2402538600,44202124101.0
05/01/2023,1.000020981,1.000216961,0.999805987,1.000010967,2080129330,44135425876.0
06/01/2023,1.000012994,1.000342965,0.999795973,1.000007987,2361812755,43763429710.0
07/01/2023,0.999981999,1.000326991,0.999877989,1.00001502,1570732742,43712866668.0
08/01/2023,1.00019598,1.000363946,0.999832988,0.999944985,1788498969,43815414264.0
09/01/2023,1.000046015,1.000357985,0.999588013,1.000237942,3646138496,43973957035.0
10/01/2023,0.999987006,1.000234962,0.99970597,1.000005007,2630571530,44012648245.0
11/01/2023,1.000131965,1.000383973,0.999701977,1.000007987,2801305360,43685112247.0
12/01/2023,1.000072002,1.000447035,0.999276996,1.000319958,4571366092,43929682406.0
13/01/2023,1.000247002,1.000537992,0.999606013,1.000080943,3509707746,43933186020.0
14/01/2023,1.000084043,1.000784993,0.999390006,1.00018096,4297415658,43462592152.0
15/01/2023,0.999925971,1.000313044,0.999544978,1.000105023,2635965361,43678264953.0
16/01/2023,0.999961972,1.000494957,0.999626994,0.999899983,2899726940,43833013504.0
17/01/2023,0.99980998,1.000357985,0.999617994,1.000007987,2965132328,43830805553.0
18/01/2023,0.999845028,1.000684023,0.999391973,0.999808013,4209476194,43541671600.0
19/01/2023,1.000023961,1.000308037,0.999742985,0.999795973,3098920631,43107768363.0
20/01/2023,1.000265002,1.000681043,0.999666989,1.000041962,3444375885,43107246611.0
21/01/2023,0.999840021,1.000504971,0.999143004,1.000298023,3742948234,43209684233.0
22/01/2023,0.999975979,1.000386,0.999431014,0.999861002,3227947507,43327364624.0
23/01/2023,0.999858022,1.000426054,0.999423027,0.999836981,3419783936,43513037554.0
24/01/2023,0.999957979,1.000321031,0.999089003,0.999826014,3576076257,43430853638.0
25/01/2023,1.000061989,1.000506043,0.999499977,0.999933004,4154869647,43719411091.0
26/01/2023,0.999960005,1.000339031,0.999628007,1.000028968,3258930502,43545593016.0
27/01/2023,1.000026941,1.000388026,0.999580026,0.999979973,3615689955,43326277770.0
28/01/2023,1.000130057,1.000265002,0.999634981,0.999981999,2554816547,43080116274.0
29/01/2023,1.000000954,1.000393033,0.999655008,1.000113964,2963258500,43167479982.0
30/01/2023,1.00010097,1.000332952,0.999503016,1.000074983,3562976035,43113082735.0
31/01/2023,1.000058055,1.000430942,0.999650002,1.000020981,2960609713,42731330919.0
01/02/2023,1.000149965,1.000771046,0.999525011,1.000017047,3454788463,42443689339.0
02/02/2023,0.999774992,1.000455022,0.999369979,1.000087023,4233203635,42339805493.0
03/02/2023,1.000035048,1.00049305,0.999665022,0.999789,3432403396,42540250173.0
04/02/2023,0.999921024,1.000291944,0.999669015,0.999980986,2476218901,41979649585.0
05/02/2023,0.999953985,1.000306964,0.999176025,0.999884009,2929555475,42029296087.0
06/02/2023,0.999927998,1.000458956,0.99950099,0.999960005,3098238993,42057121144.0
07/02/2023,0.999993026,1.000319958,0.999477029,0.999839008,3694028407,41800705575.0
08/02/2023,1.00001204,1.000277042,0.999530971,1.000010967,3602936283,41821971553.0
09/02/2023,1.000121951,1.00050199,0.999462008,1.000023961,4476731490,41489736570.0
10/02/2023,1.000030994,1.000383973,0.99950099,1.000115991,3672886124,41454455610.0
11/02/2023,0.999976993,1.000295997,0.999584019,1.000005007,2420063116,41396045452.0
12/02/2023,1.000066042,1.000457048,0.999588013,0.999978006,2523403098,41347003134.0
13/02/2023,1.00009501,1.000388026,0.999430001,1.000133991,4929525447,41249501485.0
14/02/2023,1.000056982,1.000534058,0.999562025,1.000112057,4219254344,40964205745.0
15/02/2023,1.000071049,1.000502944,0.999643981,1.000066042,4265639806,41098392955.0
16/02/2023,0.999858022,1.000435948,0.999478996,1.000010967,5620785014,41418075055.0
17/02/2023,0.999934971,1.000491023,0.999566019,0.999831021,4696979332,41759492749.0
18/02/2023,0.99988699,1.00030601,0.999723971,0.999984026,2724755647,41850455706.0
19/02/2023,0.999897003,1.000288963,0.999467015,0.999979973,3217361040,41847466367.0
20/02/2023,1.000143051,1.000321031,0.999473989,0.999961972,3456245956,41915446075.0
21/02/2023,1.000064015,1.000210047,0.99951297,1.000120997,4145675499,41929600474.0
22/02/2023,1.000144958,1.000388026,0.99958998,1.000097036,4388750217,42150096803.0
23/02/2023,1.00008297,1.000435948,0.999517024,1.000152946,4056250193,42107605597.0
24/02/2023,1.000044942,1.000334024,0.999431014,1.000076056,4261268706,42172684956.0
25/02/2023,1.000287056,1.000287056,0.999665976,1.000056028,2686817523,42586940043.0
26/02/2023,1.000136018,1.000308037,0.999679029,1.000113964,2507543870,42566004100.0
27/02/2023,1.000074983,1.000465989,0.999630988,1.000125051,3267016287,42635599774.0
28/02/2023,0.999876022,1.000254989,0.999579012,1.000079989,3109767982,42555162071.0
01/03/2023,1.000146031,1.000329018,0.999701023,0.999922991,3676550737,42367057302.0
02/03/2023,1.000295043,1.000609994,0.999391973,1.000062943,3569810686,42579603934.0
03/03/2023,1,1.00048995,0.999369979,1.00031805,4111203947,43133653728.0
04/03/2023,1.000048041,1.000282049,0.999657989,0.999979973,2215392974,43575363882.0
05/03/2023,1.000010014,1.000360012,0.99960798,1.000054955,2396832193,43887802726.0
06/03/2023,0.999952972,1.000239015,0.999661028,1.000038028,2954077279,44026193398.0
07/03/2023,1.000080943,1.000406027,0.999668002,0.999948978,3567136291,43738748396.0
08/03/2023,0.999868989,1.000329018,0.999638021,1.000090957,3259552390,43561666187.0
09/03/2023,1.000007987,1.000257969,0.999374986,0.999845982,3762826045,43511821607.0
10/03/2023,0.999478996,1.000915051,0.999217987,1.000000954,7610706906,43439310149.0
11/03/2023,0.971499979,1.000066996,0.877399981,0.999469995,26682206827,42196527257.0
12/03/2023,0.992069006,0.995424986,0.947013021,0.968299985,9955867537,39414641347.0
13/03/2023,0.998947024,1.000277996,0.988035977,0.991158009,9184314805,40295919421.0
14/03/2023,0.999179006,1.000087023,0.997561991,0.999128997,7814525316,39514923548.0
15/03/2023,1.000184059,1.000779986,0.997852981,0.999131978,7297504595,38426485689.0
16/03/2023,0.999961019,1.000643969,0.999060988,1.000089049,5813165153,37638741571.0
17/03/2023,1.000044942,1.000877023,0.998866022,1.000010967,6804547128,37066939414.0
18/03/2023,0.999502003,1.000597,0.99840498,0.999888003,4862447405,36353374994.0
19/03/2023,0.999845028,1.000480056,0.99842298,0.99971199,4030817576,36372068012.0
20/03/2023,0.997979999,1.000401974,0.997389972,0.999952972,6812088662,36290783742.0
21/03/2023,0.998525977,1.000074983,0.996448994,0.997922003,5061226074,35577520978.0
22/03/2023,0.999123991,0.999858975,0.996966004,0.998589993,6207409133,35385737113.0
23/03/2023,0.999037027,1.000041008,0.997542977,0.99911797,6139163965,34883051890.0
24/03/2023,0.999862015,1.000169039,0.998318017,0.999182999,5536710750,34528718222.0
25/03/2023,0.999736011,1.00019598,0.999099016,0.999732971,3630877871,34100217344.0
26/03/2023,0.999885023,1.000193,0.999328971,0.99979198,3302521189,34136834051.0
27/03/2023,0.999683976,1.000187993,0.998942018,0.999746978,4510405294,33902194382.0
28/03/2023,0.999884009,1.000352025,0.999185026,0.999541998,4167400927,33473919599.0
29/03/2023,0.999810994,1.000319004,0.99892801,0.99979198,4219185140,33357305472.0
30/03/2023,1.000008941,1.000334024,0.999153972,0.99990797,4893829473,33299622911.0
31/03/2023,0.999783993,1.000285983,0.999477029,0.999957979,4103572101,32875147350.0
01/04/2023,0.999786019,1.000280976,0.999450982,0.999682009,2593064644,32545003021.0
02/04/2023,0.999741971,1.000056982,0.999191999,0.999651015,2930085933,32545586598.0
03/04/2023,0.999855995,1.00048995,0.999274015,0.999912024,4466068651,32564611321.0
04/04/2023,0.999817014,1.000195026,0.999032974,0.999625981,4031916462,32678368170.0
05/04/2023,0.999765992,1.000229955,0.999260008,0.999723971,4169747376,32706455681.0
06/04/2023,0.999996006,1.00020504,0.999280989,0.999832988,3814620125,32640958003.0
07/04/2023,1.000054955,1.000293016,0.998911977,0.999846995,2903250734,32758616583.0
08/04/2023,0.999818981,1.000329971,0.999436975,0.999909997,2282839968,32617421144.0
09/04/2023,0.999745011,1.000404954,0.999368012,0.999885023,2572735226,32622414241.0
10/04/2023,0.999716997,1.000309944,0.999315023,0.999870002,3782006070,32618005275.0
11/04/2023,1.00001204,1.000324965,0.999032974,0.999786973,4226589595,32369910064.0
12/04/2023,0.999853015,1.000342965,0.999231994,0.99989599,4455109085,32413088279.0
13/04/2023,0.99989903,1.000298977,0.999243975,0.999486029,4497996156,32038453660.0
14/04/2023,0.999961019,1.000432968,0.999036014,1.000023961,6483808260,31978840381.0
15/04/2023,0.999875009,1.000321984,0.999369025,0.999903023,3570934315,31857257937.0
16/04/2023,0.999705017,1.000218034,0.998947024,0.999803007,3945942527,31807237206.0
17/04/2023,0.999864995,1.000120997,0.999177992,0.999620974,4388563239,31843395208.0
18/04/2023,1.000030994,1.000375032,0.999635994,0.999957979,4416719010,31631776002.0
19/04/2023,1.000051022,1.00030899,0.999040008,1.000049949,5954252197,31381919832.0
20/04/2023,1.000164032,1.000450969,0.999459028,0.999873996,5370179003,31274020649.0
21/04/2023,1.000337005,1.000808001,0.999746025,1.000161052,5485001575,30998429491.0
22/04/2023,1.00010705,1.000759959,0.99980098,1.000336051,3371754245,30781229060.0
23/04/2023,0.999894023,1.00049305,0.999541998,1.000064015,3475533157,30800816723.0
24/04/2023,1.000041962,1.000442982,0.999547005,0.999920011,4393039848,30832016787.0
25/04/2023,1,1.000377059,0.999612987,0.999954998,4849844618,30724101062.0
26/04/2023,0.999884009,1.000651002,0.999574006,0.999877989,6469260029,30730506420.0
27/04/2023,0.999682009,1.000524998,0.999333978,1.000051022,5592517130,30761326834.0
28/04/2023,0.999894977,1.000321984,0.999482989,0.999859989,4103487467,30558401325.0
29/04/2023,0.999983013,1.000221014,0.999692976,0.999872029,2544777872,30505673945.0
30/04/2023,0.999996006,1.000365019,0.999646008,0.999870002,3328615964,30517472542.0
01/05/2023,1.000100017,1.000543952,0.999579012,0.999920011,3639367736,30507262544.0
02/05/2023,0.999933004,1.000514984,0.999445975,1.000177026,2902760212,30401590451.0
03/05/2023,1.000020981,1.000473976,0.999620974,0.999952018,3636049113,30203709587.0
04/05/2023,1.000061989,1.000447989,0.999701023,0.999909997,3016766782,30115550079.0
05/05/2023,1.000013947,1.000411987,0.999682009,1.000018954,4114517917,30144375003.0
06/05/2023,1.000051975,1.000426054,0.999562979,1.000049949,3737756631,30384207596.0
07/05/2023,1.000144958,1.000440001,0.999653995,1.000020027,2509528527,30369654736.0
08/05/2023,1.000048995,1.000411987,0.999629021,1.000190973,4488130638,30342574924.0
09/05/2023,1.000223041,1.000324965,0.999612987,1.000069022,2959273885,30258663503.0
10/05/2023,1.000030994,1.000725031,0.999230027,1.000130057,4343854748,30150202929.0
11/05/2023,1.000174046,1.000645041,0.999580979,1.000053048,3909082089,30071349959.0
12/05/2023,1.000059009,1.000496984,0.999468982,0.999926984,4185712320,30028195165.0
13/05/2023,1.000028014,1.000517011,0.999670982,1.000000954,1974042367,29970051658.0
14/05/2023,1.000097036,1.000332952,0.999648988,1.000053048,2047773213,30054743760.0
15/05/2023,1.000020981,1.000401974,0.99961102,1.000046015,3148745500,29949809798.0
16/05/2023,0.999948025,1.000272989,0.999583006,1.000064015,2722392153,29792036477.0
17/05/2023,1.00000298,1.000355005,0.999520004,0.999897003,3131943202,29675758793.0
18/05/2023,0.999988019,1.000625014,0.999615014,0.999978006,2968729105,29503039586.0
19/05/2023,0.999965012,1.00050199,0.999472022,1.00001502,2439159656,29610494624.0
20/05/2023,1.000076056,1.000313044,0.999769986,0.99999398,1435963394,29557752770.0
21/05/2023,0.999889016,1.000403047,0.999749005,1.000154972,1777767516,29562931910.0
22/05/2023,0.999954998,1.00039506,0.999662995,0.999817014,2589848746,29549991311.0
23/05/2023,0.999961972,1.000368953,0.999557972,1.000026941,2924076287,29438095225.0
24/05/2023,1.000136018,1.000354052,0.999538004,0.999907017,3291167507,29253725553.0
25/05/2023,0.999997973,1.000329971,0.999610007,0.999991,2770193924,29158132296.0
26/05/2023,0.999934018,1.000622034,0.999656975,0.999880016,2485067667,29054615190.0
27/05/2023,1.000033975,1.000596046,0.999734998,1.000041008,1450362893,29083852842.0
28/05/2023,0.999997973,1.000440001,0.999642015,1.000136018,2614572603,29022835527.0
29/05/2023,0.999862015,1.000422001,0.999495983,1.000116944,2719634408,29066405756.0
30/05/2023,0.999844015,1.00039804,0.999580979,0.999879003,2801360301,29069645464.0
31/05/2023,1.000179052,1.00059104,0.999432027,0.999859989,2753700484,28960554487.0
01/06/2023,1.000054955,1.000470996,0.999520004,0.999979019,3010435468,28891039555.0
02/06/2023,1.000061989,1.000357985,0.999553978,1.000084043,2963165478,28986656756.0
03/06/2023,0.999903023,1.000208974,0.999650002,1.00001204,1761598228,28901643508.0
04/06/2023,0.999795973,1.000331044,0.999576986,0.999885023,1912106592,28904346979.0
05/06/2023,0.999912977,1.000455022,0.999472976,0.999863029,4613674985,28974952278.0
06/06/2023,0.999850988,1.000579953,0.999571979,1.000035048,4430436583,28799050860.0
07/06/2023,0.99990201,1.000354052,0.999634027,0.999890983,4279564855,28646537275.0
08/06/2023,1.000097036,1.000447035,0.999638021,0.999947011,2722751251,28513773615.0
09/06/2023,0.999948978,1.000558972,0.999698997,0.999961019,2665781846,28430725357.0
10/06/2023,0.999884009,1.000648022,0.999687016,0.99999398,5562774660,28327046012.0
11/06/2023,0.999934018,1.000506043,0.999602973,0.999938011,2395915206,28357858208.0
12/06/2023,1.000216007,1.001013994,0.999490976,0.999737978,3482493796,28383743134.0
13/06/2023,0.999980986,1.000566006,0.999638975,1.000131965,3455989217,28303353139.0
14/06/2023,1.000051975,1.000594974,0.99929601,1.000030041,3368200180,28178562862.0
15/06/2023,1.000084996,1.002259016,0.999512017,0.99990499,6040215579,28095230727.0
16/06/2023,1.000120044,1.000576973,0.99962002,1.000040054,3727702817,28219492681.0
17/06/2023,1.000069022,1.00049603,0.99971199,1.00011301,2353245046,28340122294.0
18/06/2023,1.000018001,1.000648022,0.999724984,1.000056028,1927548864,28337781547.0
19/06/2023,1.000169992,1.00070405,0.999689996,0.999991,3052004763,28345755930.0
20/06/2023,1.000301957,1.000879049,0.999704003,1.000115037,4705226783,28459798312.0
21/06/2023,1.000077963,1.000494003,0.999293983,1.000192046,6494016298,28523107199.0
22/06/2023,0.999967992,1.000530958,0.999031007,1.00009799,4887538535,28460264105.0
23/06/2023,0.999991,1.000733972,0.999473989,0.999996006,5087372638,28483323820.0
24/06/2023,0.999931991,1.000437021,0.999597013,1.000008941,2382774730,28467230857.0
25/06/2023,1.000136971,1.000561953,0.999550998,0.999867976,2847495718,28474568748.0
26/06/2023,1.000025034,1.000538945,0.999527991,1.000154018,3856083147,28458880893.0
27/06/2023,1,1.000373006,0.999552011,1.000044942,3824274035,28371551696.0
28/06/2023,1.000048041,1.00048697,0.999505997,0.999907017,3482152553,28225577859.0
29/06/2023,0.999961972,1.000524044,0.999723971,1.000118971,3165466479,28123528987.0
30/06/2023,1.000252962,1.000938058,0.999480009,0.999795973,6373895760,27953686257.0
01/07/2023,1.000133991,1.000738025,0.999792993,0.999960005,2631090680,27367221915.0
02/07/2023,1.000134945,1.000803947,0.999710023,1.000056028,2553765961,27391541347.0
03/07/2023,0.999979973,1.000826955,0.999641001,1.000201941,3591365139,27389450379.0
04/07/2023,1.000164986,1.000615001,0.999540985,0.999920011,2950403752,27689207015.0
05/07/2023,1.00010097,1.000519991,0.999440014,1.000254035,3099466412,27754724322.0
06/07/2023,1.000069976,1.00050199,0.999496996,0.99999702,4263171820,27662665652.0
07/07/2023,0.999940991,1.000651002,0.999625027,0.999970973,3149204362,27577560159.0
08/07/2023,1.000028968,1.000684023,0.999747992,1.00001502,1870945839,27490882354.0
09/07/2023,1.000112057,1.000658035,0.999740005,1.000036955,1767586724,27520618447.0
10/07/2023,0.999966979,1.000666022,0.999553978,1.000125051,3359012284,27497914256.0
11/07/2023,0.999970973,1.000694036,0.999674976,1.000028014,2747012361,27383207896.0
12/07/2023,0.999971986,1.000928998,0.999562025,1.000007987,3099598321,27372801557.0
13/07/2023,0.999906003,1.000784039,0.999517977,1.000048041,5528502864,27274501888.0
14/07/2023,1.00019598,1.00080502,0.999423981,1.000115991,4852861593,27379899146.0
15/07/2023,1.000056982,1.00059998,0.999683976,1.00020802,2140381966,27253533177.0
16/07/2023,1.000169039,1.000745058,0.999674022,0.999961972,2080513172,27284376845.0
17/07/2023,0.999934971,1.000548005,0.999664009,1.000151038,3208017139,27220350353.0
18/07/2023,0.999971986,1.000530958,0.999526024,0.999992013,2974234953,27030808525.0
19/07/2023,1.000041008,1.000406981,0.999391973,0.99989301,2779406654,27005085335.0
20/07/2023,0.99999398,1.000540018,0.999572992,1.000044942,3200825513,26981643197.0
21/07/2023,1.000139952,1.000566959,0.999628007,1.000025034,6052246403,26923508798.0
22/07/2023,0.999808013,1.000911951,0.999644995,1.000138998,2059171696,26853748456.0
23/07/2023,0.999876976,1.000798941,0.999611974,0.999961972,1923166146,26847685807.0
24/07/2023,1.000036001,1.000542045,0.999360025,1.000028014,2972535139,26846574717.0
25/07/2023,0.999970019,1.000772953,0.999761999,1.000066996,2242969853,26698348903.0
26/07/2023,1.000134945,1.000975966,0.999566019,0.999989986,2959690717,26681213248.0
27/07/2023,0.999805987,1.000517964,0.999644995,1.000087023,2447050412,26602988140.0
28/07/2023,1.000166059,1.00067997,0.999397993,0.999854982,2576906993,26578209754.0
29/07/2023,1.000058055,1.000627995,0.999773026,1.00019598,1552851362,26547001184.0
30/07/2023,1.000022054,1.000573993,0.999686003,1.000102997,2064962482,26545084512.0
31/07/2023,1.000010014,1.000617027,0.999619007,1.000031948,2797739009,26538644795.0
01/08/2023,1.000072002,1.000607967,0.999543011,0.999996006,4107231674,26489110610.0
02/08/2023,0.999890983,1.000645041,0.999650002,1.000087023,3899981415,26320268338.0
03/08/2023,1.000242949,1.000527978,0.999634027,0.999858022,2992754699,26193856239.0
04/08/2023,0.999988973,1.000481963,0.999255002,1.000123024,3102941071,26094832146.0
05/08/2023,0.999876976,1.000293016,0.999716997,1.000022054,1690306453,26032430434.0
06/08/2023,0.999817014,1.00031805,0.999593019,0.999917984,1962209985,26040360467.0
07/08/2023,0.999974012,1.000514984,0.999652028,0.999729991,2920815525,26043142436.0
08/08/2023,1.000079989,1.000798941,0.99981302,0.99999702,3392828372,26135117669.0
09/08/2023,1.000188947,1.000671983,0.999598026,1.000013947,3123624699,26308031420.0
10/08/2023,1.000169992,1.000535011,0.999769986,1.000128984,2804649587,26284261153.0
11/08/2023,1.000082016,1.000828981,0.999836028,1.000074983,2442850118,26152601234.0
12/08/2023,1.000033975,1.000437021,0.999927998,1.000076056,1641540904,26116498500.0
13/08/2023,1.000028014,1.000406981,0.999864995,1.000090957,1761869668,26161944529.0
14/08/2023,1.000120997,1.000568986,0.999825001,1.000041008,2921375821,26180583372.0
15/08/2023,1.000069022,1.000555038,0.999868989,1.000108957,2774696602,26004359972.0
16/08/2023,1.000036955,1.000851989,0.999817014,1.00001502,3289212879,26032843936.0
17/08/2023,1.000437021,1.001155019,0.999225974,1.000017047,6519582155,26085565902.0
18/08/2023,1.000128031,1.000767946,0.999572992,1.000285983,4966467815,26011723418.0
19/08/2023,1.000188947,1.000560999,0.999758005,0.999963999,2489094112,25990994493.0
20/08/2023,1.000102043,1.000548005,0.999844015,1.000069022,2106341342,25986054891.0
21/08/2023,1.000002027,1.000635028,0.999756992,1.00009501,3060565177,25989247153.0
22/08/2023,0.999991,1.000787973,0.999777973,1.000000954,3647897906,25976853370.0
23/08/2023,1.000169992,1.000957012,0.999772012,1.000125051,3730953867,25945490920.0
24/08/2023,0.999915004,1.000566959,0.999825001,1.000056028,2907706728,25984996125.0
25/08/2023,1.000090003,1.000532031,0.999761999,0.99999398,2870155394,25893306039.0
26/08/2023,1.000010014,1.000576973,0.999854982,1.000080943,1491868952,25954981303.0
27/08/2023,1.00000596,1.000558972,0.999769986,0.999992013,1551269738,26011880203.0
28/08/2023,0.999922991,1.000602007,0.999782026,1.000007033,2747710982,26039627185.0
29/08/2023,1.000056028,1.001518965,0.999861002,0.999951005,4288358015,26044969400.0
30/08/2023,1.000154972,1.000735998,0.99971801,1.000025988,3635286825,26236003966.0
31/08/2023,1.000108004,1.000877023,0.999765992,1.000105023,4228660874,26144886649.0
01/09/2023,1.00019598,1.000609994,0.999773979,1.000115037,3352194868,26180791288.0
02/09/2023,1.000169992,1.000527024,0.999916971,1.000197053,1764318129,26162323688.0
03/09/2023,1.000130057,1.000838995,0.999863982,1.000138998,1878209470,26151762539.0
04/09/2023,1.000100017,1.000427961,0.999790013,1.000053048,2275770718,26197777494.0
05/09/2023,1.000030041,1.000409007,0.999841988,0.999920011,2529858601,26088723899.0
06/09/2023,1.000139952,1.00118196,0.999776006,1.000161052,2855555338,26023804217.0
07/09/2023,1.000427008,1.000687957,0.99980098,1.000077963,2428528084,26079440199.0
08/09/2023,1.000097036,1.000839949,0.999894977,1.000285983,2652808484,25966326353.0
09/09/2023,1.000130057,1.000671983,0.999934018,1.000030994,1288697563,26103592135.0
10/09/2023,0.999947011,1.000625014,0.999840021,1.000090957,2034179122,26124853806.0
11/09/2023,1.000046968,1.001031995,0.999807,0.999962986,3827178715,26175966421.0
12/09/2023,1.000205994,1.000743032,0.999843001,1.000141025,4520366160,26065403370.0
13/09/2023,1.000164986,1.000841022,0.999884009,1.000084043,3192111737,26215663913.0
14/09/2023,1.000162959,1.000843048,0.99991101,1.000175953,3162074793,26221834025.0
15/09/2023,1.000342011,1.000702024,0.99989903,1.000151038,2660676460,26139507499.0
16/09/2023,1.000167966,1.000820041,0.999979019,1.000126004,1708005224,26087551766.0
17/09/2023,1.00008297,1.000834942,0.999949992,1.000115991,1585056981,26151982760.0
18/09/2023,1.000115991,1.000766039,0.999866009,1.000025034,3435389761,26176194877.0
19/09/2023,1.00011003,1.000663042,0.999822021,1.000028968,3053934292,26120587800.0
20/09/2023,1.000185013,1.000552058,0.999848008,1.000054002,3103179365,26004718525.0
21/09/2023,1.000004053,1.000607014,0.999751985,1.000177026,2975710420,25965333603.0
22/09/2023,1.000089049,1.000442982,0.999746978,1.000002027,2571335978,25782866104.0
23/09/2023,0.999979019,1.000473976,0.999929011,1.000077009,1770927144,25748181806.0
24/09/2023,1.000087023,1.000736952,0.999909997,0.999972999,1785908523,25769013760.0
25/09/2023,1.000053048,1.000632048,0.999799013,1.00011301,2956159954,25772018334.0
26/09/2023,1.000079036,1.000710011,0.999884009,1.000000954,2698152867,25671257668.0
27/09/2023,1.000156045,1.000759006,0.999889016,1.000046968,2473184892,25606528758.0
28/09/2023,1.000064015,1.001157999,0.999871016,1.000190973,3111905152,25482805598.0
29/09/2023,1.00009501,1.000679016,0.999805987,1.000126958,2434341381,25579070004.0
30/09/2023,1.000105977,1.000576019,0.999827981,1.000123024,1372115519,25054612501.0
01/10/2023,1.000090003,1.000419974,0.999864995,1.000110984,2061687654,25109326927.0
02/10/2023,1.000030041,1.000656962,0.999786973,1.00028801,4197739502,25169346027.0
03/10/2023,1.00009501,1.000581026,0.999737024,1.000030041,2520912223,25337546387.0
04/10/2023,1.000393033,1.000488997,0.999813974,1.000013947,2560902818,25301297058.0
05/10/2023,0.999948978,1.000432968,0.999830008,1.000260949,2671315261,25223334166.0
06/10/2023,0.999991,1.000363946,0.999773026,0.999894023,2590803813,25212207517.0
07/10/2023,0.999960005,1.000185013,0.999750018,0.999989986,1179571042,25496505236.0
08/10/2023,0.999969006,1.000131965,0.999707997,1.00001204,1621879275,25538082196.0
09/10/2023,0.99990201,1.000664949,0.999684989,0.999957979,2797548386,25568023260.0
10/10/2023,0.999975979,1.000532985,0.999728978,0.999993026,2402546704,25508087591.0
11/10/2023,0.999970019,1.000524044,0.999818981,1.000041008,2952223563,25378591457.0
12/10/2023,1.000108004,1.000797987,0.999843001,0.999974012,2354134010,25240293497.0
13/10/2023,1.000239015,1.000738025,0.999881029,1.000054002,2256260023,25095845457.0
14/10/2023,1.00011301,1.000530958,0.999953985,1.000167012,1036838776,25094006157.0
15/10/2023,1.000313997,1.000673056,0.999903977,1.000048041,1366917286,25134530787.0
16/10/2023,1.000206947,1.000821948,0.999818027,1.000233054,4703592443,25170230880.0
17/10/2023,1.000023961,1.000327945,0.999813974,1.000221014,2840553486,25251308999.0
18/10/2023,1.000038981,1.000470042,0.99988699,1.000054002,2648160709,25297505585.0
19/10/2023,0.999988019,1.000548005,0.999858022,1.00020802,2652500406,25364965110.0
20/10/2023,1.000064015,1.000543952,0.999643028,1.00001204,3464401132,25498367891.0
21/10/2023,0.999948978,1.000211954,0.99981302,1.00001502,2029693357,25535510780.0
22/10/2023,0.999917984,1.000509024,0.999722004,0.999925971,2139970395,25591119615.0
23/10/2023,1.000089049,1.000586987,0.999325991,1.000301003,6974709631,25560733460.0
24/10/2023,0.99999398,1.000481963,0.999517977,0.999976993,8074666907,25480966001.0
25/10/2023,1.00019598,1.000784993,0.99981302,0.999996006,5304032294,25096183294.0
26/10/2023,1.000018954,1.000522017,0.999816,1.000154018,4962675018,25167836260.0
27/10/2023,1,1.00079,0.999814987,1.00000596,4082394599,25084770499.0
28/10/2023,1.000056028,1.00059998,0.999586999,1.000031948,2468016438,24982986543.0
29/10/2023,1.000022054,1.000476003,0.999841988,1.000038028,2543105671,24989725023.0
30/10/2023,1.000167966,1.000468016,0.999707997,0.999951005,3923554176,25090218770.0
31/10/2023,0.999939978,1.000452042,0.999763012,1.000198007,3514523823,24933126460.0
01/11/2023,1.000233054,1.000447989,0.999643981,1.00010097,4780026293,24741908093.0
02/11/2023,1.000120044,1.000633955,0.999768019,1.000177979,4727405731,24758799496.0
03/11/2023,1.000249028,1.000645995,0.999787986,1.000157952,3917354437,24502658944.0
04/11/2023,1.000174999,1.000691056,0.999944985,1.000170946,2236249364,24526366328.0
05/11/2023,0.99999702,1.000759006,0.999659002,1.000260949,3320758545,24584454813.0
06/11/2023,0.999984026,1.000442982,0.999805987,1.000090957,3704537072,24600168084.0
07/11/2023,1.000028014,1.000808001,0.999796987,0.999942005,4331266462,24431902676.0
08/11/2023,1.000033975,1.000412941,0.999852002,1.000022054,3483561051,24411577367.0
09/11/2023,0.999956012,1.000362992,0.999238014,1.000051022,7796943402,24294542587.0
10/11/2023,0.999541998,1.000390053,0.999531984,0.99990797,5800619880,24159633061.0
11/11/2023,0.999710023,1.000134945,0.999463022,0.999832988,4054656387,24158775863.0
12/11/2023,0.999601007,1.000326991,0.999203026,0.999688983,3363812288,24249243007.0
13/11/2023,0.999962986,1.000810981,0.999339998,0.999773026,5884242661,24223270132.0
14/11/2023,1.000025034,1.000507951,0.99960798,1.000259042,5897076012,24042154027.0
15/11/2023,1.000030041,1.000427961,0.999803007,1.000074029,6459430865,23864694246.0
16/11/2023,0.999952018,1.000372052,0.999647975,1.000089049,6587299689,24120206460.0
17/11/2023,1.000190973,1.000452995,0.99971199,1.000017047,5656392614,24201135257.0
18/11/2023,1.000072956,1.000290036,0.99980098,1.000120997,3527085445,24378821058.0
19/11/2023,0.999975979,1.000264049,0.99979502,1.000074029,3377536219,24420316631.0
20/11/2023,0.999969006,1.000247002,0.999548972,1.000026941,5715544230,24441076130.0
21/11/2023,1.000046015,1.000329018,0.999565005,0.999821007,6746318099,24500421250.0
22/11/2023,0.999981999,1.000574946,0.999568999,1.000010967,5843849576,24421879025.0
23/11/2023,0.999956012,1.000203013,0.999755025,1.000004053,3906905702,24409910339.0
24/11/2023,0.999632001,1.000450969,0.999432981,1.000020027,5071942600,24439184226.0
25/11/2023,0.99988699,1.000149965,0.99939698,0.999554992,2220573375,24707898246.0
26/11/2023,0.999867976,1.00000298,0.999225974,0.999876022,2981851641,24726023156.0
27/11/2023,0.999998987,1.000512004,0.999467015,0.999859989,4857602258,24655503698.0
28/11/2023,0.99991399,1.000532985,0.999428988,1.00011301,4946072076,24437977233.0
29/11/2023,1.000040054,1.000228047,0.99932301,0.999853015,4806411317,24520971015.0
30/11/2023,1.00000596,1.00028801,0.999791026,1.000022054,3955267282,24430396391.0
01/12/2023,0.999796987,1.000206947,0.999495983,1.000092983,5045550334,24507375576.0
02/12/2023,0.999952972,1.000115037,0.999319971,0.999750972,3627380584,24560261404.0
03/12/2023,0.99989599,1.000169039,0.998894989,0.999966025,3432480206,24554766695.0
04/12/2023,0.999921024,1.000473976,0.999046028,0.99990201,7360707792,24515071929.0
05/12/2023,1.000283957,1.000444055,0.999357998,0.999972999,6856709757,24400386546.0
06/12/2023,1.000030994,1.000619054,0.999777973,1.000012994,6126970583,24289183597.0
07/12/2023,0.99999702,1.000607014,0.999764979,0.999976993,6488731738,24288530917.0
08/12/2023,0.999925017,1.000556946,0.999807,1.000017047,6282261785,24304813683.0
09/12/2023,1.000195026,1.000656009,0.999841988,0.999918997,4743965792,24500076101.0
10/12/2023,1.000028014,1.000586033,0.999831021,1.000056028,3540530606,24572867657.0
11/12/2023,1.000079989,1.002967,0.999692976,1.00009501,8980651787,24563202192.0
12/12/2023,1.000305057,1.00099504,0.999783993,1.000154018,6327509556,24150529202.0
13/12/2023,1.00000298,1.00109303,0.999809027,1.000265956,6632941650,24053290978.0
14/12/2023,0.999976993,1.000993013,0.999848008,1.000123024,6352617430,24291303994.0
15/12/2023,1.000169992,1.000846028,0.999845982,1.000048995,5589250638,24498837555.0
16/12/2023,0.999972999,1.000812054,0.999841988,1.000170946,3971109127,24599475291.0
17/12/2023,1.000545979,1.001065969,0.999773979,0.999872983,4203857073,24674549914.0
18/12/2023,1.000030994,1.000947952,0.999836981,1.000213027,5768924196,24604523838.0
19/12/2023,1.000257015,1.000936985,0.999696016,1.000000954,5304568228,24714692367.0
20/12/2023,1.000026941,1.001237035,0.999722004,1.000154018,5626388921,24753586584.0
21/12/2023,0.999981999,1.00067699,0.999704003,0.999965012,5752000926,24901256245.0
22/12/2023,1.00020504,1.001039028,0.999843001,0.999981999,6215615616,24782776096.0
23/12/2023,1.000247955,1.000658989,0.999873996,1.000213027,3587593263,25060302355.0
24/12/2023,1.00030899,1.000691056,0.999719977,1.000051022,4449639052,25066546913.0
25/12/2023,1.000396967,1.000605941,0.999795973,1.000311971,4515777689,25090078780.0
26/12/2023,1.000357032,1.000651956,0.99970901,1.000265002,5897181585,25068321884.0
27/12/2023,0.999961019,1.000849962,0.999885023,1.000337005,6415682081,24745359676.0
28/12/2023,1.000751019,1.000982046,0.999684989,1.000154972,6962497226,24862763841.0
29/12/2023,1.000342965,1.001173973,0.999921024,1.000659943,6732719103,24842761005.0
30/12/2023,1.000329971,1.001157045,0.999855995,1.000381947,3591793169,24770043132.0
31/12/2023,1.000069976,1.001227021,0.999834001,1.000136018,3568612484,24659690975.0
01/01/2024,1.000131011,1.000777006,0.999843001,1.00009501,3619152850,24493495656.0
02/01/2024,1.000162959,1.000759959,0.999485016,1.000025034,7168716923,24564299189.0
03/01/2024,1.000182033,1.000926018,0.997814,1.000090003,9659438355,24792052250.0
04/01/2024,0.999979019,1.000655055,0.999854982,0.999916017,6513854273,24996243000.0
05/01/2024,1.000051022,1.000743985,0.999670982,0.999875009,6668210536,25128587807.0
06/01/2024,1.00011301,1.00049603,0.999777019,1.000054002,3301845016,25398486593.0
07/01/2024,0.999979973,1.00058496,0.999665022,0.999993026,3454405965,25419111813.0
08/01/2024,0.999854982,1.000857949,0.999476016,1.000038028,7434325806,25416437624.0
09/01/2024,0.999992013,1.000722051,0.999413013,1.000025034,7685031179,25359430366.0
10/01/2024,0.999814987,1.000710011,0.999427974,1.000030994,10293999660,25215666923.0
11/01/2024,1.000236988,1.000442028,0.999377012,0.999890029,9752773344,25291406986.0
12/01/2024,1.000295043,1.000800967,0.999490976,1.000197053,9173229465,25286028708.0
13/01/2024,1.000149965,1.000555992,0.999750018,1.000476956,4721219489,25390042132.0
14/01/2024,1.000190973,1.000570059,0.99988699,1.000187993,3885825077,25476679496.0
15/01/2024,1.000522017,1.000849962,0.999845982,1.000154972,4968009259,25508991918.0
16/01/2024,1.000205994,1.000931978,0.999853015,1.000218034,5325841668,25494823063.0
17/01/2024,1.000164032,1.000956059,0.999807,1.000185013,5296515232,25436193579.0
18/01/2024,1.000216961,1.001232982,0.999697983,1.000182986,6065965043,25697140663.0
19/01/2024,1.000190973,1.000803947,0.99969399,1.000390053,5781605843,25632873600.0
20/01/2024,1.000049949,1.001624942,0.999777019,1.000241995,2710642311,25524310090.0
21/01/2024,1.000018954,1.000918984,0.999822974,1.000105023,2267115211,25716146841.0
22/01/2024,1.000020027,1.000956059,0.999786019,1.000020981,7125306569,25784105676.0
23/01/2024,1.000087023,1.00118506,0.999741971,0.999954998,6820740579,25616692818.0
24/01/2024,1.000179052,1.000821948,0.999843001,1.000170946,5374964637,25729582054.0
25/01/2024,1.000285029,1.000834942,0.999875009,1.000066996,4814403169,25853040903.0
26/01/2024,1.000144005,1.001042008,0.99988699,1.000133038,5487181666,26004553962.0
27/01/2024,1.000087976,1.000625968,0.99990499,1.000126004,2863545371,26102844700.0
28/01/2024,1.000123024,1.000326037,0.99970001,1.000138998,4447643739,26127764448.0
29/01/2024,1.000175953,1.000668049,0.999931991,1.000116944,4920736968,26149631833.0
30/01/2024,1.000056028,1.000385046,0.999754012,1.000174999,5630117915,26431761377.0
31/01/2024,1.000174046,1.000759959,0.999779999,1.000067949,7284362922,26705653503.0
01/02/2024,1.000344038,1.000920057,0.999794006,1.000169992,5394329612,26818570043.0
02/02/2024,1.000141978,1.000727057,0.999891996,1.000331044,4598678104,26837075556.0
03/02/2024,1.000144958,1.000463963,0.999864995,1.000131011,2502413315,27020270935.0
04/02/2024,1.000126958,1.000522971,0.999930024,1.000170946,2734642073,27060629792.0
05/02/2024,1.000056982,1.000890017,0.999799013,1.000167012,4507910878,27108086552.0
06/02/2024,1.000221014,1.000826001,0.999843001,1.000095963,4415864090,27045855190.0
07/02/2024,1.000092983,1.000723958,0.99969399,1.000154972,5719303290,27311607281.0
08/02/2024,1.000048041,1.000239968,0.999375999,0.999863982,6233371927,27517743669.0
09/02/2024,0.999925017,1.000426054,0.999382019,0.999988019,8069980546,27730047416.0
10/02/2024,1.000013947,1.000393033,0.999782979,1.00001204,3745251311,27927217749.0
11/02/2024,0.999942005,1.000540972,0.999612987,1.000010967,4073957830,27961853335.0
12/02/2024,0.999972999,1.000779986,0.999767005,0.999929011,6739557067,27931484484.0
13/02/2024,1.000095963,1.00069499,0.999566019,0.999954998,6825450889,27813986835.0
14/02/2024,1.000031948,1.000597,0.999487996,1.000195026,6680249701,27890207368.0
15/02/2024,0.999963999,1.000244975,0.999204993,1.000005007,7527179544,27971692431.0
16/02/2024,1.000008941,1.000223994,0.999262989,0.999916971,5614125794,28104474168.0
17/02/2024,1.000064969,1.000344038,0.999448001,0.99999702,3780445355,28101396699.0
18/02/2024,1.000051975,1.000303984,0.999391019,1.000005007,3863859252,28110334758.0
19/02/2024,0.999876022,1.000187039,0.999477983,1.000031948,5396207837,28101955808.0
20/02/2024,0.999930978,1.000269055,0.999333024,0.999772012,7544920935,28031880762.0
21/02/2024,1.000030994,1.000236034,0.999283016,0.999917984,6349227247,28044634163.0
22/02/2024,1.000020981,1.000345945,0.999436975,1.000141025,6826866133,28111226974.0
23/02/2024,1.000018954,1.000517011,0.999680996,1.000090003,4974874020,28025722761.0
24/02/2024,1.000123978,1.000347972,0.999638975,0.999971986,3060116653,28156799636.0
25/02/2024,0.999875009,1.000558972,0.999514997,1.000044942,3463826952,28121822744.0
26/02/2024,0.999949992,1.000323057,0.999166012,1.00000298,6783326949,28184932510.0
27/02/2024,0.999921024,1.000326991,0.998906016,1.000010967,8273690025,28486266051.0
28/02/2024,0.999952018,1.000218034,0.998071015,0.999976993,11959164677,28523776209.0
29/02/2024,0.999754012,1.00031805,0.998902977,1.000010967,10631188477,28708849725.0
01/03/2024,0.999942005,1.000252962,0.999338984,0.999849021,7468283734,28737795516.0
02/03/2024,0.99979502,1.000197053,0.999194026,0.999957025,5668798810,28988023973.0
03/03/2024,0.999890029,1.000434995,0.999369979,0.999841988,5663975274,29024244866.0
04/03/2024,0.999934971,1.000560045,0.999386013,0.999900997,10518120570,29005491999.0
05/03/2024,0.999997973,1.000542998,0.998574018,0.999996006,18001924574,28909521081.0
06/03/2024,0.99980098,1.001525998,0.999146998,0.999845982,12709293551,28863658731.0
07/03/2024,0.999707997,1.000452995,0.998202026,0.999828994,10388182989,29178220262.0
08/03/2024,0.999897003,1.000406027,0.997889996,0.999989986,10713621716,29285124724.0
09/03/2024,1.000038981,1.000298023,0.999023974,0.999844015,5513805821,29970583776.0
10/03/2024,0.999994993,1.000264049,0.99901402,1.000059009,7240540541,30009494582.0
11/03/2024,0.999957025,1.000313044,0.998911023,1.00000298,12100716195,30181778283.0
12/03/2024,0.999953985,1.000417948,0.998485029,0.999981999,12511458622,30448288036.0
13/03/2024,0.999768972,1.000663042,0.998984993,1.000005007,10114698359,30400676483.0
14/03/2024,0.999931991,1.00037396,0.998799026,0.999746025,13013493200,30811279025.0
15/03/2024,1.000036955,1.002097964,0.99911201,0.999858022,17489269628,30584241101.0
16/03/2024,1.000115991,1.000942945,0.999028981,1.000008941,12373832704,30773017723.0
17/03/2024,1.000154018,1.001240969,0.99950403,1.000098944,11925580792,30874004417.0
18/03/2024,0.999906003,1.001096964,0.999230981,1.000187993,12802524795,30886917867.0
19/03/2024,1.000098944,1.001454949,0.999463022,0.999927998,14129126750,30988716071.0
20/03/2024,1.000174999,1.00148201,0.999657989,1.000234008,13623240407,31256595650.0
21/03/2024,1.000108004,1.001724958,0.999651015,1.000154018,9554155555,31407655538.0
22/03/2024,1.000049949,1.001091003,0.999222994,1.000097036,8965555313,31894564385.0
23/03/2024,1.000198007,1.000759006,0.999625027,0.99999398,5054824899,31996066950.0
24/03/2024,1.000148058,1.001124978,0.999734998,1.000254989,5296441294,32009320839.0
25/03/2024,0.999915004,1.001194,0.998847008,1.00009203,8257351260,32044215218.0
26/03/2024,1.000056982,1.000401974,0.998938024,0.999907017,8407213538,32181228114.0
27/03/2024,1.000077963,1.000820041,0.999485016,1.000007987,10072829600,31823479295.110783
28/03/2024,1.000026941,1.000797987,0.999545991,1.000072002,8026263655,32176406302.01352
29/03/2024,0.999880016,1.000445008,0.999382019,1.000069976,7136644890,32214871241.017258
30/03/2024,0.999957979,1.000362039,0.999437988,0.999888003,5877790949,32212107559.23896
31/03/2024,0.999997973,1.000895023,0.999652982,0.99998498,5561724629,32212520926.44953
01/04/2024,1.000048041,1.00127697,0.999686003,0.999974012,9035171770,32280560668.765217
02/04/2024,0.999996006,1.000535011,0.998988986,1.000059009,12493890476,32691847917.759647
03/04/2024,0.999997973,1.00047195,0.999346018,1.000005007,9728672985,32687025241.626884
04/04/2024,1.000040054,1.000272989,0.999082983,0.999954998,12034799564,32766310186.596527
05/04/2024,0.999854982,1.000617027,0.999336004,1.000028014,13790745235,32656494637.78832
06/04/2024,1.000056028,1.00030601,0.999535978,0.999889016,8021149275,32690161914.35984
07/04/2024,0.999921024,1.000293016,0.999379992,1.000071049,4713439433,32693899918.5206
08/04/2024,1.000210047,1.001031995,0.999390006,0.999949992,8121148241,32466456636.91472
09/04/2024,0.999993026,1.000864983,0.999522984,1.000273943,7949691378,32134964802.853622
10/04/2024,1.000164032,1.001062036,0.999441981,0.999984026,7603456293,32026798685.90435
11/04/2024,1.000313997,1.00108099,0.999417007,1.000028014,7223448243,32065968026.85332
12/04/2024,0.999961972,1.001659989,0.999219,1.000324965,10539883881,31780696407.08126
13/04/2024,0.999939978,1.001729965,0.998969972,0.999938011,12008147392,32236872644.39118
14/04/2024,1.00029099,1.001199961,0.999086976,1.000013947,10996382552,32138420324.35133
15/04/2024,1.000156045,1.001019001,0.999266028,1.00030601,9899289273,32241478721.10673
16/04/2024,1.000000954,1.001165032,0.999463022,1.00009799,9306979016,32397080782.23826
17/04/2024,1.00000298,1.001101971,0.999369025,1.000064969,8797320706,32359447001.17155
18/04/2024,1.000162005,1.001171947,0.999437988,0.99999702,8537096534,32848149126.55328
19/04/2024,1.000090003,1.000882983,0.999539018,1.000149012,11026707590,33668395874.04213
20/04/2024,1.000059009,1.000959992,0.999664009,1.000216007,5172051416,33717965578.068954
21/04/2024,1.000007033,1.000884056,0.999603987,1.000041008,4622993536,33699945094.295418
22/04/2024,1.000049949,1.000995994,0.999571025,1.000084043,7099413055,33578469302.15326
23/04/2024,0.999997973,1.000841022,0.999679029,1.000036955,5682840288,33416443312.214672
24/04/2024,1.000452042,1.001050949,0.999590993,0.999991,7285867078,33180035044.96635
25/04/2024,1.000000954,1.001150012,0.999580026,1.000254989,7296808841,33050470248.08805
26/04/2024,1.000076056,1.001212001,0.999623001,1.000048995,6238863810,33127104390.53255
27/04/2024,1.000033975,1.001309037,0.999642015,0.999998987,4837869303,33143231489.943027
28/04/2024,1.000064015,1.000944972,0.999634981,1.000033975,4003587751,33150648445.556644
29/04/2024,1.000010967,1.001170039,0.999674022,1.000069976,6353850718,32968243682.432453
30/04/2024,0.999935985,1.001345992,0.999333024,1.000004053,8551034898,32804507182.96639
01/05/2024,0.999966025,1.001361966,0.999436021,0.99991399,9451759014,32637327505.57385
02/05/2024,1.000102043,1.001536012,0.999714971,0.999963999,7331043686,32775734124.18131
03/05/2024,1.000170946,1.001724958,0.999616981,1.000095963,7138386537,33076206205.52618
04/05/2024,1.00009203,1.00128901,0.999647975,1.000193954,5593446561,33188006918.606342
05/05/2024,1.000226021,1.001163006,0.999561012,1.000100017,4318363603,33218010965.58765
06/05/2024,1.000018001,1.001353025,0.999656022,1.00029695,6005322108,32850549311.857807
07/05/2024,0.999849975,1.001121998,0.999692023,1.000026941,5575954842,32897539273.517952
08/05/2024,0.99991101,1.001445055,0.999602973,0.999807,5502550653,32705527179.724915
09/05/2024,1.000067949,1.001044989,0.999624014,0.999943018,5118793775,32723762473.11686
10/05/2024,1.000102043,1.002467036,0.999706984,1.000113964,5916392041,32734237913.068867
11/05/2024,0.999965012,1.000936031,0.99971801,1.000116944,3228859416,32744121181.286808
12/05/2024,1.000026941,1.000813961,0.999683022,0.999966025,2560805182,32732209740.43905
13/05/2024,1.000023007,1.001574039,0.999432981,1.000023007,5504768753,32755610038.45492
14/05/2024,1.000103951,1.00149405,0.999651015,1.000010014,5790525927,32532741812.633698
15/05/2024,1.000128031,1.001016021,0.999728978,1.000126004,8085028154,32868335466.86585
16/05/2024,0.999970973,1.000933051,0.99960798,1.000076056,6684369918,32922437270.741825
17/05/2024,1.000018001,1.001026988,0.999710977,0.999979019,6590780561,33032643399.14254
18/05/2024,1.000082016,1.000808001,0.99951297,1.000164032,3748984171,33098062163.01325
19/05/2024,0.999952972,1.000936031,0.999485016,1.000043988,3531934053,33050977528.26118
20/05/2024,0.999903023,1.000915051,0.999478996,0.999970973,9745625023,32899722271.518448
21/05/2024,1.000038981,1.000715017,0.999372005,0.999859989,10821965697,32825766732.997017
22/05/2024,0.999861002,1.000725031,0.999496996,1.000022054,7995414894,32734271109.773148
23/05/2024,1.000082016,1.001574039,0.999319017,0.999845028,10711191548,32355165933.55166
24/05/2024,1.000079989,1.000931978,0.999625027,1.000077963,6974788144,32330453415.652126
25/05/2024,0.99991399,1.000790954,0.999719977,1.000077009,2916318920,32289553840.04332
26/05/2024,0.999952972,1.000854969,0.999723971,0.999900997,4006530902,32197518810.204147
27/05/2024,1.000033021,1.001005054,0.999707997,0.999945998,5846002184,32091198331.14621
28/05/2024,0.999997973,1.001150012,0.999728024,1.000033021,7130885149,31848838110.911247
29/05/2024,1.000048041,1.001214027,0.999698997,0.999988019,6200045453,31878530959.544167
30/05/2024,0.999991,1.001019001,0.999701023,0.999957025,6596463941,32021216180.00157
31/05/2024,1.000090003,1.001271009,0.999518991,0.999983013,6257893920,32021683740.290867
01/06/2024,1.000030994,1.000834942,0.999808013,1.00009203,2558109472,32015243552.80402
02/06/2024,0.999908984,1.00069499,0.999782979,1.000046968,3180459748,31989968131.850822
03/06/2024,0.999963999,1.001034975,0.999588013,0.999957025,5759511394,31908694361.87499
04/06/2024,1.000115991,1.001027942,0.999750018,1.000017047,6054685985,31974780063.005577
05/06/2024,1.000031948,1.000453949,0.999577999,1.000128984,6274992543,32053570259.14561
06/06/2024,0.999823987,1.000697017,0.999643028,1.000033021,5526353581,32226958979.09657
07/06/2024,1.000092983,1.001001,0.999669015,0.999881983,7530255040,31859511438.892506
08/06/2024,1.000015974,1.00048995,0.999819994,0.999974012,3059267864,31809341040.53124
09/06/2024,0.999952018,1.000301957,0.999807,0.999971986,2509473567,31804093371.738087
10/06/2024,0.999934971,1.000262976,0.999756992,0.999961019,4910419104,31671815264.822758
11/06/2024,1.000082016,1.000542045,0.999738991,0.999963999,6723356948,31662599416.964256
12/06/2024,0.999974012,1.000367045,0.999742985,1.000026941,6871867010,31872690033.635567
13/06/2024,0.999984026,1.000460029,0.99959898,1.000102043,5971089832,32033672349.258408
14/06/2024,0.999925971,1.000759959,0.999772012,1.000054002,6091367068,32052465000.5774
15/06/2024,1.000082016,1.000484943,0.999778986,0.999991,2755427647,32095134166.42628
16/06/2024,0.999970019,1.000661016,0.999816,1.000044942,2632098818,32130190366.159195
17/06/2024,1.000059009,1.000707984,0.999745011,1.000030041,5844947783,32082928067.92342
18/06/2024,1.000028968,1.001554012,0.999686003,1.000051975,7136467512,32347047964.411503
19/06/2024,1.000100017,1.000727057,0.999733984,1.000018001,4457463559,32329390906.07713
20/06/2024,1.000048041,1.000681996,0.999743998,1.000100017,5213531694,32123338950.15021
21/06/2024,1.000033975,1.000831962,0.999755025,1.000061989,5778982985,32163045565.66638
22/06/2024,1.000002027,1.000686049,0.999782026,0.999979973,2459845315,32175821527.277943
23/06/2024,0.999948025,1.000440001,0.999755025,1.000090957,2542629622,32131316641.26752
24/06/2024,1.000051975,1.000821948,0.999547005,0.999978006,8141512257,31981305242.693195
25/06/2024,1.000017047,1.000795007,0.999794006,1.000020027,5991607536,32163340878.85299
26/06/2024,0.999822974,1.000728011,0.999647975,0.999957025,4964437157,32332578078.692062
27/06/2024,0.999807,1.000566959,0.999624014,0.999862015,5254114011,31939109700.701527
28/06/2024,1.000036955,1.000746012,0.999656022,0.999889016,5731112290,31764696946.189537
29/06/2024,0.999816,1.000367045,0.999679029,0.999931991,2662005047,31730828238.493023
30/06/2024,0.999933004,1.000550985,0.999630988,0.99980998,3501717888,31672906999.02306
01/07/2024,0.999944985,1.000771999,0.999737024,0.99990201,4714986074,31859230376.073784
02/07/2024,0.999880016,1.000579953,0.999732018,0.999947011,4088170748,31902987203.088596
03/07/2024,0.999903977,1.000784993,0.999737978,0.99989903,5941703427,32040173624.948807
04/07/2024,0.999925971,1.000972033,0.999482989,0.999926984,7220316786,32173491006.59557
05/07/2024,1.000007987,1.000987053,0.999629021,1.000066996,10285011034,32972362777.49005
06/07/2024,0.999935985,1.000650048,0.999740005,1.000090957,3574500456,33090580720.116352
07/07/2024,0.99990201,1.00060904,0.999740005,1.000018001,3667249702,33092641628.59333
08/07/2024,0.999922991,1.001682043,0.999490023,0.999843001,8124831163,33211918008.12968
09/07/2024,0.999971986,1.001021028,0.999759972,0.999963999,5416525622,33221282914.257164
10/07/2024,0.999939024,1.000864029,0.999750018,0.999998987,5380030813,33558765809.83552
11/07/2024,0.99999398,1.000964999,0.999768019,1.000044942,6096076403,33388265534.41773
12/07/2024,0.99999702,1.000828981,0.999765992,0.999979019,5327947652,33291944051.065773
13/07/2024,1.000115037,1.000787973,0.999774992,1.000126958,3212398138,33356530539.1318
14/07/2024,0.999943972,1.001024008,0.999747992,1.000005007,4256989618,33360185632.32093
15/07/2024,1.000064969,1.000990033,0.999677002,1.000066996,7433084707,33299835480.456528
16/07/2024,1.000141025,1.000843048,0.999724984,1.000059009,7796844852,33284932046.237167
17/07/2024,1.000084996,1.000952005,0.999723971,1.000213981,6728358080,33055406638.05736
18/07/2024,0.999939024,1.001402974,0.999688029,1.000108004,5968408600,32943065154.985096
19/07/2024,0.999996006,1.001173973,0.999655008,0.999885976,7526347950,33378035143.14953
20/07/2024,1.000051975,1.000859022,0.999628007,0.999992013,3884141780,33475603090.199303
21/07/2024,1.000025034,1.001044989,0.999602973,1.000049949,5265680633,33325095986.98181
22/07/2024,1.000028014,1.000830054,0.999646008,1.000025988,5765488048,33323144733.242176
23/07/2024,0.999952018,1.00109303,0.999354005,0.999979973,8082893148,33394137502.39172
24/07/2024,0.999866009,1.001217008,0.999577999,0.999970973,5549791333,33241247801.98864
25/07/2024,1.000013947,1.001153946,0.999570012,0.999903977,7654250854,32989537537.3568
26/07/2024,1.000179052,1.001073003,0.999590993,0.999943018,5793637323,33259283136.27609
27/07/2024,1.000054955,1.001281977,0.999381006,1.00018096,5532713251,33264994393.06357
28/07/2024,0.999906003,1.001001,0.999728024,0.999998987,3031560130,33250649284.14
29/07/2024,0.999963999,1.001062989,0.999655008,0.999918997,6797227757,33022578672.029514
30/07/2024,1.000002027,1.001027942,0.999610007,0.999947011,5332646102,32693993205.83872
31/07/2024,1.000036001,1.001109004,0.999675989,1.00000596,5968875897,32578390785.361237
01/08/2024,1.000004053,1.001322031,0.999637008,1.000025988,7390211553,32065889887.218163
02/08/2024,0.999884009,1.001116037,0.999490976,0.999975979,8383547954,32271200098.648087
03/08/2024,1.000056982,1.001315951,0.999635994,0.999880016,5917141670,32344703738.208305
04/08/2024,0.999970973,1.001737952,0.999580026,0.999934971,6455293009,32441500844.052505
05/08/2024,1.000017047,1.001909971,0.998833001,0.999925017,24826261611,32805652183.65524
06/08/2024,1.000156999,1.001497984,0.999386013,1.000041962,10057433619,33523891678.442123
07/08/2024,1.000051975,1.001340985,0.999405026,0.999976993,9172640907,33744621756.033924
08/08/2024,0.999925971,1.001600981,0.998749971,0.999888003,8609634275,33927372512.92885
09/08/2024,1.000172019,1.00119698,0.999531984,0.999930978,6203173859,33822033746.91276
10/08/2024,0.999958992,1.001204014,0.999638021,1.000174046,2840668190,33845728953.20425
11/08/2024,0.999844015,1.001232028,0.999522984,0.999940991,4241023138,33827266161.662117
12/08/2024,0.999921024,1.001276016,0.999527991,0.999858022,7736713766,33786973687.41809
13/08/2024,0.999898016,1.001201034,0.999243975,0.999943018,5704692463,33744321580.37863
14/08/2024,0.999980986,1.001219988,0.999464989,0.999926984,6330884911,33686873864.2368
15/08/2024,1.000092983,1.001289964,0.999415994,0.999967992,7187161595,33972188576.163074
16/08/2024,0.999962986,1.001152039,0.999415994,1.000087023,5554835179,34172214555.53072
17/08/2024,1.000002027,1.000759959,0.999637008,0.999954998,2312459420,34166076199.232803
18/08/2024,1.000476956,1.001011968,0.999593973,0.999870002,3106041184,34136534261.17052
19/08/2024,1.000167012,1.001353025,0.99932301,1.000242949,4852810943,34136206177.881657
20/08/2024,0.999957979,1.001070023,0.999459028,1.000167012,5325316305,34142215547.52168
21/08/2024,1.000018001,1.001155019,0.999325991,0.999983013,5665095199,34033685422.63691
22/08/2024,0.999980986,1.00109899,0.999511003,0.999891996,4782782342,33947888156.563354
23/08/2024,1,1.001126051,0.999517977,0.999967992,8562443281,33995098144.36216
24/08/2024,0.999947011,1.000908971,0.999641001,1.000007987,4057904148,33978045819.15617
25/08/2024,1.000036955,1.000854969,0.999535024,0.999936998,3777049671,33932722293.77824
26/08/2024,0.999918997,1.001147985,0.999625981,0.999957979,5394349814,33878298539.42248
27/08/2024,1.000026941,1.001736045,0.999459982,0.999879003,6943030162,33570073887.32236
28/08/2024,0.999918997,1.001446009,0.999249995,1.000000954,7652368988,33667455044.52181
29/08/2024,0.999962986,1.002038002,0.999648988,0.999925971,6251270493,33795948293.025616
30/08/2024,0.999971986,1.001266003,0.999279976,0.999939978,6018973038,34085638510.936813
31/08/2024,0.999971986,1.000620961,0.999665976,1.00000298,1982580539,34062564673.54716
01/09/2024,0.999993026,1.001240015,0.999341011,0.999966025,3944521735,34052658459.41468
02/09/2024,0.999933004,1.001202941,0.999580979,1.000012994,4433901472,34059021052.8438
03/09/2024,0.999997973,1.000903964,0.999696016,0.999906003,4872467519,33829757280.470417
04/09/2024,1.00001502,1.001253963,0.999547005,0.999984026,6477656833,34017190835.221992
05/09/2024,1.000041962,1.001209021,0.999539971,1.000017047,5761221107,34245927341.080883
06/09/2024,1.000056028,1.001284957,0.999481976,0.999969006,10002129981,34057032662.893837
07/09/2024,0.999967992,1.000972986,0.99969101,1.000087976,3252565092,34140971875.374992
08/09/2024,0.999912024,1.001278996,0.999665022,1.000031948,3426790820,34175042839.285137
09/09/2024,0.999912024,1.001129985,0.999598026,1.000054002,6525561297,34229393412.38321
10/09/2024,0.999907017,1.001070976,0.999478996,0.999921024,4970979431,34736714345.07095
11/09/2024,0.999956012,1.001209974,0.999309003,0.999929011,6194531532,34722030941.99651
12/09/2024,1.000012994,1.001464009,0.999283016,0.999956012,5583428255,34934451047.54752
13/09/2024,1.000170946,1.001312971,0.999301016,1.000046015,5979995702,35212646267.94017
14/09/2024,0.999891996,1.000625014,0.999584019,1.000092983,3141619292,35181455673.54019
15/09/2024,1.000049949,1.000653982,0.999647021,0.999826014,3316385139,35135456370.78188
16/09/2024,0.999942005,1.001055002,0.999325991,0.99999702,6009825679,34867691375.32259
17/09/2024,0.999846995,1.001469016,0.99951601,0.999942005,6832779460,35003302253.55535
18/09/2024,0.99980998,1.001258969,0.999526978,0.999854028,6960600328,34892422909.835175
19/09/2024,0.999944985,1.001044035,0.999450028,0.999813974,7071100441,34874237418.85612
20/09/2024,1.00001502,1.001126051,0.999494016,0.999957979,6050168399,35188589039.651085
21/09/2024,1.000151038,1.000916004,0.999786973,0.999882996,2570745139,35270891975.59256
22/09/2024,1.000020027,1.001209021,0.999644995,1.000218987,3722435881,35304206988.74918
23/09/2024,1.000044942,1.001296043,0.999695003,1.000025988,6075070143,35205032695.15664
24/09/2024,0.999926984,1.000974059,0.999238014,1.000010967,6354408025,35359992440.11247
25/09/2024,0.999988019,1.001003027,0.999653995,0.999918997,5027597589,35386870483.00561
26/09/2024,1.00009501,1.001013994,0.999413013,0.999915004,6835010999,35549935080.90502
27/09/2024,0.999930978,1.001024008,0.999545991,1.000100017,5842305183,35486792274.627365
28/09/2024,0.999966979,1.000867009,0.999650002,0.999981999,2872721698,35469758027.25008
29/09/2024,0.99989903,1.000818968,0.999680996,0.999985993,3054087540,35413921597.891464
30/09/2024,0.999944985,1.000898957,0.999341011,0.99989301,6665769413,34873454769.8488
01/10/2024,0.999957979,1.001360059,0.999495983,0.999994993,10848900888,34811402907.17603
02/10/2024,0.999969006,1.001209021,0.999593019,0.999949992,6994868258,34777692675.05628
03/10/2024,1.000054002,1.001330972,0.999599993,0.999963999,6648292023,34684635054.36543
04/10/2024,1.000089049,1.001327991,0.999660015,1.000008941,6045872517,34869547315.000275
05/10/2024,0.99998498,1.000684977,0.999758005,1.000089049,2483346552,34888506548.17175
06/10/2024,0.999939024,1.000776052,0.999588013,0.999976993,2566380267,34895265593.55263
07/10/2024,1.000115037,1.001067996,0.999486983,0.999912977,6657443142,34528696943.597786
08/10/2024,0.999927998,1.001137018,0.999490023,0.999976993,6015193014,34182367739.74868
09/10/2024,0.999840021,1.000844002,0.999486983,0.999929011,5488861733,33856554343.122486
10/10/2024,1.000005007,1.001075983,0.999503016,0.999837995,5487546707,33770572652.936623
11/10/2024,0.999879003,1.000745058,0.999602973,1.000020027,5062260065,34220611687.79073
12/10/2024,0.999925017,1.000635982,0.999665022,0.999872029,2688400173,34256591210.580784
13/10/2024,0.999800026,1.000632048,0.999543011,0.999924004,2864489654,34203991379.318115
14/10/2024,0.999768019,1.000718951,0.998576999,0.99979502,7287349529,34069793225.026367
15/10/2024,0.999908984,1.000990987,0.999418974,0.999774992,8158392140,34035514391.40899
16/10/2024,0.999845028,1.000987053,0.999477029,0.999900997,6696380074,33884733118.21674
17/10/2024,0.999864995,1.000697017,0.999485016,0.999899983,5414632057,33897597991.268726
18/10/2024,0.999920011,1.000745058,0.999450028,0.999924004,6032177392,34066955143.60409
19/10/2024,0.999975979,1.000149965,0.999468982,0.999921978,2433012234,34078401943.12393
20/10/2024,0.999907017,1.000399947,0.999477029,0.999993026,3407729614,34076742325.554737
21/10/2024,0.999908984,1.000805974,0.999545991,0.999894977,6942827868,33976025534.776318
22/10/2024,0.999849975,1.000753045,0.999382973,1.000015974,6299084767,33795665341.629105
23/10/2024,0.999988019,1.000725985,0.999428988,0.99980998,7180272273,33416278599.029648
24/10/2024,1.000002027,1.000591993,0.999446988,0.999930024,6751752975,33519635338.85592
25/10/2024,0.999822974,1.001029015,0.999366999,1.000023961,10349261606,33665478065.706013
26/10/2024,0.999828994,1.001238942,0.999487996,0.999628007,4501871708,33870112137.587345
27/10/2024,0.999957025,1.000581026,0.999513984,0.999939024,3435115036,33889813341.321064
28/10/2024,0.999854982,1.000808001,0.999508023,0.999890983,7852957302,33888419444.88208
29/10/2024,0.999934018,1.000666976,0.999243021,0.999881029,9596165797,33904501044.419327
30/10/2024,0.999831975,1.00078702,0.999028027,0.999924004,7228206285,34158775111.87226
31/10/2024,1.00001204,1.000918031,0.999403,0.999785006,8076588759,33867357171.466988
01/11/2024,0.999848008,1.000898957,0.999363005,1.000053048,9015564727,34190034074.301224
02/11/2024,0.999974012,1.00079596,0.999720991,0.999915004,3452412889,34148941652.27972
03/11/2024,0.999906003,1.000993013,0.999664009,0.999997973,5813342971,34146879724.04501
04/11/2024,1.000182033,1.001217961,0.999502003,0.999975026,7276116614,34421984090.2359
05/11/2024,1.000036955,1.001008987,0.999723971,1.000170946,7134708417,34811046158.42562
06/11/2024,0.999976993,1.001204967,0.998902023,1.000038981,18761282529,36083458392.77437
07/11/2024,0.999975979,1.000375986,0.99880898,0.999969006,11496612662,36268853277.45193
08/11/2024,0.999653995,1.00037396,0.999032974,0.999974012,9887580646,36445359443.25117
09/11/2024,0.999917984,1.000151992,0.999149024,0.999789,5656279369,36371627762.64261
10/11/2024,0.99999398,1.000355005,0.998762012,0.999918997,12234527657,36288299254.65029
11/11/2024,0.999777973,1.000458002,0.998866022,1.000048041,17333067299,36218113402.41218
12/11/2024,1.000061035,1.000524044,0.998188019,0.999804974,19965628237,35732142968.710686
13/11/2024,1.000043035,1.000689983,0.998650014,1.000010014,19408804164,35865076198.62021
14/11/2024,0.999929011,1.000424981,0.999045014,0.999998987,14655228620,35895881491.6671
15/11/2024,0.999827981,1.000673056,0.999472976,0.999872029,11937522034,36306824763.58615
16/11/2024,0.999737978,1.000223041,0.999388993,0.999961972,6860911415,36425985600.45513
17/11/2024,1.000043988,1.000566959,0.999342024,0.999755025,8340439536,36351019067.984055
18/11/2024,0.999969006,1.000808954,0.999605,1.000059009,11308072958,36529059231.915565
19/11/2024,1.000033975,1.000514984,0.999182999,0.999963999,10786686009,36726039403.94148
20/11/2024,0.99989903,1.000383019,0.998991013,1.000030994,11034592309,37013574562.01638
21/11/2024,0.999947011,1.000367045,0.998879015,0.999888003,14804992372,37532688583.7557
22/11/2024,1.000025034,1.000386,0.998781025,0.999938011,12996186019,38011591730.56929
23/11/2024,0.999954998,1.000434041,0.999159992,1.000018001,9667189128,38237443169.31326
24/11/2024,0.999812007,1.000283003,0.998869002,0.999984026,8372990053,38158571239.77728
25/11/2024,0.99998498,1.000920057,0.998578012,1.000023007,13994888761,38052182321.98358
26/11/2024,1.00009203,1.001117945,0.999312997,0.999934971,13492395639,37894398431.72313
27/11/2024,0.999970019,1.001116037,0.999499977,1.000023007,11875242690,38791263364.81714
28/11/2024,1.000030994,1.00070405,0.999522984,0.99989301,8182163025,38698396244.57195
29/11/2024,0.999868989,1.001031041,0.999707997,1.000046015,9445741613,39049910817.39916
30/11/2024,1.000058055,1.00058198,0.999644995,0.999925017,6674129328,39112339898.27097
01/12/2024,0.999992013,1.000583053,0.999695003,1.000172973,7199615705,39468114130.64927
02/12/2024,0.999956012,1.000859976,0.999593019,1.000013947,13993252120,39188635179.10185
03/12/2024,1.000259042,1.001021028,0.999566019,0.99989301,12588468097,39266982397.33564
04/12/2024,0.999870002,1.000816941,0.999267995,1.000082016,14566231354,39955279124.0
05/12/2024,1.000239968,1.000641942,0.998166978,1.000000954,21397586720,40347104988.0
06/12/2024,0.999843001,1.000421047,0.999072015,0.999915004,14138620427,40366885489.0
07/12/2024,0.999958992,1.000270009,0.999150991,0.999876976,6778500949,40571783402.0
08/12/2024,1.000133991,1.000468016,0.999677002,0.999868989,6377521647,41217555347.0
09/12/2024,0.999960005,1.001574993,0.99881202,1.000010967,17356499121,41170483430.0
10/12/2024,1.000008941,1.000705957,0.999553025,0.999997973,16205054595,40698046919.0
11/12/2024,0.999763012,1.000717044,0.999193013,1.000023007,11895234521,40823137396.0
12/12/2024,0.999915004,1.000324011,0.998724997,0.999755025,12062083208,41501545455.0
13/12/2024,0.99988699,1.000448942,0.999355972,0.999888003,9114211832,41502192919.0
14/12/2024,0.999720991,1.000211954,0.999251008,0.999841988,6251462807,41992638645.0
15/12/2024,0.999728978,1.000282049,0.999502003,0.999725997,7231351889,41984734433.0
16/12/2024,0.999776006,1.000329018,0.999000013,0.999665022,12630474818,42123501126.0
17/12/2024,0.999920011,1.000229001,0.998640001,0.999849975,11318307939,42390179647.0
18/12/2024,1.000007033,1.000373006,0.998165011,0.999962986,13913234580,42538482549.0
19/12/2024,1.000125051,1.00157702,0.998712003,0.999978006,13783077258,42315907911.0
20/12/2024,1.000036001,1.001376987,0.999433994,1.000128031,14518266682,42362560810.0
21/12/2024,1.000002027,1.000977039,0.999574006,1.000043035,7762954179,42553436607.0
22/12/2024,1.000005007,1.000910997,0.999565005,0.999991,6004278873,42930532546.0
23/12/2024,1.000017047,1.001207948,0.999189019,0.999992013,9456995473,43001900408.0
24/12/2024,1.000007033,1.000888944,0.999643981,1.000004053,7328436637,43100541615.0
25/12/2024,1.000007033,1.001238942,0.999626994,1.000002027,4968406014,43174870939.0
26/12/2024,0.999889016,1.001232982,0.999655008,1.000040054,6293907750,43280465179.0
27/12/2024,1.000049949,1.001155019,0.999490976,0.99998498,7058593949,43504839902.0
28/12/2024,1.000041008,1.000733018,0.999583006,1.000064969,4275867712,43572236981.0
29/12/2024,0.999975979,1.001005054,0.999734998,1.000007987,4676908159,43613839676.0
30/12/2024,0.999877989,1.001005054,0.999562979,1.000072956,8198256021,43625327051.0
31/12/2024,0.999981999,1.001037955,0.999639988,0.999879003,6536628101,43803322702.0
01/01/2025,0.999944985,1.000705957,0.999626994,0.999969006,4814331123,43945617394.0
02/01/2025,1.000038028,1.001276016,0.999624014,0.999925017,7015734565,43740787028.0
03/01/2025,0.999890983,1.000915051,0.999723971,0.999960005,7108083150,43964009277.0
04/01/2025,1.000208974,1.000610948,0.999749005,0.999917984,4779945985,45218905504.0
05/01/2025,1.000061989,1.000730991,0.999705017,1.000208974,3837973655,45516879606.0
06/01/2025,0.999966025,1.000774026,0.999520004,1.000061989,7731799916,45605291127.0
07/01/2025,1.000108957,1.000763059,0.999580026,0.999898016,9456450545,45909222054.0
08/01/2025,0.999984026,1.001199961,0.999486029,1.000118971,9359722628,45494789509.0
09/01/2025,1.000018001,1.001489043,0.999589026,1.000007987,8459464210,45341185252.0
10/01/2025,1.000076056,1.00140202,0.999330997,1.000043035,7843222136,45410977372.0
11/01/2025,0.999952018,1.000885963,0.999684989,0.999952972,3760069434,45716400780.0
12/01/2025,0.999966979,1.000767946,0.999518991,0.999966979,3330316049,45737930028.0
13/01/2025,0.999963999,1.001572013,0.999550998,0.999970019,9931508302,45740523875.0
14/01/2025,1.000133038,1.001149058,0.999553978,1.000056028,6762370105,45650761141.0
15/01/2025,0.999890029,1.001088977,0.999073029,1.000133038,8920524801,45695747507.0
16/01/2025,1.000010014,1.000450015,0.999269009,0.999899983,8642062676,46233725517.0
17/01/2025,0.999929011,1.000422001,0.998995006,0.999992013,9993616896,46308905561.0
18/01/2025,1.000033021,1.000658989,0.999297976,0.999934018,20031244124,47378162865.0
19/01/2025,1.000519037,1.002295017,0.999550998,0.999971986,25940426522,47470815141.0
20/01/2025,1.00010705,1.001731992,0.999123991,1.000473976,26853357037,47928122629.0
21/01/2025,0.999876022,1.001083016,0.999329984,0.999956012,14830922157,48117181243.0
22/01/2025,0.999974012,1.000741959,0.999543011,0.999812007,10044372261,50928978633.0
23/01/2025,0.999965012,1.000592947,0.999356985,0.999978006,21214955925,51501085766.0
24/01/2025,0.999918997,1.000334024,0.999325991,1.000005007,10239429179,51939547682.0
25/01/2025,0.999988973,1.000367999,0.999418974,0.999961972,6639518364,52192918882.0
26/01/2025,0.999980986,1.000568032,0.999629974,0.999985993,6265241677,52179538308.0
27/01/2025,1.000066996,1.001320958,0.999469995,1.000074029,14155994278,52206516626.0
28/01/2025,1.000179052,1.001160026,0.999433994,1.000113964,8727690529,52251068886.0
29/01/2025,1.000048041,1.000869989,0.999535024,0.999951005,8752826477,52511058172.0
30/01/2025,1.000000954,1.000926018,0.999557972,1.000051975,7862432550,52543272450.0
31/01/2025,1.000130057,1.000789046,0.999570012,1.000000954,8846936448,53108112929.0
01/02/2025,1.000026941,1.001013041,0.999480009,1.000089049,6185622117,53310479101.0
02/02/2025,0.999942005,1.000854969,0.998759985,1.000115037,11920276473,53318824081.0
03/02/2025,0.999939978,1.001638055,0.998332024,0.999871016,25631139115,53405057206.0
04/02/2025,0.99990201,1.000594974,0.998683989,0.999916017,13781033980,54444241631.0
05/02/2025,1.000059962,1.00098598,0.999123991,0.999872029,9168611887,55031638054.0
06/02/2025,1.000056982,1.001536965,0.999590993,1.000007987,9168007548,55317788890.0
07/02/2025,1.00010705,1.000841975,0.999382019,0.999925017,9658671792,55748033824.0
08/02/2025,1.000089049,1.000838041,0.999668002,1.000154018,4752901210,56226639083.0
09/02/2025,1.000026941,1.001376033,0.999593019,1.000102043,5561659216,56045142850.0
10/02/2025,0.999939024,1.001037002,0.999473989,1.000028968,7290485956,56202492564.0
11/02/2025,0.999945998,1.001145959,0.99960202,0.999930978,7590822419,56243672310.0
12/02/2025,1.000040054,1.001857996,0.999428988,0.999935985,9290154331,56065914551.0
13/02/2025,1.000030041,1.001101017,0.999119997,1.000082016,7971520510,56066099350.0
14/02/2025,0.999930024,1.001085043,0.999454021,1.000059009,8868475735,56094898069.0
15/02/2025,0.999962986,1.000347018,0.999759018,0.999921978,4631171038,56299817406.0
16/02/2025,0.999947011,1.000635028,0.999710977,0.999992013,4310300996,56368613718.0
17/02/2025,0.999958992,1.001026034,0.999648988,1.00001502,6994398261,56453148858.0
18/02/2025,0.999821007,1.001039982,0.99930501,0.999963999,8525503716,56470447397.0
19/02/2025,0.999934971,1.000892043,0.999593019,0.99980998,6140029876,56216659021.0
20/02/2025,0.999981999,1.00067699,0.999544978,0.999948025,7453422390,56248466122.0
21/02/2025,1.000116944,1.000959039,0.999332011,0.999987006,10738574137,56204435443.0
22/02/2025,1.000133038,1.000754952,0.999749005,1.000216961,5462121672,57200106376.0
23/02/2025,1.000043988,1.000885963,0.999657989,1.000133991,5105617640,57088551689.0
24/02/2025,0.99980402,1.00130105,0.999386013,1.000038981,10369215725,57171310844.0
25/02/2025,0.999993026,1.001765966,0.999002993,0.999831975,16057418626,56618758433.0
26/02/2025,0.999915004,1.001134992,0.999168992,0.999934018,11546719465,56192790045.0
27/02/2025,0.999818027,1.001281977,0.999441028,0.999916017,9719464108,56032298616.0
28/02/2025,0.999877989,1.001664996,0.999126971,0.999765992,14081466100,55583497658.0
01/03/2025,0.999781013,1.001212001,0.999489009,0.99990499,5501083056,56371329450.0
02/03/2025,1.000028014,1.002599955,0.999534011,0.999817014,13210357333,56349522697.0
03/03/2025,0.999866009,1.002696991,0.999248028,1.000005007,13808944206,56369921922.0
04/03/2025,0.999853015,1.002128005,0.999230981,0.999858022,14008589283,56198202737.0
05/03/2025,0.99999702,1.001382947,0.99882102,0.999900997,9271446360,56439264548.0
06/03/2025,1.000102997,1.001582026,0.999350011,0.999975979,9861139718,56982960088.0
07/03/2025,0.999827027,1.001909971,0.99900502,1.000118017,12032728232,57254502822.0
08/03/2025,0.999927998,1.001459002,0.999482989,0.999912024,4127743059,58073873299.0
09/03/2025,0.999853015,1.001286983,0.999514997,0.999952018,6144542711,58111794745.0
10/03/2025,1.000043035,1.001613975,0.999306023,0.999931991,17810860152,58113399485.0
11/03/2025,0.999931991,1.001582026,0.998847008,1.000090957,14833420303,57861728801.0
12/03/2025,0.999767005,1.001567006,0.999067008,0.999894023,11962339616,58113401411.0
13/03/2025,0.999997973,1.001413941,0.999503016,0.999832988,11856838776,58253458127.0
14/03/2025,0.999998987,1.002146959,0.999494016,1.000017047,8847938133,58318828935.0
15/03/2025,0.999970973,1.000764012,0.999668002,0.999940991,4232926386,58580801911.0
16/03/2025,1.000118017,1.001268029,0.999593973,0.999969006,5342376239,58767867934.0
17/03/2025,1.000043988,1.000928998,0.999047995,1.000118971,7364251292,58706368121.0
18/03/2025,0.999912977,1.001024961,0.999589026,1.000043988,7571744811,58797192318.0
19/03/2025,1.000087976,1.00188005,0.999197006,0.999912977,11517621398,58812622301.0
20/03/2025,0.999872029,1.000913024,0.999620974,1.000007987,10484925681,59120717326.0
21/03/2025,1.000040054,1.000964999,0.999661028,0.999846995,8056596360,59156318409.0
22/03/2025,1.000020981,1.000681043,0.99969703,1.000071049,3687086901,59598715492.0
23/03/2025,1.000026941,1.000735998,0.999720991,1.000026941,4334955293,59608085871.0
24/03/2025,1.00010705,1.000741959,0.999701023,1.000133038,10763138743,59696955513.0
25/03/2025,0.999993026,1.000834942,0.999634981,1.000012994,9053718025,59698466613.0
26/03/2025,0.999894977,1.000800014,0.999644995,1.000033021,8964829253,60053637823.0
27/03/2025,0.999933004,1.000828981,0.999656022,0.999848008,9335553639,60151001188.0
28/03/2025,1.000020981,1.001566052,0.999566972,0.999953985,11720323398,60340763782.0
29/03/2025,0.999916971,1.001065969,0.999689996,1.000010014,6452445830,60252631299.0
30/03/2025,1.000059962,1.001127005,0.999619007,0.999912024,5545589305,60247248035.0
31/03/2025,0.999885976,1.001077056,0.99940002,1.000044942,10972505506,60187903066.0
01/04/2025,1.000036955,1.000844955,0.999628007,0.999909997,8951500963,60076751941.0
02/04/2025,1.000000954,1.000558019,0.998470008,1.000056982,15685504944,60114128865.0
03/04/2025,0.999940991,1.000656962,0.999472976,0.999985993,12665493909,60650587987.0
04/04/2025,0.999921978,1.000648022,0.999167979,0.999936998,14661520062,60865979160.0
05/04/2025,0.999993026,1.000918031,0.999535978,0.999930978,4505740439,60568013233.0
06/04/2025,0.999943018,1.000862002,0.999359012,0.999988973,11438674601,60529071049.0
07/04/2025,1.000241041,1.001294971,0.998607993,1.00001204,25379799007,60328792921.0
08/04/2025,0.999839008,1.00089097,0.998892009,1.000221014,15359090304,60135120225.0
09/04/2025,0.999929011,1.001037955,0.998709023,0.999859989,22801529129,60138507773.0
10/04/2025,0.999947011,1.000607014,0.999154985,0.999903023,12968188424,59937806992.0
11/04/2025,0.999966979,1.000380039,0.999207973,0.999882996,11171173047,59918561216.0
12/04/2025,0.999993026,1.000453949,0.999421,0.999965012,7676882234,60074656978.0
13/04/2025,0.99990499,1.000414014,0.999279022,0.999897003,8398473378,60085387673.0
14/04/2025,0.999750972,1.000414968,0.99940598,0.999949992,11279262236,60050950077.0
15/04/2025,0.999926984,1.00040102,0.999422014,0.999743998,9638173514,60199908506.0
16/04/2025,0.999961972,1.000617027,0.999477029,0.999970973,10258839386,60417188776.0
17/04/2025,0.999885023,1.000313997,0.999220014,0.999930024,8550832288,60482834986.0
18/04/2025,0.999787986,1.000386,0.99911797,0.999908984,4681472583,60905068138.0
19/04/2025,0.999948978,1.00030005,0.999104023,0.999822021,4255964173,60899531625.0
20/04/2025,0.999987006,1.000391006,0.999329984,0.999970019,4503260698,60905279546.0
21/04/2025,0.999903023,1.000516057,0.998768985,0.999972999,10453764698,60912555306.0
22/04/2025,0.99980402,1.000815988,0.998885989,0.999942005,14475389659,60928832834.0
23/04/2025,0.999898016,1.000458956,0.998907983,0.999773026,13860599906,61589269101.0
24/04/2025,0.999843001,1.000555992,0.999431014,0.999863982,11129405830,61896921299.0
25/04/2025,0.999940991,1.000378013,0.999143004,0.999924004,12976876537,62129850661.0
26/04/2025,1.000010967,1.000651956,0.999464989,0.999884009,7151498585,62325968055.0
27/04/2025,0.99990201,1.000789046,0.999589026,1.000138998,6350730742,62251662907.0
28/04/2025,1.000004053,1.00070405,0.999536991,0.999916971,10867333898,62076749989.0
29/04/2025,1.000004053,1.000633955,0.999675989,1.000031948,9391457251,62026261649.0
30/04/2025,1.000041008,1.000936985,0.999457002,1.000023007,9764127557,62142665089.0
01/05/2025,0.999866009,1.00088799,0.999572992,1.00010097,10463292535,61508869555.0
02/05/2025,0.999890029,1.000311017,0.999493003,0.999849021,8583953657,61469063386.0
03/05/2025,0.999974012,1.000727057,0.99969399,0.99989599,4826910165,61520122154.0
04/05/2025,0.999974012,1.001049995,0.99969399,0.999866009,5567029250,61504588130.0
05/05/2025,0.999884009,1.000987053,0.999688029,1.000025034,8446419371,61502292587.0
06/05/2025,0.999983013,1.000985026,0.999671996,0.999906003,9735549194,61786628300.0
07/05/2025,0.999921978,1.000766993,0.999468029,0.999952972,9504150861,60949351180.0
08/05/2025,0.999948025,1.000874996,0.999328017,0.999926984,18666751902,60947364928.0
09/05/2025,0.999997973,1.000923991,0.99940902,0.999922991,20283556220,60867341067.0
10/05/2025,1.000028014,1.000298977,0.999091029,1.000025034,11056735651,60689997043.0
11/05/2025,0.999979019,1.000411987,0.999242008,1.000040054,9538712033,60800003218.0
12/05/2025,1.000076056,1.000725031,0.999432981,0.99998498,15429153390,60801300532.0
13/05/2025,1.000074983,1.000638008,0.999629974,1.000074983,12265069905,60886438190.0
14/05/2025,0.999970019,1.000396967,0.999442995,1.000007987,11084092068,60861380673.0
15/05/2025,0.999873996,1.000466943,0.999382019,0.999976993,11937891647,60631968614.0
16/05/2025,0.999906003,1.000341058,0.999240994,0.999821007,9520953398,60575195333.0
17/05/2025,0.999924004,1.000239968,0.999334991,0.999906003,6911257570,60805371271.0
18/05/2025,0.999939978,1.000350952,0.999087989,0.999900997,9206519661,60894170790.0
19/05/2025,0.999961972,1.000334024,0.999108016,0.999862015,13501319705,60855229770.0
20/05/2025,0.999894023,1.000375032,0.999028027,0.999957979,11702597699,60617499886.0
21/05/2025,0.999897003,1.000419021,0.999130011,0.99989301,16330278133,60660002910.0
22/05/2025,0.999437988,1.000223041,0.99872297,0.999836028,14980112894,61178036077.0
23/05/2025,0.999785006,1.000427961,0.999008,0.999374986,16085759239,61212203672.0
24/05/2025,0.999934018,1.000285029,0.998983026,0.999774992,7377433614,61723721871.0
25/05/2025,0.999866009,1.000277996,0.998920023,1.000015974,8742768426,61721143709.0
26/05/2025,0.999812007,1.000383973,0.999017,0.999760985,10605358709,61701492713.0
27/05/2025,0.999774992,1.000272989,0.998857975,0.99981302,12566362778,61543750453.0
28/05/2025,0.999817014,1.000167012,0.998920023,0.999782979,10577895466,61392676922.0
29/05/2025,0.999608994,1.000185966,0.999172986,0.999799013,12819165934,61255011416.0
30/05/2025,0.999741971,1.000427961,0.999228001,0.999629021,14037798803,61116764897.0
31/05/2025,0.999831975,1.000309944,0.99940002,0.999692023,8112828884,61040432498.0
01/06/2025,0.999750018,1.000257015,0.99941498,0.999831975,6956757549,60965783559.0
02/06/2025,0.99989903,1.000146985,0.999435008,0.999731004,9976424446,60910872305.0
03/06/2025,0.99971199,1.000231028,0.999058008,0.99991399,11229827940,60931561095.0
04/06/2025,0.999763012,1.000077009,0.998871982,0.999777973,8468630531,61456111625.0
05/06/2025,1.000053048,1.001438022,0.998881996,0.999812007,12971199685,61503892541.0
06/06/2025,0.999831975,1.001001954,0.999396026,1.000148058,10624202500,61192830802.0
07/06/2025,0.99980402,1.000448942,0.999561012,0.999818027,5939831750,61108371806.0
08/06/2025,0.999900997,1.000427008,0.999477983,0.999831021,5642596754,61079859749.0
09/06/2025,0.999935985,1.00047195,0.999476016,0.99991399,11121173460,61069252947.0
10/06/2025,0.999804974,1.000208974,0.998610973,0.999903023,12534543490,61025956001.0
11/06/2025,0.999827981,1.000277996,0.998978019,0.999849021,12114377963,60981759149.0
12/06/2025,0.999728978,1.000360012,0.999113977,0.999828994,12038406500,61234323267.0
13/06/2025,0.999710977,1.000362992,0.998914003,0.999785006,15711024871,61083044088.0
14/06/2025,0.999948978,1.000700951,0.999562025,0.999798,5927291347,61668532114.0
15/06/2025,0.999804974,1.000625968,0.999422014,0.999903023,6601492165,61655886363.0
16/06/2025,0.999934018,1.000903964,0.999531984,0.999857008,11821030209,61627304086.0
17/06/2025,0.999918997,1.000640035,0.999445021,0.999867022,11930708142,61627132410.0
18/06/2025,0.999832988,1.001026988,0.999146998,0.999918997,10252994413,61546152285.0
19/06/2025,0.99989903,1.000669956,0.999575019,0.999844015,7012804058,61509240700.0
20/06/2025,0.999942005,1.000620008,0.999462008,0.999872983,10219555385,61352899060.0
21/06/2025,0.999722004,1.001214981,0.999436975,0.999942005,7263078240,61254399467.0
22/06/2025,0.999894023,1.001152992,0.999392986,1.000144958,13027778966,61240656839.0
23/06/2025,1.000432968,1.001183033,0.999261975,0.999908984,14686763043,61250974947.0
24/06/2025,0.999953985,1.000888944,0.999480009,1.000437975,11980793061,61585219084.0
25/06/2025,0.999430001,1.000427008,0.999318004,0.999931991,9748172042,61904408505.0
26/06/2025,0.999767005,1.00029099,0.999258995,0.999642015,9274454781,61782873644.0
27/06/2025,0.999866009,1.000409007,0.999469995,0.99970001,8447973357,61706915980.0
28/06/2025,0.999834001,1.000133991,0.999596,0.999894977,4015558104,61720216219.0
29/06/2025,0.999870002,1.000159979,0.999427021,0.999835014,4981220318,61708746299.0
30/06/2025,1.000018954,1.000656962,0.999297976,0.99989903,8876089065,61672471233.0
01/07/2025,0.999866009,1.00090301,0.999638975,1.000072956,7863372173,61486603678.0
02/07/2025,0.999825001,1.000944018,0.999572992,0.999890029,11124702357,61645964432.0
03/07/2025,0.999965012,1.001299024,0.999512017,0.999867022,9758263203,61785325736.0
04/07/2025,1.000046015,1.000658035,0.999517977,0.999864995,7747270405,62127723752.0
05/07/2025,0.999926984,1.000671983,0.999625981,0.999927998,3602760501,62138849074.0
06/07/2025,0.999991,1.000813007,0.99940002,0.999926984,5146917512,62207910534.0
07/07/2025,0.999935985,1.001080036,0.999384999,1.000012994,8541090307,62222414421.0
08/07/2025,0.999939978,1.000956059,0.999496996,0.999918997,8584432861,61990294822.0
09/07/2025,1.000182033,1.001144052,0.999556005,0.999939978,11342438464,61957203749.0
10/07/2025,0.999864995,1.000769019,0.998291016,1.000182033,15815857771,62375182384.0
11/07/2025,0.999440014,1.000337005,0.99872297,0.999868989,18217653749,62830227714.0
12/07/2025,0.999956012,1.000550032,0.999033988,0.999637008,8994227812,63513728765.0
13/07/2025,0.999960005,1.000385046,0.998342991,0.99989599,8461787677,63624539540.0
14/07/2025,0.999844015,1.000398993,0.998778999,0.999979019,17800069673,63645701671.0
15/07/2025,0.999938011,1.000761032,0.999107003,0.999872983,18602272527,63390464632.0
16/07/2025,0.999909997,1.000627995,0.99960798,0.999938011,17506051651,62402203816.0
17/07/2025,1.000010014,1.000216007,0.999366999,0.999909997,21906138430,63483508990.0
18/07/2025,0.999930978,1.000839949,0.999553025,0.999975979,26908573486,64720387309.0
19/07/2025,0.999907017,1.000167966,0.999441981,0.999912024,11628426139,64791644135.0
20/07/2025,0.999816,1.000265002,0.999369025,0.999912024,16253482798,64595341290.0
21/07/2025,0.999821007,1.000367999,0.999337018,0.999885976,16532954256,64467724533.0
22/07/2025,0.999807,1.000391006,0.999446988,0.999758005,17095427045,64758592639.0
23/07/2025,0.999846995,1.000717998,0.999554992,0.999827027,16808656532,64754306762.0
24/07/2025,1.000079989,1.000851035,0.999596,0.999880016,15424381497,64663762025.0
25/07/2025,0.999900997,1.000774026,0.999387026,1.000079989,18063900377,65119884121.0
26/07/2025,1.000004053,1.00059104,0.999625027,0.999958992,8378511168,64024850566.0
27/07/2025,0.999791026,1.000641942,0.999457002,0.999979973,10077840035,64270649512.0
28/07/2025,0.999831021,1.000903964,0.999382019,0.999839008,14882841056,64285647872.0
29/07/2025,0.999804974,1.001855969,0.999381006,0.999813974,14152832124,63880072658.0
30/07/2025,0.999863029,1.00118804,0.999366999,0.999832988,14423286074,63804337173.0
31/07/2025,1.000031948,1.001037955,0.999558985,0.999863982,13445008332,64003380359.0
01/08/2025,0.999789,1.001072049,0.999202013,1.00001204,19199023766,64024628286.0
02/08/2025,0.999822974,1.00099802,0.999486029,0.99970597,10038466860,64250322579.0
03/08/2025,0.999836028,1.000781059,0.999548018,0.999819994,8058008600,64188824576.0
04/08/2025,0.99981302,1.00068903,0.999457002,0.999938011,12059949389,64165551880.0
05/08/2025,0.999868989,1.000583053,0.999369025,0.999846995,12482917549,64362866856.0
06/08/2025,0.99991399,1.000758052,0.999466002,0.99990201,10916165114,64571350833.0
07/08/2025,0.999845982,1.000555992,0.999430001,0.99989301,14119800391,64649513857.0
08/08/2025,0.999822974,1.000846982,0.999294996,0.999866009,15080567440,64762663626.0
09/08/2025,0.999948978,1.000522971,0.999527991,0.999783993,11707660629,65267428114.0
10/08/2025,0.999924004,1.00050199,0.999412,0.999884009,12193306382,65279194197.0
11/08/2025,1.000082016,1.000713944,0.999472022,0.999924004,18732918004,65200159669.0
12/08/2025,0.999796987,1.00067699,0.999382973,0.999889016,20558939449,65582516791.0
13/08/2025,0.999867022,1.000205994,0.998840988,0.999786973,22930563658,65600277950.0
14/08/2025,0.999863029,1.000538945,0.998528004,0.999832988,29102475004,66411009284.0
15/08/2025,0.999903977,1.000656962,0.999348998,0.999943972,20681294602,67666316828.0
16/08/2025,0.999939024,1.000723004,0.999628007,0.999891996,10123245722,68162345082.0
17/08/2025,0.999934971,1.000627995,0.999684989,0.999921024,10186621236,68175449428.0
18/08/2025,0.999909997,1.000851035,0.999282002,0.999942005,18143039597,68158258982.0
19/08/2025,1.000195026,1.000938058,0.999485016,0.999909997,18271587874,68278690131.0
20/08/2025,0.999818981,1.001132965,0.999454021,1.000156045,17516160087,67919335079.0
21/08/2025,0.999710023,1.000975013,0.999125004,0.999826014,13587141721,67501312729.0
22/08/2025,0.999822974,1.001723051,0.998683989,0.999749005,23347410779,67141855554.0
23/08/2025,0.999978006,1.00079596,0.999260008,0.999821007,12118973017,67542011449.0
24/08/2025,0.999785006,1.001837015,0.999180019,1.000051975,18928901669,67542228477.0
25/08/2025,0.999871016,1.001418948,0.999302983,0.999868989,22563572014,67454609360.0
26/08/2025,1.000018954,1.001713037,0.999300003,0.999850988,19383954606,68044691545.0
27/08/2025,0.999988973,1.001417994,0.999379992,1.00000298,18664613785,69011841842.0
28/08/2025,0.999996006,1.001463056,0.999306977,0.999988019,15359022661,69340394517.0
29/08/2025,0.99991399,1.00117898,0.999184012,0.999954998,20747617894,70620028286.0
30/08/2025,0.999814987,1.001147985,0.999431014,0.999890983,9549055113,71541280532.0
31/08/2025,0.999790013,1.000715971,0.999404013,0.999872029,9422306318,71538548184.0
01/09/2025,0.99990499,1.000983953,0.999122977,0.999715984,17089848528,71549491496.0
02/09/2025,0.999864995,1.001109004,0.999288976,0.999836981,16704202079,71513530485.0
03/09/2025,1.000033975,1.001016974,0.999522984,0.999805987,13147418934,72146971880.0
04/09/2025,0.999894023,1.000861049,0.999334991,0.999991,12609800924,72672911069.0
05/09/2025,0.999839008,1.00108099,0.999274015,0.999918997,17107891795,72570847322.0
06/09/2025,0.999854028,1.000776052,0.999216974,0.999834001,5985125337,72464557042.0
07/09/2025,1.000069022,1.000506043,0.999473989,0.999836981,6648281705,72547699909.0
08/09/2025,0.99980998,1.000453949,0.999297976,1.00000298,13550807567,72499319915.0
09/09/2025,0.99988699,1.000201941,0.999267995,0.999855995,14130609482,72425624280.0
10/09/2025,0.999849021,1.000658989,0.999264002,0.999890983,15333630537,72661309826.0
11/09/2025,0.999758005,1.000177979,0.999077022,0.999781013,15710414378,72353022867.0
12/09/2025,0.999782026,1.000223994,0.999059975,0.999747992,19459637605,72437004729.0
13/09/2025,0.999648988,1.000108957,0.999062002,0.999701023,13143947641,72975110550.0
14/09/2025,1.000033021,1.000360966,0.999161005,0.999647975,12869800872,73169475842.0
15/09/2025,0.999985993,1.000874996,0.999303997,0.999963999,17113358551,73194785399.0
16/09/2025,1.000169039,1.000694036,0.999439001,0.999881029,14448278591,73194539086.0
17/09/2025,0.999903023,1.001500964,0.999306977,1.00019598,24465422204,73610319440.0
18/09/2025,0.999704003,1.000435948,0.999406993,0.999879003,27483010208,73594450402.0
19/09/2025,0.99989301,1.000501037,0.999360025,0.999592006,12775678194,74338680585.0
20/09/2025,0.999727011,1.000604033,0.999391019,0.999958992,8885529948,74163618656.0
21/09/2025,0.999799013,1.000946999,0.999417007,0.999755979,9451899160,73976208430.0
22/09/2025,0.999981999,1.001003027,0.999421,0.999821007,24334552459,73960703749.0
23/09/2025,0.999682009,1.000627041,0.999366999,0.999853015,17131156895,74131793689.0
24/09/2025,0.99969399,1.000849009,0.99930501,0.999662995,15374932240,73979784472.0
25/09/2025,1.000015974,1.001247048,0.999244988,0.999697983,26930517234,74153783391.0
26/09/2025,0.999747992,1.000844955,0.999252975,0.999930024,19578086528,73967925898.0
27/09/2025,0.999830008,1.000427961,0.999342024,0.999758005,8597379910,73769508934.0
28/09/2025,0.999899983,1.000733018,0.999324977,0.999830008,9271470844,73723140849.0
29/09/2025,0.999822021,1.000710964,0.999332011,0.999729991,15591146723,73668158840.0
30/09/2025,0.99979502,1.000733018,0.999364972,0.999763012,16243262405,73503911955.0
01/10/2025,1.000012994,1.000321984,0.999379992,0.999805987,19015696130,73395860021.0
02/10/2025,0.999978006,1.000527024,0.999535024,0.999816,19207540518,73936203902.0
03/10/2025,0.999669015,1.00008297,0.999154985,0.999800026,21465642020,74303858029.0
04/10/2025,0.999790013,1.000056028,0.999085009,0.999675989,9929127239,75402867505.0
05/10/2025,0.999805987,1.000221014,0.999238014,0.999781013,15850637824,75340591582.0
06/10/2025,0.99959898,1.000231981,0.99921298,0.999786973,20262848755,75216551271.0
07/10/2025,0.999836028,1.000280023,0.999077976,0.999598026,22966777631,75490408400.0
08/10/2025,0.999879003,1.000517964,0.999342024,0.99989301,18700124511,75582405046.0
09/10/2025,0.999827981,1.000247002,0.999514997,0.999785006,20052145232,75665318341.0
10/10/2025,1.000033975,1.004958987,0.996672988,0.999826014,44539851941,75574178484.0
11/10/2025,0.999834001,1.001312017,0.999327004,0.999958992,27417334181,75026867754.0
12/10/2025,1.00028801,1.001476049,0.999351025,0.999890029,27619798454,75382187141.0
13/10/2025,1.000084996,1.000908017,0.999355018,1.000221968,23705141432,75639712687.0
14/10/2025,1.000054955,1.001070023,0.998669982,1.000049949,27879677000,75821593639.0
15/10/2025,0.999906003,1.001216054,0.999467015,1.000036001,21084302739,76219878474.0
16/10/2025,1.000002027,1.001554012,0.999182999,1.000190973,22286952756,76066936940.0
17/10/2025,0.999871016,1.001361012,0.999334991,1.000013947,23711670135,75948741221.0
18/10/2025,0.999952018,1.00118196,0.99940002,0.999903977,9277791302,76033638109.0
19/10/2025,0.999967992,1.001453042,0.999364018,0.999969006,12291952376,75939549187.0
20/10/2025,1.000043988,1.001358986,0.999275029,0.999991,16926508572,75939618382.0
21/10/2025,0.999849021,1.001299977,0.999153018,1.000015974,22593232949,76201196396.0
22/10/2025,0.999970019,1.000926018,0.999280989,0.999966979,22115266618,76780747879.0
23/10/2025,1.000121951,1.000398993,0.999379992,0.999929011,16181704760,76534953556.0
24/10/2025,1.000105023,1.000623941,0.99891001,1.000120997,14943172043,76493628581.0
25/10/2025,0.999891996,1.000450015,0.999586999,1.000090003,7226602066,76326620232.0
26/10/2025,0.999760985,1.000393033,0.999329984,0.99991399,11250914221,76278128434.0
27/10/2025,0.999867022,1.000470996,0.999431014,0.999740005,17128050892,76236838552.0
28/10/2025,0.999970019,1.000406981,0.999373972,0.999916017,17460882890,76159183452.0
29/10/2025,0.999930024,1.001935005,0.999251008,0.999859989,18531597399,76198885073.0
30/10/2025,1.00010097,1.001395941,0.999146998,0.999903023,19297317107,76301584815.0
31/10/2025,0.999734998,1.001045942,0.99910599,0.999889016,18192736045,75950060281.0
01/11/2025,1.000013947,1.001613021,0.999406993,0.999759972,8276413018,75912385028.0
02/11/2025,0.999828994,1.000905991,0.999332011,0.999975979,9329717192,75855338094.0
03/11/2025,0.999900997,1.001214981,0.999076009,0.999846995,22484873172,75797588536.0
04/11/2025,0.999635994,1.001276016,0.999063015,0.999799013,31208623577,75556937075.0
05/11/2025,0.999825001,1.000996947,0.999211013,0.999722004,19365140378,75145449692.0
06/11/2025,0.999755025,1.001294017,0.999190986,0.999807,17993806725,75296518973.0
07/11/2025,1.000090957,1.00118804,0.999104023,0.999682009,20539763837,75451938947.0
08/11/2025,0.999845028,1.000913978,0.999273002,1.00008297,10466745014,75779329531.0
09/11/2025,1.000133991,1.000967979,0.999261975,0.999831021,10844489300,75700645709.0
10/11/2025,0.999855995,1.000947952,0.99930203,1.000157952,15895450134,75757366577.0
11/11/2025,0.99980402,1.000834942,0.999055028,0.999858975,15715033512,76155747956.0
12/11/2025,0.999971986,1.000977993,0.999018013,0.999803007,15268281920,75967424758.0
13/11/2025,0.999876976,1.001196027,0.999038994,0.999994993,20176471346,76052521919.0
14/11/2025,0.999801993,1.001256943,0.999101996,0.999881983,23734959561,75578542260.0
15/11/2025,0.999958992,1.001391053,0.999202013,0.999930024,8443360111,74989995354.0
16/11/2025,0.999805987,1.002061009,0.999122024,1.000018954,12104296124,74928978465.0
17/11/2025,0.999898016,1.001973987,0.999136984,0.999818981,20439106807,74854938591.0
18/11/2025,0.99981302,1.001839995,0.999024987,0.999881029,19481280133,74892956510.0
19/11/2025,0.999961019,1.003324986,0.998944998,0.999816,19002018090,74880488295.0
20/11/2025,1.000355959,1.001744032,0.998669028,0.999863982,19801458308,74643339219.0
21/11/2025,0.999845982,1.001852036,0.998691976,1.000141025,26614932876,73909788280.0
22/11/2025,0.99971801,1.001276016,0.998914003,0.999908984,8611853217,74040826913.0
23/11/2025,0.999828994,1.00119698,0.998715997,0.999729991,9901038647,74004667844.0
24/11/2025,0.999737978,1.001271009,0.999010026,0.99979502,15754929687,74068748780.0
25/11/2025,0.999608994,1.001340032,0.999110997,0.999724984,14725488132,74501543759.0
26/11/2025,0.999984026,1.000980973,0.998987973,0.999683976,13391097650,75168587746.0
27/11/2025,0.999862015,1.000852942,0.999396026,0.999988019,10713071103,75754672530.0
28/11/2025,0.999801993,1.00079298,0.99930501,0.999862015,12811581630,76024535654.0
29/11/2025,0.999872983,1.000988007,0.999475002,0.99979502,6278622212,76529002203.0
30/11/2025,0.999790013,1.000779033,0.999472022,0.999800026,5764967438,76543535519.0
01/12/2025,0.99979198,1.001150012,0.999246001,0.999796987,17352100455,76589515806.0
02/12/2025,1.000036001,1.001126051,0.999261975,0.99980098,14433976983,77509820034.0
03/12/2025,0.999871016,1.000432968,0.99930203,1.000007987,13890740335,77509490840.0
04/12/2025,0.999844015,1.000432014,0.999444008,0.999876022,11941001425,77812656340.0
05/12/2025,0.999961972,1.000553966,0.999086976,0.999832988,12765146876,78052939535.0
06/12/2025,1.000046968,1.001343012,0.999593019,0.999933004,4991035794,78062265666.0
07/12/2025,1.000071049,1.000681996,0.999306977,1.00008595,7817626807,78125782618.0
08/12/2025,0.999967992,1.000553966,0.99922502,1.000004053,11650628638,78177215514.0
09/12/2025,0.999970019,1.000720978,0.998815,0.999796987,14324888356,78322005233.0
10/12/2025,0.999777019,1.001152992,0.998824,0.99989301,14070562885,78461039499.0
11/12/2025,0.999930978,1.000661016,0.999119997,0.999873996,13047985541,78247279770.0
12/12/2025,0.999879003,1.000612974,0.99920398,0.999925971,10666488911,78273133759.0
13/12/2025,0.99999398,1.000246048,0.999611974,0.999862015,4003035283,78479111693.0
14/12/2025,0.999974012,1.000776052,0.999499977,0.999993026,5970103430,78424700013.0
15/12/2025,0.999899983,1.000944972,0.998063982,0.999912024,12270727447,78400153698.0
16/12/2025,0.999836981,1.001466036,0.99919498,0.999958992,10982481247,78445964850.0
17/12/2025,0.999882996,1.001438022,0.999176979,0.999853015,12686054041,78315434994.0
18/12/2025,0.999890983,1.00146997,0.998982012,0.999903977,13313661791,78042840697.0
19/12/2025,0.999864995,1.001482964,0.999184012,0.999903023,12735656404,77331627180.0
20/12/2025,0.999906003,1.000725031,0.999384999,0.999845982,3933444751,77093596995.0
21/12/2025,0.999818981,1.001263022,0.999297976,0.999917984,5054508968,77077940358.0
22/12/2025,0.999773026,1.000864029,0.99929601,0.999813974,11804145521,77107714886.0
23/12/2025,0.999755025,1.001106977,0.999140024,0.999773026,19068730215,77107982651.0
24/12/2025,0.999706984,1.000673056,0.999292016,0.999749005,8031421173,76915464265.0
25/12/2025,0.999777019,1.000676036,0.999207973,0.999688029,5797792338,76591043824.0
26/12/2025,0.999666989,1.00069201,0.999184012,0.999782979,9069358312,76476959214.0
27/12/2025,0.999665976,1.000648975,0.99931401,0.999666989,3815119033,76517544121.0
28/12/2025,0.999756992,1.000643969,0.999256015,0.999637008,4225982198,76474911697.0
29/12/2025,0.999655008,1.000846028,0.999159992,0.999755025,12690592251,76384734230.0
30/12/2025,0.999704003,1.000687957,0.99901098,0.999661982,10022484460,76016098864.0
31/12/2025,0.999634981,1.000856996,0.999199986,0.999701023,9361127722,76008223428.0
01/01/2026,0.999758005,1.000326991,0.999144971,0.999575019,5108664262,75371182421.0
02/01/2026,0.999979019,1.000920057,0.99892801,0.999758005,13144887912,75187332687.0
03/01/2026,0.999931991,1.000303984,0.999522984,0.999997973,5428085609,75338085490.0
04/01/2026,0.999873996,1.000123978,0.999239028,0.999929011,6308365381,75382811888.0
05/01/2026,0.999190509,1.000054359,0.999190509,0.999767184,12007944192,75441548670.0
,USDC-USD,USDC-USD,USDC-USD,USDC-USD,USDC-USD,32247836172.0
