date,Close,High,Low,Open,Volume,market_cap
,WBT-USD,WBT-USD,WBT-USD,WBT-USD,WBT-USD,
26/08/2022,4.500193119049072,5.590310096740723,4.443161964416504,5.57539701461792,4101325,
27/08/2022,4.238081932067871,4.650356769561768,4.025210857391357,4.500254154205322,2834023,
28/08/2022,4.362123012542725,4.440324783325195,4.133030891418457,4.238061904907227,2468583,
29/08/2022,5.679183006286621,5.899166107177734,4.30803108215332,4.362223148345947,5256521,
30/08/2022,6.304509162902832,6.688608169555664,5.597282886505127,5.679220199584961,5554902,
31/08/2022,6.378105163574219,6.687129020690918,5.958272933959961,6.304568767547607,5540708,
01/09/2022,6.278066158294678,6.4411749839782715,6.258866786956787,6.378090858459473,2437805,
02/09/2022,6.373566150665283,6.485486030578613,6.160237789154053,6.277976989746094,2482729,
03/09/2022,6.337465763092041,6.413620948791504,6.302396774291992,6.373568058013916,4816232,
04/09/2022,6.142376899719238,6.353221893310547,5.955985069274902,6.337480068206787,3895741,
05/09/2022,6.678254127502441,7.1574530601501465,5.164120197296143,6.142378807067871,8043413,
06/09/2022,5.876288890838623,6.988226890563965,5.613073825836182,6.678178787231445,8490584,
07/09/2022,5.8196330070495605,6.179051876068115,5.507057189941406,5.876062870025635,8789203,
08/09/2022,5.119524002075195,5.819687843322754,5.006392955780029,5.8195672035217285,4218724,
09/09/2022,5.243231773376465,5.538370132446289,5.108479976654053,5.119492053985596,2978360,
10/09/2022,5.199462890625,5.32778787612915,4.991580963134766,5.243228912353516,3249836,
11/09/2022,4.520248889923096,6.492805004119873,3.359910011291504,5.199450969696045,37059314,
12/09/2022,4.565929889678955,4.79483699798584,4.244997024536133,4.520269870758057,2705928,
13/09/2022,3.9410970211029053,4.690864086151123,3.858302116394043,4.56573486328125,3051729,
14/09/2022,4.077578067779541,4.699281215667725,3.901278018951416,3.929150104522705,5207808,
15/09/2022,4.105013847351074,4.329949855804443,4.031451225280762,4.077563762664795,1888568,
16/09/2022,4.444915771484375,4.679910182952881,4.104913234710693,4.105009078979492,3352145,
17/09/2022,6.000586986541748,7.600341796875,4.4180498123168945,4.444919109344482,34136726,
18/09/2022,3.9200899600982666,6.069896221160889,3.109973907470703,6.000577926635742,11730289,
19/09/2022,4.209446907043457,4.590579032897949,2.9801599979400635,3.9200310707092285,6367664,
20/09/2022,4.162250995635986,4.500430107116699,4.000266075134277,4.209436893463135,3288397,
21/09/2022,3.1092679500579834,4.268435001373291,3.006303071975708,4.162230014801025,8841679,
22/09/2022,3.8579399585723877,3.9383609294891357,3.0372440814971924,3.10932993888855,3726954,
23/09/2022,3.9280710220336914,4.107118129730225,3.8558530807495117,3.857978105545044,4099602,
24/09/2022,3.8165500164031982,3.9482998847961426,3.8131649494171143,3.9280900955200195,3115328,
25/09/2022,3.6221749782562256,3.865483045578003,3.6030900478363037,3.8168139457702637,5870079,
26/09/2022,3.76235294342041,3.8913140296936035,3.58052396774292,3.6221470832824707,7721461,
27/09/2022,4.072526931762695,4.117455959320068,3.7410449981689453,3.7623291015625,4818091,
28/09/2022,5.8606061935424805,5.902050971984863,3.9708950519561768,4.0733489990234375,16598635,
29/09/2022,5.896895885467529,5.984702110290527,5.793407917022705,5.859944820404053,7990572,
30/09/2022,10.391122817993164,10.902999877929688,5.843038082122803,5.896603107452393,39635700,
01/10/2022,10.777917861938477,10.8591890335083,10.316571235656738,10.392788887023926,13921227,
02/10/2022,11.154423713684082,11.154423713684082,10.6038236618042,10.777941703796387,9294483,
03/10/2022,11.617356300354004,11.619072914123535,11.086610794067383,11.156862258911133,16269521,
04/10/2022,11.682476997375488,11.992505073547363,11.349288940429688,11.617433547973633,13793432,
05/10/2022,11.900986671447754,12.186824798583984,11.618964195251465,11.680692672729492,12225901,
06/10/2022,11.176182746887207,11.948339462280273,11.027000427246094,11.900996208190918,12649113,
07/10/2022,11.046822547912598,11.192166328430176,11.021081924438477,11.176057815551758,10115924,
08/10/2022,11.025687217712402,11.09532642364502,10.955073356628418,11.046853065490723,9901288,
09/10/2022,11.086759567260742,11.102805137634277,10.98965835571289,11.028709411621094,10637801,
10/10/2022,11.093661308288574,11.177886009216309,11.034309387207031,11.09138011932373,9858244,
11/10/2022,11.084623336791992,11.105813026428223,11.079106330871582,11.091865539550781,7247910,
12/10/2022,11.179072380065918,11.194499969482422,11.064624786376953,11.084845542907715,7955356,
13/10/2022,11.064303398132324,11.180541038513184,10.686599731445312,11.179072380065918,9619150,
14/10/2022,11.176277160644531,11.179142951965332,11.013978958129883,11.064359664916992,12435522,
15/10/2022,13.155165672302246,13.1703519821167,11.171867370605469,11.176261901855469,20890217,
16/10/2022,13.710132598876953,13.884790420532227,13.140364646911621,13.15512752532959,11117961,
17/10/2022,13.43200397491455,13.785957336425781,13.351001739501953,13.707734107971191,14905968,
18/10/2022,13.29097843170166,13.568185806274414,13.27382755279541,13.432036399841309,16804504,
19/10/2022,13.4536771774292,13.455669403076172,13.281722068786621,13.290966987609863,17426926,
20/10/2022,13.567359924316406,13.696282386779785,13.365504264831543,13.453476905822754,16039178,
21/10/2022,12.705313682556152,13.6159029006958,12.152585983276367,13.567434310913086,14743981,
22/10/2022,12.348749160766602,12.76439094543457,12.237980842590332,12.705321311950684,17092931,
23/10/2022,12.146648406982422,12.349806785583496,12.144737243652344,12.348506927490234,16234959,
24/10/2022,12.16672134399414,12.200944900512695,12.110733032226562,12.146570205688477,13884022,
25/10/2022,12.149558067321777,12.182978630065918,12.086549758911133,12.166587829589844,15569938,
26/10/2022,13.356025695800781,13.366989135742188,12.101619720458984,12.145801544189453,18913152,
27/10/2022,14.52415943145752,14.58795166015625,13.247590065002441,13.35608959197998,23339872,
28/10/2022,14.50993537902832,14.571569442749023,14.498499870300293,14.524225234985352,26434953,
29/10/2022,14.422172546386719,14.552273750305176,14.382274627685547,14.510196685791016,26943468,
30/10/2022,14.381976127624512,14.4904203414917,14.34769344329834,14.422171592712402,26228300,
31/10/2022,12.381561279296875,14.54403305053711,12.371620178222656,14.38239574432373,24970024,
01/11/2022,10.64856243133545,12.396696090698242,10.632930755615234,12.381701469421387,22937571,
02/11/2022,10.218481063842773,10.648500442504883,10.159974098205566,10.648500442504883,16018789,
03/11/2022,9.66439437866211,10.219801902770996,9.64618968963623,10.21855640411377,16675152,
04/11/2022,9.188617706298828,9.795024871826172,9.187491416931152,9.664652824401855,32553778,
05/11/2022,8.66088581085205,9.191563606262207,8.623799324035645,9.187865257263184,28225702,
06/11/2022,8.746773719787598,8.862735748291016,8.604766845703125,8.660959243774414,26484069,
07/11/2022,8.285429954528809,8.752373695373535,8.278937339782715,8.746774673461914,23131878,
08/11/2022,6.637062072753906,8.286086082458496,6.55495023727417,8.284933090209961,21998011,
09/11/2022,6.923192024230957,7.142025947570801,6.244534969329834,6.638609886169434,21896224,
10/11/2022,6.707995891571045,6.937490940093994,6.600224018096924,6.9233012199401855,19457232,
11/11/2022,6.334310054779053,6.708615779876709,6.322964191436768,6.707705974578857,21263129,
12/11/2022,6.129857063293457,6.334877967834473,6.128424167633057,6.333930969238281,21832506,
13/11/2022,5.479423999786377,6.1356658935546875,5.385916233062744,6.12986421585083,18070085,
14/11/2022,5.472379207611084,5.493863105773926,5.440673828125,5.479401111602783,16448760,
15/11/2022,5.468461990356445,5.480215072631836,5.4648518562316895,5.472671031951904,19016104,
16/11/2022,5.424289226531982,5.469583988189697,5.42328405380249,5.468495845794678,18512989,
17/11/2022,5.414731979370117,5.45527982711792,5.413111209869385,5.424405097961426,19025965,
18/11/2022,5.345469951629639,5.416432857513428,5.343188762664795,5.414650917053223,18899072,
19/11/2022,5.326399803161621,5.3475189208984375,5.325016975402832,5.344786167144775,11722363,
20/11/2022,5.234547138214111,5.330760955810547,5.231804847717285,5.326315879821777,14380824,
21/11/2022,4.987579822540283,5.23446798324585,4.983908176422119,5.23446798324585,10562489,
22/11/2022,4.9045000076293945,4.98776388168335,4.902306079864502,4.987537860870361,11116548,
23/11/2022,4.91734504699707,4.923696041107178,4.902486801147461,4.905045986175537,21083306,
24/11/2022,4.914391994476318,4.925403118133545,4.913638114929199,4.917329788208008,20367869,
25/11/2022,4.9296159744262695,4.932785987854004,4.9031829833984375,4.914597034454346,19355699,
26/11/2022,4.91737699508667,4.931070804595947,4.903359889984131,4.92961311340332,19660664,
27/11/2022,4.922369956970215,4.941819190979004,4.91372013092041,4.917348861694336,20000278,
28/11/2022,4.89023494720459,4.92295503616333,4.889890193939209,4.922354221343994,19689272,
29/11/2022,4.833620071411133,4.9004621505737305,4.833620071411133,4.890235900878906,19439779,
30/11/2022,4.84938907623291,4.861443996429443,4.833816051483154,4.833816051483154,17826615,
01/12/2022,4.84731388092041,4.8598151206970215,4.843472003936768,4.8494791984558105,16541356,
02/12/2022,4.846582889556885,4.8544158935546875,4.845180988311768,4.847300052642822,16872662,
03/12/2022,4.8321309089660645,4.847133159637451,4.831881999969482,4.846586227416992,15801707,
04/12/2022,4.833855152130127,4.835171222686768,4.829024791717529,4.832132816314697,11180479,
05/12/2022,4.833055019378662,4.846940040588379,4.83049201965332,4.833829879760742,13407959,
06/12/2022,4.8132147789001465,4.838489055633545,4.805983066558838,4.832809925079346,13102799,
07/12/2022,4.793014049530029,4.8151960372924805,4.785868167877197,4.813158988952637,13625818,
08/12/2022,4.7707719802856445,4.794684886932373,4.769435882568359,4.7930779457092285,12456872,
09/12/2022,4.755752086639404,4.771696090698242,4.751995086669922,4.770438194274902,8919889,
10/12/2022,4.720400810241699,4.7561869621276855,4.718510150909424,4.755774974822998,7688029,
11/12/2022,4.722685813903809,4.727036952972412,4.719060897827148,4.72024393081665,4690337,
12/12/2022,4.554055213928223,4.722468852996826,4.507174015045166,4.722468852996826,11907762,
13/12/2022,4.721311092376709,4.928397178649902,4.161487102508545,4.554721832275391,11063084,
14/12/2022,4.732444763183594,4.794044017791748,4.6161041259765625,4.721311092376709,11845274,
15/12/2022,4.597366809844971,4.7604451179504395,4.589498043060303,4.732326030731201,10936662,
16/12/2022,4.519748210906982,4.620203018188477,4.519164085388184,4.5975341796875,9999325,
17/12/2022,4.374396800994873,4.5431132316589355,4.365571022033691,4.520391941070557,9823721,
18/12/2022,4.469171047210693,4.471814155578613,4.367512226104736,4.37439489364624,9545105,
19/12/2022,4.327566146850586,4.478550910949707,4.324963092803955,4.469183921813965,8506385,
20/12/2022,4.245940208435059,4.352995872497559,4.236419200897217,4.327416896820068,7654269,
21/12/2022,4.161665916442871,4.2465739250183105,4.156060218811035,4.245940208435059,4380020,
22/12/2022,4.137753009796143,4.171875,4.130922794342041,4.161748886108398,4717959,
23/12/2022,4.120932102203369,4.140655994415283,4.119627952575684,4.1376848220825195,6553596,
24/12/2022,4.090500831604004,4.128122806549072,4.089440822601318,4.120948791503906,3719595,
25/12/2022,4.111806869506836,4.132976055145264,4.083003044128418,4.090521812438965,3199231,
26/12/2022,4.115903854370117,4.119233131408691,4.107387065887451,4.111728191375732,1742081,
27/12/2022,4.098196029663086,4.119439125061035,4.098196029663086,4.115929126739502,1760070,
28/12/2022,4.0856218338012695,4.107402801513672,4.074737071990967,4.098190784454346,1952152,
29/12/2022,4.074975967407227,4.09342098236084,4.071576118469238,4.085629940032959,1556884,
30/12/2022,4.082682132720947,4.089502811431885,4.0715179443359375,4.075040817260742,3538082,
31/12/2022,4.080545902252197,4.091738224029541,4.065184116363525,4.0825419425964355,7393131,
01/01/2023,4.091056823730469,4.0955071449279785,4.076202869415283,4.0805559158325195,7272410,
02/01/2023,4.093327045440674,4.1090240478515625,4.085390090942383,4.090696811676025,7310581,
03/01/2023,4.0810627937316895,4.097823143005371,4.076395034790039,4.093164920806885,7436924,
04/01/2023,4.089666843414307,4.10451602935791,4.0789570808410645,4.081080913543701,7407873,
05/01/2023,4.082629203796387,4.094111919403076,4.081655979156494,4.089686870574951,6174761,
06/01/2023,4.083071231842041,4.0958051681518555,4.077635765075684,4.082643985748291,4765035,
07/01/2023,4.073522090911865,4.091620922088623,4.070346832275391,4.083077907562256,4893764,
08/01/2023,4.06094217300415,4.081252098083496,4.055616855621338,4.073400974273682,6437959,
09/01/2023,4.079308986663818,4.155012130737305,4.051581859588623,4.060723781585693,8833658,
10/01/2023,4.061845779418945,4.080844879150391,4.057827949523926,4.079306125640869,7454800,
11/01/2023,4.0416669845581055,4.079102993011475,4.037100791931152,4.0618109703063965,8212284,
12/01/2023,3.994709014892578,4.04597282409668,3.992871046066284,4.041869163513184,8147259,
13/01/2023,3.71254301071167,3.9947080612182617,3.7045938968658447,3.9947080612182617,13766379,
14/01/2023,3.6743690967559814,3.7428510189056396,3.671565055847168,3.712244987487793,10846898,
15/01/2023,3.6421639919281006,3.676121950149536,3.637399911880493,3.675041913986206,10120785,
16/01/2023,3.526474952697754,3.6491520404815674,3.525438070297241,3.641969919204712,9112522,
17/01/2023,3.4442028999328613,3.531804084777832,3.442203998565674,3.526474952697754,7551486,
18/01/2023,3.3231000900268555,3.444317102432251,3.3231000900268555,3.4442288875579834,5589429,
19/01/2023,3.401434898376465,3.40712308883667,3.3129379749298096,3.3230080604553223,5855257,
20/01/2023,3.5336289405822754,3.551827907562256,3.390225887298584,3.401618003845215,9839108,
21/01/2023,3.5469160079956055,3.5813090801239014,3.5188069343566895,3.534374952316284,6854063,
22/01/2023,3.5011749267578125,3.5511159896850586,3.498776912689209,3.5470099449157715,6551314,
23/01/2023,3.483788013458252,3.5068070888519287,3.4818220138549805,3.5013999938964844,8150552,
24/01/2023,3.449847936630249,3.489553928375244,3.447866916656494,3.4838130474090576,9041896,
25/01/2023,3.483849048614502,3.5438830852508545,3.4035229682922363,3.4498488903045654,10049093,
26/01/2023,3.4367289543151855,3.4875218868255615,3.4234580993652344,3.482603073120117,9991132,
27/01/2023,3.4193079471588135,3.439234972000122,3.41742205619812,3.436898946762085,7570868,
28/01/2023,3.4033310413360596,3.42166805267334,3.400657892227173,3.419128894805908,6487502,
29/01/2023,3.3960890769958496,3.412838935852051,3.3942370414733887,3.403347969055176,7204026,
30/01/2023,3.3553929328918457,3.3973801136016846,3.349355936050415,3.3960890769958496,9242545,
31/01/2023,3.3450939655303955,3.358362913131714,3.335577964782715,3.355556011199951,7751386,
01/02/2023,3.318665027618408,3.3510050773620605,3.3079400062561035,3.345057964324951,9849837,
02/02/2023,3.2994110584259033,3.3317110538482666,3.297775983810425,3.3184750080108643,7390660,
03/02/2023,3.354326009750366,3.3633360862731934,3.2808759212493896,3.2995951175689697,4154944,
04/02/2023,3.3658370971679688,3.3745529651641846,3.346266031265259,3.3543450832366943,2245271,
05/02/2023,3.3440370559692383,3.3737690448760986,3.3406670093536377,3.365912914276123,2403675,
06/02/2023,3.3294880390167236,3.356182098388672,3.326327085494995,3.344022035598755,2618649,
07/02/2023,3.341732978820801,3.3482189178466797,3.3189609050750732,3.329339027404785,2548553,
08/02/2023,3.3238070011138916,3.344532012939453,3.315721035003662,3.341733932495117,2132198,
09/02/2023,3.2887940406799316,3.3279099464416504,3.285742998123169,3.32383394241333,2172430,
10/02/2023,3.261193037033081,3.2929160594940186,3.2590489387512207,3.2887940406799316,1849334,
11/02/2023,3.271009922027588,3.273008108139038,3.247502088546753,3.2611939907073975,2110867,
12/02/2023,3.2860610485076904,3.29522705078125,3.2623839378356934,3.271178960800171,2961775,
13/02/2023,3.105262041091919,3.2860610485076904,3.0811140537261963,3.2860610485076904,4939548,
14/02/2023,4.047701835632324,4.060923099517822,3.096903085708618,3.105545997619629,9099349,
15/02/2023,4.128302097320557,4.13356876373291,4.004424095153809,4.047567844390869,3256295,
16/02/2023,4.074869155883789,4.146105766296387,4.072809219360352,4.128284931182861,3017902,
17/02/2023,3.967582941055298,4.0768208503723145,3.8832879066467285,4.074886798858643,3880391,
18/02/2023,3.993865966796875,4.000085830688477,3.924700975418091,3.967716932296753,2335190,
19/02/2023,3.9963560104370117,4.005096912384033,3.9799959659576416,3.9938340187072754,1597256,
20/02/2023,4.014627933502197,4.039809226989746,3.9810619354248047,3.996330976486206,3173679,
21/02/2023,3.96943998336792,4.055984973907471,3.9581170082092285,4.014651775360107,3287726,
22/02/2023,3.8933920860290527,3.9704999923706055,3.874138116836548,3.969444990158081,2936261,
23/02/2023,3.8809609413146973,3.9122180938720703,3.8738389015197754,3.8933920860290527,2940688,
24/02/2023,3.8068630695343018,3.88405704498291,3.801068067550659,3.881211042404175,3015051,
25/02/2023,3.7705280780792236,3.8107619285583496,3.7595839500427246,3.807046890258789,2271030,
26/02/2023,3.7902109622955322,3.8010458946228027,3.7565300464630127,3.7705790996551514,2098747,
27/02/2023,3.8595430850982666,3.888650894165039,3.784411907196045,3.7901980876922607,3054900,
28/02/2023,3.8228371143341064,3.870297908782959,3.822329044342041,3.859555959701538,2328773,
01/03/2023,3.855513095855713,3.8786609172821045,3.815835952758789,3.8227710723876953,2824571,
02/03/2023,3.8550190925598145,3.864132881164551,3.8449630737304688,3.8556580543518066,2295592,
03/03/2023,3.813110113143921,3.857609987258911,3.806988000869751,3.8550350666046143,2598909,
04/03/2023,3.8017899990081787,3.819206953048706,3.7898480892181396,3.813143014907837,2586839,
05/03/2023,3.791872024536133,3.807631015777588,3.7828760147094727,3.8017020225524902,2433712,
06/03/2023,3.790802001953125,3.8020288944244385,3.7804698944091797,3.7919280529022217,2196211,
07/03/2023,3.776669979095459,3.7970778942108154,3.756632089614868,3.7906150817871094,2365789,
08/03/2023,3.7103519439697266,3.779623031616211,3.7082810401916504,3.7765300273895264,2522748,
09/03/2023,3.647986888885498,3.7135629653930664,3.634674072265625,3.7109339237213135,9954821,
10/03/2023,3.590656042098999,3.6486780643463135,3.5787129402160645,3.6486780643463135,11211137,
11/03/2023,3.6067628860473633,3.6158080101013184,3.5637760162353516,3.590635061264038,11430204,
12/03/2023,3.752377986907959,3.761889934539795,3.5917820930480957,3.6066370010375977,10729448,
13/03/2023,4.476058006286621,4.509700775146484,3.6174368858337402,3.7532150745391846,22123165,
14/03/2023,4.3559417724609375,4.56033992767334,4.274734020233154,4.476100921630859,17130388,
15/03/2023,4.321152210235596,4.381259918212891,4.298491954803467,4.355696201324463,17124097,
16/03/2023,4.271481990814209,4.32647180557251,4.252930164337158,4.321101188659668,15708801,
17/03/2023,5.170419216156006,5.195006847381592,4.260585784912109,4.27147912979126,20823805,
18/03/2023,5.0487751960754395,5.178774833679199,5.044384002685547,5.16923713684082,9259950,
19/03/2023,5.047181129455566,5.074303150177002,5.01832914352417,5.048885822296143,11787782,
20/03/2023,4.786149024963379,5.052359104156494,4.764675140380859,5.046856880187988,12891855,
21/03/2023,4.802192211151123,4.86063289642334,4.708919048309326,4.787787914276123,12729074,
22/03/2023,4.827675819396973,5.015667915344238,4.759309768676758,4.802924156188965,13594323,
23/03/2023,4.9589009284973145,5.041355133056641,4.762031078338623,4.829278945922852,13770992,
24/03/2023,5.18323278427124,5.213470935821533,4.881661891937256,4.959078788757324,15477033,
25/03/2023,5.087751865386963,5.1892571449279785,5.075121879577637,5.183751106262207,10790388,
26/03/2023,5.056693077087402,5.109251976013184,5.041690826416016,5.086464881896973,11492961,
27/03/2023,5.082076072692871,5.131163120269775,4.809815883636475,5.057445049285889,12173305,
28/03/2023,5.075890064239502,5.094080924987793,4.973854064941406,5.086153984069824,11427074,
29/03/2023,5.3293070793151855,5.354075908660889,5.074623107910156,5.075344085693359,14508935,
30/03/2023,5.292450904846191,5.359402179718018,5.263494968414307,5.3293609619140625,12095381,
31/03/2023,5.345209121704102,5.368165969848633,5.253410816192627,5.291778087615967,12734535,
01/04/2023,5.340529918670654,5.3722920417785645,5.333817005157471,5.344367980957031,10967325,
02/04/2023,5.317825794219971,5.350143909454346,5.305682182312012,5.338380813598633,11730162,
03/04/2023,5.229400157928467,5.319528102874756,5.190359115600586,5.317884922027588,12400234,
04/04/2023,5.182797908782959,5.229921817779541,5.1706461906433105,5.229921817779541,12401131,
05/04/2023,5.126996994018555,5.206052780151367,5.124435901641846,5.182806968688965,14444427,
06/04/2023,4.969409942626953,5.1272969245910645,4.969409942626953,5.1272969245910645,9963384,
07/04/2023,4.917201042175293,4.969062805175781,4.908987045288086,4.968349933624268,8606957,
08/04/2023,4.917634010314941,4.933688163757324,4.901144981384277,4.916709899902344,9256124,
09/04/2023,4.876161098480225,4.928537845611572,4.858368873596191,4.917664051055908,8841281,
10/04/2023,4.902346134185791,4.902605056762695,4.847088813781738,4.876321792602539,9444418,
11/04/2023,4.8801960945129395,4.915265083312988,4.8732099533081055,4.90238094329834,6073581,
12/04/2023,4.81016206741333,4.88041877746582,4.80539083480835,4.88041877746582,2369598,
13/04/2023,4.821347236633301,4.823473930358887,4.804098129272461,4.810701847076416,1825458,
14/04/2023,4.871377944946289,4.939215183258057,4.805270195007324,4.8216657638549805,3266234,
15/04/2023,4.828314781188965,4.871603965759277,4.823139190673828,4.871459007263184,2098650,
16/04/2023,4.833897113800049,4.844440937042236,4.820586204528809,4.828039169311523,1662689,
17/04/2023,4.7939300537109375,4.839561939239502,4.787045001983643,4.834001064300537,2202301,
18/04/2023,4.862500190734863,4.905578136444092,4.778163909912109,4.794025897979736,2849570,
19/04/2023,4.790924072265625,4.867870807647705,4.785600185394287,4.8623881340026855,2401294,
20/04/2023,4.73527193069458,4.791444778442383,4.72162389755249,4.791444778442383,2519792,
21/04/2023,4.663427829742432,4.7533698081970215,4.654010772705078,4.735636234283447,2544645,
22/04/2023,4.7066731452941895,4.719577789306641,4.636157035827637,4.662237167358398,2406899,
23/04/2023,4.68294620513916,4.711863040924072,4.677890777587891,4.706730842590332,1999090,
24/04/2023,4.660217761993408,4.695259094238281,4.622119903564453,4.682927131652832,2550875,
25/04/2023,4.732020854949951,4.811971187591553,4.635677814483643,4.65978479385376,2838266,
26/04/2023,4.732785224914551,4.860289096832275,4.674559116363525,4.7326979637146,3602252,
27/04/2023,4.8153910636901855,4.859838962554932,4.7136359214782715,4.732693195343018,3041472,
28/04/2023,4.804030895233154,4.817333221435547,4.770077228546143,4.8148651123046875,7526556,
29/04/2023,4.785521030426025,4.8057122230529785,4.773871898651123,4.803988933563232,12317002,
30/04/2023,4.780360221862793,4.843077182769775,4.738667011260986,4.785068988800049,12772522,
01/05/2023,4.703314781188965,4.786009788513184,4.694141864776611,4.778684139251709,12450490,
02/05/2023,4.745349884033203,4.771549224853516,4.687500953674316,4.703901767730713,10962701,
03/05/2023,4.793810844421387,4.82537317276001,4.706264972686768,4.745704174041748,11203040,
04/05/2023,4.765275001525879,4.803739070892334,4.757748126983643,4.791324138641357,10508286,
05/05/2023,4.887836933135986,4.893067836761475,4.755834102630615,4.7652387619018555,12768115,
06/05/2023,4.779534816741943,4.895648002624512,4.7780609130859375,4.88768196105957,9156437,
07/05/2023,4.754810810089111,4.793698787689209,4.742372989654541,4.779611110687256,11589793,
08/05/2023,4.692553997039795,4.758955001831055,4.660212993621826,4.75423002243042,11467072,
09/05/2023,4.681000232696533,4.701323986053467,4.664971828460693,4.692812919616699,10320159,
10/05/2023,4.70977783203125,4.723855018615723,4.674083232879639,4.681347846984863,11110098,
11/05/2023,4.665884017944336,4.716969013214111,4.636548042297363,4.709910869598389,12545571,
12/05/2023,4.653523921966553,4.676586151123047,4.6204938888549805,4.667411804199219,12874549,
13/05/2023,4.651518821716309,4.666560173034668,4.6442551612854,4.654860019683838,11520562,
14/05/2023,4.669053077697754,4.681406021118164,4.637038230895996,4.651504039764404,11556238,
15/05/2023,4.687631130218506,4.706484794616699,4.663571834564209,4.668569087982178,10370920,
16/05/2023,4.65724515914917,4.701703071594238,4.646864891052246,4.6877288818359375,11712553,
17/05/2023,4.669559955596924,4.674441814422607,4.633893013000488,4.657548904418945,11477444,
18/05/2023,4.662951946258545,4.700232982635498,4.644800186157227,4.670834064483643,9214054,
19/05/2023,4.668118000030518,4.678884983062744,4.649352073669434,4.663050174713135,9591431,
20/05/2023,4.673580169677734,4.685472011566162,4.663521766662598,4.6681060791015625,7073619,
21/05/2023,4.658833980560303,4.688651084899902,4.653829097747803,4.673525810241699,4918734,
22/05/2023,4.616517066955566,4.6619791984558105,4.6031317710876465,4.659279823303223,11296931,
23/05/2023,4.626501083374023,4.653522968292236,4.600028038024902,4.616775989532471,11083160,
24/05/2023,4.558773040771484,4.627603054046631,4.549100875854492,4.62665319442749,11335037,
25/05/2023,4.5770039558410645,4.586338996887207,4.525506973266602,4.558621883392334,12874945,
26/05/2023,4.711843013763428,4.721797943115234,4.566232204437256,4.5769548416137695,11916237,
27/05/2023,4.707798004150391,4.7156219482421875,4.689848899841309,4.7109761238098145,12579431,
28/05/2023,4.797680854797363,4.8095221519470215,4.700409889221191,4.708010196685791,13596691,
29/05/2023,4.770946025848389,4.810696125030518,4.770946025848389,4.798226833343506,12765154,
30/05/2023,4.88185977935791,4.900897979736328,4.767238140106201,4.770890235900879,13005758,
31/05/2023,4.858811855316162,4.898913860321045,4.843152046203613,4.881929874420166,13188738,
01/06/2023,4.8936448097229,4.946940898895264,4.847384929656982,4.858531951904297,13337104,
02/06/2023,4.921413898468018,4.926805019378662,4.888304233551025,4.893588066101074,14232353,
03/06/2023,4.904295921325684,4.923089027404785,4.897061824798584,4.921184062957764,12592628,
04/06/2023,4.905026912689209,4.918745040893555,4.89809513092041,4.904033184051514,14504104,
05/06/2023,4.783642768859863,4.914182186126709,4.769391059875488,4.904677867889404,13618230,
06/06/2023,4.847826957702637,4.854745864868164,4.772264003753662,4.783177852630615,14764325,
07/06/2023,4.812135219573975,4.851329803466797,4.807125091552734,4.847860813140869,10984543,
08/06/2023,4.825654983520508,4.837264060974121,4.808032035827637,4.8123369216918945,8870925,
09/06/2023,4.811977863311768,4.837094783782959,4.808938026428223,4.8263068199157715,9021875,
10/06/2023,4.661074161529541,4.820423126220703,4.661074161529541,4.8119120597839355,9094180,
11/06/2023,4.675217151641846,4.681376934051514,4.6550140380859375,4.661233901977539,8219871,
12/06/2023,4.67172384262085,4.678304195404053,4.653711795806885,4.6749420166015625,8543091,
13/06/2023,4.71018123626709,4.717358112335205,4.653189182281494,4.6719279289245605,8598250,
14/06/2023,4.727485179901123,4.735703945159912,4.680471897125244,4.71018123626709,6771124,
15/06/2023,4.7146759033203125,4.729118824005127,4.677567005157471,4.727518081665039,5982247,
16/06/2023,4.799127101898193,4.799343109130859,4.710000038146973,4.714674949645996,4785000,
17/06/2023,4.8036417961120605,4.81627082824707,4.7924089431762695,4.7986249923706055,4513924,
18/06/2023,4.7967681884765625,4.808961868286133,4.787737846374512,4.803403854370117,4377995,
19/06/2023,4.8325018882751465,4.852066993713379,4.790881156921387,4.796910762786865,4254253,
20/06/2023,4.86261510848999,4.884550094604492,4.810719966888428,4.832265853881836,4464934,
21/06/2023,4.914369106292725,4.945620059967041,4.8537139892578125,4.862597942352295,5741965,
22/06/2023,4.902854919433594,4.943398952484131,4.884632110595703,4.91432523727417,4085713,
23/06/2023,5.016097068786621,5.067451000213623,4.880596160888672,4.9028849601745605,5462014,
24/06/2023,5.007826805114746,5.037923812866211,5.00731897354126,5.019337177276611,4679920,
25/06/2023,5.0118021965026855,5.035697937011719,4.998437881469727,5.007981777191162,4029490,
26/06/2023,5.015573024749756,5.036900043487549,4.995604038238525,5.011663913726807,4613836,
27/06/2023,5.066208839416504,5.066734790802002,5.0000529289245605,5.015160083770752,4681030,
28/06/2023,5.045362949371338,5.071146011352539,5.021973133087158,5.066522121429443,4451968,
29/06/2023,5.1604461669921875,5.166143894195557,5.045401096343994,5.045401096343994,4542796,
30/06/2023,5.258714199066162,5.262883186340332,5.148592948913574,5.16024112701416,4592360,
01/07/2023,5.313108921051025,5.314792156219482,5.2506208419799805,5.25915002822876,3108445,
02/07/2023,5.351656913757324,5.358128070831299,5.309790134429932,5.3131327629089355,3779642,
03/07/2023,5.35310697555542,5.367404937744141,5.325049877166748,5.351298809051514,4245540,
04/07/2023,5.34458589553833,5.364813804626465,5.321188926696777,5.353216171264648,4447230,
05/07/2023,5.312263011932373,5.356544017791748,5.288801193237305,5.345251083374023,4661778,
06/07/2023,5.37709903717041,5.400753974914551,5.311497211456299,5.312249183654785,5246333,
07/07/2023,5.389657020568848,5.392315864562988,5.363027095794678,5.37775182723999,4421795,
08/07/2023,5.400829792022705,5.411896228790283,5.381761074066162,5.389283180236816,3784759,
09/07/2023,5.395876884460449,5.405900001525879,5.385287761688232,5.400692939758301,4009432,
10/07/2023,5.400863170623779,5.418036937713623,5.370439052581787,5.395907878875732,7656583,
11/07/2023,5.445953845977783,5.450511932373047,5.377810001373291,5.401666164398193,14866810,
12/07/2023,5.464536190032959,5.47009801864624,5.4365057945251465,5.445953845977783,13418144,
13/07/2023,5.513782978057861,5.533285140991211,5.45448112487793,5.463919162750244,12676437,
14/07/2023,5.52252197265625,5.547018051147461,5.506210803985596,5.513516902923584,12665822,
15/07/2023,5.521453857421875,5.534261226654053,5.51193380355835,5.521899223327637,13054983,
16/07/2023,5.526963233947754,5.5561981201171875,5.511406898498535,5.520552158355713,13467056,
17/07/2023,5.510706901550293,5.5459980964660645,5.502180099487305,5.5264739990234375,13475151,
18/07/2023,5.506205081939697,5.516718864440918,5.484468936920166,5.510768890380859,12344075,
19/07/2023,5.502711772918701,5.524661064147949,5.490208148956299,5.507753849029541,11671856,
20/07/2023,5.506979942321777,5.516578197479248,5.482919216156006,5.502734184265137,10479011,
21/07/2023,5.52003812789917,5.537106037139893,5.493374824523926,5.506628036499023,10355399,
22/07/2023,5.519554138183594,5.529439926147461,5.50593376159668,5.519970893859863,9479908,
23/07/2023,5.560932159423828,5.566446781158447,5.512143135070801,5.5198822021484375,10533771,
24/07/2023,5.548771858215332,5.5748820304870605,5.54052209854126,5.560565948486328,10705299,
25/07/2023,5.5374860763549805,5.558584213256836,5.534323215484619,5.548699855804443,10195622,
26/07/2023,5.541276931762695,5.546078205108643,5.518338203430176,5.537948131561279,11207555,
27/07/2023,5.552632808685303,5.577668190002441,5.535102844238281,5.541324138641357,13861798,
28/07/2023,5.537897109985352,5.556126117706299,5.528657913208008,5.552584171295166,11595353,
29/07/2023,5.500760078430176,5.541533946990967,5.498451232910156,5.537924766540527,12680979,
30/07/2023,5.520723819732666,5.525586128234863,5.495790004730225,5.500359058380127,12768800,
31/07/2023,5.545364856719971,5.571351051330566,5.516604900360107,5.520664215087891,12557785,
01/08/2023,5.560258865356445,5.560727119445801,5.520959854125977,5.545324802398682,12842073,
02/08/2023,5.816981792449951,5.853329181671143,5.531973838806152,5.5611958503723145,18906515,
03/08/2023,5.63786506652832,5.832912921905518,5.63261079788208,5.8174028396606445,12678050,
04/08/2023,5.618624210357666,5.668829917907715,5.612795829772949,5.638552188873291,10667633,
05/08/2023,5.615056037902832,5.625866889953613,5.602278232574463,5.620408058166504,10757079,
06/08/2023,5.595585823059082,5.618885040283203,5.590795040130615,5.615177154541016,10351840,
07/08/2023,5.545355796813965,5.596182823181152,5.537160873413086,5.596182823181152,10314961,
08/08/2023,5.583375930786133,5.595738887786865,5.534595012664795,5.545438766479492,10996015,
09/08/2023,5.568221092224121,5.593883037567139,5.558800220489502,5.583968162536621,11087501,
10/08/2023,5.542757987976074,5.571828842163086,5.536427974700928,5.568334102630615,11198069,
11/08/2023,5.5381340980529785,5.546372890472412,5.528637886047363,5.542938232421875,11545489,
12/08/2023,5.533638954162598,5.548818111419678,5.526639938354492,5.53826379776001,11675144,
13/08/2023,5.528165817260742,5.53746223449707,5.519985198974609,5.533772945404053,11222675,
14/08/2023,5.620415210723877,5.621087074279785,5.50341796875,5.5281171798706055,11723486,
15/08/2023,5.730307102203369,5.736036777496338,5.6138529777526855,5.620535850524902,10271573,
16/08/2023,5.63484001159668,5.8097758293151855,5.631227970123291,5.730134963989258,11875120,
17/08/2023,5.5150041580200195,5.650979042053223,5.419025897979736,5.634750843048096,16080162,
18/08/2023,5.442447185516357,5.5186238288879395,5.441135883331299,5.514912128448486,14834727,
19/08/2023,5.426143169403076,5.45302677154541,5.400230884552002,5.442444801330566,14961827,
20/08/2023,5.417488098144531,5.4288787841796875,5.399880886077881,5.426082134246826,15119831,
21/08/2023,5.329339981079102,5.451947212219238,5.280218124389648,5.417422771453857,15675655,
22/08/2023,5.364962100982666,5.378028869628906,5.30982780456543,5.329329013824463,12365251,
23/08/2023,5.424958229064941,5.438209056854248,5.364871025085449,5.364871025085449,13075742,
24/08/2023,5.4205241203308105,5.430798053741455,5.386916160583496,5.4247050285339355,9717689,
25/08/2023,5.403396129608154,5.426758766174316,5.398032188415527,5.420318126678467,7686094,
26/08/2023,5.376468181610107,5.40477991104126,5.374423980712891,5.403511047363281,7333739,
27/08/2023,5.357007026672363,5.380324840545654,5.349374771118164,5.37652587890625,7897725,
28/08/2023,5.379251003265381,5.423151016235352,5.3349127769470215,5.356941223144531,7709746,
29/08/2023,5.447768211364746,5.460154056549072,5.354720115661621,5.379223823547363,9276198,
30/08/2023,5.4184651374816895,5.468557834625244,5.412499904632568,5.447301864624023,7872377,
31/08/2023,5.365843772888184,5.423149108886719,5.346375942230225,5.418288230895996,8654487,
01/09/2023,5.327445983886719,5.367506980895996,5.3017659187316895,5.3666582107543945,8910751,
02/09/2023,5.348268032073975,5.353612899780273,5.326772212982178,5.3277459144592285,8306581,
03/09/2023,5.338031768798828,5.357330799102783,5.333054065704346,5.348272800445557,7200539,
04/09/2023,5.320888042449951,5.345876216888428,5.315744876861572,5.337833881378174,8359364,
05/09/2023,5.3036789894104,5.332009792327881,5.292751789093018,5.321083068847656,8395863,
06/09/2023,5.31930685043335,5.320656776428223,5.289307117462158,5.301231861114502,6477094,
07/09/2023,5.331642150878906,5.358694076538086,5.3186259269714355,5.319468975067139,7324032,
08/09/2023,5.299864768981934,5.343195915222168,5.288308143615723,5.332054138183594,8777048,
09/09/2023,5.288229942321777,5.302552223205566,5.285973072052002,5.299817085266113,8486749,
10/09/2023,5.300765037536621,5.312857151031494,5.282583236694336,5.288395881652832,9281791,
11/09/2023,5.281297206878662,5.305809020996094,5.274808883666992,5.3007659912109375,9040043,
12/09/2023,5.277119159698486,5.3100080490112305,5.271777153015137,5.28122615814209,9619826,
13/09/2023,5.278955936431885,5.285868167877197,5.26145601272583,5.277173042297363,8325054,
14/09/2023,5.284214973449707,5.295910835266113,5.271884918212891,5.279120922088623,8044029,
15/09/2023,5.27650785446167,5.288386821746826,5.264252185821533,5.284213066101074,8893055,
16/09/2023,5.281209945678711,5.28710412979126,5.261751174926758,5.2763237953186035,7784934,
17/09/2023,5.272894859313965,5.283069133758545,5.265024185180664,5.280972957611084,7268499,
18/09/2023,5.272033214569092,5.327775955200195,5.266331195831299,5.273008823394775,8981409,
19/09/2023,5.305562973022461,5.317534923553467,5.260733127593994,5.272429943084717,7795924,
20/09/2023,5.326413154602051,5.3387250900268555,5.3047308921813965,5.305562973022461,8315011,
21/09/2023,5.3211259841918945,5.329202175140381,5.302140235900879,5.3261399269104,8597071,
22/09/2023,5.2936201095581055,5.326486110687256,5.290441989898682,5.321610927581787,6771721,
23/09/2023,5.283139228820801,5.302154064178467,5.277635097503662,5.293170928955078,8259028,
24/09/2023,5.268702030181885,5.285171031951904,5.268006801605225,5.282999038696289,7489570,
25/09/2023,5.231284141540527,5.276763916015625,5.230363845825195,5.268870830535889,8698391,
26/09/2023,5.204805850982666,5.240564823150635,5.183993816375732,5.231348991394043,8058259,
27/09/2023,5.189877033233643,5.221673965454102,5.182812213897705,5.2044548988342285,7289645,
28/09/2023,5.182301044464111,5.199412822723389,5.176248073577881,5.189770221710205,8375655,
29/09/2023,5.1868062019348145,5.1979498863220215,5.17848014831543,5.182529926300049,8077089,
30/09/2023,5.162171840667725,5.187759876251221,5.1620869636535645,5.1869587898254395,7242607,
01/10/2023,5.177826881408691,5.185763835906982,5.154294967651367,5.161966800689697,7997081,
02/10/2023,5.1717939376831055,5.2019429206848145,5.155716896057129,5.177907943725586,8809673,
03/10/2023,5.162557125091553,5.178831100463867,5.139084815979004,5.171731948852539,7933796,
04/10/2023,5.174557209014893,5.178512096405029,5.1568169593811035,5.1632080078125,7027877,
05/10/2023,5.1964640617370605,5.2224202156066895,5.156010150909424,5.1748948097229,8089442,
06/10/2023,5.185944080352783,5.206978797912598,5.183897972106934,5.196541786193848,7366140,
07/10/2023,5.177053928375244,5.19517707824707,5.171958923339844,5.185951232910156,7061207,
08/10/2023,5.171882152557373,5.187032222747803,5.17064094543457,5.177155017852783,7398835,
09/10/2023,5.137343883514404,5.174647808074951,5.1309051513671875,5.171889781951904,6510216,
10/10/2023,5.018466949462891,5.141143798828125,5.016805171966553,5.137005805969238,7891417,
11/10/2023,5.0343098640441895,5.049918174743652,4.990503787994385,5.018548965454102,8416758,
12/10/2023,5.007826805114746,5.040089130401611,5.001677989959717,5.034037113189697,8573871,
13/10/2023,5.011181831359863,5.026443004608154,5.002291202545166,5.008822917938232,9331557,
14/10/2023,5.018580913543701,5.022572994232178,5.008266925811768,5.010941982269287,8090411,
15/10/2023,5.035181045532227,5.0550408363342285,5.015690803527832,5.01873779296875,9758140,
16/10/2023,5.25273323059082,5.259939193725586,5.027860164642334,5.035685062408447,10293678,
17/10/2023,5.250227928161621,5.2573561668396,5.228606224060059,5.252344131469727,9072175,
18/10/2023,5.269269943237305,5.270630836486816,5.245104789733887,5.250287055969238,8538999,
19/10/2023,5.262578964233398,5.278429985046387,5.26109504699707,5.269339084625244,9177611,
20/10/2023,5.336289882659912,5.338552951812744,5.256522178649902,5.262630939483643,9653967,
21/10/2023,5.340116024017334,5.355727195739746,5.312723159790039,5.336248874664307,8090867,
22/10/2023,5.374950885772705,5.3783979415893555,5.33871603012085,5.340371131896973,8291055,
23/10/2023,5.545060157775879,5.547952175140381,5.334819793701172,5.382779121398926,11869059,
24/10/2023,5.5772929191589355,5.591002941131592,5.510958194732666,5.5450439453125,13891260,
25/10/2023,5.591063976287842,5.614996910095215,5.565577983856201,5.577706813812256,15579511,
26/10/2023,5.573705196380615,5.60143518447876,5.533876895904541,5.591736793518066,13998879,
27/10/2023,5.52794885635376,5.588008880615234,5.523131847381592,5.5739898681640625,11071554,
28/10/2023,5.528482913970947,5.544696807861328,5.4839301109313965,5.5280890464782715,9538414,
29/10/2023,5.4856767654418945,5.541901111602783,5.485587120056152,5.528541088104248,10084296,
30/10/2023,5.4423508644104,5.504859924316406,5.441017150878906,5.486034870147705,11096938,
31/10/2023,5.416528224945068,5.452931880950928,5.4078288078308105,5.442648887634277,9327052,
01/11/2023,5.410739898681641,5.428023815155029,5.38477087020874,5.416406154632568,9809283,
02/11/2023,5.39381217956543,5.438908100128174,5.384733200073242,5.411029815673828,8983892,
03/11/2023,5.418784141540527,5.42177677154541,5.326111793518066,5.393660068511963,7430146,
04/11/2023,5.423096179962158,5.448779106140137,5.398059844970703,5.418592929840088,6506011,
05/11/2023,5.386186122894287,5.427135944366455,5.386186122894287,5.423101902008057,5964553,
06/11/2023,5.385732173919678,5.401467800140381,5.319336891174316,5.386186122894287,5709853,
07/11/2023,5.384372234344482,5.397055149078369,5.346598148345947,5.386423110961914,6273881,
08/11/2023,5.331171989440918,5.390635967254639,5.316730976104736,5.384832859039307,6160124,
09/11/2023,5.369639873504639,5.4060821533203125,5.3243889808654785,5.330720901489258,6654181,
10/11/2023,5.383244037628174,5.407956123352051,5.366879940032959,5.3697662353515625,6120829,
11/11/2023,5.4150590896606445,5.418880939483643,5.369949817657471,5.383522987365723,5954761,
12/11/2023,5.38287878036499,5.4209818840026855,5.378828048706055,5.415061950683594,5190634,
13/11/2023,5.393770217895508,5.412978172302246,5.378521919250488,5.383066177368164,6568708,
14/11/2023,5.373981952667236,5.397727012634277,5.341228008270264,5.393749237060547,5646686,
15/11/2023,5.4702348709106445,5.4702348709106445,5.349420070648193,5.374244213104248,6721382,
16/11/2023,5.397661209106445,5.469903945922852,5.388157844543457,5.469903945922852,6397893,
17/11/2023,5.396902084350586,5.405447959899902,5.378399848937988,5.3979997634887695,6207631,
18/11/2023,5.415435791015625,5.423579216003418,5.383264064788818,5.396732807159424,6653213,
19/11/2023,5.447298049926758,5.449204921722412,5.3985700607299805,5.4160051345825195,4975044,
20/11/2023,5.461028099060059,5.468865871429443,5.4363908767700195,5.447600841522217,4294454,
21/11/2023,5.380939960479736,5.480218887329102,5.380939960479736,5.46062707901001,5359990,
22/11/2023,5.4283342361450195,5.441448211669922,5.340270042419434,5.380867004394531,5762611,
23/11/2023,5.418479919433594,5.440893173217773,5.410161972045898,5.428239822387695,5102607,
24/11/2023,5.462442874908447,5.487209796905518,5.4059038162231445,5.418646812438965,4851691,
25/11/2023,5.430230140686035,5.462955951690674,5.421632766723633,5.458743095397949,4655654,
26/11/2023,5.428359031677246,5.436014175415039,5.409897804260254,5.430377006530762,5011999,
27/11/2023,5.4145989418029785,5.429802894592285,5.405686855316162,5.4287800788879395,4510539,
28/11/2023,5.368982791900635,5.415742874145508,5.366078853607178,5.415319919586182,4952309,
29/11/2023,5.3763628005981445,5.390979766845703,5.324855804443359,5.369082927703857,5000786,
30/11/2023,5.370532035827637,5.383166790008545,5.3555521965026855,5.376212120056152,5179495,
01/12/2023,5.432007789611816,5.440413951873779,5.368210792541504,5.370673179626465,5482650,
02/12/2023,5.459111213684082,5.463301181793213,5.415072917938232,5.4318318367004395,6642477,
03/12/2023,5.436132907867432,5.459596157073975,5.421258926391602,5.45910120010376,6166268,
04/12/2023,5.51484489440918,5.544559955596924,5.425189971923828,5.436407089233398,7601119,
05/12/2023,5.572883129119873,5.613850116729736,5.4828667640686035,5.51464319229126,7746216,
06/12/2023,5.675644874572754,5.710445880889893,5.562874794006348,5.573339939117432,8433740,
07/12/2023,5.66440486907959,5.681481838226318,5.655800819396973,5.675335884094238,9347561,
08/12/2023,5.685471057891846,5.6872758865356445,5.656682014465332,5.664450168609619,9225582,
09/12/2023,5.710309028625488,5.7174859046936035,5.676074981689453,5.68551778793335,9635061,
10/12/2023,5.698574066162109,5.717115879058838,5.698574066162109,5.710471153259277,8939658,
11/12/2023,5.661612033843994,5.704042911529541,5.6318488121032715,5.698965072631836,9539624,
12/12/2023,5.69667387008667,5.7045769691467285,5.6515021324157715,5.661732196807861,8916396,
13/12/2023,5.7003607749938965,5.708412170410156,5.670831203460693,5.696386814117432,8538788,
14/12/2023,5.703829765319824,5.721986770629883,5.692955017089844,5.69985294342041,9098788,
15/12/2023,5.6823859214782715,5.704251766204834,5.677515983581543,5.704251766204834,8683646,
16/12/2023,5.665077209472656,5.685094833374023,5.6629838943481445,5.6824541091918945,8742870,
17/12/2023,5.67470121383667,5.689958095550537,5.636912822723389,5.665077209472656,7966632,
18/12/2023,5.679629802703857,5.686361789703369,5.651708126068115,5.67464017868042,8569472,
19/12/2023,5.686746120452881,5.714016914367676,5.6774420738220215,5.679599761962891,9196044,
20/12/2023,5.747050762176514,5.774085998535156,5.672469139099121,5.686807155609131,9160001,
21/12/2023,5.730127811431885,5.80380916595459,5.713709831237793,5.74718713760376,10342939,
22/12/2023,5.755679130554199,5.769787788391113,5.699419021606445,5.729828834533691,9901792,
23/12/2023,5.827771186828613,5.82968282699585,5.724246978759766,5.755941867828369,9377032,
24/12/2023,5.796557903289795,5.8284502029418945,5.794212818145752,5.8284502029418945,8909310,
25/12/2023,5.7915167808532715,5.805586814880371,5.772233009338379,5.796889781951904,9820663,
26/12/2023,5.755543231964111,5.797195911407471,5.731194972991943,5.792068004608154,9711947,
27/12/2023,5.7897748947143555,5.800641059875488,5.751189231872559,5.755288124084473,10132032,
28/12/2023,5.796741962432861,5.8358988761901855,5.772268772125244,5.789712905883789,9280735,
29/12/2023,5.780548095703125,5.802562236785889,5.768552780151367,5.7966628074646,9473895,
30/12/2023,5.77008581161499,5.784145832061768,5.746743202209473,5.7794270515441895,9632250,
31/12/2023,5.772418975830078,5.782756805419922,5.761735916137695,5.769589900970459,8998998,
01/01/2024,5.795456886291504,5.796111106872559,5.765416145324707,5.772369861602783,9707779,
02/01/2024,5.993630886077881,6.046792030334473,5.7855072021484375,5.795412063598633,11232703,
03/01/2024,5.929052829742432,6.016840934753418,5.905029773712158,5.993801116943359,12286839,
04/01/2024,6.007497787475586,6.077095031738281,5.92244815826416,5.928603172302246,11815711,
05/01/2024,6.045687198638916,6.073676109313965,6.0008368492126465,6.007940769195557,13472796,
06/01/2024,6.025086879730225,6.055416107177734,6.007452011108398,6.046076774597168,12393802,
07/01/2024,6.069052219390869,6.099146842956543,5.997413158416748,6.025469779968262,10280075,
08/01/2024,6.212438106536865,6.245687007904053,6.049624919891357,6.068832874298096,10508738,
09/01/2024,6.2810821533203125,6.285880088806152,6.187305927276611,6.212347984313965,10612465,
10/01/2024,6.249072074890137,6.295344829559326,6.220530986785889,6.279286861419678,9435441,
11/01/2024,6.378736972808838,6.39506196975708,6.233128070831299,6.244394779205322,12013744,
12/01/2024,6.2909369468688965,6.402627944946289,6.21077823638916,6.379624843597412,11924178,
13/01/2024,6.21787691116333,6.291374206542969,6.216641902923584,6.291374206542969,11266089,
14/01/2024,6.244483947753906,6.3155012130737305,6.217037200927734,6.21787691116333,11577009,
15/01/2024,6.315090179443359,6.331323146820068,6.243236064910889,6.24654483795166,9849073,
16/01/2024,6.145977973937988,6.329775810241699,6.13768196105957,6.313948154449463,9700156,
17/01/2024,6.219450950622559,6.2450947761535645,6.126474857330322,6.146137237548828,9561123,
18/01/2024,6.271083831787109,6.301632881164551,6.197673797607422,6.21940279006958,10537971,
19/01/2024,6.313401222229004,6.343058109283447,6.237558841705322,6.271162033081055,9740776,
20/01/2024,6.362871170043945,6.391289234161377,6.297737121582031,6.313399791717529,9599796,
21/01/2024,6.352496147155762,6.461723804473877,6.350296974182129,6.3632121086120605,8795264,
22/01/2024,6.253856182098389,6.359189987182617,6.253117084503174,6.3528571128845215,9348866,
23/01/2024,6.2530717849731445,6.279905796051025,6.181179046630859,6.255055904388428,10063509,
24/01/2024,6.225264072418213,6.257678985595703,6.207026958465576,6.253108024597168,10502591,
25/01/2024,6.220897197723389,6.252438068389893,6.186800003051758,6.225264072418213,9622803,
26/01/2024,6.322587966918945,6.346139907836914,6.215147018432617,6.221909046173096,9444722,
27/01/2024,6.325473785400391,6.389746189117432,6.281826972961426,6.322587966918945,10275134,
28/01/2024,6.35178279876709,6.355195045471191,6.2926177978515625,6.325584888458252,9293338,
29/01/2024,6.370188236236572,6.383187770843506,6.324693202972412,6.35199499130249,10738854,
30/01/2024,6.361392974853516,6.4122700691223145,6.337522983551025,6.370188236236572,10016649,
31/01/2024,6.430397987365723,6.49780797958374,6.337532043457031,6.361392974853516,9708652,
01/02/2024,6.47157096862793,6.47762393951416,6.3958659172058105,6.430522918701172,9772547,
02/02/2024,6.4703521728515625,6.490262031555176,6.441887855529785,6.471768856048584,10018629,
03/02/2024,6.461079120635986,6.471487998962402,6.437265872955322,6.47054386138916,9801393,
04/02/2024,6.438164234161377,6.489222049713135,6.433742046356201,6.460929870605469,9314486,
05/02/2024,6.448942184448242,6.491298198699951,6.426170825958252,6.437716960906982,9104239,
06/02/2024,6.523149013519287,6.543382167816162,6.437428951263428,6.448738098144531,9487470,
07/02/2024,6.553769111633301,6.563892841339111,6.504238128662109,6.522546768188477,9809029,
08/02/2024,6.611522197723389,6.67088508605957,6.541403770446777,6.554720878601074,10263258,
09/02/2024,6.632963180541992,6.6605401039123535,6.59516716003418,6.6114630699157715,9937938,
10/02/2024,6.578894138336182,6.694461822509766,6.554153919219971,6.632963180541992,10611749,
11/02/2024,6.601710796356201,6.626737117767334,6.559142112731934,6.579137802124023,10221473,
12/02/2024,6.5945539474487305,6.627597808837891,6.517090797424316,6.601847171783447,9842972,
13/02/2024,6.59843111038208,6.615454196929932,6.567814826965332,6.594577789306641,11592684,
14/02/2024,6.975345134735107,7.095993995666504,6.580585956573486,6.598323822021484,12411645,
15/02/2024,7.032456874847412,7.063413143157959,6.974535942077637,6.97544002532959,11237957,
16/02/2024,7.033535003662109,7.082202911376953,7.0090742111206055,7.032456874847412,10420876,
17/02/2024,7.031254768371582,7.048644065856934,6.975594997406006,7.033545970916748,10102464,
18/02/2024,7.080432891845703,7.178445816040039,7.013876914978027,7.031451225280762,8212231,
19/02/2024,7.143459796905518,7.150759220123291,7.038290977478027,7.081060886383057,9473621,
20/02/2024,7.071814060211182,7.1460041999816895,7.0130767822265625,7.143959999084473,10901288,
21/02/2024,7.032139778137207,7.090381145477295,7.013949871063232,7.07147216796875,10079389,
22/02/2024,6.992124080657959,7.069581031799316,6.977388858795166,7.032132148742676,9116879,
23/02/2024,7.026614189147949,7.086476802825928,6.972571849822998,6.992281913757324,10675605,
24/02/2024,7.03778076171875,7.159574031829834,7.00905704498291,7.026403903961182,9436515,
25/02/2024,7.1008381843566895,7.117615222930908,7.008730888366699,7.038462162017822,9412369,
26/02/2024,7.211446762084961,7.331275939941406,7.083802223205566,7.101151943206787,11470232,
27/02/2024,7.4864420890808105,7.6036458015441895,7.206917762756348,7.212544918060303,12662308,
28/02/2024,7.723775863647461,7.770576000213623,7.477291107177734,7.487975120544434,13397818,
29/02/2024,7.748740196228027,7.795236110687256,7.691742897033691,7.72358512878418,18224538,
01/03/2024,7.760186195373535,7.854508876800537,7.72537088394165,7.751421928405762,12152335,
02/03/2024,8.205253601074219,8.238764762878418,7.7168869972229,7.7614030838012695,15312173,
03/03/2024,8.256792068481445,8.283449172973633,8.174797058105469,8.205588340759277,15323734,
04/03/2024,8.35976505279541,8.420101165771484,8.206741333007812,8.256786346435547,21331518,
05/03/2024,8.341714859008789,8.548026084899902,8.230127334594727,8.360036849975586,20599698,
06/03/2024,8.41577434539795,8.524031639099121,8.311104774475098,8.341712951660156,19842797,
07/03/2024,8.481436729431152,8.499349594116211,8.39345932006836,8.416173934936523,18134632,
08/03/2024,8.540409088134766,8.581355094909668,8.454827308654785,8.48117446899414,13412157,
09/03/2024,8.48748779296875,8.566072463989258,8.475384712219238,8.541996002197266,13600812,
10/03/2024,8.49974536895752,8.524971008300781,8.480074882507324,8.487581253051758,12635548,
11/03/2024,8.651789665222168,8.698156356811523,8.479185104370117,8.49975872039795,14715032,
12/03/2024,8.634773254394531,8.85175895690918,8.536511421203613,8.652416229248047,14740223,
13/03/2024,8.695314407348633,8.746060371398926,8.629226684570312,8.634435653686523,15677772,
14/03/2024,8.523299217224121,8.807638168334961,8.449762344360352,8.695001602172852,19067171,
15/03/2024,8.44194507598877,8.579753875732422,8.280353546142578,8.52318286895752,18960882,
16/03/2024,7.916441917419434,8.577204704284668,7.901819229125977,8.441988945007324,19315464,
17/03/2024,8.147982597351074,8.170486450195312,7.864822864532471,7.917985916137695,17279287,
18/03/2024,8.149399757385254,8.289569854736328,8.07254695892334,8.148164749145508,18823353,
19/03/2024,7.915020942687988,8.174851417541504,7.905608177185059,8.149311065673828,19428944,
20/03/2024,8.026756286621094,8.096639633178711,7.863499164581299,7.915036201477051,17323783,
21/03/2024,8.055224418640137,8.308222770690918,7.976900100708008,8.02690315246582,16002216,
22/03/2024,8.043027877807617,8.133216857910156,7.958681106567383,8.055627822875977,14672886,
23/03/2024,8.046618461608887,8.1530179977417,8.0099458694458,8.042844772338867,17089294,
24/03/2024,8.150932312011719,8.217082977294922,8.009078979492188,8.047192573547363,16469232,
25/03/2024,8.472031593322754,8.492278099060059,8.130422592163086,8.150748252868652,19656140,
26/03/2024,8.421913146972656,8.584709167480469,8.376882553100586,8.471735000610352,16039302,
27/03/2024,8.39813232421875,8.535426139831543,8.34419059753418,8.421749114990234,16776213,
28/03/2024,8.391987800598145,8.468012809753418,8.362565040588379,8.398210525512695,16751533,
29/03/2024,8.426204681396484,8.577184677124023,8.366036415100098,8.39262866973877,14939658,
30/03/2024,8.530537605285645,8.559786796569824,8.39700698852539,8.426180839538574,13594316,
31/03/2024,8.562000274658203,8.685866355895996,8.524325370788574,8.53117561340332,13316494,
01/04/2024,8.53342056274414,8.698507308959961,8.456683158874512,8.560917854309082,15829250,
02/04/2024,8.344569206237793,8.587252616882324,8.34011173248291,8.533284187316895,16502234,
03/04/2024,8.436456680297852,8.490196228027344,8.332165718078613,8.344612121582031,17855697,
04/04/2024,8.435938835144043,8.492644309997559,8.389396667480469,8.437211990356445,19259182,
05/04/2024,8.507742881774902,8.5331392288208,8.405888557434082,8.43554973602295,18480666,
06/04/2024,8.529956817626953,8.544163703918457,8.474590301513672,8.506640434265137,16823429,
07/04/2024,8.632879257202148,8.670981407165527,8.513731956481934,8.529622077941895,16946606,
08/04/2024,8.656166076660156,8.721771240234375,8.623957633972168,8.632752418518066,17422295,
09/04/2024,8.628815650939941,8.69052505493164,8.567023277282715,8.656961441040039,17254174,
10/04/2024,9.16249942779541,9.177553176879883,8.522459030151367,8.629670143127441,23549544,
11/04/2024,9.264975547790527,9.310874938964844,9.144909858703613,9.16114616394043,18771034,
12/04/2024,9.07656478881836,9.310609817504883,8.93834400177002,9.265020370483398,17554434,
13/04/2024,8.952390670776367,9.230405807495117,8.793313026428223,9.077637672424316,21078146,
14/04/2024,9.094317436218262,9.098267555236816,8.875091552734375,8.953054428100586,18698040,
15/04/2024,8.931182861328125,9.36630916595459,8.919942855834961,9.094342231750488,17457649,
16/04/2024,9.276630401611328,9.308095932006836,8.911002159118652,8.931259155273438,20563643,
17/04/2024,9.22743034362793,9.322578430175781,9.107917785644531,9.276775360107422,19009913,
18/04/2024,9.39139461517334,9.398588180541992,9.167413711547852,9.227391242980957,18164861,
19/04/2024,9.665916442871094,9.689231872558594,9.186184883117676,9.391671180725098,20847150,
20/04/2024,9.761585235595703,9.802785873413086,9.60998821258545,9.667283058166504,17946948,
21/04/2024,9.865443229675293,9.870224952697754,9.739973068237305,9.761565208435059,17070880,
22/04/2024,9.957865715026855,9.99600887298584,9.82761001586914,9.86708927154541,16690783,
23/04/2024,9.926009178161621,10.176895141601562,9.914676666259766,9.957261085510254,17535266,
24/04/2024,9.88503646850586,9.962844848632812,9.820581436157227,9.926307678222656,19633404,
25/04/2024,9.856959342956543,9.911652565002441,9.838929176330566,9.886521339416504,21058912,
26/04/2024,10.002281188964844,10.041933059692383,9.838244438171387,9.85559368133545,22925159,
27/04/2024,10.074118614196777,10.079414367675781,9.934864044189453,10.001202583312988,22682333,
28/04/2024,10.200510025024414,10.252693176269531,10.066000938415527,10.07304573059082,22046643,
29/04/2024,10.195221900939941,10.216476440429688,10.145191192626953,10.200766563415527,21881060,
30/04/2024,10.21245002746582,10.24326229095459,10.126818656921387,10.19541072845459,14915075,
01/05/2024,10.00468921661377,10.232685089111328,9.924222946166992,10.213473320007324,10938895,
02/05/2024,9.884512901306152,10.02285385131836,9.846986770629883,10.004562377929688,10751657,
03/05/2024,9.993197441101074,10.009686470031738,9.865442276000977,9.88633918762207,10006795,
04/05/2024,10.02038860321045,10.035703659057617,9.975667953491211,9.993122100830078,11499872,
05/05/2024,10.013957023620605,10.034660339355469,9.989092826843262,10.0194091796875,8801623,
06/05/2024,10.006366729736328,10.104761123657227,9.97270393371582,10.01414966583252,10982652,
07/05/2024,9.959023475646973,10.054983139038086,9.955402374267578,10.005453109741211,9911270,
08/05/2024,9.87974739074707,9.992369651794434,9.872513771057129,9.959131240844727,11175208,
09/05/2024,9.950467109680176,10.229684829711914,9.852745056152344,9.879274368286133,10846035,
10/05/2024,9.865792274475098,10.209490776062012,9.824769020080566,9.950484275817871,10585578,
11/05/2024,9.855300903320312,9.890082359313965,9.825881958007812,9.86581039428711,10378906,
12/05/2024,9.896446228027344,9.91804313659668,9.827086448669434,9.854907035827637,10657702,
13/05/2024,9.909923553466797,9.928620338439941,9.871898651123047,9.896387100219727,8955314,
14/05/2024,9.831225395202637,9.922877311706543,9.813328742980957,9.909707069396973,9695989,
15/05/2024,9.894322395324707,9.927969932556152,9.820115089416504,9.831336975097656,11264094,
16/05/2024,9.797545433044434,10.115842819213867,9.77148723602295,9.894209861755371,12397023,
17/05/2024,9.875782012939453,10.026904106140137,9.745074272155762,9.797881126403809,11233653,
18/05/2024,9.875020980834961,9.893255233764648,9.847911834716797,9.876480102539062,11606205,
19/05/2024,9.823003768920898,9.905200004577637,9.809344291687012,9.875670433044434,9010341,
20/05/2024,10.073233604431152,10.075284004211426,9.801488876342773,9.82322883605957,14482158,
21/05/2024,10.03044605255127,10.106922149658203,10.008793830871582,10.073203086853027,12206361,
22/05/2024,9.986664772033691,10.072714805603027,9.978463172912598,10.031005859375,11797897,
23/05/2024,9.889281272888184,10.046049118041992,9.83568000793457,9.986664772033691,10483106,
24/05/2024,9.927482604980469,9.968156814575195,9.855561256408691,9.889192581176758,11799259,
25/05/2024,9.919681549072266,9.963550567626953,9.891197204589844,9.92750358581543,12234978,
26/05/2024,9.872843742370605,9.92113208770752,9.87143325805664,9.91981029510498,12018058,
27/05/2024,9.897259712219238,9.915820121765137,9.850451469421387,9.872879981994629,9119665,
28/05/2024,9.828612327575684,9.903697967529297,9.815566062927246,9.897247314453125,6831391,
29/05/2024,9.899136543273926,9.94360065460205,9.821051597595215,9.828817367553711,6667992,
30/05/2024,9.910612106323242,9.93104076385498,9.875724792480469,9.89907455444336,4725578,
31/05/2024,9.823201179504395,9.931686401367188,9.795159339904785,9.911317825317383,5688871,
01/06/2024,9.915393829345703,9.922962188720703,9.812856674194336,9.821587562561035,7551248,
02/06/2024,9.892643928527832,10.045097351074219,9.862663269042969,9.91534423828125,7485577,
03/06/2024,9.894366264343262,9.911930084228516,9.865160942077637,9.892321586608887,6003527,
04/06/2024,9.908411979675293,10.04158878326416,9.862211227416992,9.894256591796875,7304629,
05/06/2024,9.930109024047852,9.953332901000977,9.86417293548584,9.908699989318848,13420112,
06/06/2024,9.869473457336426,9.945867538452148,9.823650360107422,9.930031776428223,5201286,
07/06/2024,9.869874000549316,9.9168062210083,9.831548690795898,9.868974685668945,4960469,
08/06/2024,9.864962577819824,9.88259506225586,9.830279350280762,9.870505332946777,4944404,
09/06/2024,9.88625431060791,9.917581558227539,9.843622207641602,9.864845275878906,4760082,
10/06/2024,9.889198303222656,9.924738883972168,9.843031883239746,9.886473655700684,7365474,
11/06/2024,9.766278266906738,9.902365684509277,9.750617980957031,9.889334678649902,6913117,
12/06/2024,9.766572952270508,9.82564640045166,9.719986915588379,9.766226768493652,4577953,
13/06/2024,9.627670288085938,9.779056549072266,9.616131782531738,9.766378402709961,7497655,
14/06/2024,9.556742668151855,9.653210639953613,9.538297653198242,9.627553939819336,6623376,
15/06/2024,9.614985466003418,9.643077850341797,9.506370544433594,9.55675220489502,7197681,
16/06/2024,9.628948211669922,9.658891677856445,9.607114791870117,9.615070343017578,4195691,
17/06/2024,9.521509170532227,9.638537406921387,9.501172065734863,9.628644943237305,4650350,
18/06/2024,9.46310043334961,9.587923049926758,9.445520401000977,9.521562576293945,5495525,
19/06/2024,9.503503799438477,9.557080268859863,9.460104942321777,9.463955879211426,5099855,
20/06/2024,9.51430892944336,9.537581443786621,9.494962692260742,9.503503799438477,4478608,
21/06/2024,9.441478729248047,9.51462173461914,9.410126686096191,9.51462173461914,4030695,
22/06/2024,9.460843086242676,9.466456413269043,9.423422813415527,9.44153881072998,4651044,
23/06/2024,9.42318058013916,9.476020812988281,9.422751426696777,9.460542678833008,4483771,
24/06/2024,9.250090599060059,9.452088356018066,9.180968284606934,9.423418045043945,7533011,
25/06/2024,9.37607192993164,9.399188995361328,9.236982345581055,9.249687194824219,8468496,
26/06/2024,9.431680679321289,9.467657089233398,9.353318214416504,9.375849723815918,4374727,
27/06/2024,9.431228637695312,9.450791358947754,9.378822326660156,9.431371688842773,5131400,
28/06/2024,9.448286056518555,9.559564590454102,9.407535552978516,9.430359840393066,5797272,
29/06/2024,9.51997184753418,9.524771690368652,9.447038650512695,9.44762134552002,4594094,
30/06/2024,9.62385368347168,9.62784194946289,9.510313987731934,9.52051830291748,5004896,
01/07/2024,9.713172912597656,9.72607421875,9.613104820251465,9.622702598571777,6885057,
02/07/2024,9.748636245727539,9.767945289611816,9.69361400604248,9.712089538574219,5424361,
03/07/2024,9.486510276794434,9.751708984375,9.461255073547363,9.74907398223877,8021550,
04/07/2024,9.40845012664795,9.496052742004395,9.304776191711426,9.486968994140625,5522107,
05/07/2024,9.25054931640625,9.405072212219238,9.163261413574219,9.405072212219238,5302041,
06/07/2024,9.312212944030762,9.321562767028809,9.243537902832031,9.249225616455078,4421848,
07/07/2024,9.36629867553711,9.43602466583252,9.300352096557617,9.311338424682617,5152765,
08/07/2024,9.389532089233398,9.407427787780762,9.278573036193848,9.365121841430664,4696307,
09/07/2024,9.518775939941406,9.546828269958496,9.375711441040039,9.38915729522705,6142781,
10/07/2024,9.566317558288574,9.680980682373047,9.499086380004883,9.521222114562988,5001317,
11/07/2024,9.557544708251953,9.587104797363281,9.545256614685059,9.5598783493042,6229282,
12/07/2024,9.560176849365234,9.562666893005371,9.507577896118164,9.556705474853516,4486028,
13/07/2024,9.532294273376465,9.565081596374512,9.517919540405273,9.55984115600586,4050665,
14/07/2024,9.585021018981934,9.596041679382324,9.528566360473633,9.53291130065918,7367057,
15/07/2024,9.69126033782959,9.705073356628418,9.580025672912598,9.584527015686035,6228533,
16/07/2024,9.682873725891113,9.711715698242188,9.629390716552734,9.69167423248291,4725524,
17/07/2024,9.732672691345215,9.784871101379395,9.680805206298828,9.6828031539917,4398267,
18/07/2024,9.717484474182129,9.849478721618652,9.717052459716797,9.73305606842041,6331513,
19/07/2024,10.05709457397461,10.069019317626953,9.721972465515137,9.721972465515137,9845162,
20/07/2024,10.11677360534668,10.145899772644043,10.02789306640625,10.057062149047852,4555110,
21/07/2024,10.141103744506836,10.229429244995117,10.08332633972168,10.116533279418945,4205221,
22/07/2024,10.181556701660156,10.231069564819336,10.120552062988281,10.141559600830078,4380196,
23/07/2024,10.130505561828613,10.194201469421387,10.097724914550781,10.181056022644043,4205886,
24/07/2024,10.108627319335938,10.199538230895996,10.089221000671387,10.130802154541016,4183127,
25/07/2024,10.098587036132812,10.110555648803711,10.02503776550293,10.108551025390625,4592113,
26/07/2024,10.10145378112793,10.117863655090332,10.049338340759277,10.098666191101074,4281846,
27/07/2024,10.126675605773926,10.142127990722656,10.097626686096191,10.101846694946289,5602737,
28/07/2024,10.214698791503906,10.224555969238281,10.100345611572266,10.126668930053711,5701795,
29/07/2024,10.174942016601562,10.380859375,10.078088760375977,10.214815139770508,6424470,
30/07/2024,10.206486701965332,10.255703926086426,10.134544372558594,10.17485523223877,4945348,
31/07/2024,10.334209442138672,10.362296104431152,10.196318626403809,10.207784652709961,4387731,
01/08/2024,10.36317253112793,10.385905265808105,10.31736946105957,10.334156036376953,4544421,
02/08/2024,10.335200309753418,10.429208755493164,10.313528060913086,10.362747192382812,4357377,
03/08/2024,10.27095890045166,10.365341186523438,10.23073673248291,10.33510684967041,3765793,
04/08/2024,10.270600318908691,10.300020217895508,10.219630241394043,10.271034240722656,3438378,
05/08/2024,10.025833129882812,10.308923721313477,10.021413803100586,10.269248008728027,5828042,
06/08/2024,10.154419898986816,10.17928409576416,10.025408744812012,10.025754928588867,4423503,
07/08/2024,10.09744930267334,10.25678825378418,10.085919380187988,10.154608726501465,4251392,
08/08/2024,10.2384033203125,10.271690368652344,10.096061706542969,10.096878051757812,4316033,
09/08/2024,10.251728057861328,10.298419952392578,10.210658073425293,10.238533020019531,3943493,
10/08/2024,10.270763397216797,10.284186363220215,10.23697280883789,10.251635551452637,4165206,
11/08/2024,10.273310661315918,10.342979431152344,10.256951332092285,10.270631790161133,5814672,
12/08/2024,10.228630065917969,10.283825874328613,10.188255310058594,10.273406028747559,3925261,
13/08/2024,10.430978775024414,10.452829360961914,10.226961135864258,10.228601455688477,6476922,
14/08/2024,10.634204864501953,10.653987884521484,10.427639961242676,10.431432723999023,9710078,
15/08/2024,10.601154327392578,10.704028129577637,10.519582748413086,10.63421630859375,4607656,
16/08/2024,10.65539264678955,10.68775463104248,10.596174240112305,10.599591255187988,3383586,
17/08/2024,10.661786079406738,10.709006309509277,10.643452644348145,10.655838012695312,3602447,
18/08/2024,10.627668380737305,10.714302062988281,10.621621131896973,10.661855697631836,3307771,
19/08/2024,10.582164764404297,10.643075942993164,10.561635971069336,10.627643585205078,3945856,
20/08/2024,10.60008716583252,10.690108299255371,10.555331230163574,10.582121849060059,4277680,
21/08/2024,10.688684463500977,10.72409725189209,10.587043762207031,10.602280616760254,6004221,
22/08/2024,10.716498374938965,10.729914665222168,10.629912376403809,10.688762664794922,4079378,
23/08/2024,10.951025009155273,10.952300071716309,10.672245979309082,10.716622352600098,7834972,
24/08/2024,10.988767623901367,11.011260032653809,10.935494422912598,10.950393676757812,4732502,
25/08/2024,10.998400688171387,11.02722454071045,10.958297729492188,10.989072799682617,4257193,
26/08/2024,10.975712776184082,11.037094116210938,10.963839530944824,10.997702598571777,4358265,
27/08/2024,10.716686248779297,11.000595092773438,10.66971492767334,10.975794792175293,4779428,
28/08/2024,10.766408920288086,10.789454460144043,10.654764175415039,10.717757225036621,6073855,
29/08/2024,10.847299575805664,10.887519836425781,10.744344711303711,10.766510963439941,4356303,
30/08/2024,10.820940017700195,10.900212287902832,10.77518367767334,10.846938133239746,4673186,
31/08/2024,10.881908416748047,10.900266647338867,10.812433242797852,10.821233749389648,4071141,
01/09/2024,10.781329154968262,10.894172668457031,10.770988464355469,10.881908416748047,4341418,
02/09/2024,10.860862731933594,10.879253387451172,10.751651763916016,10.781808853149414,3890122,
03/09/2024,10.853182792663574,10.886239051818848,10.83724594116211,10.860794067382812,2425599,
04/09/2024,10.826691627502441,10.865097999572754,10.714337348937988,10.853423118591309,3203910,
05/09/2024,10.797016143798828,10.874547958374023,10.780156135559082,10.826692581176758,2598639,
06/09/2024,10.602286338806152,10.818668365478516,10.54572868347168,10.801650047302246,3192870,
07/09/2024,10.738739967346191,10.738861083984375,10.601791381835938,10.602054595947266,2393578,
08/09/2024,10.774012565612793,10.817490577697754,10.682002067565918,10.738471031188965,3058578,
09/09/2024,10.784078598022461,10.864598274230957,10.766702651977539,10.774643898010254,2740778,
10/09/2024,10.889697074890137,10.996352195739746,10.779857635498047,10.78421401977539,4018485,
11/09/2024,10.927207946777344,11.004990577697754,10.851622581481934,10.889464378356934,4561805,
12/09/2024,10.97634506225586,10.99427604675293,10.92186164855957,10.927339553833008,4206409,
13/09/2024,10.977032661437988,11.045276641845703,10.916589736938477,10.97634506225586,4458159,
14/09/2024,10.967841148376465,10.996169090270996,10.95028018951416,10.976887702941895,4381707,
15/09/2024,10.926431655883789,10.992157936096191,10.907062530517578,10.966951370239258,3245815,
16/09/2024,10.865835189819336,10.935507774353027,10.800451278686523,10.92566204071045,4044035,
17/09/2024,10.934120178222656,11.018777847290039,10.84701156616211,10.865544319152832,4095721,
18/09/2024,10.901602745056152,10.960102081298828,10.845712661743164,10.935111999511719,3728715,
19/09/2024,11.230904579162598,11.271953582763672,10.889260292053223,10.900077819824219,8716253,
20/09/2024,11.207812309265137,11.42412281036377,11.188931465148926,11.231498718261719,4770863,
21/09/2024,11.312433242797852,11.313020706176758,11.15852165222168,11.211725234985352,4701681,
22/09/2024,11.269743919372559,11.373891830444336,11.244784355163574,11.309734344482422,4299649,
23/09/2024,11.197773933410645,11.38312816619873,11.188826560974121,11.269743919372559,3658246,
24/09/2024,11.222403526306152,11.276490211486816,11.174368858337402,11.199159622192383,2957030,
25/09/2024,11.222823143005371,11.334848403930664,11.185012817382812,11.2228422164917,4021553,
26/09/2024,11.231228828430176,11.291150093078613,11.164177894592285,11.222891807556152,3952955,
27/09/2024,11.550707817077637,11.615642547607422,11.196553230285645,11.231402397155762,6264417,
28/09/2024,11.593557357788086,11.670438766479492,11.489706039428711,11.550443649291992,3087803,
29/09/2024,11.63720703125,11.66014289855957,11.548012733459473,11.594054222106934,2900792,
30/09/2024,11.443473815917969,11.637463569641113,11.42428970336914,11.636869430541992,3686438,
01/10/2024,11.374382019042969,11.553352355957031,11.350048065185547,11.443268775939941,6875946,
02/10/2024,11.319211959838867,11.462279319763184,11.291027069091797,11.372275352478027,6218712,
03/10/2024,11.342480659484863,11.377199172973633,11.269403457641602,11.319211959838867,5941296,
04/10/2024,11.42524242401123,11.517088890075684,11.324254989624023,11.342679977416992,7260356,
05/10/2024,11.477773666381836,11.544356346130371,11.417963981628418,11.425297737121582,3301399,
06/10/2024,11.484354972839355,11.626870155334473,11.461162567138672,11.477773666381836,3505185,
07/10/2024,11.602923393249512,11.703230857849121,11.477187156677246,11.484686851501465,5896123,
08/10/2024,11.648758888244629,11.73723030090332,11.588793754577637,11.602989196777344,4559509,
09/10/2024,11.58345890045166,11.678786277770996,11.56633472442627,11.648855209350586,5071670,
10/10/2024,11.636812210083008,11.702375411987305,11.536924362182617,11.583417892456055,5017671,
11/10/2024,15.161956787109375,15.161982536315918,11.627113342285156,11.636883735656738,42276655,
12/10/2024,15.19532299041748,15.243538856506348,14.89159870147705,15.16196060180664,6274045,
13/10/2024,15.302693367004395,15.381821632385254,15.137124061584473,15.19532299041748,4590107,
14/10/2024,16.113853454589844,16.15980339050293,15.272538185119629,15.302693367004395,8400311,
15/10/2024,16.405784606933594,16.450605392456055,16.00911521911621,16.118127822875977,7441853,
16/10/2024,16.360578536987305,16.499195098876953,16.337018966674805,16.405494689941406,6743401,
17/10/2024,17.051992416381836,17.131471633911133,16.241512298583984,16.360746383666992,8401547,
18/10/2024,17.687469482421875,17.71900749206543,17.01016616821289,17.051904678344727,9807449,
19/10/2024,17.665969848632812,17.69062614440918,17.647815704345703,17.687347412109375,2609610,
20/10/2024,17.914043426513672,18.043764114379883,17.649505615234375,17.665552139282227,3495904,
21/10/2024,17.82491111755371,18.03020668029785,17.79700469970703,17.914642333984375,5916435,
22/10/2024,18.17833709716797,18.279193878173828,17.775787353515625,17.82505989074707,6228211,
23/10/2024,18.28816795349121,18.356609344482422,18.11649513244629,18.17833137512207,6168389,
24/10/2024,18.607481002807617,18.703296661376953,18.270673751831055,18.278528213500977,6502412,
25/10/2024,18.44908332824707,18.68745231628418,18.42211151123047,18.607765197753906,8324416,
26/10/2024,18.678089141845703,18.699018478393555,18.431257247924805,18.4487361907959,4063570,
27/10/2024,18.545469284057617,18.692829132080078,18.544824600219727,18.679019927978516,3869283,
28/10/2024,18.90393829345703,18.923994064331055,18.509803771972656,18.545469284057617,7124663,
29/10/2024,19.043119430541992,19.147855758666992,18.82832145690918,18.904024124145508,8242237,
30/10/2024,18.817951202392578,19.067543029785156,18.816755294799805,19.043153762817383,6188519,
31/10/2024,18.756847381591797,18.839828491210938,18.682294845581055,18.818201065063477,6101255,
01/11/2024,19.067657470703125,19.13579750061035,18.722734451293945,18.756996154785156,9010556,
02/11/2024,18.912885665893555,19.104644775390625,18.905973434448242,19.066869735717773,3472322,
03/11/2024,19.028430938720703,19.069608688354492,18.81513023376465,18.912885665893555,6141767,
04/11/2024,18.957489013671875,19.06780242919922,18.808027267456055,19.028520584106445,7484732,
05/11/2024,19.095247268676758,19.134464263916016,18.866735458374023,18.957500457763672,8390583,
06/11/2024,19.330495834350586,19.43756103515625,19.094663619995117,19.095056533813477,15935962,
07/11/2024,19.640506744384766,19.75037956237793,19.20635223388672,19.330537796020508,13298993,
08/11/2024,19.906597137451172,19.970069885253906,19.5360164642334,19.64032554626465,9187151,
09/11/2024,19.999784469604492,20.08302879333496,19.89354133605957,19.90650177001953,7626032,
10/11/2024,20.780597686767578,20.818572998046875,19.89850425720215,19.99967384338379,29760226,
11/11/2024,21.669092178344727,21.77846336364746,20.653200149536133,20.7806396484375,32541321,
12/11/2024,21.776409149169922,21.907787322998047,21.518077850341797,21.669105529785156,34762962,
13/11/2024,22.341100692749023,22.53436851501465,21.6895809173584,21.776317596435547,38935906,
14/11/2024,22.069107055664062,22.460346221923828,22.050703048706055,22.341073989868164,32343003,
15/11/2024,22.22890281677246,22.357858657836914,22.057247161865234,22.06964111328125,31555773,
16/11/2024,22.154394149780273,22.32438087463379,22.106788635253906,22.22348976135254,19506749,
17/11/2024,22.022991180419922,22.257282257080078,21.940248489379883,22.23601722717285,22319112,
18/11/2024,22.009033203125,22.206602096557617,21.981624603271484,22.02300262451172,29032641,
19/11/2024,23.812606811523438,23.946380615234375,21.988391876220703,22.009021759033203,38128766,
20/11/2024,23.948564529418945,24.082029342651367,23.730348587036133,23.812530517578125,29236585,
21/11/2024,24.74748420715332,24.857824325561523,23.917007446289062,23.948610305786133,46399472,
22/11/2024,24.668867111206055,24.8741397857666,24.617956161499023,24.747663497924805,29997743,
23/11/2024,24.630756378173828,24.769718170166016,24.569332122802734,24.668771743774414,18139130,
24/11/2024,24.336835861206055,24.763254165649414,24.15711212158203,24.630767822265625,22552045,
25/11/2024,23.992448806762695,24.422643661499023,23.869237899780273,24.337129592895508,38594651,
26/11/2024,23.607688903808594,24.05299186706543,23.551555633544922,23.992464065551758,52073434,
27/11/2024,23.649173736572266,23.874547958374023,23.51881217956543,23.607654571533203,38076652,
28/11/2024,23.336999893188477,23.757173538208008,23.26409912109375,23.649137496948242,29596250,
29/11/2024,23.58309555053711,23.625019073486328,23.31189727783203,23.337013244628906,31909663,
30/11/2024,23.488025665283203,23.586301803588867,23.47224235534668,23.58309555053711,19295965,
01/12/2024,23.420068740844727,23.54442024230957,23.393339157104492,23.488021850585938,17773137,
02/12/2024,23.298677444458008,23.600522994995117,23.27387046813965,23.420427322387695,35772494,
03/12/2024,23.45795249938965,23.52010154724121,23.26884651184082,23.2987060546875,31916296,
04/12/2024,23.54422378540039,23.661235809326172,23.41004180908203,23.457935333251953,40660458,3379113885.862427
05/12/2024,25.077926635742188,25.26361656188965,23.46357536315918,23.544265747070312,64049492,3390473979.4100714
06/12/2024,25.084999084472656,25.369157791137695,24.895544052124023,24.9743595123291,35934644,3602069641.3441625
07/12/2024,25.115550994873047,25.24443244934082,24.97997283935547,25.08518409729004,20820453,3615285888.521848
08/12/2024,25.073280334472656,25.239452362060547,25.004987716674805,25.13258171081543,20797393,3618660406.883481
09/12/2024,24.89307975769043,25.183208465576172,24.632661819458008,25.110563278198242,53053014,3629061248.090968
10/12/2024,24.885183334350586,25.024805068969727,24.671876907348633,24.893047332763672,55629225,3575267706.1420946
11/12/2024,25.06418228149414,25.165721893310547,24.760147094726562,24.885740280151367,39645484,3585457901.7634444
12/12/2024,24.912450790405273,25.085384368896484,24.810726165771484,25.064193725585938,33821969,3609498593.658557
13/12/2024,25.123193740844727,25.246767044067383,24.854110717773438,24.912443161010742,25756944,3590229611.3026886
14/12/2024,25.110424041748047,25.26919174194336,25.04915428161621,25.123136520385742,20422031,3616699242.806836
15/12/2024,25.1318302154541,25.366619110107422,25.068960189819336,25.110401153564453,29492296,3619247921.473671
16/12/2024,25.209840774536133,25.384273529052734,25.006366729736328,25.129987716674805,37377749,3621292935.403155
17/12/2024,25.228343963623047,25.430274963378906,25.098918914794922,25.209775924682617,36004173,3626724801.2385526
18/12/2024,24.859209060668945,25.328872680664062,24.740646362304688,25.228252410888672,49263337,3631799293.6253657
19/12/2024,25.000364303588867,25.285268783569336,24.785642623901367,24.8591251373291,58600385,3567105537.23398
20/12/2024,24.52206039428711,25.000408172607422,24.39828109741211,25.000408172607422,79557244,3587836715.453179
21/12/2024,24.489736557006836,24.65028953552246,24.417741775512695,24.52201271057129,39840651,3523147167.599744
22/12/2024,24.45850372314453,24.619468688964844,24.250396728515625,24.489761352539062,35505874,3513017916.9377966
23/12/2024,24.43084144592285,24.613834381103516,24.24848747253418,24.45962142944336,51627728,3513368666.021965
24/12/2024,25.01835060119629,25.056297302246094,24.301876068115234,24.430843353271484,39782242,3505788255.387326
25/12/2024,25.059968948364258,25.074291229248047,24.79074478149414,25.018354415893555,40721669,3598178751.647946
26/12/2024,24.652124404907227,25.077964782714844,24.519813537597656,25.06056022644043,40241344,3598754810.974676
27/12/2024,24.58838653564453,24.766773223876953,24.49918556213379,24.75385284423828,44625873,3549130688.871099
28/12/2024,24.76476287841797,24.93134307861328,24.567171096801758,24.58827781677246,23093731,3547076724.756313
29/12/2024,24.702926635742188,25.004863739013672,24.655107498168945,24.7647762298584,23872022,3569220212.1519327
30/12/2024,24.575319290161133,24.822248458862305,24.424489974975586,24.70147132873535,39925312,3556816288.5814548
31/12/2024,24.596599578857422,24.80681037902832,24.48428726196289,24.575353622436523,35505884,3541337189.227005
01/01/2025,24.752546310424805,24.767444610595703,24.52555274963379,24.59660530090332,24196077,3543650270.9232016
02/01/2025,24.65647315979004,24.84461784362793,24.61519432067871,24.75347900390625,36810549,3546533515.129581
03/01/2025,24.922441482543945,24.958070755004883,24.620649337768555,24.656644821166992,24407139,3553244906.697804
04/01/2025,25.100475311279297,25.12628936767578,24.79967498779297,24.922441482543945,16054088,3576416374.710796
05/01/2025,25.63334846496582,25.77178192138672,24.81382942199707,25.10028648376465,22742101,3599808449.771395
06/01/2025,27.215328216552734,27.24293327331543,25.629304885864258,25.63334846496582,38004268,3695059843.557188
07/01/2025,27.003385543823242,27.261592864990234,26.845319747924805,27.215621948242188,33912543,3911667484.291186
08/01/2025,26.580596923828125,27.107433319091797,26.515592575073242,27.003381729125977,45767890,
09/01/2025,26.300216674804688,26.654741287231445,26.218374252319336,26.580583572387695,46078001,
10/01/2025,26.666780471801758,26.76654815673828,26.280548095703125,26.300193786621094,44973638,
11/01/2025,26.631986618041992,26.790828704833984,26.56133460998535,26.666650772094727,20386230,
12/01/2025,26.74976348876953,26.907535552978516,26.591564178466797,26.63201332092285,19500007,
13/01/2025,26.85767364501953,26.949953079223633,26.5072078704834,26.74974250793457,69815497,
14/01/2025,26.95601463317871,27.083858489990234,26.851024627685547,26.908937454223633,37677577,
15/01/2025,27.06258201599121,27.165300369262695,26.84942626953125,26.95602798461914,34672695,
16/01/2025,27.168630599975586,27.247360229492188,26.893535614013672,27.062646865844727,37459762,
17/01/2025,27.957958221435547,28.091941833496094,27.066287994384766,27.168628692626953,38910040,
18/01/2025,28.00442886352539,28.097143173217773,27.791303634643555,28.0252742767334,33260728,
19/01/2025,28.424211502075195,28.770278930664062,28.000728607177734,28.00442886352539,49516656,
20/01/2025,28.42731475830078,28.617658615112305,28.242795944213867,28.424135208129883,99264308,
21/01/2025,28.629491806030273,28.708738327026367,28.31052017211914,28.42723274230957,67341170,4114744510.22105
22/01/2025,28.548952102661133,28.647144317626953,28.458572387695312,28.629505157470703,40801564,4114744510.22105
23/01/2025,28.231910705566406,28.79351234436035,28.19353675842285,28.548952102661133,71498465,4097063174.2573137
24/01/2025,28.53130340576172,28.562843322753906,28.126649856567383,28.231830596923828,41180012,4057062043.738756
25/01/2025,28.378170013427734,28.595684051513672,28.378170013427734,28.53130531311035,18483932,4111112408.095608
26/01/2025,28.433116912841797,28.643041610717773,28.28632926940918,28.378236770629883,14898486,4084208710.15568
27/01/2025,28.16602325439453,28.43367576599121,28.034578323364258,28.433250427246094,63805449,4063923954.83144
28/01/2025,28.293392181396484,28.470500946044922,28.121822357177734,28.165985107421875,35342456,4057695295.212861
29/01/2025,28.418718338012695,28.566959381103516,28.293371200561523,28.29339599609375,36111550,4078165473.333578
30/01/2025,28.526870727539062,28.6409854888916,28.36627960205078,28.418914794921875,32601168,4093199660.427765
31/01/2025,28.250017166137695,28.629098892211914,28.159334182739258,28.52679443359375,34994653,4108295932.9586334
01/02/2025,28.22299575805664,28.46803855895996,28.12977409362793,28.249988555908203,20971287,4064595738.62382
02/02/2025,27.96280288696289,28.398439407348633,27.881799697875977,28.223005294799805,50896293,4061019633.201408
03/02/2025,28.28101921081543,28.46059226989746,27.722911834716797,27.962757110595703,102018300,4014927365.6114655
04/02/2025,27.780170440673828,28.315689086914062,27.695093154907227,28.281036376953125,60815477,4068663056.324687
05/02/2025,27.442211151123047,27.847789764404297,27.407428741455078,27.780139923095703,37144543,4003187621.1165833
06/02/2025,27.641950607299805,27.80656623840332,27.43808364868164,27.442195892333984,41065064,3948486737.956394
07/02/2025,27.53144645690918,27.916166305541992,27.42255973815918,27.641925811767578,45415740,3979060349.716539
08/02/2025,27.260372161865234,27.53387451171875,27.208314895629883,27.531442642211914,17885267,3960101513.6840487
09/02/2025,27.29547691345215,27.337799072265625,27.12358856201172,27.260332107543945,19691484,3919428966.102006
10/02/2025,27.64909553527832,27.78700065612793,27.255285263061523,27.295490264892578,30865536,3935862230.497192
11/02/2025,27.3356876373291,27.925264358520508,27.297250747680664,27.649110794067383,28371565,3981722513.3076777
12/02/2025,27.39549446105957,27.607372283935547,27.210132598876953,27.335615158081055,42206839,3933983147.296962
13/02/2025,27.161001205444336,27.420351028442383,27.074623107910156,27.39553451538086,40423926,3945260018.676399
14/02/2025,27.08463478088379,27.22995948791504,27.024938583374023,27.16105842590332,30589455,3909794482.6610527
15/02/2025,27.18341636657715,27.245569229125977,27.049598693847656,27.084606170654297,17982834,3899907394.323404
16/02/2025,27.28114891052246,27.399166107177734,27.122604370117188,27.183414459228516,17468479,3913661571.698524
17/02/2025,27.255199432373047,27.325927734375,27.209285736083984,27.28105926513672,27002463,3920201357.504348
18/02/2025,27.22250747680664,27.284774780273438,26.98129653930664,27.255197525024414,35859522,3924124393.236414
19/02/2025,27.219398498535156,27.28496742248535,27.10643196105957,27.22246742248535,28860318,3920669093.2625017
20/02/2025,27.487932205200195,27.52035140991211,27.18312644958496,27.219324111938477,25405249,3917009047.076997
21/02/2025,27.334060668945312,27.800594329833984,27.219810485839844,27.48786163330078,38488554,3959712208.527156
22/02/2025,27.499235153198242,27.513385772705078,27.31454086303711,27.334020614624023,15208096,3934928742.5524383
23/02/2025,28.3367862701416,28.337560653686523,27.414386749267578,27.49892807006836,15438142,3960931956.539559
24/02/2025,27.1690673828125,28.403377532958984,27.16904067993164,28.336679458618164,42923052,3974523470.270536
25/02/2025,26.904613494873047,27.343339920043945,26.788555145263672,27.16905403137207,89186019,3908258937.432114
26/02/2025,26.278945922851562,26.91283416748047,26.10659408569336,26.90460205078125,81101840,3879864057.750544
27/02/2025,26.172645568847656,26.53102684020996,26.019670486450195,26.27895164489746,66087766,3781636634.649981
28/02/2025,26.656959533691406,26.65704917907715,25.579702377319336,26.17279815673828,132960762,3768937542.110695
01/03/2025,26.495515823364258,26.722774505615234,26.395103454589844,26.6569881439209,30701853,3853926700.630177
02/03/2025,31.00735092163086,31.180221557617188,26.424104690551758,26.495515823364258,103199657,3816463482.790718
03/03/2025,29.94136619567871,31.00742530822754,29.858449935913086,31.007341384887695,118348343,4462700606.577102
04/03/2025,29.500476837158203,29.988014221191406,29.160804748535156,29.941457748413086,135667342,4311372640.395854
05/03/2025,30.45807647705078,30.489580154418945,29.420440673828125,29.500438690185547,65858569,4245264886.568493
06/03/2025,29.62595558166504,30.496170043945312,29.527542114257812,30.458087921142578,55889470,4376785359.085446
07/03/2025,28.94294548034668,29.650705337524414,28.793540954589844,29.625934600830078,83098986,4258070353.8996615
08/03/2025,28.926956176757812,29.024839401245117,28.77672576904297,28.94295883178711,21684033,4174170321.8151455
09/03/2025,28.513574600219727,29.096736907958984,28.497957229614258,28.926868438720703,33956528,4168806596.131318
10/03/2025,28.449920654296875,28.848712921142578,27.903675079345703,28.5135498046875,126426278,4111252349.212099
11/03/2025,29.103273391723633,29.231693267822266,28.234249114990234,28.44868278503418,119399400,4091300958.0292616
12/03/2025,28.78512191772461,29.2216796875,28.6633358001709,29.10258674621582,86251821,4197850435.262005
13/03/2025,28.06354331970215,28.795063018798828,28.06000518798828,28.783308029174805,124499603,4151878637.512052
14/03/2025,28.44208526611328,28.527219772338867,28.036001205444336,28.063140869140625,61140939,4052071984.739893
15/03/2025,28.92597198486328,28.9609432220459,28.396408081054688,28.4385929107666,17447284,4094147199.9135313
16/03/2025,28.333162307739258,28.9281005859375,28.289791107177734,28.925973892211914,32244534,4167921141.274569
17/03/2025,28.502328872680664,28.592134475708008,28.227495193481445,28.332218170166016,41167274,4084542301.368645
18/03/2025,28.167184829711914,28.501571655273438,28.09712791442871,28.501571655273438,38578631,4106821165.9707065
19/03/2025,28.804548263549805,28.903175354003906,28.069894790649414,28.167076110839844,51921983,4060902714.989828
20/03/2025,28.576478958129883,28.881574630737305,28.512535095214844,28.805774688720703,36320811,4152133097.238413
21/03/2025,28.534725189208984,28.700544357299805,28.42848014831543,28.57390594482422,26854921,4116082789.579894
22/03/2025,28.745569229125977,29.03902244567871,28.51421356201172,28.534751892089844,12463525,4104688610.910749
23/03/2025,28.993328094482422,29.120046615600586,28.743244171142578,28.745569229125977,24463482,4133831562.5647006
24/03/2025,29.26245880126953,29.437227249145508,28.895883560180664,28.9898681640625,32775634,4201583068.1223288
25/03/2025,29.191078186035156,29.371488571166992,29.152545928955078,29.2625732421875,26735039,4221272286.000094
26/03/2025,29.002273559570312,29.310569763183594,28.93882179260254,29.190696716308594,23732740,4204600922.7523866
27/03/2025,29.109445571899414,29.317018508911133,28.99285888671875,29.002378463745117,22361062,4182812378.227253
28/03/2025,28.91584587097168,29.169788360595703,28.876449584960938,29.11006736755371,26982730,4195585987.413235
29/03/2025,28.465633392333984,28.936208724975586,28.388643264770508,28.91584587097168,19483009,4140639741.635624
30/03/2025,28.26171112060547,28.58603286743164,28.173179626464844,28.465593338012695,16356039,4075953273.640413
31/03/2025,28.302635192871094,28.538888931274414,28.164880752563477,28.26226043701172,33738131,4063014385.167133
01/04/2025,28.17303466796875,28.418392181396484,28.134660720825195,28.302690505981445,30883018,4063228416.785554
02/04/2025,27.632007598876953,28.253143310546875,27.583845138549805,28.172996520996094,54383952,4055415596.600932
03/04/2025,27.665746688842773,27.930147171020508,27.514217376708984,27.631868362426758,43378113,3976621857.997859
04/04/2025,27.607444763183594,27.959842681884766,27.53534698486328,27.66573143005371,53140338,3987912468.062368
05/04/2025,28.116979598999023,28.1846866607666,27.448360443115234,27.60750961303711,22143167,3970377073.419988
06/04/2025,27.6702938079834,28.264719009399414,27.589778900146484,28.117155075073242,46780292,4048758321.572503
07/04/2025,27.965543746948242,28.26279640197754,27.289953231811523,27.67049789428711,123372605,3971283145.668416
08/04/2025,27.581754684448242,28.0570011138916,27.569978713989258,27.965892791748047,52278556,4032325608.206824
09/04/2025,28.099416732788086,28.24089241027832,27.441631317138672,27.58195686340332,92895491,3969661337.375382
10/04/2025,27.881113052368164,28.12531280517578,27.73923683166504,28.099397659301758,45927351,4052001936.0138702
11/04/2025,27.96790313720703,28.215808868408203,27.803077697753906,27.881399154663086,39864194,4008990266.447122
12/04/2025,27.749248504638672,28.00017547607422,27.65005111694336,27.967891693115234,21905655,4026931405.2311
13/04/2025,27.761695861816406,27.93577003479004,27.66220474243164,27.749256134033203,26032190,3997970437.3876295
14/04/2025,27.794748306274414,27.969871520996094,27.7211971282959,27.761966705322266,29678880,3999035806.445806
15/04/2025,27.651302337646484,28.0226993560791,27.62198829650879,27.794687271118164,26909569,4002019523.991143
16/04/2025,27.743526458740234,27.86031150817871,27.601816177368164,27.651552200317383,29343023,3983929154.0147886
17/04/2025,27.854543685913086,27.889434814453125,27.716703414916992,27.74353790283203,19359121,3997660008.5056896
18/04/2025,28.05866241455078,28.070322036743164,27.811683654785156,27.854568481445312,11072203,4016625521.170805
19/04/2025,27.97576904296875,28.238941192626953,27.88007354736328,28.05866241455078,13305037,4021732721.034925
20/04/2025,28.033367156982422,28.147146224975586,27.916948318481445,27.975412368774414,13102552,4030086509.533852
21/04/2025,28.262989044189453,28.450056076049805,28.025331497192383,28.03327178955078,27530986,4039436793.919564
22/04/2025,28.500829696655273,28.642757415771484,28.231660842895508,28.263111114501953,33788258,4066507668.146919
23/04/2025,28.672962188720703,28.733983993530273,28.38603973388672,28.50069808959961,30399376,4114528960.448673
24/04/2025,28.764249801635742,28.77568817138672,28.552473068237305,28.672924041748047,20052530,4127589031.9404655
25/04/2025,29.083675384521484,29.148496627807617,28.764911651611328,28.765296936035156,23145831,4143896302.60895
26/04/2025,29.37868309020996,29.391956329345703,29.083372116088867,29.083650588989258,11820095,4186858377.459789
27/04/2025,29.148475646972656,29.435903549194336,29.13456916809082,29.37868309020996,11896524,4233802787.684381
28/04/2025,29.391645431518555,29.42914390563965,29.102951049804688,29.148391723632812,23900863,4198697438.759868
29/04/2025,29.089099884033203,29.514629364013672,29.0249080657959,29.391538619995117,21036375,4232486623.6905255
30/04/2025,28.934696197509766,29.195375442504883,28.922578811645508,29.089143753051758,17786285,4180928210.398589
01/05/2025,29.31014060974121,29.469982147216797,28.906442642211914,28.934722900390625,21219059,4160969150.47843
02/05/2025,29.015636444091797,29.365890502929688,28.99399185180664,29.310775756835938,20104547,4216818456.977435
03/05/2025,28.865047454833984,29.021804809570312,28.840763092041016,29.015636444091797,10237980,4174036259.845153
04/05/2025,28.503326416015625,28.882787704467773,28.4783992767334,28.865034103393555,11050102,4151736033.3278575
05/05/2025,28.600248336791992,28.651607513427734,28.473295211791992,28.50397491455078,17692136,4106939000.666296
06/05/2025,28.35513687133789,28.62131118774414,28.202787399291992,28.600261688232422,20369950,4115735361.8796167
07/05/2025,28.57256507873535,28.875747680664062,28.106327056884766,28.35329246520996,29717245,4079884997.252228
08/05/2025,30.381574630737305,30.4686336517334,28.5284423828125,28.572574615478516,51679081,4120167688.99544
09/05/2025,30.297060012817383,30.460102081298828,30.146982192993164,30.381406784057617,36245384,4377057229.515096
10/05/2025,30.234712600708008,30.426578521728516,30.135488510131836,30.297060012817383,19966666,4363362480.649952
11/05/2025,30.16170883178711,30.36148452758789,30.080549240112305,30.234678268432617,25955777,4351922456.648008
12/05/2025,30.223812103271484,30.370664596557617,30.096820831298828,30.161943435668945,39235382,4339277336.288724
13/05/2025,30.20677375793457,30.299728393554688,30.111940383911133,30.201923370361328,33466408,4353723751.985209
14/05/2025,30.359359741210938,30.367576599121094,30.080644607543945,30.206825256347656,24925440,4345086876.128072
15/05/2025,30.230730056762695,30.41420555114746,30.168622970581055,30.35934829711914,25218889,4371379718.621857
16/05/2025,30.12387466430664,30.340621948242188,30.110471725463867,30.230735778808594,26377221,4357207214.555445
17/05/2025,30.15876007080078,30.197021484375,30.072479248046875,30.123807907104492,17720598,4336201509.118091
18/05/2025,30.356327056884766,30.537548065185547,30.1506290435791,30.158653259277344,27934550,4340985463.31952
19/05/2025,30.219451904296875,30.370641708374023,30.003562927246094,30.354387283325195,43067107,4366583139.08129
20/05/2025,30.223888397216797,30.30498695373535,30.09217643737793,30.219463348388672,35256840,4352501086.224031
21/05/2025,30.12751579284668,30.563871383666992,30.08070182800293,30.22389793395996,60463785,4354780169.842414
22/05/2025,31.847047805786133,32.03147506713867,30.082294464111328,30.127635955810547,73590552,4342858981.8307085
23/05/2025,31.71483612060547,32.0533332824707,31.6831111907959,31.847328186035156,58428521,4585262938.051386
24/05/2025,31.758127212524414,31.99274444580078,31.686382293701172,31.715055465698242,31962992,4570668764.291703
25/05/2025,32.27577590942383,32.325355529785156,31.649866104125977,31.757997512817383,30781787,4576589462.851163
26/05/2025,32.065120697021484,32.41560745239258,32.027313232421875,32.27573776245117,24606926,4655026112.868559
27/05/2025,31.78119659423828,32.095191955566406,31.7366886138916,32.06513977050781,28929480,4620534448.138055
28/05/2025,31.50238800048828,31.808040618896484,31.341066360473633,31.781078338623047,24257633,4580364502.433236
29/05/2025,31.044275283813477,31.54540252685547,31.04276466369629,31.502458572387695,30419402,4553237601.46138
30/05/2025,31.18454360961914,31.525083541870117,30.96186065673828,31.044275283813477,45278031,4489671673.245636
31/05/2025,31.161035537719727,31.215686798095703,30.98878288269043,31.184263229370117,21757441,4512112730.649346
01/06/2025,31.11594009399414,31.191137313842773,30.9644718170166,31.161035537719727,16414054,4512182472.10364
02/06/2025,31.303871154785156,31.304607391357422,30.89475440979004,31.115680694580078,27232654,4507939186.859695
03/06/2025,31.3283634185791,31.51025390625,31.208284378051758,31.303794860839844,25570682,4523707643.217099
04/06/2025,31.209144592285156,31.36371421813965,31.166431427001953,31.3282470703125,20587871,4521571618.936258
05/06/2025,30.9201717376709,31.46442222595215,30.847028732299805,31.20867919921875,35627496,4505171179.314085
06/06/2025,31.33133888244629,31.524635314941406,30.9086856842041,30.9201717376709,24280425,4472092780.777515
07/06/2025,31.350971221923828,31.513153076171875,31.27890396118164,31.33125877380371,18621790,4524761124.4517565
08/06/2025,31.186752319335938,31.379777908325195,31.18120765686035,31.350971221923828,13821120,4539622371.135296
09/06/2025,31.661191940307617,31.734251022338867,31.172109603881836,31.18701934814453,26123788,4500909428.552204
10/06/2025,31.361719131469727,31.673465728759766,31.281938552856445,31.673095703125,92091364,4573351946.229818
11/06/2025,31.991674423217773,32.034576416015625,31.18608856201172,31.360122680664062,98285106,4518790763.659082
12/06/2025,34.00965881347656,34.29768753051758,31.9208984375,31.991601943969727,96536315,4613695256.768943
13/06/2025,37.51930236816406,37.538841247558594,33.527259826660156,34.00965881347656,144707911,4910683141.703766
14/06/2025,39.71464157104492,39.75341033935547,37.51038360595703,37.51930236816406,54944981,5403204909.387554
15/06/2025,39.579254150390625,40.08940505981445,38.85995864868164,39.71157455444336,58599845,5736891535.164653
16/06/2025,51.50436782836914,51.88328552246094,39.49564743041992,39.579254150390625,121268155,5719418478.699346
17/06/2025,48.108211517333984,51.61387252807617,47.384708404541016,51.50343704223633,149324245,7452482767.528657
18/06/2025,49.209625244140625,49.287437438964844,47.62247848510742,48.108070373535156,85275690,6952288850.042565
19/06/2025,49.22214126586914,49.54137420654297,49.169837951660156,49.21318054199219,38838013,7128817307.118535
20/06/2025,48.87644577026367,49.5991096496582,48.78477478027344,49.221988677978516,49751141,7109036980.068232
21/06/2025,48.43672561645508,49.04701232910156,48.3019905090332,48.87599563598633,36219474,7060847416.794321
22/06/2025,48.14238739013672,48.551876068115234,47.8347282409668,48.442100524902344,78924455,6986329551.339676
23/06/2025,47.913021087646484,48.30575180053711,47.37554168701172,48.14191818237305,80642925,6940035938.406338
24/06/2025,48.026126861572266,48.490840911865234,47.76555633544922,47.913021087646484,55691002,6918937916.464491
25/06/2025,47.900211334228516,48.10311508178711,47.87643051147461,48.02508544921875,45695115,6934059460.081556
26/06/2025,47.555259704589844,48.022239685058594,47.3013916015625,47.901588439941406,38109020,6912105010.550323
27/06/2025,46.106849670410156,47.79779815673828,45.1678581237793,47.55654525756836,51653902,6874253702.780843
28/06/2025,47.05076217651367,47.292083740234375,46.030269622802734,46.106849670410156,24605388,6654350272.757016
29/06/2025,46.82448196411133,47.40549087524414,46.4876823425293,47.05069351196289,28462361,6828236632.257443
30/06/2025,44.36591339111328,46.90965270996094,43.499267578125,46.82327651977539,73152504,6763016287.450047
01/07/2025,43.933204650878906,44.77531814575195,42.20547103881836,44.36591339111328,91576736,6405944128.998687
02/07/2025,43.6086311340332,44.22454071044922,43.44519805908203,43.932838439941406,68053956,6345546838.224295
03/07/2025,43.7702751159668,43.94035339355469,43.56003952026367,43.60868835449219,53971717,6287409768.27653
04/07/2025,44.90769958496094,45.024871826171875,43.51963424682617,43.769744873046875,60528763,6308663998.513505
05/07/2025,45.146297454833984,45.700042724609375,44.818115234375,44.90752410888672,30919253,6472616869.19904
06/07/2025,44.97327423095703,45.20615768432617,44.80433654785156,45.146297454833984,35974345,6511078435.825802
07/07/2025,44.96284103393555,45.073936462402344,44.53070068359375,44.97298049926758,52082457,6493202774.501976
08/07/2025,44.82978057861328,45.04106140136719,44.68375015258789,44.96284103393555,32174577,6490740801.989483
09/07/2025,46.544898986816406,46.892173767089844,44.70247268676758,44.8295783996582,52080219,6476801742.821382
10/07/2025,46.54323959350586,46.71426010131836,46.31340408325195,46.544898986816406,40789849,6743427096.097035
11/07/2025,46.56882858276367,46.8039665222168,46.39744186401367,46.54319381713867,47552458,6728642922.440945
12/07/2025,45.956993103027344,46.728797912597656,45.6840705871582,46.56884002685547,25397544,6724621690.099687
13/07/2025,46.1306266784668,46.22292709350586,45.92639923095703,45.956993103027344,24076714,6641045894.286634
14/07/2025,45.72793197631836,46.42313766479492,45.67707061767578,46.130550384521484,46515513,6661773942.813808
15/07/2025,44.17576217651367,45.854766845703125,43.63665771484375,45.72813415527344,129991811,6603531290.415161
16/07/2025,44.91873550415039,45.271080017089844,43.973480224609375,44.175758361816406,126580284,6399853267.57706
17/07/2025,45.26564025878906,45.60861587524414,44.682552337646484,44.91870880126953,110360297,6508903937.641147
18/07/2025,44.03044891357422,45.92451858520508,43.69785690307617,45.26552963256836,136885395,6544369500.054777
19/07/2025,44.09516525268555,44.30978775024414,43.85163879394531,44.030460357666016,73309696,6366383486.694619
20/07/2025,44.386390686035156,44.793601989746094,43.99614715576172,44.0952033996582,91995269,6366335777.542344
21/07/2025,44.3078727722168,44.942955017089844,44.025550842285156,44.38645935058594,90535609,6403650026.657158
22/07/2025,44.83056640625,44.83056640625,43.86586380004883,44.30778884887695,96796503,6398895367.444415
23/07/2025,44.120243072509766,44.84535217285156,43.599544525146484,44.83056640625,74756253,6496424839.315415
24/07/2025,44.112548828125,44.51137924194336,43.542423248291016,44.12035369873047,77486397,6364217997.265104
25/07/2025,43.90454864501953,44.11776351928711,43.03743362426758,44.112548828125,96169032,6384169834.481882
26/07/2025,43.99756622314453,44.13296890258789,43.73102951049805,43.90454864501953,38065399,6357115274.725511
27/07/2025,44.704219818115234,44.76484298706055,43.88939666748047,43.99756622314453,49157513,6351563056.035448
28/07/2025,43.87013244628906,44.83552932739258,43.747764587402344,44.70420455932617,73145865,6471204983.836413
29/07/2025,43.87239074707031,44.491455078125,43.530494689941406,43.87030029296875,65573810,6356912142.700122
30/07/2025,43.86368942260742,44.10377883911133,43.249820709228516,43.872352600097656,65758828,6345047973.760147
31/07/2025,43.1037712097168,44.32941818237305,42.959232330322266,43.86368942260742,61955922,6362598528.122657
01/08/2025,42.188045501708984,43.26763153076172,41.97319793701172,43.1037712097168,107806239,6228685827.982221
02/08/2025,41.76732635498047,42.4903564453125,41.6003532409668,42.18804168701172,71025073,6102389465.842044
03/08/2025,42.42399215698242,42.57112121582031,41.62571334838867,41.76734161376953,48270078,6048220054.193268
04/08/2025,43.087921142578125,43.205543518066406,42.350257873535156,42.42399215698242,65662614,6139545901.889008
05/08/2025,42.61994552612305,43.08814239501953,42.19342803955078,43.087921142578125,88491795,6224171710.179366
06/08/2025,42.94190979003906,43.17272186279297,42.352317810058594,42.61994552612305,62942840,6181829032.592967
07/08/2025,43.962562561035156,44.02672576904297,42.67106246948242,42.94192123413086,59086498,6207165179.183587
08/08/2025,44.014705657958984,44.15422058105469,43.61801528930664,43.962562561035156,49329512,6360559798.556109
09/08/2025,44.34660720825195,44.65690994262695,43.91929244995117,44.014705657958984,41801746,6370052737.1794
10/08/2025,45.02275085449219,45.02278518676758,44.320552825927734,44.34660720825195,50548053,6431960300.659596
11/08/2025,44.64903259277344,45.791587829589844,44.45655059814453,45.022823333740234,87598659,6516647008.195486
12/08/2025,45.700408935546875,45.76833724975586,44.577171325683594,44.6490364074707,78629042,6457374712.5018015
13/08/2025,46.81517791748047,46.86210632324219,45.49896240234375,45.700382232666016,97774231,6638726969.312256
14/08/2025,45.31577682495117,46.88807678222656,44.85886764526367,46.81507110595703,133749035,6786869954.349386
15/08/2025,44.625083923339844,45.74348068237305,44.43214416503906,45.31586456298828,83818485,6544271850.368216
16/08/2025,44.62733840942383,44.900333404541016,44.50361633300781,44.62511444091797,34162098,6452992967.745953
17/08/2025,44.79989242553711,45.173797607421875,44.56336212158203,44.62733840942383,39739177,6450697159.445905
18/08/2025,44.01462936401367,44.800148010253906,43.491329193115234,44.79990005493164,78225687,6483819408.087747
19/08/2025,42.48919677734375,44.141448974609375,42.48752212524414,44.014564514160156,76876691,6357697908.421957
20/08/2025,43.23268127441406,43.382572174072266,42.43422317504883,42.488311767578125,78953832,6160063589.034835
21/08/2025,42.47403335571289,43.268409729003906,42.29171371459961,43.23280715942383,59948086,6258248489.264333
22/08/2025,44.51124572753906,44.6387939453125,42.1219596862793,42.473976135253906,94774988,6143993135.0038
23/08/2025,43.89747619628906,44.51261520385742,43.637550354003906,44.51130294799805,56138245,6452602207.1290245
24/08/2025,44.00297164916992,44.090091705322266,43.52062225341797,43.8974494934082,100254635,6373395844.282084
25/08/2025,42.635433197021484,44.00324249267578,42.36567306518555,44.002967834472656,133777593,6361115178.355536
26/08/2025,43.38731002807617,43.534542083740234,42.307861328125,42.63483810424805,122635123,6171683717.935502
27/08/2025,42.87983703613281,43.447242736816406,42.850250244140625,43.386985778808594,102310949,6280826791.175638
28/08/2025,43.2833137512207,43.720699310302734,42.8107795715332,42.88002014160156,75906694,6212854572.338323
29/08/2025,42.11517333984375,43.28449249267578,41.767269134521484,43.28300476074219,142683700,6261760316.76527
30/08/2025,42.1639518737793,42.22113037109375,41.6573486328125,42.11517333984375,58777174,6098580677.749361
31/08/2025,42.049034118652344,42.489341735839844,42.02773666381836,42.1639518737793,60953210,6087125738.777544
01/09/2025,42.16410827636719,42.53111267089844,41.677345275878906,42.049034118652344,109577932,6087014899.170145
02/09/2025,42.552982330322266,42.70042419433594,41.822811126708984,42.164066314697266,91647864,6106430173.376724
03/09/2025,42.80207443237305,43.0897102355957,42.28166580200195,42.55308532714844,65344061,6153462322.660358
04/09/2025,42.00523376464844,42.94667053222656,41.72434997558594,42.80208969116211,62374834,6197050891.658922
05/09/2025,42.19514846801758,42.92424011230469,41.906612396240234,42.00539016723633,89717128,6091657049.381228
06/09/2025,41.91801071166992,42.407859802246094,41.84321975708008,42.19500732421875,23768013,6111778905.113414
07/09/2025,42.215213775634766,42.40938949584961,41.91798400878906,41.91801452636719,20646609,6067228989.123553
08/09/2025,42.33420944213867,42.74615478515625,42.053802490234375,42.21527862548828,45146685,6107651952.448061
09/09/2025,42.2026481628418,42.76308059692383,41.984222412109375,42.33420944213867,48156342,6130574663.295802
10/09/2025,42.95487594604492,43.26298522949219,42.016136169433594,42.2026481628418,49244036,6121535945.023639
11/09/2025,43.58544921875,43.585636138916016,42.90555191040039,42.95488739013672,56323054,6223466283.71882
12/09/2025,44.1334114074707,44.20731735229492,43.404869079589844,43.58555221557617,61797951,6311517678.519628
13/09/2025,44.0177001953125,44.22006607055664,43.67742919921875,44.133182525634766,45882635,6396543243.777141
14/09/2025,43.777122497558594,44.07682800292969,43.637054443359375,44.0177001953125,44681525,6374479876.671141
15/09/2025,43.48735427856445,44.189910888671875,43.143775939941406,43.77699661254883,76224000,6319248615.293911
16/09/2025,43.74073791503906,43.778289794921875,43.086673736572266,43.48731231689453,49196792,6290465965.068974
17/09/2025,43.799861907958984,43.90738296508789,43.11770248413086,43.740264892578125,94477301,6319499442.525753
18/09/2025,43.89991760253906,44.17951202392578,43.73794174194336,43.797401428222656,82943052,6322977482.4577055
19/09/2025,43.24163055419922,44.01716232299805,43.01603317260742,43.90046691894531,63885798,6335297377.977503
20/09/2025,43.32277297973633,43.44932174682617,43.172855377197266,43.24165725708008,24533165,6239130750.273572
21/09/2025,43.12572479248047,43.34771728515625,43.1109504699707,43.32277297973633,25469385,6249994777.902868
22/09/2025,42.16779327392578,43.15339660644531,41.88254165649414,43.12572479248047,96145885,6215149571.109697
23/09/2025,41.741607666015625,42.254966735839844,41.590736389160156,42.16789627075195,70246499,6089714953.413958
24/09/2025,42.077667236328125,42.32854080200195,41.49530029296875,41.741573333740234,64370745,6030058102.336518
25/09/2025,40.33009719848633,42.15770721435547,40.32695770263672,42.077667236328125,115719264,6075521507.961887
26/09/2025,40.762664794921875,40.91704177856445,40.32712936401367,40.33076477050781,93892382,5839535165.941506
27/09/2025,40.66663360595703,40.7643928527832,40.46508026123047,40.764217376708984,25955346,5904611435.423394
28/09/2025,41.47262954711914,41.510860443115234,40.476566314697266,40.66926956176758,40777851,5872785635.415537
29/09/2025,42.11468505859375,42.144161224365234,41.24143981933594,41.47245788574219,77146912,5994163182.797774
30/09/2025,41.8525505065918,42.21457290649414,41.537601470947266,42.119239807128906,71582699,6079947391.784959
01/10/2025,43.118255615234375,43.118255615234375,41.82215118408203,41.84391403198242,84044525,6038070033.98407
02/10/2025,43.72679138183594,43.93233871459961,43.118690490722656,43.12189865112305,87167435,6223140063.992554
03/10/2025,44.22492980957031,44.49169921875,43.33719253540039,43.72669219970703,92386595,6314077602.609718
04/10/2025,44.104225158691406,44.30779266357422,43.83621597290039,44.22492980957031,38649238,6384544209.784518
05/10/2025,44.31840133666992,44.82431411743164,44.02217483520508,44.104225158691406,81747652,6368241742.384497
06/10/2025,44.88810729980469,45.239646911621094,44.242374420166016,44.31843185424805,92102665,6401601383.67541
07/10/2025,43.744384765625,45.02363967895508,43.716407775878906,44.88884353637695,101574674,6479796000.202372
08/10/2025,44.17001724243164,44.48298263549805,43.63233947753906,43.74494171142578,88015879,6321976905.045587
09/10/2025,43.42498016357422,44.172821044921875,42.781272888183594,44.16863250732422,102827885,6403401660.631475
10/10/2025,42.291587829589844,43.60358428955078,40.57387924194336,43.426788330078125,243706231,6262867980.353529
11/10/2025,41.63608932495117,42.42439651489258,41.22145080566406,42.290767669677734,167682526,6148981233.352481
12/10/2025,43.30068588256836,43.329681396484375,41.25437927246094,41.63553237915039,146445688,6030414895.845425
13/10/2025,43.34340286254883,43.57933807373047,42.874176025390625,43.29941940307617,179612021,6261298939.881879
14/10/2025,42.822818756103516,43.42878341674805,41.566871643066406,43.34336853027344,235132713,6275200745.7933
15/10/2025,41.9547004699707,42.939884185791016,41.74821853637695,42.82322692871094,141604211,6199955275.141518
16/10/2025,41.18075942993164,42.39830780029297,40.987754821777344,41.954349517822266,179053283,6060161912.879353
17/10/2025,40.567562103271484,41.564144134521484,39.72693634033203,41.18069839477539,199152897,5958074379.28131
18/10/2025,40.95699691772461,41.04587936401367,40.55847930908203,40.567543029785156,65204424,5865588278.5238
19/10/2025,41.35321807861328,41.65617370605469,40.625465393066406,40.95699691772461,82403241,5911624148.394632
20/10/2025,41.79597473144531,42.09977722167969,40.92013931274414,41.348663330078125,139374013,5957579549.545808
21/10/2025,41.200439453125,42.447845458984375,40.769012451171875,41.7957649230957,158189737,6038962762.943629
22/10/2025,41.04732894897461,41.282203674316406,40.6644172668457,41.202945709228516,125428752,5956965122.7349415
23/10/2025,41.75210189819336,42.117733001708984,41.02716064453125,41.04372024536133,84180645,5931306818.109475
24/10/2025,42.136905670166016,42.37252426147461,41.71136474609375,41.75267791748047,66855256,6033630953.897603
25/10/2025,42.35324478149414,42.451515197753906,42.03762435913086,42.136905670166016,23535655,6092806212.64345
26/10/2025,43.237754821777344,43.344261169433594,42.13337326049805,42.353721618652344,44021362,6115512679.846964
27/10/2025,42.97989273071289,43.924747467041016,42.95333480834961,43.241607666015625,71448436,6239544518.486314
28/10/2025,42.6081657409668,43.63480758666992,42.39455795288086,42.98177719116211,109705341,6202858127.23718
29/10/2025,41.939762115478516,42.894840240478516,41.741580963134766,42.60731887817383,114695924,6123247726.446931
30/10/2025,42.291996002197266,42.340721130371094,40.555206298828125,41.93972396850586,145558754,6021156892.356301
31/10/2025,47.045616149902344,47.07181930541992,42.24663543701172,42.246707916259766,142626299,6085088965.824919
01/11/2025,50.51063919067383,50.51095199584961,46.7946891784668,47.044189453125,99303918,6781892078.679925
02/11/2025,55.358123779296875,55.35860824584961,49.7077522277832,50.50865936279297,115867808,7279007411.605335
03/11/2025,54.059303283691406,55.42052459716797,53.4736442565918,55.35509490966797,216773461,7967892858.088577
04/11/2025,52.017459869384766,54.229488372802734,50.6839485168457,54.058963775634766,288097570,7777217442.352924
05/11/2025,52.72119903564453,53.06608200073242,50.9776725769043,52.017372131347656,143796695,7490411193.244857
06/11/2025,51.6081428527832,52.829261779785156,51.272159576416016,52.71931838989258,137074136,11338494696.267109
07/11/2025,54.076412200927734,54.38709259033203,50.69945526123047,51.64901351928711,170670669,11049047172.092625
08/11/2025,53.5736198425293,54.07749938964844,53.14925003051758,54.076412200927734,72343880,11619109816.286572
09/11/2025,54.55084228515625,54.784732818603516,53.1524658203125,53.573543548583984,81277777,11516369439.235554
10/11/2025,55.14574432373047,55.23080062866211,54.43644714355469,54.55133819580078,98281151,11703088491.564192
11/11/2025,54.05138397216797,55.72110366821289,53.78456115722656,55.14545822143555,103173034,11846039278.451712
12/11/2025,54.343257904052734,55.50117111206055,53.913368225097656,54.04927444458008,106609801,11579748457.015203
13/11/2025,53.7730598449707,55.89419937133789,52.8737678527832,54.34347152709961,168542240,11644470355.770262
14/11/2025,52.54627990722656,53.8072509765625,52.13566589355469,53.77437210083008,217160400,11540504604.531755
15/11/2025,52.850215911865234,53.356876373291016,52.42339324951172,52.54727554321289,89444601,11280925138.846785
16/11/2025,52.452022552490234,53.469608306884766,51.69515609741211,52.850093841552734,118209130,11332649448.875427
17/11/2025,51.14801025390625,53.073123931884766,50.80415725708008,52.45079040527344,169853832,11239722872.168913
18/11/2025,61.433563232421875,65.29808807373047,50.34208679199219,51.15021514892578,261542774,10966040213.657965
19/11/2025,60.10124206542969,61.43391418457031,58.81856155395508,61.43391418457031,200491553,13156711986.176031
20/11/2025,56.938636779785156,60.889892578125,56.741153717041016,60.104331970214844,217804606,12903035191.75687
21/11/2025,57.101783752441406,57.66548156738281,55.83900833129883,56.93204879760742,328153122,12238560120.49795
22/11/2025,56.40205383300781,57.17146301269531,55.8967399597168,57.10322570800781,104002225,12276930933.921972
23/11/2025,56.95246124267578,57.645198822021484,56.400917053222656,56.40205383300781,117959258,12121168103.030151
24/11/2025,58.24223709106445,58.935604095458984,56.00135040283203,56.95424270629883,156084726,12250247173.151522
25/11/2025,58.00215148925781,58.50397872924805,56.61610794067383,58.24167251586914,131513282,12521807274.144785
26/11/2025,58.698753356933594,58.84437561035156,57.044559478759766,58.001564025878906,111757387,12462003008.858011
27/11/2025,59.4166374206543,60.0617561340332,58.51756286621094,58.697872161865234,90773434,12582483413.916178
28/11/2025,58.846248626708984,60.01259994506836,58.55574035644531,59.417476654052734,99889101,12741953969.318913
29/11/2025,58.51701736450195,58.957435607910156,58.25853729248047,58.845611572265625,58745740,12610117677.10497
30/11/2025,57.958030700683594,59.252254486083984,57.95325469970703,58.51701736450195,53090116,12545106432.21878
01/12/2025,57.82757568359375,58.65092086791992,55.17957305908203,57.948551177978516,225496176,12464843726.100658
02/12/2025,61.471500396728516,62.11045837402344,57.45420837402344,57.827816009521484,173854386,12426533613.322624
03/12/2025,62.853607177734375,63.046592712402344,61.39470291137695,61.47163391113281,187305507,13199565231.121897
04/12/2025,62.02356719970703,63.14125442504883,61.443504333496094,62.853031158447266,140991305,
05/12/2025,60.59078598022461,62.38871383666992,60.32052993774414,62.02106475830078,146620325,
06/12/2025,60.42510223388672,60.89093017578125,60.27881622314453,60.59089660644531,58480246,
07/12/2025,60.67768478393555,61.71493148803711,59.821720123291016,60.425010681152344,101886224,
08/12/2025,61.00223922729492,61.615840911865234,60.63936996459961,60.67229080200195,134370808,
09/12/2025,61.90205001831055,62.8375358581543,60.475528717041016,61.00159454345703,143939443,
10/12/2025,62.937931060791016,64.25138854980469,61.413917541503906,61.90205001831055,156084656,
11/12/2025,61.7346076965332,62.93951416015625,60.6569938659668,62.933536529541016,160753081,
12/12/2025,60.31977462768555,61.770137786865234,60.013641357421875,61.73447036743164,101285017,
13/12/2025,60.25318145751953,60.64314651489258,60.08045959472656,60.320091247558594,30151261,
14/12/2025,59.187381744384766,60.56048583984375,59.14341354370117,60.25180435180664,40577448,
15/12/2025,57.75883865356445,60.050941467285156,57.25468444824219,59.18501281738281,82873631,
16/12/2025,57.76578903198242,57.975040435791016,57.051231384277344,57.75800323486328,98888763,
17/12/2025,57.770668029785156,60.277523040771484,56.78830337524414,57.76369094848633,120315580,
18/12/2025,56.686126708984375,59.15693664550781,56.476192474365234,57.770668029785156,137337072,
19/12/2025,57.48311233520508,58.344120025634766,56.53141403198242,56.68701171875,113866165,
20/12/2025,57.42891311645508,57.57938003540039,57.365116119384766,57.483280181884766,22221675,
21/12/2025,57.5942268371582,57.77350997924805,57.1949577331543,57.42876052856445,38505919,
22/12/2025,57.513580322265625,58.54095458984375,57.20356369018555,57.593299865722656,110652381,
23/12/2025,56.41666030883789,57.705291748046875,56.27839279174805,57.51543426513672,59886554,
24/12/2025,56.41761016845703,56.63077926635742,55.9481201171875,56.409751892089844,42155727,
25/12/2025,56.068668365478516,56.8220329284668,55.90037536621094,56.41761016845703,24432840,
26/12/2025,55.92223358154297,57.008697509765625,55.610748291015625,56.068607330322266,42570155,
27/12/2025,56.1201057434082,56.17359924316406,55.88751220703125,55.921634674072266,11455494,
28/12/2025,55.997623443603516,56.38041687011719,55.90977478027344,56.11967849731445,10787674,
29/12/2025,56.39212417602539,57.138248443603516,55.40326690673828,55.9998664855957,84675732,
30/12/2025,56.74690628051758,57.2109489440918,56.16814041137695,56.392826080322266,77296754,
