date,coin_id,coinmetrics_symbol,market_cap_current_usd,market_cap_estimated_usd,circulating_supply,market_cap_type,market_cap_source,selected_column
2024-03-01,binancecoin,bnb,,62748251833.95033,,estimated,coinmetrics_CapMrktEstUSD,CapMrktEstUSD
2024-03-02,binancecoin,bnb,,63196631470.961044,,estimated,coinmetrics_CapMrktEstUSD,CapMrktEstUSD
2024-03-03,binancecoin,bnb,,63752067008.50957,,estimated,coinmetrics_CapMrktEstUSD,CapMrktEstUSD
2024-03-04,binancecoin,bnb,,64483966746.695206,,estimated,coinmetrics_CapMrktEstUSD,CapMrktEstUSD
2024-03-05,binancecoin,bnb,,60823240748.76101,,estimated,coinmetrics_CapMrktEstUSD,CapMrktEstUSD
2024-03-06,binancecoin,bnb,,65975476457.60015,,estimated,coinmetrics_CapMrktEstUSD,CapMrktEstUSD
2024-03-07,binancecoin,bnb,,72987646916.8054,,estimated,coinmetrics_CapMrktEstUSD,CapMrktEstUSD
2024-03-08,binancecoin,bnb,,74600940554.85966,,estimated,coinmetrics_CapMrktEstUSD,CapMrktEstUSD
2024-03-09,binancecoin,bnb,,75358944111.73767,,estimated,coinmetrics_CapMrktEstUSD,CapMrktEstUSD
2024-03-10,binancecoin,bnb,,81112801176.68114,,estimated,coinmetrics_CapMrktEstUSD,CapMrktEstUSD
2024-03-11,binancecoin,bnb,,80433189185.55667,,estimated,coinmetrics_CapMrktEstUSD,CapMrktEstUSD
2024-03-12,binancecoin,bnb,,82806675720.5139,,estimated,coinmetrics_CapMrktEstUSD,CapMrktEstUSD
2024-03-13,binancecoin,bnb,,96210569725.98314,,estimated,coinmetrics_CapMrktEstUSD,CapMrktEstUSD
2024-03-14,binancecoin,bnb,,92965395746.22862,,estimated,coinmetrics_CapMrktEstUSD,CapMrktEstUSD
2024-03-15,binancecoin,bnb,,95645666612.90932,,estimated,coinmetrics_CapMrktEstUSD,CapMrktEstUSD
2024-03-16,binancecoin,bnb,,88612055368.4711,,estimated,coinmetrics_CapMrktEstUSD,CapMrktEstUSD
2024-03-17,binancecoin,bnb,,87580048057.73499,,estimated,coinmetrics_CapMrktEstUSD,CapMrktEstUSD
2024-03-18,binancecoin,bnb,,85448204841.0432,,estimated,coinmetrics_CapMrktEstUSD,CapMrktEstUSD
2024-03-19,binancecoin,bnb,,77923228503.43785,,estimated,coinmetrics_CapMrktEstUSD,CapMrktEstUSD
2024-03-20,binancecoin,bnb,,85709401724.90025,,estimated,coinmetrics_CapMrktEstUSD,CapMrktEstUSD
2024-03-21,binancecoin,bnb,,85088240405.85146,,estimated,coinmetrics_CapMrktEstUSD,CapMrktEstUSD
2024-03-22,binancecoin,bnb,,84438086265.34602,,estimated,coinmetrics_CapMrktEstUSD,CapMrktEstUSD
2024-03-23,binancecoin,bnb,,85368206017.43257,,estimated,coinmetrics_CapMrktEstUSD,CapMrktEstUSD
2024-03-24,binancecoin,bnb,,87539145069.90372,,estimated,coinmetrics_CapMrktEstUSD,CapMrktEstUSD
2024-03-25,binancecoin,bnb,,90390358539.32024,,estimated,coinmetrics_CapMrktEstUSD,CapMrktEstUSD
2024-03-26,binancecoin,bnb,,89321308701.76787,,estimated,coinmetrics_CapMrktEstUSD,CapMrktEstUSD
2024-03-27,binancecoin,bnb,,88313723300.35345,,estimated,coinmetrics_CapMrktEstUSD,CapMrktEstUSD
2024-03-28,binancecoin,bnb,,89855704180.24477,,estimated,coinmetrics_CapMrktEstUSD,CapMrktEstUSD
2024-03-29,binancecoin,bnb,,94734332892.44972,,estimated,coinmetrics_CapMrktEstUSD,CapMrktEstUSD
2024-03-30,binancecoin,bnb,,92546541373.25316,,estimated,coinmetrics_CapMrktEstUSD,CapMrktEstUSD
2024-03-31,binancecoin,bnb,,93312854805.01743,,estimated,coinmetrics_CapMrktEstUSD,CapMrktEstUSD
2024-04-01,binancecoin,bnb,,88952575495.24854,,estimated,coinmetrics_CapMrktEstUSD,CapMrktEstUSD
2024-04-02,binancecoin,bnb,,85016896247.44196,,estimated,coinmetrics_CapMrktEstUSD,CapMrktEstUSD
2024-04-03,binancecoin,bnb,,86693836244.20815,,estimated,coinmetrics_CapMrktEstUSD,CapMrktEstUSD
2024-04-04,binancecoin,bnb,,89997936136.47386,,estimated,coinmetrics_CapMrktEstUSD,CapMrktEstUSD
2024-04-05,binancecoin,bnb,,89163935091.35143,,estimated,coinmetrics_CapMrktEstUSD,CapMrktEstUSD
2024-04-06,binancecoin,bnb,,90329073648.15683,,estimated,coinmetrics_CapMrktEstUSD,CapMrktEstUSD
2024-04-07,binancecoin,bnb,,89852317257.9164,,estimated,coinmetrics_CapMrktEstUSD,CapMrktEstUSD
2024-04-08,binancecoin,bnb,,90409324856.42863,,estimated,coinmetrics_CapMrktEstUSD,CapMrktEstUSD
2024-04-09,binancecoin,bnb,,89307859996.45935,,estimated,coinmetrics_CapMrktEstUSD,CapMrktEstUSD
2024-04-10,binancecoin,bnb,,93730916121.82016,,estimated,coinmetrics_CapMrktEstUSD,CapMrktEstUSD
2024-04-11,binancecoin,bnb,,93079705417.82791,,estimated,coinmetrics_CapMrktEstUSD,CapMrktEstUSD
2024-04-12,binancecoin,bnb,,91508232138.04333,,estimated,coinmetrics_CapMrktEstUSD,CapMrktEstUSD
2024-04-13,binancecoin,bnb,,85950192832.22995,,estimated,coinmetrics_CapMrktEstUSD,CapMrktEstUSD
2024-04-14,binancecoin,bnb,,87451044912.82422,,estimated,coinmetrics_CapMrktEstUSD,CapMrktEstUSD
2024-04-15,binancecoin,bnb,,85060591655.26599,,estimated,coinmetrics_CapMrktEstUSD,CapMrktEstUSD
2024-04-16,binancecoin,bnb,,82799320172.68422,,estimated,coinmetrics_CapMrktEstUSD,CapMrktEstUSD
2024-04-17,binancecoin,bnb,,82320115624.96753,,estimated,coinmetrics_CapMrktEstUSD,CapMrktEstUSD
2024-04-18,binancecoin,bnb,,84876790259.55544,,estimated,coinmetrics_CapMrktEstUSD,CapMrktEstUSD
2024-04-19,binancecoin,bnb,,85367676063.01918,,estimated,coinmetrics_CapMrktEstUSD,CapMrktEstUSD
2024-04-20,binancecoin,bnb,,87856161694.53369,,estimated,coinmetrics_CapMrktEstUSD,CapMrktEstUSD
2024-04-21,binancecoin,bnb,,89143561401.52339,,estimated,coinmetrics_CapMrktEstUSD,CapMrktEstUSD
2024-04-22,binancecoin,bnb,,93129389240.43239,,estimated,coinmetrics_CapMrktEstUSD,CapMrktEstUSD
2024-04-23,binancecoin,bnb,,93342642949.89868,,estimated,coinmetrics_CapMrktEstUSD,CapMrktEstUSD
2024-04-24,binancecoin,bnb,,93480920589.83028,,estimated,coinmetrics_CapMrktEstUSD,CapMrktEstUSD
2024-04-25,binancecoin,bnb,,94481343146.51775,,estimated,coinmetrics_CapMrktEstUSD,CapMrktEstUSD
2024-04-26,binancecoin,bnb,,91989611839.5013,,estimated,coinmetrics_CapMrktEstUSD,CapMrktEstUSD
2024-04-27,binancecoin,bnb,,91637708306.43571,,estimated,coinmetrics_CapMrktEstUSD,CapMrktEstUSD
2024-04-28,binancecoin,bnb,,92206350870.54381,,estimated,coinmetrics_CapMrktEstUSD,CapMrktEstUSD
2024-04-29,binancecoin,bnb,,91426905608.6874,,estimated,coinmetrics_CapMrktEstUSD,CapMrktEstUSD
2024-04-30,binancecoin,bnb,,88919843528.13913,,estimated,coinmetrics_CapMrktEstUSD,CapMrktEstUSD
2024-05-01,binancecoin,bnb,,86261206837.74124,,estimated,coinmetrics_CapMrktEstUSD,CapMrktEstUSD
2024-05-02,binancecoin,bnb,,86295192334.88945,,estimated,coinmetrics_CapMrktEstUSD,CapMrktEstUSD
2024-05-03,binancecoin,bnb,,90388224379.23898,,estimated,coinmetrics_CapMrktEstUSD,CapMrktEstUSD
2024-05-04,binancecoin,bnb,,90169408309.24889,,estimated,coinmetrics_CapMrktEstUSD,CapMrktEstUSD
2024-05-05,binancecoin,bnb,,91069642819.48616,,estimated,coinmetrics_CapMrktEstUSD,CapMrktEstUSD
2024-05-06,binancecoin,bnb,,90555496547.81476,,estimated,coinmetrics_CapMrktEstUSD,CapMrktEstUSD
2024-05-07,binancecoin,bnb,,88963944183.98709,,estimated,coinmetrics_CapMrktEstUSD,CapMrktEstUSD
2024-05-08,binancecoin,bnb,,90395169317.16208,,estimated,coinmetrics_CapMrktEstUSD,CapMrktEstUSD
2024-05-09,binancecoin,bnb,,91668112534.46593,,estimated,coinmetrics_CapMrktEstUSD,CapMrktEstUSD
2024-05-10,binancecoin,bnb,,90154847219.25504,,estimated,coinmetrics_CapMrktEstUSD,CapMrktEstUSD
2024-05-11,binancecoin,bnb,,91100828405.908,,estimated,coinmetrics_CapMrktEstUSD,CapMrktEstUSD
2024-05-12,binancecoin,bnb,,91385055951.43059,,estimated,coinmetrics_CapMrktEstUSD,CapMrktEstUSD
2024-05-13,binancecoin,bnb,,91075379922.8216,,estimated,coinmetrics_CapMrktEstUSD,CapMrktEstUSD
2024-05-14,binancecoin,bnb,,87104540144.40906,,estimated,coinmetrics_CapMrktEstUSD,CapMrktEstUSD
2024-05-15,binancecoin,bnb,,89646959647.27179,,estimated,coinmetrics_CapMrktEstUSD,CapMrktEstUSD
2024-05-16,binancecoin,bnb,,87552317860.81512,,estimated,coinmetrics_CapMrktEstUSD,CapMrktEstUSD
2024-05-17,binancecoin,bnb,,89360289897.52112,,estimated,coinmetrics_CapMrktEstUSD,CapMrktEstUSD
2024-05-18,binancecoin,bnb,,89200459325.15471,,estimated,coinmetrics_CapMrktEstUSD,CapMrktEstUSD
2024-05-19,binancecoin,bnb,,88388469069.76982,,estimated,coinmetrics_CapMrktEstUSD,CapMrktEstUSD
2024-05-20,binancecoin,bnb,,92267044014.60664,,estimated,coinmetrics_CapMrktEstUSD,CapMrktEstUSD
2024-05-21,binancecoin,bnb,,95202707693.57518,,estimated,coinmetrics_CapMrktEstUSD,CapMrktEstUSD
2024-05-22,binancecoin,bnb,,94478081406.93443,,estimated,coinmetrics_CapMrktEstUSD,CapMrktEstUSD
2024-05-23,binancecoin,bnb,,91900667978.6722,,estimated,coinmetrics_CapMrktEstUSD,CapMrktEstUSD
2024-05-24,binancecoin,bnb,,92415143426.80627,,estimated,coinmetrics_CapMrktEstUSD,CapMrktEstUSD
2024-05-25,binancecoin,bnb,,92632379455.31555,,estimated,coinmetrics_CapMrktEstUSD,CapMrktEstUSD
2024-05-26,binancecoin,bnb,,92276623864.74232,,estimated,coinmetrics_CapMrktEstUSD,CapMrktEstUSD
2024-05-27,binancecoin,bnb,,92778976158.02193,,estimated,coinmetrics_CapMrktEstUSD,CapMrktEstUSD
2024-05-28,binancecoin,bnb,,92523124644.48482,,estimated,coinmetrics_CapMrktEstUSD,CapMrktEstUSD
2024-05-29,binancecoin,bnb,,91614046591.41411,,estimated,coinmetrics_CapMrktEstUSD,CapMrktEstUSD
2024-05-30,binancecoin,bnb,,91552211071.34132,,estimated,coinmetrics_CapMrktEstUSD,CapMrktEstUSD
2024-05-31,binancecoin,bnb,,91276824861.1264,,estimated,coinmetrics_CapMrktEstUSD,CapMrktEstUSD
2024-06-01,binancecoin,bnb,,92424696937.50822,,estimated,coinmetrics_CapMrktEstUSD,CapMrktEstUSD
2024-06-02,binancecoin,bnb,,92795356164.8668,,estimated,coinmetrics_CapMrktEstUSD,CapMrktEstUSD
2024-06-03,binancecoin,bnb,,96472659062.71892,,estimated,coinmetrics_CapMrktEstUSD,CapMrktEstUSD
2024-06-04,binancecoin,bnb,,105268847257.866,,estimated,coinmetrics_CapMrktEstUSD,CapMrktEstUSD
2024-06-05,binancecoin,bnb,,107425916390.71645,,estimated,coinmetrics_CapMrktEstUSD,CapMrktEstUSD
2024-06-06,binancecoin,bnb,,109256435611.99165,,estimated,coinmetrics_CapMrktEstUSD,CapMrktEstUSD
2024-06-07,binancecoin,bnb,,105100873301.58868,,estimated,coinmetrics_CapMrktEstUSD,CapMrktEstUSD
2024-06-08,binancecoin,bnb,,105006362021.16306,,estimated,coinmetrics_CapMrktEstUSD,CapMrktEstUSD
2024-06-09,binancecoin,bnb,,103576184976.36534,,estimated,coinmetrics_CapMrktEstUSD,CapMrktEstUSD
2024-06-10,binancecoin,bnb,,95815017463.14822,,estimated,coinmetrics_CapMrktEstUSD,CapMrktEstUSD
2024-06-11,binancecoin,bnb,,92595523814.8787,,estimated,coinmetrics_CapMrktEstUSD,CapMrktEstUSD
2024-06-12,binancecoin,bnb,,95208198994.60468,,estimated,coinmetrics_CapMrktEstUSD,CapMrktEstUSD
2024-06-13,binancecoin,bnb,,92228612945.07426,,estimated,coinmetrics_CapMrktEstUSD,CapMrktEstUSD
2024-06-14,binancecoin,bnb,,92744578894.264,,estimated,coinmetrics_CapMrktEstUSD,CapMrktEstUSD
2024-06-15,binancecoin,bnb,,93570659223.14548,,estimated,coinmetrics_CapMrktEstUSD,CapMrktEstUSD
2024-06-16,binancecoin,bnb,,93873473756.58023,,estimated,coinmetrics_CapMrktEstUSD,CapMrktEstUSD
2024-06-17,binancecoin,bnb,,93002925747.52173,,estimated,coinmetrics_CapMrktEstUSD,CapMrktEstUSD
2024-06-18,binancecoin,bnb,,90454720967.36224,,estimated,coinmetrics_CapMrktEstUSD,CapMrktEstUSD
2024-06-19,binancecoin,bnb,,92038699350.65587,,estimated,coinmetrics_CapMrktEstUSD,CapMrktEstUSD
2024-06-20,binancecoin,bnb,,90291255781.27321,,estimated,coinmetrics_CapMrktEstUSD,CapMrktEstUSD
2024-06-21,binancecoin,bnb,,90170564078.85736,,estimated,coinmetrics_CapMrktEstUSD,CapMrktEstUSD
2024-06-22,binancecoin,bnb,,90845692882.62904,,estimated,coinmetrics_CapMrktEstUSD,CapMrktEstUSD
2024-06-23,binancecoin,bnb,,88803425002.57552,,estimated,coinmetrics_CapMrktEstUSD,CapMrktEstUSD
2024-06-24,binancecoin,bnb,,87171192444.99844,,estimated,coinmetrics_CapMrktEstUSD,CapMrktEstUSD
2024-06-25,binancecoin,bnb,,88812574188.44371,,estimated,coinmetrics_CapMrktEstUSD,CapMrktEstUSD
2024-06-26,binancecoin,bnb,,88040124271.68909,,estimated,coinmetrics_CapMrktEstUSD,CapMrktEstUSD
2024-06-27,binancecoin,bnb,,89274584036.50998,,estimated,coinmetrics_CapMrktEstUSD,CapMrktEstUSD
2024-06-28,binancecoin,bnb,,87158071120.03807,,estimated,coinmetrics_CapMrktEstUSD,CapMrktEstUSD
2024-06-29,binancecoin,bnb,,87565857743.50291,,estimated,coinmetrics_CapMrktEstUSD,CapMrktEstUSD
2024-06-30,binancecoin,bnb,,89568220092.7324,,estimated,coinmetrics_CapMrktEstUSD,CapMrktEstUSD
2024-07-01,binancecoin,bnb,,88724173332.55205,,estimated,coinmetrics_CapMrktEstUSD,CapMrktEstUSD
2024-07-02,binancecoin,bnb,,89095463715.13004,,estimated,coinmetrics_CapMrktEstUSD,CapMrktEstUSD
2024-07-03,binancecoin,bnb,,85657916458.92073,,estimated,coinmetrics_CapMrktEstUSD,CapMrktEstUSD
2024-07-04,binancecoin,bnb,,79396752557.68993,,estimated,coinmetrics_CapMrktEstUSD,CapMrktEstUSD
2024-07-05,binancecoin,bnb,,76672395593.99223,,estimated,coinmetrics_CapMrktEstUSD,CapMrktEstUSD
2024-07-06,binancecoin,bnb,,81282559855.0945,,estimated,coinmetrics_CapMrktEstUSD,CapMrktEstUSD
2024-07-07,binancecoin,bnb,,75667612962.02254,,estimated,coinmetrics_CapMrktEstUSD,CapMrktEstUSD
2024-07-08,binancecoin,bnb,,78573127727.75658,,estimated,coinmetrics_CapMrktEstUSD,CapMrktEstUSD
2024-07-09,binancecoin,bnb,,79442982547.71068,,estimated,coinmetrics_CapMrktEstUSD,CapMrktEstUSD
2024-07-10,binancecoin,bnb,,80656181131.29884,,estimated,coinmetrics_CapMrktEstUSD,CapMrktEstUSD
2024-07-11,binancecoin,bnb,,80694205900.65262,,estimated,coinmetrics_CapMrktEstUSD,CapMrktEstUSD
2024-07-12,binancecoin,bnb,,82066297750.30876,,estimated,coinmetrics_CapMrktEstUSD,CapMrktEstUSD
2024-07-13,binancecoin,bnb,,82012274099.79506,,estimated,coinmetrics_CapMrktEstUSD,CapMrktEstUSD
2024-07-14,binancecoin,bnb,,83999272012.96964,,estimated,coinmetrics_CapMrktEstUSD,CapMrktEstUSD
2024-07-15,binancecoin,bnb,,90088524684.6668,,estimated,coinmetrics_CapMrktEstUSD,CapMrktEstUSD
2024-07-16,binancecoin,bnb,,88685790680.88206,,estimated,coinmetrics_CapMrktEstUSD,CapMrktEstUSD
2024-07-17,binancecoin,bnb,,87586496523.94547,,estimated,coinmetrics_CapMrktEstUSD,CapMrktEstUSD
2024-07-18,binancecoin,bnb,,88047434900.92143,,estimated,coinmetrics_CapMrktEstUSD,CapMrktEstUSD
2024-07-19,binancecoin,bnb,,91349947752.8499,,estimated,coinmetrics_CapMrktEstUSD,CapMrktEstUSD
2024-07-20,binancecoin,bnb,,91350561493.80403,,estimated,coinmetrics_CapMrktEstUSD,CapMrktEstUSD
2024-07-21,binancecoin,bnb,,92551724923.0975,,estimated,coinmetrics_CapMrktEstUSD,CapMrktEstUSD
2024-07-22,binancecoin,bnb,,90802174934.75667,,estimated,coinmetrics_CapMrktEstUSD,CapMrktEstUSD
2024-07-23,binancecoin,bnb,,89581299139.66118,,estimated,coinmetrics_CapMrktEstUSD,CapMrktEstUSD
2024-07-24,binancecoin,bnb,,88201851747.74236,,estimated,coinmetrics_CapMrktEstUSD,CapMrktEstUSD
2024-07-25,binancecoin,bnb,,87867264277.33961,,estimated,coinmetrics_CapMrktEstUSD,CapMrktEstUSD
2024-07-26,binancecoin,bnb,,89440148184.51437,,estimated,coinmetrics_CapMrktEstUSD,CapMrktEstUSD
2024-07-27,binancecoin,bnb,,89604964164.93893,,estimated,coinmetrics_CapMrktEstUSD,CapMrktEstUSD
2024-07-28,binancecoin,bnb,,89879829791.87329,,estimated,coinmetrics_CapMrktEstUSD,CapMrktEstUSD
2024-07-29,binancecoin,bnb,,88475999747.44487,,estimated,coinmetrics_CapMrktEstUSD,CapMrktEstUSD
2024-07-30,binancecoin,bnb,,85445190229.05588,,estimated,coinmetrics_CapMrktEstUSD,CapMrktEstUSD
2024-07-31,binancecoin,bnb,,84131828160.06335,,estimated,coinmetrics_CapMrktEstUSD,CapMrktEstUSD
2024-08-01,binancecoin,bnb,,83819984257.79266,,estimated,coinmetrics_CapMrktEstUSD,CapMrktEstUSD
2024-08-02,binancecoin,bnb,,79207873815.15623,,estimated,coinmetrics_CapMrktEstUSD,CapMrktEstUSD
2024-08-03,binancecoin,bnb,,77226891500.25098,,estimated,coinmetrics_CapMrktEstUSD,CapMrktEstUSD
2024-08-04,binancecoin,bnb,,72694836364.46938,,estimated,coinmetrics_CapMrktEstUSD,CapMrktEstUSD
2024-08-05,binancecoin,bnb,,68139625592.002426,,estimated,coinmetrics_CapMrktEstUSD,CapMrktEstUSD
2024-08-06,binancecoin,bnb,,70728887226.53056,,estimated,coinmetrics_CapMrktEstUSD,CapMrktEstUSD
2024-08-07,binancecoin,bnb,,69303342273.07469,,estimated,coinmetrics_CapMrktEstUSD,CapMrktEstUSD
2024-08-08,binancecoin,bnb,,75565794201.04308,,estimated,coinmetrics_CapMrktEstUSD,CapMrktEstUSD
2024-08-09,binancecoin,bnb,,74169113088.48912,,estimated,coinmetrics_CapMrktEstUSD,CapMrktEstUSD
2024-08-10,binancecoin,bnb,,76346824056.71497,,estimated,coinmetrics_CapMrktEstUSD,CapMrktEstUSD
2024-08-11,binancecoin,bnb,,73569221325.46613,,estimated,coinmetrics_CapMrktEstUSD,CapMrktEstUSD
2024-08-12,binancecoin,bnb,,75702852507.34985,,estimated,coinmetrics_CapMrktEstUSD,CapMrktEstUSD
2024-08-13,binancecoin,bnb,,76388119750.25179,,estimated,coinmetrics_CapMrktEstUSD,CapMrktEstUSD
2024-08-14,binancecoin,bnb,,76482387706.3225,,estimated,coinmetrics_CapMrktEstUSD,CapMrktEstUSD
2024-08-15,binancecoin,bnb,,75905119363.4282,,estimated,coinmetrics_CapMrktEstUSD,CapMrktEstUSD
2024-08-16,binancecoin,bnb,,75850796045.15775,,estimated,coinmetrics_CapMrktEstUSD,CapMrktEstUSD
2024-08-17,binancecoin,bnb,,79098623071.60724,,estimated,coinmetrics_CapMrktEstUSD,CapMrktEstUSD
2024-08-18,binancecoin,bnb,,77750082729.29211,,estimated,coinmetrics_CapMrktEstUSD,CapMrktEstUSD
2024-08-19,binancecoin,bnb,,81639655819.54561,,estimated,coinmetrics_CapMrktEstUSD,CapMrktEstUSD
2024-08-20,binancecoin,bnb,,83388007784.42374,,estimated,coinmetrics_CapMrktEstUSD,CapMrktEstUSD
2024-08-21,binancecoin,bnb,,83066016337.08049,,estimated,coinmetrics_CapMrktEstUSD,CapMrktEstUSD
2024-08-22,binancecoin,bnb,,85223378733.127,,estimated,coinmetrics_CapMrktEstUSD,CapMrktEstUSD
2024-08-23,binancecoin,bnb,,86460345367.62447,,estimated,coinmetrics_CapMrktEstUSD,CapMrktEstUSD
2024-08-24,binancecoin,bnb,,84628522893.47484,,estimated,coinmetrics_CapMrktEstUSD,CapMrktEstUSD
2024-08-25,binancecoin,bnb,,83964513417.4718,,estimated,coinmetrics_CapMrktEstUSD,CapMrktEstUSD
2024-08-26,binancecoin,bnb,,80157442940.17816,,estimated,coinmetrics_CapMrktEstUSD,CapMrktEstUSD
2024-08-27,binancecoin,bnb,,77955149502.35672,,estimated,coinmetrics_CapMrktEstUSD,CapMrktEstUSD
2024-08-28,binancecoin,bnb,,78368662694.20407,,estimated,coinmetrics_CapMrktEstUSD,CapMrktEstUSD
2024-08-29,binancecoin,bnb,,78285280949.8986,,estimated,coinmetrics_CapMrktEstUSD,CapMrktEstUSD
2024-08-30,binancecoin,bnb,,78107667525.19835,,estimated,coinmetrics_CapMrktEstUSD,CapMrktEstUSD
2024-08-31,binancecoin,bnb,,77702976342.05247,,estimated,coinmetrics_CapMrktEstUSD,CapMrktEstUSD
2024-09-01,binancecoin,bnb,,74684912747.20326,,estimated,coinmetrics_CapMrktEstUSD,CapMrktEstUSD
2024-09-02,binancecoin,bnb,,76817981241.1959,,estimated,coinmetrics_CapMrktEstUSD,CapMrktEstUSD
2024-09-03,binancecoin,bnb,,75906169949.83961,,estimated,coinmetrics_CapMrktEstUSD,CapMrktEstUSD
2024-09-04,binancecoin,bnb,,74226051910.27576,,estimated,coinmetrics_CapMrktEstUSD,CapMrktEstUSD
2024-09-05,binancecoin,bnb,,73211406319.89343,,estimated,coinmetrics_CapMrktEstUSD,CapMrktEstUSD
2024-09-06,binancecoin,bnb,,70943048360.99525,,estimated,coinmetrics_CapMrktEstUSD,CapMrktEstUSD
2024-09-07,binancecoin,bnb,,71853409626.3226,,estimated,coinmetrics_CapMrktEstUSD,CapMrktEstUSD
2024-09-08,binancecoin,bnb,,73438149572.34203,,estimated,coinmetrics_CapMrktEstUSD,CapMrktEstUSD
2024-09-09,binancecoin,bnb,,75774796122.55556,,estimated,coinmetrics_CapMrktEstUSD,CapMrktEstUSD
2024-09-10,binancecoin,bnb,,75587493818.03831,,estimated,coinmetrics_CapMrktEstUSD,CapMrktEstUSD
2024-09-11,binancecoin,bnb,,77328380671.56392,,estimated,coinmetrics_CapMrktEstUSD,CapMrktEstUSD
2024-09-12,binancecoin,bnb,,79310789839.01166,,estimated,coinmetrics_CapMrktEstUSD,CapMrktEstUSD
2024-09-13,binancecoin,bnb,,81253013698.02663,,estimated,coinmetrics_CapMrktEstUSD,CapMrktEstUSD
2024-09-14,binancecoin,bnb,,80754745108.85071,,estimated,coinmetrics_CapMrktEstUSD,CapMrktEstUSD
2024-09-15,binancecoin,bnb,,80858673000.36952,,estimated,coinmetrics_CapMrktEstUSD,CapMrktEstUSD
2024-09-16,binancecoin,bnb,,77854470234.48029,,estimated,coinmetrics_CapMrktEstUSD,CapMrktEstUSD
2024-09-17,binancecoin,bnb,,79558500080.4125,,estimated,coinmetrics_CapMrktEstUSD,CapMrktEstUSD
2024-09-18,binancecoin,bnb,,81431094487.93039,,estimated,coinmetrics_CapMrktEstUSD,CapMrktEstUSD
2024-09-19,binancecoin,bnb,,82547608988.58916,,estimated,coinmetrics_CapMrktEstUSD,CapMrktEstUSD
2024-09-20,binancecoin,bnb,,82889402497.9981,,estimated,coinmetrics_CapMrktEstUSD,CapMrktEstUSD
2024-09-21,binancecoin,bnb,,85978159469.56122,,estimated,coinmetrics_CapMrktEstUSD,CapMrktEstUSD
2024-09-22,binancecoin,bnb,,85735837845.97212,,estimated,coinmetrics_CapMrktEstUSD,CapMrktEstUSD
2024-09-23,binancecoin,bnb,,88220200623.73615,,estimated,coinmetrics_CapMrktEstUSD,CapMrktEstUSD
2024-09-24,binancecoin,bnb,,88553548824.35461,,estimated,coinmetrics_CapMrktEstUSD,CapMrktEstUSD
2024-09-25,binancecoin,bnb,,85521181081.4953,,estimated,coinmetrics_CapMrktEstUSD,CapMrktEstUSD
2024-09-26,binancecoin,bnb,,86913869202.08574,,estimated,coinmetrics_CapMrktEstUSD,CapMrktEstUSD
2024-09-27,binancecoin,bnb,,88719114371.91124,,estimated,coinmetrics_CapMrktEstUSD,CapMrktEstUSD
2024-09-28,binancecoin,bnb,,87625116317.81972,,estimated,coinmetrics_CapMrktEstUSD,CapMrktEstUSD
2024-09-29,binancecoin,bnb,,86958807134.1589,,estimated,coinmetrics_CapMrktEstUSD,CapMrktEstUSD
2024-09-30,binancecoin,bnb,,82778407588.27708,,estimated,coinmetrics_CapMrktEstUSD,CapMrktEstUSD
2024-10-01,binancecoin,bnb,,79939960864.81007,,estimated,coinmetrics_CapMrktEstUSD,CapMrktEstUSD
2024-10-02,binancecoin,bnb,,79206022027.36258,,estimated,coinmetrics_CapMrktEstUSD,CapMrktEstUSD
2024-10-03,binancecoin,bnb,,79411846695.90186,,estimated,coinmetrics_CapMrktEstUSD,CapMrktEstUSD
2024-10-04,binancecoin,bnb,,81006180040.44695,,estimated,coinmetrics_CapMrktEstUSD,CapMrktEstUSD
2024-10-05,binancecoin,bnb,,82102694616.76021,,estimated,coinmetrics_CapMrktEstUSD,CapMrktEstUSD
2024-10-06,binancecoin,bnb,,83176722541.39516,,estimated,coinmetrics_CapMrktEstUSD,CapMrktEstUSD
2024-10-07,binancecoin,bnb,,82609596984.84671,,estimated,coinmetrics_CapMrktEstUSD,CapMrktEstUSD
2024-10-08,binancecoin,bnb,,84653432001.95299,,estimated,coinmetrics_CapMrktEstUSD,CapMrktEstUSD
2024-10-09,binancecoin,bnb,,83186644465.6538,,estimated,coinmetrics_CapMrktEstUSD,CapMrktEstUSD
2024-10-10,binancecoin,bnb,,82002847246.06528,,estimated,coinmetrics_CapMrktEstUSD,CapMrktEstUSD
2024-10-11,binancecoin,bnb,,83606533684.7821,,estimated,coinmetrics_CapMrktEstUSD,CapMrktEstUSD
2024-10-12,binancecoin,bnb,,84117093075.10611,,estimated,coinmetrics_CapMrktEstUSD,CapMrktEstUSD
2024-10-13,binancecoin,bnb,,83347141666.87106,,estimated,coinmetrics_CapMrktEstUSD,CapMrktEstUSD
2024-10-14,binancecoin,bnb,,85950327760.1615,,estimated,coinmetrics_CapMrktEstUSD,CapMrktEstUSD
2024-10-15,binancecoin,bnb,,86587015357.78767,,estimated,coinmetrics_CapMrktEstUSD,CapMrktEstUSD
2024-10-16,binancecoin,bnb,,87701163040.29767,,estimated,coinmetrics_CapMrktEstUSD,CapMrktEstUSD
2024-10-17,binancecoin,bnb,,86348521857.41776,,estimated,coinmetrics_CapMrktEstUSD,CapMrktEstUSD
2024-10-18,binancecoin,bnb,,87475384736.62308,,estimated,coinmetrics_CapMrktEstUSD,CapMrktEstUSD
2024-10-19,binancecoin,bnb,,87223694371.08049,,estimated,coinmetrics_CapMrktEstUSD,CapMrktEstUSD
2024-10-20,binancecoin,bnb,,88324864356.82835,,estimated,coinmetrics_CapMrktEstUSD,CapMrktEstUSD
2024-10-21,binancecoin,bnb,,87413193278.52972,,estimated,coinmetrics_CapMrktEstUSD,CapMrktEstUSD
2024-10-22,binancecoin,bnb,,86591995934.3351,,estimated,coinmetrics_CapMrktEstUSD,CapMrktEstUSD
2024-10-23,binancecoin,bnb,,85243710425.04211,,estimated,coinmetrics_CapMrktEstUSD,CapMrktEstUSD
2024-10-24,binancecoin,bnb,,86608204293.06303,,estimated,coinmetrics_CapMrktEstUSD,CapMrktEstUSD
2024-10-25,binancecoin,bnb,,83346257606.84529,,estimated,coinmetrics_CapMrktEstUSD,CapMrktEstUSD
2024-10-26,binancecoin,bnb,,85021377099.76918,,estimated,coinmetrics_CapMrktEstUSD,CapMrktEstUSD
2024-10-27,binancecoin,bnb,,85923184243.55116,,estimated,coinmetrics_CapMrktEstUSD,CapMrktEstUSD
2024-10-28,binancecoin,bnb,,87590715282.97946,,estimated,coinmetrics_CapMrktEstUSD,CapMrktEstUSD
2024-10-29,binancecoin,bnb,,88321694322.73433,,estimated,coinmetrics_CapMrktEstUSD,CapMrktEstUSD
2024-10-30,binancecoin,bnb,,87025042076.88524,,estimated,coinmetrics_CapMrktEstUSD,CapMrktEstUSD
2024-10-31,binancecoin,bnb,,84089335740.02003,,estimated,coinmetrics_CapMrktEstUSD,CapMrktEstUSD
2024-11-01,binancecoin,bnb,,83540154563.31282,,estimated,coinmetrics_CapMrktEstUSD,CapMrktEstUSD
2024-11-02,binancecoin,bnb,,82802963212.60062,,estimated,coinmetrics_CapMrktEstUSD,CapMrktEstUSD
2024-11-03,binancecoin,bnb,,81334918903.97734,,estimated,coinmetrics_CapMrktEstUSD,CapMrktEstUSD
2024-11-04,binancecoin,bnb,,80531927212.71832,,estimated,coinmetrics_CapMrktEstUSD,CapMrktEstUSD
2024-11-05,binancecoin,bnb,,82391403211.6723,,estimated,coinmetrics_CapMrktEstUSD,CapMrktEstUSD
2024-11-06,binancecoin,bnb,,86399109995.92271,,estimated,coinmetrics_CapMrktEstUSD,CapMrktEstUSD
2024-11-07,binancecoin,bnb,,87264492553.665,,estimated,coinmetrics_CapMrktEstUSD,CapMrktEstUSD
2024-11-08,binancecoin,bnb,,87173355835.85881,,estimated,coinmetrics_CapMrktEstUSD,CapMrktEstUSD
2024-11-09,binancecoin,bnb,,91189168387.44202,,estimated,coinmetrics_CapMrktEstUSD,CapMrktEstUSD
2024-11-10,binancecoin,bnb,,91618293641.31882,,estimated,coinmetrics_CapMrktEstUSD,CapMrktEstUSD
2024-11-11,binancecoin,bnb,,95304271095.49693,,estimated,coinmetrics_CapMrktEstUSD,CapMrktEstUSD
2024-11-12,binancecoin,bnb,,91628977506.76099,,estimated,coinmetrics_CapMrktEstUSD,CapMrktEstUSD
2024-11-13,binancecoin,bnb,,90525468801.22025,,estimated,coinmetrics_CapMrktEstUSD,CapMrktEstUSD
2024-11-14,binancecoin,bnb,,90573330635.60022,,estimated,coinmetrics_CapMrktEstUSD,CapMrktEstUSD
2024-11-15,binancecoin,bnb,,90330547623.8953,,estimated,coinmetrics_CapMrktEstUSD,CapMrktEstUSD
2024-11-16,binancecoin,bnb,,90801136160.53459,,estimated,coinmetrics_CapMrktEstUSD,CapMrktEstUSD
2024-11-17,binancecoin,bnb,,90027012746.38148,,estimated,coinmetrics_CapMrktEstUSD,CapMrktEstUSD
2024-11-18,binancecoin,bnb,,89987151907.51979,,estimated,coinmetrics_CapMrktEstUSD,CapMrktEstUSD
2024-11-19,binancecoin,bnb,,89877721971.62141,,estimated,coinmetrics_CapMrktEstUSD,CapMrktEstUSD
2024-11-20,binancecoin,bnb,,88611512135.77171,,estimated,coinmetrics_CapMrktEstUSD,CapMrktEstUSD
2024-11-21,binancecoin,bnb,,90938961910.97328,,estimated,coinmetrics_CapMrktEstUSD,CapMrktEstUSD
2024-11-22,binancecoin,bnb,,92256457222.89412,,estimated,coinmetrics_CapMrktEstUSD,CapMrktEstUSD
2024-11-23,binancecoin,bnb,,95047384138.41368,,estimated,coinmetrics_CapMrktEstUSD,CapMrktEstUSD
2024-11-24,binancecoin,bnb,,96459661435.28049,,estimated,coinmetrics_CapMrktEstUSD,CapMrktEstUSD
2024-11-25,binancecoin,bnb,,92950840035.87834,,estimated,coinmetrics_CapMrktEstUSD,CapMrktEstUSD
2024-11-26,binancecoin,bnb,,89458647629.44669,,estimated,coinmetrics_CapMrktEstUSD,CapMrktEstUSD
2024-11-27,binancecoin,bnb,,94116451710.99953,,estimated,coinmetrics_CapMrktEstUSD,CapMrktEstUSD
2024-11-28,binancecoin,bnb,,95521240460.3063,,estimated,coinmetrics_CapMrktEstUSD,CapMrktEstUSD
2024-11-29,binancecoin,bnb,,95390333527.16087,,estimated,coinmetrics_CapMrktEstUSD,CapMrktEstUSD
2024-11-30,binancecoin,bnb,,95557317164.18034,,estimated,coinmetrics_CapMrktEstUSD,CapMrktEstUSD
2024-12-01,binancecoin,bnb,,95842227837.04596,,estimated,coinmetrics_CapMrktEstUSD,CapMrktEstUSD
2024-12-02,binancecoin,bnb,,94237925723.92883,,estimated,coinmetrics_CapMrktEstUSD,CapMrktEstUSD
2024-12-03,binancecoin,bnb,,107740155926.49731,,estimated,coinmetrics_CapMrktEstUSD,CapMrktEstUSD
2024-12-04,binancecoin,bnb,,107413737415.55034,,estimated,coinmetrics_CapMrktEstUSD,CapMrktEstUSD
2024-12-05,binancecoin,bnb,,104732426904.67493,,estimated,coinmetrics_CapMrktEstUSD,CapMrktEstUSD
2024-12-06,binancecoin,bnb,,106806845193.13802,,estimated,coinmetrics_CapMrktEstUSD,CapMrktEstUSD
2024-12-07,binancecoin,bnb,,109616839834.79648,,estimated,coinmetrics_CapMrktEstUSD,CapMrktEstUSD
2024-12-08,binancecoin,bnb,,108242109745.93204,,estimated,coinmetrics_CapMrktEstUSD,CapMrktEstUSD
2024-12-09,binancecoin,bnb,,100342323681.90868,,estimated,coinmetrics_CapMrktEstUSD,CapMrktEstUSD
2024-12-10,binancecoin,bnb,,98834717654.53955,,estimated,coinmetrics_CapMrktEstUSD,CapMrktEstUSD
2024-12-11,binancecoin,bnb,,103805414806.0809,,estimated,coinmetrics_CapMrktEstUSD,CapMrktEstUSD
2024-12-12,binancecoin,bnb,,102915738090.92856,,estimated,coinmetrics_CapMrktEstUSD,CapMrktEstUSD
2024-12-13,binancecoin,bnb,,105940647858.05972,,estimated,coinmetrics_CapMrktEstUSD,CapMrktEstUSD
2024-12-14,binancecoin,bnb,,104406388481.36539,,estimated,coinmetrics_CapMrktEstUSD,CapMrktEstUSD
2024-12-15,binancecoin,bnb,,105086280994.18918,,estimated,coinmetrics_CapMrktEstUSD,CapMrktEstUSD
2024-12-16,binancecoin,bnb,,105096096878.22414,,estimated,coinmetrics_CapMrktEstUSD,CapMrktEstUSD
2024-12-17,binancecoin,bnb,,104602551139.95564,,estimated,coinmetrics_CapMrktEstUSD,CapMrktEstUSD
2024-12-18,binancecoin,bnb,,100492423779.376,,estimated,coinmetrics_CapMrktEstUSD,CapMrktEstUSD
2024-12-19,binancecoin,bnb,,97506735196.6246,,estimated,coinmetrics_CapMrktEstUSD,CapMrktEstUSD
2024-12-20,binancecoin,bnb,,98935769587.3296,,estimated,coinmetrics_CapMrktEstUSD,CapMrktEstUSD
2024-12-21,binancecoin,bnb,,96498340682.4554,,estimated,coinmetrics_CapMrktEstUSD,CapMrktEstUSD
2024-12-22,binancecoin,bnb,,94666345054.64696,,estimated,coinmetrics_CapMrktEstUSD,CapMrktEstUSD
2024-12-23,binancecoin,bnb,,101086027854.66759,,estimated,coinmetrics_CapMrktEstUSD,CapMrktEstUSD
2024-12-24,binancecoin,bnb,,101642886255.31264,,estimated,coinmetrics_CapMrktEstUSD,CapMrktEstUSD
2024-12-25,binancecoin,bnb,,102387415172.00545,,estimated,coinmetrics_CapMrktEstUSD,CapMrktEstUSD
2024-12-26,binancecoin,bnb,,100263430209.53973,,estimated,coinmetrics_CapMrktEstUSD,CapMrktEstUSD
2024-12-27,binancecoin,bnb,,100639329885.51468,,estimated,coinmetrics_CapMrktEstUSD,CapMrktEstUSD
2024-12-28,binancecoin,bnb,,105160869844.00713,,estimated,coinmetrics_CapMrktEstUSD,CapMrktEstUSD
2024-12-29,binancecoin,bnb,,101122845597.33916,,estimated,coinmetrics_CapMrktEstUSD,CapMrktEstUSD
2024-12-30,binancecoin,bnb,,102439920062.4534,,estimated,coinmetrics_CapMrktEstUSD,CapMrktEstUSD
2024-12-31,binancecoin,bnb,,102097153978.95416,,estimated,coinmetrics_CapMrktEstUSD,CapMrktEstUSD
2024-03-01,bitcoin,btc,1228106988685.405,,,current,coinmetrics_CapMrktCurUSD,CapMrktCurUSD
2024-03-02,bitcoin,btc,1218830448923.2932,,,current,coinmetrics_CapMrktCurUSD,CapMrktCurUSD
2024-03-03,bitcoin,btc,1237391640177.7898,,,current,coinmetrics_CapMrktCurUSD,CapMrktCurUSD
2024-03-04,bitcoin,btc,1337637736660.5847,,,current,coinmetrics_CapMrktCurUSD,CapMrktCurUSD
2024-03-05,bitcoin,btc,1256349969665.857,,,current,coinmetrics_CapMrktCurUSD,CapMrktCurUSD
2024-03-06,bitcoin,btc,1298708781023.34,,,current,coinmetrics_CapMrktCurUSD,CapMrktCurUSD
2024-03-07,bitcoin,btc,1317775703379.3416,,,current,coinmetrics_CapMrktCurUSD,CapMrktCurUSD
2024-03-08,bitcoin,btc,1342859547465.889,,,current,coinmetrics_CapMrktCurUSD,CapMrktCurUSD
2024-03-09,bitcoin,btc,1346049345988.8496,,,current,coinmetrics_CapMrktCurUSD,CapMrktCurUSD
2024-03-10,bitcoin,btc,1353572780460.2922,,,current,coinmetrics_CapMrktCurUSD,CapMrktCurUSD
2024-03-11,bitcoin,btc,1418807431184.4077,,,current,coinmetrics_CapMrktCurUSD,CapMrktCurUSD
2024-03-12,bitcoin,btc,1403829853146.6147,,,current,coinmetrics_CapMrktCurUSD,CapMrktCurUSD
2024-03-13,bitcoin,btc,1436306869781.038,,,current,coinmetrics_CapMrktCurUSD,CapMrktCurUSD
2024-03-14,bitcoin,btc,1405390053436.6956,,,current,coinmetrics_CapMrktCurUSD,CapMrktCurUSD
2024-03-15,bitcoin,btc,1364557049381.3796,,,current,coinmetrics_CapMrktCurUSD,CapMrktCurUSD
2024-03-16,bitcoin,btc,1286167673667.403,,,current,coinmetrics_CapMrktCurUSD,CapMrktCurUSD
2024-03-17,bitcoin,btc,1342277385497.008,,,current,coinmetrics_CapMrktCurUSD,CapMrktCurUSD
2024-03-18,bitcoin,btc,1332230717578.118,,,current,coinmetrics_CapMrktCurUSD,CapMrktCurUSD
2024-03-19,bitcoin,btc,1218244887373.998,,,current,coinmetrics_CapMrktCurUSD,CapMrktCurUSD
2024-03-20,bitcoin,btc,1333878479086.9724,,,current,coinmetrics_CapMrktCurUSD,CapMrktCurUSD
2024-03-21,bitcoin,btc,1286874418578.5916,,,current,coinmetrics_CapMrktCurUSD,CapMrktCurUSD
2024-03-22,bitcoin,btc,1248231144166.5354,,,current,coinmetrics_CapMrktCurUSD,CapMrktCurUSD
2024-03-23,bitcoin,btc,1265492833453.943,,,current,coinmetrics_CapMrktCurUSD,CapMrktCurUSD
2024-03-24,bitcoin,btc,1323142018390.2087,,,current,coinmetrics_CapMrktCurUSD,CapMrktCurUSD
2024-03-25,bitcoin,btc,1377322433812.7395,,,current,coinmetrics_CapMrktCurUSD,CapMrktCurUSD
2024-03-26,bitcoin,btc,1377951907816.7256,,,current,coinmetrics_CapMrktCurUSD,CapMrktCurUSD
2024-03-27,bitcoin,btc,1362216604596.2065,,,current,coinmetrics_CapMrktCurUSD,CapMrktCurUSD
2024-03-28,bitcoin,btc,1392943231125.4192,,,current,coinmetrics_CapMrktCurUSD,CapMrktCurUSD
2024-03-29,bitcoin,btc,1375112180619.6648,,,current,coinmetrics_CapMrktCurUSD,CapMrktCurUSD
2024-03-30,bitcoin,btc,1370183441931.534,,,current,coinmetrics_CapMrktCurUSD,CapMrktCurUSD
2024-03-31,bitcoin,btc,1401014986716.4766,,,current,coinmetrics_CapMrktCurUSD,CapMrktCurUSD
2024-04-01,bitcoin,btc,1372838341430.1897,,,current,coinmetrics_CapMrktCurUSD,CapMrktCurUSD
2024-04-02,bitcoin,btc,1289144341529.4673,,,current,coinmetrics_CapMrktCurUSD,CapMrktCurUSD
2024-04-03,bitcoin,btc,1300936296061.3972,,,current,coinmetrics_CapMrktCurUSD,CapMrktCurUSD
2024-04-04,bitcoin,btc,1346397493893.6897,,,current,coinmetrics_CapMrktCurUSD,CapMrktCurUSD
2024-04-05,bitcoin,btc,1335970050153.9253,,,current,coinmetrics_CapMrktCurUSD,CapMrktCurUSD
2024-04-06,bitcoin,btc,1360259059730.4453,,,current,coinmetrics_CapMrktCurUSD,CapMrktCurUSD
2024-04-07,bitcoin,btc,1365381654693.3076,,,current,coinmetrics_CapMrktCurUSD,CapMrktCurUSD
2024-04-08,bitcoin,btc,1411103414779.7263,,,current,coinmetrics_CapMrktCurUSD,CapMrktCurUSD
2024-04-09,bitcoin,btc,1359253099652.0125,,,current,coinmetrics_CapMrktCurUSD,CapMrktCurUSD
2024-04-10,bitcoin,btc,1388933299151.329,,,current,coinmetrics_CapMrktCurUSD,CapMrktCurUSD
2024-04-11,bitcoin,btc,1378504301565.5657,,,current,coinmetrics_CapMrktCurUSD,CapMrktCurUSD
2024-04-12,bitcoin,btc,1320536537240.2312,,,current,coinmetrics_CapMrktCurUSD,CapMrktCurUSD
2024-04-13,bitcoin,btc,1270486530668.2883,,,current,coinmetrics_CapMrktCurUSD,CapMrktCurUSD
2024-04-14,bitcoin,btc,1292144961483.2134,,,current,coinmetrics_CapMrktCurUSD,CapMrktCurUSD
2024-04-15,bitcoin,btc,1247806826197.3333,,,current,coinmetrics_CapMrktCurUSD,CapMrktCurUSD
2024-04-16,bitcoin,btc,1255578626046.309,,,current,coinmetrics_CapMrktCurUSD,CapMrktCurUSD
2024-04-17,bitcoin,btc,1207195172504.9727,,,current,coinmetrics_CapMrktCurUSD,CapMrktCurUSD
2024-04-18,bitcoin,btc,1250283688855.0876,,,current,coinmetrics_CapMrktCurUSD,CapMrktCurUSD
2024-04-19,bitcoin,btc,1255313599075.9373,,,current,coinmetrics_CapMrktCurUSD,CapMrktCurUSD
2024-04-20,bitcoin,btc,1277889041416.1592,,,current,coinmetrics_CapMrktCurUSD,CapMrktCurUSD
2024-04-21,bitcoin,btc,1279102660225.9148,,,current,coinmetrics_CapMrktCurUSD,CapMrktCurUSD
2024-04-22,bitcoin,btc,1318046160711.64,,,current,coinmetrics_CapMrktCurUSD,CapMrktCurUSD
2024-04-23,bitcoin,btc,1307069255153.7227,,,current,coinmetrics_CapMrktCurUSD,CapMrktCurUSD
2024-04-24,bitcoin,btc,1263876147635.96,,,current,coinmetrics_CapMrktCurUSD,CapMrktCurUSD
2024-04-25,bitcoin,btc,1270312365909.4153,,,current,coinmetrics_CapMrktCurUSD,CapMrktCurUSD
2024-04-26,bitcoin,btc,1255809257754.7332,,,current,coinmetrics_CapMrktCurUSD,CapMrktCurUSD
2024-04-27,bitcoin,btc,1248981539069.536,,,current,coinmetrics_CapMrktCurUSD,CapMrktCurUSD
2024-04-28,bitcoin,btc,1240133745037.1575,,,current,coinmetrics_CapMrktCurUSD,CapMrktCurUSD
2024-04-29,bitcoin,btc,1258469166546.7375,,,current,coinmetrics_CapMrktCurUSD,CapMrktCurUSD
2024-04-30,bitcoin,btc,1194063184619.588,,,current,coinmetrics_CapMrktCurUSD,CapMrktCurUSD
2024-05-01,bitcoin,btc,1144963991083.4077,,,current,coinmetrics_CapMrktCurUSD,CapMrktCurUSD
2024-05-02,bitcoin,btc,1165241347389.504,,,current,coinmetrics_CapMrktCurUSD,CapMrktCurUSD
2024-05-03,bitcoin,btc,1240367193696.9216,,,current,coinmetrics_CapMrktCurUSD,CapMrktCurUSD
2024-05-04,bitcoin,btc,1258069746191.7712,,,current,coinmetrics_CapMrktCurUSD,CapMrktCurUSD
2024-05-05,bitcoin,btc,1261769810812.1023,,,current,coinmetrics_CapMrktCurUSD,CapMrktCurUSD
2024-05-06,bitcoin,btc,1245260648377.0237,,,current,coinmetrics_CapMrktCurUSD,CapMrktCurUSD
2024-05-07,bitcoin,btc,1228916076889.098,,,current,coinmetrics_CapMrktCurUSD,CapMrktCurUSD
2024-05-08,bitcoin,btc,1202987566725.9587,,,current,coinmetrics_CapMrktCurUSD,CapMrktCurUSD
2024-05-09,bitcoin,btc,1240816052414.6277,,,current,coinmetrics_CapMrktCurUSD,CapMrktCurUSD
2024-05-10,bitcoin,btc,1199445712976.238,,,current,coinmetrics_CapMrktCurUSD,CapMrktCurUSD
2024-05-11,bitcoin,btc,1198430676128.048,,,current,coinmetrics_CapMrktCurUSD,CapMrktCurUSD
2024-05-12,bitcoin,btc,1210031928139.5818,,,current,coinmetrics_CapMrktCurUSD,CapMrktCurUSD
2024-05-13,bitcoin,btc,1238733522166.955,,,current,coinmetrics_CapMrktCurUSD,CapMrktCurUSD
2024-05-14,bitcoin,btc,1212534592795.9192,,,current,coinmetrics_CapMrktCurUSD,CapMrktCurUSD
2024-05-15,bitcoin,btc,1305656862270.2595,,,current,coinmetrics_CapMrktCurUSD,CapMrktCurUSD
2024-05-16,bitcoin,btc,1285745432661.9907,,,current,coinmetrics_CapMrktCurUSD,CapMrktCurUSD
2024-05-17,bitcoin,btc,1319013797948.891,,,current,coinmetrics_CapMrktCurUSD,CapMrktCurUSD
2024-05-18,bitcoin,btc,1319457427063.7263,,,current,coinmetrics_CapMrktCurUSD,CapMrktCurUSD
2024-05-19,bitcoin,btc,1305342162215.1062,,,current,coinmetrics_CapMrktCurUSD,CapMrktCurUSD
2024-05-20,bitcoin,btc,1402750979194.1008,,,current,coinmetrics_CapMrktCurUSD,CapMrktCurUSD
2024-05-21,bitcoin,btc,1383376851822.5369,,,current,coinmetrics_CapMrktCurUSD,CapMrktCurUSD
2024-05-22,bitcoin,btc,1360904192311.322,,,current,coinmetrics_CapMrktCurUSD,CapMrktCurUSD
2024-05-23,bitcoin,btc,1335008716623.4392,,,current,coinmetrics_CapMrktCurUSD,CapMrktCurUSD
2024-05-24,bitcoin,btc,1351795322625.1067,,,current,coinmetrics_CapMrktCurUSD,CapMrktCurUSD
2024-05-25,bitcoin,btc,1365105657154.5444,,,current,coinmetrics_CapMrktCurUSD,CapMrktCurUSD
2024-05-26,bitcoin,btc,1348634376225.0068,,,current,coinmetrics_CapMrktCurUSD,CapMrktCurUSD
2024-05-27,bitcoin,btc,1366449886995.254,,,current,coinmetrics_CapMrktCurUSD,CapMrktCurUSD
2024-05-28,bitcoin,btc,1346675790188.2783,,,current,coinmetrics_CapMrktCurUSD,CapMrktCurUSD
2024-05-29,bitcoin,btc,1331757571193.812,,,current,coinmetrics_CapMrktCurUSD,CapMrktCurUSD
2024-05-30,bitcoin,btc,1347374814099.0803,,,current,coinmetrics_CapMrktCurUSD,CapMrktCurUSD
2024-05-31,bitcoin,btc,1327745507331.984,,,current,coinmetrics_CapMrktCurUSD,CapMrktCurUSD
2024-06-01,bitcoin,btc,1334408183644.8196,,,current,coinmetrics_CapMrktCurUSD,CapMrktCurUSD
2024-06-02,bitcoin,btc,1336233753379.1138,,,current,coinmetrics_CapMrktCurUSD,CapMrktCurUSD
2024-06-03,bitcoin,btc,1356522583774.186,,,current,coinmetrics_CapMrktCurUSD,CapMrktCurUSD
2024-06-04,bitcoin,btc,1390464286885.4888,,,current,coinmetrics_CapMrktCurUSD,CapMrktCurUSD
2024-06-05,bitcoin,btc,1401002830701.5593,,,current,coinmetrics_CapMrktCurUSD,CapMrktCurUSD
2024-06-06,bitcoin,btc,1395140656059.825,,,current,coinmetrics_CapMrktCurUSD,CapMrktCurUSD
2024-06-07,bitcoin,btc,1366587206919.3804,,,current,coinmetrics_CapMrktCurUSD,CapMrktCurUSD
2024-06-08,bitcoin,btc,1366071661252.042,,,current,coinmetrics_CapMrktCurUSD,CapMrktCurUSD
2024-06-09,bitcoin,btc,1372686175118.295,,,current,coinmetrics_CapMrktCurUSD,CapMrktCurUSD
2024-06-10,bitcoin,btc,1369206330030.37,,,current,coinmetrics_CapMrktCurUSD,CapMrktCurUSD
2024-06-11,bitcoin,btc,1327886106724.7012,,,current,coinmetrics_CapMrktCurUSD,CapMrktCurUSD
2024-06-12,bitcoin,btc,1344584160572.374,,,current,coinmetrics_CapMrktCurUSD,CapMrktCurUSD
2024-06-13,bitcoin,btc,1316420457334.039,,,current,coinmetrics_CapMrktCurUSD,CapMrktCurUSD
2024-06-14,bitcoin,btc,1300651738960.456,,,current,coinmetrics_CapMrktCurUSD,CapMrktCurUSD
2024-06-15,bitcoin,btc,1305069712028.442,,,current,coinmetrics_CapMrktCurUSD,CapMrktCurUSD
2024-06-16,bitcoin,btc,1313337507861.0647,,,current,coinmetrics_CapMrktCurUSD,CapMrktCurUSD
2024-06-17,bitcoin,btc,1310631966548.8096,,,current,coinmetrics_CapMrktCurUSD,CapMrktCurUSD
2024-06-18,bitcoin,btc,1283620750458.029,,,current,coinmetrics_CapMrktCurUSD,CapMrktCurUSD
2024-06-19,bitcoin,btc,1279047103315.121,,,current,coinmetrics_CapMrktCurUSD,CapMrktCurUSD
2024-06-20,bitcoin,btc,1279448394407.8145,,,current,coinmetrics_CapMrktCurUSD,CapMrktCurUSD
2024-06-21,bitcoin,btc,1263474830674.3933,,,current,coinmetrics_CapMrktCurUSD,CapMrktCurUSD
2024-06-22,bitcoin,btc,1266898089628.074,,,current,coinmetrics_CapMrktCurUSD,CapMrktCurUSD
2024-06-23,bitcoin,btc,1248917529606.7346,,,current,coinmetrics_CapMrktCurUSD,CapMrktCurUSD
2024-06-24,bitcoin,btc,1188100921863.343,,,current,coinmetrics_CapMrktCurUSD,CapMrktCurUSD
2024-06-25,bitcoin,btc,1217319401227.3342,,,current,coinmetrics_CapMrktCurUSD,CapMrktCurUSD
2024-06-26,bitcoin,btc,1198706106409.1135,,,current,coinmetrics_CapMrktCurUSD,CapMrktCurUSD
2024-06-27,bitcoin,btc,1214020888208.736,,,current,coinmetrics_CapMrktCurUSD,CapMrktCurUSD
2024-06-28,bitcoin,btc,1189071644235.0774,,,current,coinmetrics_CapMrktCurUSD,CapMrktCurUSD
2024-06-29,bitcoin,btc,1200656669706.713,,,current,coinmetrics_CapMrktCurUSD,CapMrktCurUSD
2024-06-30,bitcoin,btc,1237632202717.0747,,,current,coinmetrics_CapMrktCurUSD,CapMrktCurUSD
2024-07-01,bitcoin,btc,1239082028945.8328,,,current,coinmetrics_CapMrktCurUSD,CapMrktCurUSD
2024-07-02,bitcoin,btc,1223201373387.4175,,,current,coinmetrics_CapMrktCurUSD,CapMrktCurUSD
2024-07-03,bitcoin,btc,1187491669195.1455,,,current,coinmetrics_CapMrktCurUSD,CapMrktCurUSD
2024-07-04,bitcoin,btc,1132336135774.266,,,current,coinmetrics_CapMrktCurUSD,CapMrktCurUSD
2024-07-05,bitcoin,btc,1118607148795.7935,,,current,coinmetrics_CapMrktCurUSD,CapMrktCurUSD
2024-07-06,bitcoin,btc,1148973034600.3093,,,current,coinmetrics_CapMrktCurUSD,CapMrktCurUSD
2024-07-07,bitcoin,btc,1106662108515.9316,,,current,coinmetrics_CapMrktCurUSD,CapMrktCurUSD
2024-07-08,bitcoin,btc,1118116169843.2405,,,current,coinmetrics_CapMrktCurUSD,CapMrktCurUSD
2024-07-09,bitcoin,btc,1143576800885.025,,,current,coinmetrics_CapMrktCurUSD,CapMrktCurUSD
2024-07-10,bitcoin,btc,1138484737067.4297,,,current,coinmetrics_CapMrktCurUSD,CapMrktCurUSD
2024-07-11,bitcoin,btc,1130338357125.1465,,,current,coinmetrics_CapMrktCurUSD,CapMrktCurUSD
2024-07-12,bitcoin,btc,1141241450890.7737,,,current,coinmetrics_CapMrktCurUSD,CapMrktCurUSD
2024-07-13,bitcoin,btc,1170263359782.1216,,,current,coinmetrics_CapMrktCurUSD,CapMrktCurUSD
2024-07-14,bitcoin,btc,1203551433724.7993,,,current,coinmetrics_CapMrktCurUSD,CapMrktCurUSD
2024-07-15,bitcoin,btc,1276955826783.0232,,,current,coinmetrics_CapMrktCurUSD,CapMrktCurUSD
2024-07-16,bitcoin,btc,1284561804277.9807,,,current,coinmetrics_CapMrktCurUSD,CapMrktCurUSD
2024-07-17,bitcoin,btc,1266495577595.2537,,,current,coinmetrics_CapMrktCurUSD,CapMrktCurUSD
2024-07-18,bitcoin,btc,1262239275865.3447,,,current,coinmetrics_CapMrktCurUSD,CapMrktCurUSD
2024-07-19,bitcoin,btc,1316943858342.9053,,,current,coinmetrics_CapMrktCurUSD,CapMrktCurUSD
2024-07-20,bitcoin,btc,1325455815468.5513,,,current,coinmetrics_CapMrktCurUSD,CapMrktCurUSD
2024-07-21,bitcoin,btc,1342677522206.0012,,,current,coinmetrics_CapMrktCurUSD,CapMrktCurUSD
2024-07-22,bitcoin,btc,1332428244617.5244,,,current,coinmetrics_CapMrktCurUSD,CapMrktCurUSD
2024-07-23,bitcoin,btc,1300525327320.5208,,,current,coinmetrics_CapMrktCurUSD,CapMrktCurUSD
2024-07-24,bitcoin,btc,1289445533977.663,,,current,coinmetrics_CapMrktCurUSD,CapMrktCurUSD
2024-07-25,bitcoin,btc,1296753108115.7764,,,current,coinmetrics_CapMrktCurUSD,CapMrktCurUSD
2024-07-26,bitcoin,btc,1340001251630.1753,,,current,coinmetrics_CapMrktCurUSD,CapMrktCurUSD
2024-07-27,bitcoin,btc,1343292249647.731,,,current,coinmetrics_CapMrktCurUSD,CapMrktCurUSD
2024-07-28,bitcoin,btc,1345164681876.9836,,,current,coinmetrics_CapMrktCurUSD,CapMrktCurUSD
2024-07-29,bitcoin,btc,1319480775875.413,,,current,coinmetrics_CapMrktCurUSD,CapMrktCurUSD
2024-07-30,bitcoin,btc,1306088468540.5605,,,current,coinmetrics_CapMrktCurUSD,CapMrktCurUSD
2024-07-31,bitcoin,btc,1276590367647.944,,,current,coinmetrics_CapMrktCurUSD,CapMrktCurUSD
2024-08-01,bitcoin,btc,1286237547913.6736,,,current,coinmetrics_CapMrktCurUSD,CapMrktCurUSD
2024-08-02,bitcoin,btc,1213811646574.5771,,,current,coinmetrics_CapMrktCurUSD,CapMrktCurUSD
2024-08-03,bitcoin,btc,1197683974936.4004,,,current,coinmetrics_CapMrktCurUSD,CapMrktCurUSD
2024-08-04,bitcoin,btc,1150701598520.431,,,current,coinmetrics_CapMrktCurUSD,CapMrktCurUSD
2024-08-05,bitcoin,btc,1072523586902.1216,,,current,coinmetrics_CapMrktCurUSD,CapMrktCurUSD
2024-08-06,bitcoin,btc,1106175094630.1853,,,current,coinmetrics_CapMrktCurUSD,CapMrktCurUSD
2024-08-07,bitcoin,btc,1088083425121.3396,,,current,coinmetrics_CapMrktCurUSD,CapMrktCurUSD
2024-08-08,bitcoin,btc,1221904955759.4966,,,current,coinmetrics_CapMrktCurUSD,CapMrktCurUSD
2024-08-09,bitcoin,btc,1198484835251.109,,,current,coinmetrics_CapMrktCurUSD,CapMrktCurUSD
2024-08-10,bitcoin,btc,1201482137168.4636,,,current,coinmetrics_CapMrktCurUSD,CapMrktCurUSD
2024-08-11,bitcoin,btc,1161336033784.414,,,current,coinmetrics_CapMrktCurUSD,CapMrktCurUSD
2024-08-12,bitcoin,btc,1172376697310.6843,,,current,coinmetrics_CapMrktCurUSD,CapMrktCurUSD
2024-08-13,bitcoin,btc,1194948367404.5227,,,current,coinmetrics_CapMrktCurUSD,CapMrktCurUSD
2024-08-14,bitcoin,btc,1161502552681.3992,,,current,coinmetrics_CapMrktCurUSD,CapMrktCurUSD
2024-08-15,bitcoin,btc,1137913514476.404,,,current,coinmetrics_CapMrktCurUSD,CapMrktCurUSD
2024-08-16,bitcoin,btc,1163268220731.6543,,,current,coinmetrics_CapMrktCurUSD,CapMrktCurUSD
2024-08-17,bitcoin,btc,1172917480915.17,,,current,coinmetrics_CapMrktCurUSD,CapMrktCurUSD
2024-08-18,bitcoin,btc,1160677609428.6133,,,current,coinmetrics_CapMrktCurUSD,CapMrktCurUSD
2024-08-19,bitcoin,btc,1172908290164.1162,,,current,coinmetrics_CapMrktCurUSD,CapMrktCurUSD
2024-08-20,bitcoin,btc,1167245960130.3333,,,current,coinmetrics_CapMrktCurUSD,CapMrktCurUSD
2024-08-21,bitcoin,btc,1206951189414.0603,,,current,coinmetrics_CapMrktCurUSD,CapMrktCurUSD
2024-08-22,bitcoin,btc,1192400134476.1396,,,current,coinmetrics_CapMrktCurUSD,CapMrktCurUSD
2024-08-23,bitcoin,btc,1265727472786.8767,,,current,coinmetrics_CapMrktCurUSD,CapMrktCurUSD
2024-08-24,bitcoin,btc,1264107951577.8176,,,current,coinmetrics_CapMrktCurUSD,CapMrktCurUSD
2024-08-25,bitcoin,btc,1273509292081.1409,,,current,coinmetrics_CapMrktCurUSD,CapMrktCurUSD
2024-08-26,bitcoin,btc,1243630467610.3733,,,current,coinmetrics_CapMrktCurUSD,CapMrktCurUSD
2024-08-27,bitcoin,btc,1175823003704.9958,,,current,coinmetrics_CapMrktCurUSD,CapMrktCurUSD
2024-08-28,bitcoin,btc,1167021768381.1953,,,current,coinmetrics_CapMrktCurUSD,CapMrktCurUSD
2024-08-29,bitcoin,btc,1171765932988.4949,,,current,coinmetrics_CapMrktCurUSD,CapMrktCurUSD
2024-08-30,bitcoin,btc,1167905016492.7952,,,current,coinmetrics_CapMrktCurUSD,CapMrktCurUSD
2024-08-31,bitcoin,btc,1164318100826.983,,,current,coinmetrics_CapMrktCurUSD,CapMrktCurUSD
2024-09-01,bitcoin,btc,1132533186813.884,,,current,coinmetrics_CapMrktCurUSD,CapMrktCurUSD
2024-09-02,bitcoin,btc,1168306929893.2593,,,current,coinmetrics_CapMrktCurUSD,CapMrktCurUSD
2024-09-03,bitcoin,btc,1138291265398.3296,,,current,coinmetrics_CapMrktCurUSD,CapMrktCurUSD
2024-09-04,bitcoin,btc,1146131838403.5774,,,current,coinmetrics_CapMrktCurUSD,CapMrktCurUSD
2024-09-05,bitcoin,btc,1108231128685.7102,,,current,coinmetrics_CapMrktCurUSD,CapMrktCurUSD
2024-09-06,bitcoin,btc,1063344022288.4587,,,current,coinmetrics_CapMrktCurUSD,CapMrktCurUSD
2024-09-07,bitcoin,btc,1067863679558.0648,,,current,coinmetrics_CapMrktCurUSD,CapMrktCurUSD
2024-09-08,bitcoin,btc,1083551229332.9728,,,current,coinmetrics_CapMrktCurUSD,CapMrktCurUSD
2024-09-09,bitcoin,btc,1128541804948.6787,,,current,coinmetrics_CapMrktCurUSD,CapMrktCurUSD
2024-09-10,bitcoin,btc,1139009699685.7004,,,current,coinmetrics_CapMrktCurUSD,CapMrktCurUSD
2024-09-11,bitcoin,btc,1133986205007.4746,,,current,coinmetrics_CapMrktCurUSD,CapMrktCurUSD
2024-09-12,bitcoin,btc,1148145814023.139,,,current,coinmetrics_CapMrktCurUSD,CapMrktCurUSD
2024-09-13,bitcoin,btc,1195818457804.4065,,,current,coinmetrics_CapMrktCurUSD,CapMrktCurUSD
2024-09-14,bitcoin,btc,1185380845498.9973,,,current,coinmetrics_CapMrktCurUSD,CapMrktCurUSD
2024-09-15,bitcoin,btc,1168079552742.0537,,,current,coinmetrics_CapMrktCurUSD,CapMrktCurUSD
2024-09-16,bitcoin,btc,1150274777284.253,,,current,coinmetrics_CapMrktCurUSD,CapMrktCurUSD
2024-09-17,bitcoin,btc,1190025146381.112,,,current,coinmetrics_CapMrktCurUSD,CapMrktCurUSD
2024-09-18,bitcoin,btc,1211150580513.792,,,current,coinmetrics_CapMrktCurUSD,CapMrktCurUSD
2024-09-19,bitcoin,btc,1244529728528.069,,,current,coinmetrics_CapMrktCurUSD,CapMrktCurUSD
2024-09-20,bitcoin,btc,1247706329948.0483,,,current,coinmetrics_CapMrktCurUSD,CapMrktCurUSD
2024-09-21,bitcoin,btc,1251956581811.1748,,,current,coinmetrics_CapMrktCurUSD,CapMrktCurUSD
2024-09-22,bitcoin,btc,1256018426232.2217,,,current,coinmetrics_CapMrktCurUSD,CapMrktCurUSD
2024-09-23,bitcoin,btc,1251385764258.587,,,current,coinmetrics_CapMrktCurUSD,CapMrktCurUSD
2024-09-24,bitcoin,btc,1271306695183.4255,,,current,coinmetrics_CapMrktCurUSD,CapMrktCurUSD
2024-09-25,bitcoin,btc,1245981917271.069,,,current,coinmetrics_CapMrktCurUSD,CapMrktCurUSD
2024-09-26,bitcoin,btc,1285489555328.316,,,current,coinmetrics_CapMrktCurUSD,CapMrktCurUSD
2024-09-27,bitcoin,btc,1299545301087.6182,,,current,coinmetrics_CapMrktCurUSD,CapMrktCurUSD
2024-09-28,bitcoin,btc,1299627426191.8,,,current,coinmetrics_CapMrktCurUSD,CapMrktCurUSD
2024-09-29,bitcoin,btc,1296640538015.1345,,,current,coinmetrics_CapMrktCurUSD,CapMrktCurUSD
2024-09-30,bitcoin,btc,1250077896709.859,,,current,coinmetrics_CapMrktCurUSD,CapMrktCurUSD
2024-10-01,bitcoin,btc,1202646051653.5708,,,current,coinmetrics_CapMrktCurUSD,CapMrktCurUSD
2024-10-02,bitcoin,btc,1199273528113.5735,,,current,coinmetrics_CapMrktCurUSD,CapMrktCurUSD
2024-10-03,bitcoin,btc,1200867438226.5305,,,current,coinmetrics_CapMrktCurUSD,CapMrktCurUSD
2024-10-04,bitcoin,btc,1226339830656.776,,,current,coinmetrics_CapMrktCurUSD,CapMrktCurUSD
2024-10-05,bitcoin,btc,1225933206941.3413,,,current,coinmetrics_CapMrktCurUSD,CapMrktCurUSD
2024-10-06,bitcoin,btc,1240971909274.3645,,,current,coinmetrics_CapMrktCurUSD,CapMrktCurUSD
2024-10-07,bitcoin,btc,1233622849152.0457,,,current,coinmetrics_CapMrktCurUSD,CapMrktCurUSD
2024-10-08,bitcoin,btc,1227920018306.1497,,,current,coinmetrics_CapMrktCurUSD,CapMrktCurUSD
2024-10-09,bitcoin,btc,1198077958961.5269,,,current,coinmetrics_CapMrktCurUSD,CapMrktCurUSD
2024-10-10,bitcoin,btc,1190316820566.9536,,,current,coinmetrics_CapMrktCurUSD,CapMrktCurUSD
2024-10-11,bitcoin,btc,1234647595504.9775,,,current,coinmetrics_CapMrktCurUSD,CapMrktCurUSD
2024-10-12,bitcoin,btc,1249309568739.9368,,,current,coinmetrics_CapMrktCurUSD,CapMrktCurUSD
2024-10-13,bitcoin,btc,1240571118552.432,,,current,coinmetrics_CapMrktCurUSD,CapMrktCurUSD
2024-10-14,bitcoin,btc,1306430701379.4463,,,current,coinmetrics_CapMrktCurUSD,CapMrktCurUSD
2024-10-15,bitcoin,btc,1323151391127.9893,,,current,coinmetrics_CapMrktCurUSD,CapMrktCurUSD
2024-10-16,bitcoin,btc,1337591659770.797,,,current,coinmetrics_CapMrktCurUSD,CapMrktCurUSD
2024-10-17,bitcoin,btc,1331199044933.5325,,,current,coinmetrics_CapMrktCurUSD,CapMrktCurUSD
2024-10-18,bitcoin,btc,1352037490364.0715,,,current,coinmetrics_CapMrktCurUSD,CapMrktCurUSD
2024-10-19,bitcoin,btc,1351429188789.67,,,current,coinmetrics_CapMrktCurUSD,CapMrktCurUSD
2024-10-20,bitcoin,btc,1364405010361.8098,,,current,coinmetrics_CapMrktCurUSD,CapMrktCurUSD
2024-10-21,bitcoin,btc,1333364068408.307,,,current,coinmetrics_CapMrktCurUSD,CapMrktCurUSD
2024-10-22,bitcoin,btc,1333102370303.0415,,,current,coinmetrics_CapMrktCurUSD,CapMrktCurUSD
2024-10-23,bitcoin,btc,1317742395147.647,,,current,coinmetrics_CapMrktCurUSD,CapMrktCurUSD
2024-10-24,bitcoin,btc,1347109398128.7732,,,current,coinmetrics_CapMrktCurUSD,CapMrktCurUSD
2024-10-25,bitcoin,btc,1310177531436.6272,,,current,coinmetrics_CapMrktCurUSD,CapMrktCurUSD
2024-10-26,bitcoin,btc,1325271090943.35,,,current,coinmetrics_CapMrktCurUSD,CapMrktCurUSD
2024-10-27,bitcoin,btc,1344619989932.5825,,,current,coinmetrics_CapMrktCurUSD,CapMrktCurUSD
2024-10-28,bitcoin,btc,1381482823559.9583,,,current,coinmetrics_CapMrktCurUSD,CapMrktCurUSD
2024-10-29,bitcoin,btc,1437208187257.8213,,,current,coinmetrics_CapMrktCurUSD,CapMrktCurUSD
2024-10-30,bitcoin,btc,1432727864892.0596,,,current,coinmetrics_CapMrktCurUSD,CapMrktCurUSD
2024-10-31,bitcoin,btc,1391566605240.4385,,,current,coinmetrics_CapMrktCurUSD,CapMrktCurUSD
2024-11-01,bitcoin,btc,1374127913099.3047,,,current,coinmetrics_CapMrktCurUSD,CapMrktCurUSD
2024-11-02,bitcoin,btc,1369374466600.2305,,,current,coinmetrics_CapMrktCurUSD,CapMrktCurUSD
2024-11-03,bitcoin,btc,1359535717301.9387,,,current,coinmetrics_CapMrktCurUSD,CapMrktCurUSD
2024-11-04,bitcoin,btc,1340509299537.1174,,,current,coinmetrics_CapMrktCurUSD,CapMrktCurUSD
2024-11-05,bitcoin,btc,1375326900715.9143,,,current,coinmetrics_CapMrktCurUSD,CapMrktCurUSD
2024-11-06,bitcoin,btc,1497156604749.206,,,current,coinmetrics_CapMrktCurUSD,CapMrktCurUSD
2024-11-07,bitcoin,btc,1502657637883.2903,,,current,coinmetrics_CapMrktCurUSD,CapMrktCurUSD
2024-11-08,bitcoin,btc,1513276367734.307,,,current,coinmetrics_CapMrktCurUSD,CapMrktCurUSD
2024-11-09,bitcoin,btc,1519081480991.7898,,,current,coinmetrics_CapMrktCurUSD,CapMrktCurUSD
2024-11-10,bitcoin,btc,1590524775490.166,,,current,coinmetrics_CapMrktCurUSD,CapMrktCurUSD
2024-11-11,bitcoin,btc,1757720678966.796,,,current,coinmetrics_CapMrktCurUSD,CapMrktCurUSD
2024-11-12,bitcoin,btc,1741713696652.337,,,current,coinmetrics_CapMrktCurUSD,CapMrktCurUSD
2024-11-13,bitcoin,btc,1787657675322.5647,,,current,coinmetrics_CapMrktCurUSD,CapMrktCurUSD
2024-11-14,bitcoin,btc,1725080813100.306,,,current,coinmetrics_CapMrktCurUSD,CapMrktCurUSD
2024-11-15,bitcoin,btc,1802962571173.1035,,,current,coinmetrics_CapMrktCurUSD,CapMrktCurUSD
2024-11-16,bitcoin,btc,1791703486489.722,,,current,coinmetrics_CapMrktCurUSD,CapMrktCurUSD
2024-11-17,bitcoin,btc,1775232152213.3113,,,current,coinmetrics_CapMrktCurUSD,CapMrktCurUSD
2024-11-18,bitcoin,btc,1792185787343.0757,,,current,coinmetrics_CapMrktCurUSD,CapMrktCurUSD
2024-11-19,bitcoin,btc,1825205105778.552,,,current,coinmetrics_CapMrktCurUSD,CapMrktCurUSD
2024-11-20,bitcoin,btc,1862955744741.5972,,,current,coinmetrics_CapMrktCurUSD,CapMrktCurUSD
2024-11-21,bitcoin,btc,1949767734681.4053,,,current,coinmetrics_CapMrktCurUSD,CapMrktCurUSD
2024-11-22,bitcoin,btc,1957583287126.9268,,,current,coinmetrics_CapMrktCurUSD,CapMrktCurUSD
2024-11-23,bitcoin,btc,1933263035602.3704,,,current,coinmetrics_CapMrktCurUSD,CapMrktCurUSD
2024-11-24,bitcoin,btc,1938708892763.704,,,current,coinmetrics_CapMrktCurUSD,CapMrktCurUSD
2024-11-25,bitcoin,btc,1847003530882.5168,,,current,coinmetrics_CapMrktCurUSD,CapMrktCurUSD
2024-11-26,bitcoin,btc,1818006432546.3628,,,current,coinmetrics_CapMrktCurUSD,CapMrktCurUSD
2024-11-27,bitcoin,btc,1899443244839.8489,,,current,coinmetrics_CapMrktCurUSD,CapMrktCurUSD
2024-11-28,bitcoin,btc,1894516141679.9128,,,current,coinmetrics_CapMrktCurUSD,CapMrktCurUSD
2024-11-29,bitcoin,btc,1927421800509.8127,,,current,coinmetrics_CapMrktCurUSD,CapMrktCurUSD
2024-11-30,bitcoin,btc,1908962307847.3225,,,current,coinmetrics_CapMrktCurUSD,CapMrktCurUSD
2024-12-01,bitcoin,btc,1928918216380.8752,,,current,coinmetrics_CapMrktCurUSD,CapMrktCurUSD
2024-12-02,bitcoin,btc,1894459110890.3767,,,current,coinmetrics_CapMrktCurUSD,CapMrktCurUSD
2024-12-03,bitcoin,btc,1900135290511.2388,,,current,coinmetrics_CapMrktCurUSD,CapMrktCurUSD
2024-12-04,bitcoin,btc,1957759688318.8247,,,current,coinmetrics_CapMrktCurUSD,CapMrktCurUSD
2024-12-05,bitcoin,btc,1918806150363.6316,,,current,coinmetrics_CapMrktCurUSD,CapMrktCurUSD
2024-12-06,bitcoin,btc,1978292068450.6504,,,current,coinmetrics_CapMrktCurUSD,CapMrktCurUSD
2024-12-07,bitcoin,btc,1978823210378.297,,,current,coinmetrics_CapMrktCurUSD,CapMrktCurUSD
2024-12-08,bitcoin,btc,1995124567555.0056,,,current,coinmetrics_CapMrktCurUSD,CapMrktCurUSD
2024-12-09,bitcoin,btc,1927704967520.9807,,,current,coinmetrics_CapMrktCurUSD,CapMrktCurUSD
2024-12-10,bitcoin,btc,1916772101161.006,,,current,coinmetrics_CapMrktCurUSD,CapMrktCurUSD
2024-12-11,bitcoin,btc,2005389739960.3047,,,current,coinmetrics_CapMrktCurUSD,CapMrktCurUSD
2024-12-12,bitcoin,btc,1981300299243.624,,,current,coinmetrics_CapMrktCurUSD,CapMrktCurUSD
2024-12-13,bitcoin,btc,2005087006885.8284,,,current,coinmetrics_CapMrktCurUSD,CapMrktCurUSD
2024-12-14,bitcoin,btc,2006662563398.3247,,,current,coinmetrics_CapMrktCurUSD,CapMrktCurUSD
2024-12-15,bitcoin,btc,2069747720545.494,,,current,coinmetrics_CapMrktCurUSD,CapMrktCurUSD
2024-12-16,bitcoin,btc,2095617308590.057,,,current,coinmetrics_CapMrktCurUSD,CapMrktCurUSD
2024-12-17,bitcoin,btc,2100814326264.9368,,,current,coinmetrics_CapMrktCurUSD,CapMrktCurUSD
2024-12-18,bitcoin,btc,1989080900958.2937,,,current,coinmetrics_CapMrktCurUSD,CapMrktCurUSD
2024-12-19,bitcoin,btc,1934231301840.7524,,,current,coinmetrics_CapMrktCurUSD,CapMrktCurUSD
2024-12-20,bitcoin,btc,1932701352301.5583,,,current,coinmetrics_CapMrktCurUSD,CapMrktCurUSD
2024-12-21,bitcoin,btc,1922362435573.652,,,current,coinmetrics_CapMrktCurUSD,CapMrktCurUSD
2024-12-22,bitcoin,btc,1883920629195.2527,,,current,coinmetrics_CapMrktCurUSD,CapMrktCurUSD
2024-12-23,bitcoin,btc,1877064601089.3376,,,current,coinmetrics_CapMrktCurUSD,CapMrktCurUSD
2024-12-24,bitcoin,btc,1953077820204.931,,,current,coinmetrics_CapMrktCurUSD,CapMrktCurUSD
2024-12-25,bitcoin,btc,1964958123095.0613,,,current,coinmetrics_CapMrktCurUSD,CapMrktCurUSD
2024-12-26,bitcoin,btc,1893573831131.2705,,,current,coinmetrics_CapMrktCurUSD,CapMrktCurUSD
2024-12-27,bitcoin,btc,1865733631847.3723,,,current,coinmetrics_CapMrktCurUSD,CapMrktCurUSD
2024-12-28,bitcoin,btc,1883669106004.3423,,,current,coinmetrics_CapMrktCurUSD,CapMrktCurUSD
2024-12-29,bitcoin,btc,1850724503071.0576,,,current,coinmetrics_CapMrktCurUSD,CapMrktCurUSD
2024-12-30,bitcoin,btc,1832266408959.4832,,,current,coinmetrics_CapMrktCurUSD,CapMrktCurUSD
2024-12-31,bitcoin,btc,1849465014110.3464,,,current,coinmetrics_CapMrktCurUSD,CapMrktCurUSD
2024-03-01,cardano,ada,24767764635.798756,,,current,coinmetrics_CapMrktCurUSD,CapMrktCurUSD
2024-03-02,cardano,ada,25766402535.137463,,,current,coinmetrics_CapMrktCurUSD,CapMrktCurUSD
2024-03-03,cardano,ada,25336562210.18684,,,current,coinmetrics_CapMrktCurUSD,CapMrktCurUSD
2024-03-04,cardano,ada,26880175040.82676,,,current,coinmetrics_CapMrktCurUSD,CapMrktCurUSD
2024-03-05,cardano,ada,24078748672.162567,,,current,coinmetrics_CapMrktCurUSD,CapMrktCurUSD
2024-03-06,cardano,ada,25562446235.800343,,,current,coinmetrics_CapMrktCurUSD,CapMrktCurUSD
2024-03-07,cardano,ada,25963924436.30813,,,current,coinmetrics_CapMrktCurUSD,CapMrktCurUSD
2024-03-08,cardano,ada,25234896148.63524,,,current,coinmetrics_CapMrktCurUSD,CapMrktCurUSD
2024-03-09,cardano,ada,25916419343.915447,,,current,coinmetrics_CapMrktCurUSD,CapMrktCurUSD
2024-03-10,cardano,ada,24865968959.73985,,,current,coinmetrics_CapMrktCurUSD,CapMrktCurUSD
2024-03-11,cardano,ada,27090875349.096066,,,current,coinmetrics_CapMrktCurUSD,CapMrktCurUSD
2024-03-12,cardano,ada,26053503456.57616,,,current,coinmetrics_CapMrktCurUSD,CapMrktCurUSD
2024-03-13,cardano,ada,26603328167.077126,,,current,coinmetrics_CapMrktCurUSD,CapMrktCurUSD
2024-03-14,cardano,ada,26196498569.3114,,,current,coinmetrics_CapMrktCurUSD,CapMrktCurUSD
2024-03-15,cardano,ada,25337510821.62185,,,current,coinmetrics_CapMrktCurUSD,CapMrktCurUSD
2024-03-16,cardano,ada,22991964960.942432,,,current,coinmetrics_CapMrktCurUSD,CapMrktCurUSD
2024-03-17,cardano,ada,23672366199.79296,,,current,coinmetrics_CapMrktCurUSD,CapMrktCurUSD
2024-03-18,cardano,ada,23115869183.012356,,,current,coinmetrics_CapMrktCurUSD,CapMrktCurUSD
2024-03-19,cardano,ada,20433841826.78209,,,current,coinmetrics_CapMrktCurUSD,CapMrktCurUSD
2024-03-20,cardano,ada,22320951235.058624,,,current,coinmetrics_CapMrktCurUSD,CapMrktCurUSD
2024-03-21,cardano,ada,22049327776.801796,,,current,coinmetrics_CapMrktCurUSD,CapMrktCurUSD
2024-03-22,cardano,ada,21342582008.219063,,,current,coinmetrics_CapMrktCurUSD,CapMrktCurUSD
2024-03-23,cardano,ada,21866410812.540817,,,current,coinmetrics_CapMrktCurUSD,CapMrktCurUSD
2024-03-24,cardano,ada,22546067084.49451,,,current,coinmetrics_CapMrktCurUSD,CapMrktCurUSD
2024-03-25,cardano,ada,22949121858.33949,,,current,coinmetrics_CapMrktCurUSD,CapMrktCurUSD
2024-03-26,cardano,ada,23225273747.906406,,,current,coinmetrics_CapMrktCurUSD,CapMrktCurUSD
2024-03-27,cardano,ada,22574470041.79401,,,current,coinmetrics_CapMrktCurUSD,CapMrktCurUSD
2024-03-28,cardano,ada,22726487559.84752,,,current,coinmetrics_CapMrktCurUSD,CapMrktCurUSD
2024-03-29,cardano,ada,23193109035.60204,,,current,coinmetrics_CapMrktCurUSD,CapMrktCurUSD
2024-03-30,cardano,ada,22474585671.047626,,,current,coinmetrics_CapMrktCurUSD,CapMrktCurUSD
2024-03-31,cardano,ada,22694435113.448917,,,current,coinmetrics_CapMrktCurUSD,CapMrktCurUSD
2024-04-01,cardano,ada,21724390175.092815,,,current,coinmetrics_CapMrktCurUSD,CapMrktCurUSD
2024-04-02,cardano,ada,20297665837.132404,,,current,coinmetrics_CapMrktCurUSD,CapMrktCurUSD
2024-04-03,cardano,ada,19973323587.61783,,,current,coinmetrics_CapMrktCurUSD,CapMrktCurUSD
2024-04-04,cardano,ada,20306897726.29693,,,current,coinmetrics_CapMrktCurUSD,CapMrktCurUSD
2024-04-05,cardano,ada,20074195575.001736,,,current,coinmetrics_CapMrktCurUSD,CapMrktCurUSD
2024-04-06,cardano,ada,20441060002.56771,,,current,coinmetrics_CapMrktCurUSD,CapMrktCurUSD
2024-04-07,cardano,ada,20543214863.251747,,,current,coinmetrics_CapMrktCurUSD,CapMrktCurUSD
2024-04-08,cardano,ada,21437165909.346577,,,current,coinmetrics_CapMrktCurUSD,CapMrktCurUSD
2024-04-09,cardano,ada,20664915859.163254,,,current,coinmetrics_CapMrktCurUSD,CapMrktCurUSD
2024-04-10,cardano,ada,20454039959.43099,,,current,coinmetrics_CapMrktCurUSD,CapMrktCurUSD
2024-04-11,cardano,ada,20451169789.83357,,,current,coinmetrics_CapMrktCurUSD,CapMrktCurUSD
2024-04-12,cardano,ada,17567591119.697063,,,current,coinmetrics_CapMrktCurUSD,CapMrktCurUSD
2024-04-13,cardano,ada,15655092310.609545,,,current,coinmetrics_CapMrktCurUSD,CapMrktCurUSD
2024-04-14,cardano,ada,16411129674.223866,,,current,coinmetrics_CapMrktCurUSD,CapMrktCurUSD
2024-04-15,cardano,ada,16074094170.932165,,,current,coinmetrics_CapMrktCurUSD,CapMrktCurUSD
2024-04-16,cardano,ada,16048163876.604446,,,current,coinmetrics_CapMrktCurUSD,CapMrktCurUSD
2024-04-17,cardano,ada,15514633609.283552,,,current,coinmetrics_CapMrktCurUSD,CapMrktCurUSD
2024-04-18,cardano,ada,15995011446.400852,,,current,coinmetrics_CapMrktCurUSD,CapMrktCurUSD
2024-04-19,cardano,ada,16359934828.135569,,,current,coinmetrics_CapMrktCurUSD,CapMrktCurUSD
2024-04-20,cardano,ada,17658234808.127907,,,current,coinmetrics_CapMrktCurUSD,CapMrktCurUSD
2024-04-21,cardano,ada,17437659964.766438,,,current,coinmetrics_CapMrktCurUSD,CapMrktCurUSD
2024-04-22,cardano,ada,18077588843.639503,,,current,coinmetrics_CapMrktCurUSD,CapMrktCurUSD
2024-04-23,cardano,ada,17471958215.618053,,,current,coinmetrics_CapMrktCurUSD,CapMrktCurUSD
2024-04-24,cardano,ada,16561310103.424212,,,current,coinmetrics_CapMrktCurUSD,CapMrktCurUSD
2024-04-25,cardano,ada,16439503134.061579,,,current,coinmetrics_CapMrktCurUSD,CapMrktCurUSD
2024-04-26,cardano,ada,16160596921.327232,,,current,coinmetrics_CapMrktCurUSD,CapMrktCurUSD
2024-04-27,cardano,ada,16312670593.111015,,,current,coinmetrics_CapMrktCurUSD,CapMrktCurUSD
2024-04-28,cardano,ada,16070701587.48392,,,current,coinmetrics_CapMrktCurUSD,CapMrktCurUSD
2024-04-29,cardano,ada,15989466975.092676,,,current,coinmetrics_CapMrktCurUSD,CapMrktCurUSD
2024-04-30,cardano,ada,15402218832.929943,,,current,coinmetrics_CapMrktCurUSD,CapMrktCurUSD
2024-05-01,cardano,ada,15689427108.338797,,,current,coinmetrics_CapMrktCurUSD,CapMrktCurUSD
2024-05-02,cardano,ada,16016676668.118685,,,current,coinmetrics_CapMrktCurUSD,CapMrktCurUSD
2024-05-03,cardano,ada,16350453736.026514,,,current,coinmetrics_CapMrktCurUSD,CapMrktCurUSD
2024-05-04,cardano,ada,16187577131.631176,,,current,coinmetrics_CapMrktCurUSD,CapMrktCurUSD
2024-05-05,cardano,ada,16013486475.146868,,,current,coinmetrics_CapMrktCurUSD,CapMrktCurUSD
2024-05-06,cardano,ada,15870520431.251131,,,current,coinmetrics_CapMrktCurUSD,CapMrktCurUSD
2024-05-07,cardano,ada,15455448261.499052,,,current,coinmetrics_CapMrktCurUSD,CapMrktCurUSD
2024-05-08,cardano,ada,15805744865.652613,,,current,coinmetrics_CapMrktCurUSD,CapMrktCurUSD
2024-05-09,cardano,ada,16176233559.426598,,,current,coinmetrics_CapMrktCurUSD,CapMrktCurUSD
2024-05-10,cardano,ada,15669755011.789892,,,current,coinmetrics_CapMrktCurUSD,CapMrktCurUSD
2024-05-11,cardano,ada,15344267750.434511,,,current,coinmetrics_CapMrktCurUSD,CapMrktCurUSD
2024-05-12,cardano,ada,15290397992.386484,,,current,coinmetrics_CapMrktCurUSD,CapMrktCurUSD
2024-05-13,cardano,ada,15255375745.138508,,,current,coinmetrics_CapMrktCurUSD,CapMrktCurUSD
2024-05-14,cardano,ada,14945213384.658264,,,current,coinmetrics_CapMrktCurUSD,CapMrktCurUSD
2024-05-15,cardano,ada,15828524513.106588,,,current,coinmetrics_CapMrktCurUSD,CapMrktCurUSD
2024-05-16,cardano,ada,16075855847.231665,,,current,coinmetrics_CapMrktCurUSD,CapMrktCurUSD
2024-05-17,cardano,ada,16833025860.196667,,,current,coinmetrics_CapMrktCurUSD,CapMrktCurUSD
2024-05-18,cardano,ada,16853533317.359089,,,current,coinmetrics_CapMrktCurUSD,CapMrktCurUSD
2024-05-19,cardano,ada,16346485745.472675,,,current,coinmetrics_CapMrktCurUSD,CapMrktCurUSD
2024-05-20,cardano,ada,17507651914.116184,,,current,coinmetrics_CapMrktCurUSD,CapMrktCurUSD
2024-05-21,cardano,ada,17299174352.995068,,,current,coinmetrics_CapMrktCurUSD,CapMrktCurUSD
2024-05-22,cardano,ada,16890158158.101393,,,current,coinmetrics_CapMrktCurUSD,CapMrktCurUSD
2024-05-23,cardano,ada,16237806125.095228,,,current,coinmetrics_CapMrktCurUSD,CapMrktCurUSD
2024-05-24,cardano,ada,16054385737.46104,,,current,coinmetrics_CapMrktCurUSD,CapMrktCurUSD
2024-05-25,cardano,ada,16157637699.93536,,,current,coinmetrics_CapMrktCurUSD,CapMrktCurUSD
2024-05-26,cardano,ada,16026228761.492098,,,current,coinmetrics_CapMrktCurUSD,CapMrktCurUSD
2024-05-27,cardano,ada,16351432635.786192,,,current,coinmetrics_CapMrktCurUSD,CapMrktCurUSD
2024-05-28,cardano,ada,15982901263.380844,,,current,coinmetrics_CapMrktCurUSD,CapMrktCurUSD
2024-05-29,cardano,ada,15781120639.283405,,,current,coinmetrics_CapMrktCurUSD,CapMrktCurUSD
2024-05-30,cardano,ada,15614740602.770657,,,current,coinmetrics_CapMrktCurUSD,CapMrktCurUSD
2024-05-31,cardano,ada,15635360265.805014,,,current,coinmetrics_CapMrktCurUSD,CapMrktCurUSD
2024-06-01,cardano,ada,15745363009.138836,,,current,coinmetrics_CapMrktCurUSD,CapMrktCurUSD
2024-06-02,cardano,ada,15622624227.018736,,,current,coinmetrics_CapMrktCurUSD,CapMrktCurUSD
2024-06-03,cardano,ada,15991747810.99128,,,current,coinmetrics_CapMrktCurUSD,CapMrktCurUSD
2024-06-04,cardano,ada,16138760533.167532,,,current,coinmetrics_CapMrktCurUSD,CapMrktCurUSD
2024-06-05,cardano,ada,16129516568.266005,,,current,coinmetrics_CapMrktCurUSD,CapMrktCurUSD
2024-06-06,cardano,ada,16025029493.583223,,,current,coinmetrics_CapMrktCurUSD,CapMrktCurUSD
2024-06-07,cardano,ada,15732169495.612091,,,current,coinmetrics_CapMrktCurUSD,CapMrktCurUSD
2024-06-08,cardano,ada,15265094314.49675,,,current,coinmetrics_CapMrktCurUSD,CapMrktCurUSD
2024-06-09,cardano,ada,15535141647.481771,,,current,coinmetrics_CapMrktCurUSD,CapMrktCurUSD
2024-06-10,cardano,ada,15414269646.05769,,,current,coinmetrics_CapMrktCurUSD,CapMrktCurUSD
2024-06-11,cardano,ada,14755403857.649515,,,current,coinmetrics_CapMrktCurUSD,CapMrktCurUSD
2024-06-12,cardano,ada,15322832402.46364,,,current,coinmetrics_CapMrktCurUSD,CapMrktCurUSD
2024-06-13,cardano,ada,14745424222.438372,,,current,coinmetrics_CapMrktCurUSD,CapMrktCurUSD
2024-06-14,cardano,ada,14402295351.370375,,,current,coinmetrics_CapMrktCurUSD,CapMrktCurUSD
2024-06-15,cardano,ada,14485361980.212393,,,current,coinmetrics_CapMrktCurUSD,CapMrktCurUSD
2024-06-16,cardano,ada,14570123973.169306,,,current,coinmetrics_CapMrktCurUSD,CapMrktCurUSD
2024-06-17,cardano,ada,14070816347.97164,,,current,coinmetrics_CapMrktCurUSD,CapMrktCurUSD
2024-06-18,cardano,ada,13424730961.241064,,,current,coinmetrics_CapMrktCurUSD,CapMrktCurUSD
2024-06-19,cardano,ada,13423644078.574947,,,current,coinmetrics_CapMrktCurUSD,CapMrktCurUSD
2024-06-20,cardano,ada,13453912813.410269,,,current,coinmetrics_CapMrktCurUSD,CapMrktCurUSD
2024-06-21,cardano,ada,13174182377.372046,,,current,coinmetrics_CapMrktCurUSD,CapMrktCurUSD
2024-06-22,cardano,ada,13475267480.649416,,,current,coinmetrics_CapMrktCurUSD,CapMrktCurUSD
2024-06-23,cardano,ada,13312072572.918411,,,current,coinmetrics_CapMrktCurUSD,CapMrktCurUSD
2024-06-24,cardano,ada,13212161920.529327,,,current,coinmetrics_CapMrktCurUSD,CapMrktCurUSD
2024-06-25,cardano,ada,13713577896.602814,,,current,coinmetrics_CapMrktCurUSD,CapMrktCurUSD
2024-06-26,cardano,ada,13472301242.586208,,,current,coinmetrics_CapMrktCurUSD,CapMrktCurUSD
2024-06-27,cardano,ada,13677607604.497265,,,current,coinmetrics_CapMrktCurUSD,CapMrktCurUSD
2024-06-28,cardano,ada,13485606698.640734,,,current,coinmetrics_CapMrktCurUSD,CapMrktCurUSD
2024-06-29,cardano,ada,13443323110.126213,,,current,coinmetrics_CapMrktCurUSD,CapMrktCurUSD
2024-06-30,cardano,ada,13745067336.07873,,,current,coinmetrics_CapMrktCurUSD,CapMrktCurUSD
2024-07-01,cardano,ada,14102240137.98853,,,current,coinmetrics_CapMrktCurUSD,CapMrktCurUSD
2024-07-02,cardano,ada,14632240345.922611,,,current,coinmetrics_CapMrktCurUSD,CapMrktCurUSD
2024-07-03,cardano,ada,14232930671.5138,,,current,coinmetrics_CapMrktCurUSD,CapMrktCurUSD
2024-07-04,cardano,ada,12789215929.10184,,,current,coinmetrics_CapMrktCurUSD,CapMrktCurUSD
2024-07-05,cardano,ada,12262489600.108376,,,current,coinmetrics_CapMrktCurUSD,CapMrktCurUSD
2024-07-06,cardano,ada,13003472123.67613,,,current,coinmetrics_CapMrktCurUSD,CapMrktCurUSD
2024-07-07,cardano,ada,12182090740.80087,,,current,coinmetrics_CapMrktCurUSD,CapMrktCurUSD
2024-07-08,cardano,ada,12935908041.759804,,,current,coinmetrics_CapMrktCurUSD,CapMrktCurUSD
2024-07-09,cardano,ada,13188176976.157759,,,current,coinmetrics_CapMrktCurUSD,CapMrktCurUSD
2024-07-10,cardano,ada,13638918676.25348,,,current,coinmetrics_CapMrktCurUSD,CapMrktCurUSD
2024-07-11,cardano,ada,13875163619.18368,,,current,coinmetrics_CapMrktCurUSD,CapMrktCurUSD
2024-07-12,cardano,ada,14550191577.824535,,,current,coinmetrics_CapMrktCurUSD,CapMrktCurUSD
2024-07-13,cardano,ada,15493219656.423374,,,current,coinmetrics_CapMrktCurUSD,CapMrktCurUSD
2024-07-14,cardano,ada,15221486445.882812,,,current,coinmetrics_CapMrktCurUSD,CapMrktCurUSD
2024-07-15,cardano,ada,15604002830.847076,,,current,coinmetrics_CapMrktCurUSD,CapMrktCurUSD
2024-07-16,cardano,ada,15395068338.769375,,,current,coinmetrics_CapMrktCurUSD,CapMrktCurUSD
2024-07-17,cardano,ada,15380470563.34135,,,current,coinmetrics_CapMrktCurUSD,CapMrktCurUSD
2024-07-18,cardano,ada,14921099847.487703,,,current,coinmetrics_CapMrktCurUSD,CapMrktCurUSD
2024-07-19,cardano,ada,15418311378.835888,,,current,coinmetrics_CapMrktCurUSD,CapMrktCurUSD
2024-07-20,cardano,ada,15371790330.360586,,,current,coinmetrics_CapMrktCurUSD,CapMrktCurUSD
2024-07-21,cardano,ada,15698939617.42024,,,current,coinmetrics_CapMrktCurUSD,CapMrktCurUSD
2024-07-22,cardano,ada,15002412232.555391,,,current,coinmetrics_CapMrktCurUSD,CapMrktCurUSD
2024-07-23,cardano,ada,14420606600.779716,,,current,coinmetrics_CapMrktCurUSD,CapMrktCurUSD
2024-07-24,cardano,ada,14284850165.43882,,,current,coinmetrics_CapMrktCurUSD,CapMrktCurUSD
2024-07-25,cardano,ada,13851914446.12064,,,current,coinmetrics_CapMrktCurUSD,CapMrktCurUSD
2024-07-26,cardano,ada,14684225664.03741,,,current,coinmetrics_CapMrktCurUSD,CapMrktCurUSD
2024-07-27,cardano,ada,14714993635.798609,,,current,coinmetrics_CapMrktCurUSD,CapMrktCurUSD
2024-07-28,cardano,ada,14312651810.72592,,,current,coinmetrics_CapMrktCurUSD,CapMrktCurUSD
2024-07-29,cardano,ada,14208953161.508778,,,current,coinmetrics_CapMrktCurUSD,CapMrktCurUSD
2024-07-30,cardano,ada,14113251084.244928,,,current,coinmetrics_CapMrktCurUSD,CapMrktCurUSD
2024-07-31,cardano,ada,13671548988.397545,,,current,coinmetrics_CapMrktCurUSD,CapMrktCurUSD
2024-08-01,cardano,ada,13785566963.956497,,,current,coinmetrics_CapMrktCurUSD,CapMrktCurUSD
2024-08-02,cardano,ada,12796616542.158913,,,current,coinmetrics_CapMrktCurUSD,CapMrktCurUSD
2024-08-03,cardano,ada,12780852864.255632,,,current,coinmetrics_CapMrktCurUSD,CapMrktCurUSD
2024-08-04,cardano,ada,12138523262.311966,,,current,coinmetrics_CapMrktCurUSD,CapMrktCurUSD
2024-08-05,cardano,ada,11062487508.456182,,,current,coinmetrics_CapMrktCurUSD,CapMrktCurUSD
2024-08-06,cardano,ada,11621925294.864424,,,current,coinmetrics_CapMrktCurUSD,CapMrktCurUSD
2024-08-07,cardano,ada,11398166620.966602,,,current,coinmetrics_CapMrktCurUSD,CapMrktCurUSD
2024-08-08,cardano,ada,12377952901.390133,,,current,coinmetrics_CapMrktCurUSD,CapMrktCurUSD
2024-08-09,cardano,ada,12226202622.292656,,,current,coinmetrics_CapMrktCurUSD,CapMrktCurUSD
2024-08-10,cardano,ada,12163869949.691023,,,current,coinmetrics_CapMrktCurUSD,CapMrktCurUSD
2024-08-11,cardano,ada,11555827583.775936,,,current,coinmetrics_CapMrktCurUSD,CapMrktCurUSD
2024-08-12,cardano,ada,11917282614.989544,,,current,coinmetrics_CapMrktCurUSD,CapMrktCurUSD
2024-08-13,cardano,ada,11956164699.488125,,,current,coinmetrics_CapMrktCurUSD,CapMrktCurUSD
2024-08-14,cardano,ada,11802007422.677256,,,current,coinmetrics_CapMrktCurUSD,CapMrktCurUSD
2024-08-15,cardano,ada,11454400369.66946,,,current,coinmetrics_CapMrktCurUSD,CapMrktCurUSD
2024-08-16,cardano,ada,11615222763.212328,,,current,coinmetrics_CapMrktCurUSD,CapMrktCurUSD
2024-08-17,cardano,ada,11842210885.646496,,,current,coinmetrics_CapMrktCurUSD,CapMrktCurUSD
2024-08-18,cardano,ada,11801898670.177996,,,current,coinmetrics_CapMrktCurUSD,CapMrktCurUSD
2024-08-19,cardano,ada,11847342279.396984,,,current,coinmetrics_CapMrktCurUSD,CapMrktCurUSD
2024-08-20,cardano,ada,12105284863.881063,,,current,coinmetrics_CapMrktCurUSD,CapMrktCurUSD
2024-08-21,cardano,ada,12990022904.37052,,,current,coinmetrics_CapMrktCurUSD,CapMrktCurUSD
2024-08-22,cardano,ada,13255365552.41143,,,current,coinmetrics_CapMrktCurUSD,CapMrktCurUSD
2024-08-23,cardano,ada,13763637805.091776,,,current,coinmetrics_CapMrktCurUSD,CapMrktCurUSD
2024-08-24,cardano,ada,13867171641.871511,,,current,coinmetrics_CapMrktCurUSD,CapMrktCurUSD
2024-08-25,cardano,ada,13604787493.974436,,,current,coinmetrics_CapMrktCurUSD,CapMrktCurUSD
2024-08-26,cardano,ada,12949375408.148556,,,current,coinmetrics_CapMrktCurUSD,CapMrktCurUSD
2024-08-27,cardano,ada,12343249267.050615,,,current,coinmetrics_CapMrktCurUSD,CapMrktCurUSD
2024-08-28,cardano,ada,12343728443.96872,,,current,coinmetrics_CapMrktCurUSD,CapMrktCurUSD
2024-08-29,cardano,ada,12529260314.313507,,,current,coinmetrics_CapMrktCurUSD,CapMrktCurUSD
2024-08-30,cardano,ada,12227982562.226316,,,current,coinmetrics_CapMrktCurUSD,CapMrktCurUSD
2024-08-31,cardano,ada,12152248611.955933,,,current,coinmetrics_CapMrktCurUSD,CapMrktCurUSD
2024-09-01,cardano,ada,11675477840.651424,,,current,coinmetrics_CapMrktCurUSD,CapMrktCurUSD
2024-09-02,cardano,ada,11842559840.080252,,,current,coinmetrics_CapMrktCurUSD,CapMrktCurUSD
2024-09-03,cardano,ada,11264322595.398369,,,current,coinmetrics_CapMrktCurUSD,CapMrktCurUSD
2024-09-04,cardano,ada,11407760387.59132,,,current,coinmetrics_CapMrktCurUSD,CapMrktCurUSD
2024-09-05,cardano,ada,11446787214.071608,,,current,coinmetrics_CapMrktCurUSD,CapMrktCurUSD
2024-09-06,cardano,ada,11077216464.866756,,,current,coinmetrics_CapMrktCurUSD,CapMrktCurUSD
2024-09-07,cardano,ada,11431583936.917015,,,current,coinmetrics_CapMrktCurUSD,CapMrktCurUSD
2024-09-08,cardano,ada,11927206790.762554,,,current,coinmetrics_CapMrktCurUSD,CapMrktCurUSD
2024-09-09,cardano,ada,12115795101.613993,,,current,coinmetrics_CapMrktCurUSD,CapMrktCurUSD
2024-09-10,cardano,ada,12111045916.258371,,,current,coinmetrics_CapMrktCurUSD,CapMrktCurUSD
2024-09-11,cardano,ada,12437942702.361399,,,current,coinmetrics_CapMrktCurUSD,CapMrktCurUSD
2024-09-12,cardano,ada,12557494185.899416,,,current,coinmetrics_CapMrktCurUSD,CapMrktCurUSD
2024-09-13,cardano,ada,12712372349.42586,,,current,coinmetrics_CapMrktCurUSD,CapMrktCurUSD
2024-09-14,cardano,ada,12492797341.36414,,,current,coinmetrics_CapMrktCurUSD,CapMrktCurUSD
2024-09-15,cardano,ada,11921947312.571936,,,current,coinmetrics_CapMrktCurUSD,CapMrktCurUSD
2024-09-16,cardano,ada,11628931936.404186,,,current,coinmetrics_CapMrktCurUSD,CapMrktCurUSD
2024-09-17,cardano,ada,11765868920.297724,,,current,coinmetrics_CapMrktCurUSD,CapMrktCurUSD
2024-09-18,cardano,ada,12041879675.482965,,,current,coinmetrics_CapMrktCurUSD,CapMrktCurUSD
2024-09-19,cardano,ada,12375705709.03013,,,current,coinmetrics_CapMrktCurUSD,CapMrktCurUSD
2024-09-20,cardano,ada,12413949876.535582,,,current,coinmetrics_CapMrktCurUSD,CapMrktCurUSD
2024-09-21,cardano,ada,12637104433.175444,,,current,coinmetrics_CapMrktCurUSD,CapMrktCurUSD
2024-09-22,cardano,ada,12394792097.67653,,,current,coinmetrics_CapMrktCurUSD,CapMrktCurUSD
2024-09-23,cardano,ada,12822102624.456867,,,current,coinmetrics_CapMrktCurUSD,CapMrktCurUSD
2024-09-24,cardano,ada,13654779549.058372,,,current,coinmetrics_CapMrktCurUSD,CapMrktCurUSD
2024-09-25,cardano,ada,13405488080.266771,,,current,coinmetrics_CapMrktCurUSD,CapMrktCurUSD
2024-09-26,cardano,ada,14137962580.123634,,,current,coinmetrics_CapMrktCurUSD,CapMrktCurUSD
2024-09-27,cardano,ada,14181612061.835938,,,current,coinmetrics_CapMrktCurUSD,CapMrktCurUSD
2024-09-28,cardano,ada,14095956357.55204,,,current,coinmetrics_CapMrktCurUSD,CapMrktCurUSD
2024-09-29,cardano,ada,14008981644.538355,,,current,coinmetrics_CapMrktCurUSD,CapMrktCurUSD
2024-09-30,cardano,ada,13177059617.063383,,,current,coinmetrics_CapMrktCurUSD,CapMrktCurUSD
2024-10-01,cardano,ada,12416587922.878193,,,current,coinmetrics_CapMrktCurUSD,CapMrktCurUSD
2024-10-02,cardano,ada,12132402036.590855,,,current,coinmetrics_CapMrktCurUSD,CapMrktCurUSD
2024-10-03,cardano,ada,12177348752.002989,,,current,coinmetrics_CapMrktCurUSD,CapMrktCurUSD
2024-10-04,cardano,ada,12392851636.295359,,,current,coinmetrics_CapMrktCurUSD,CapMrktCurUSD
2024-10-05,cardano,ada,12359201112.494112,,,current,coinmetrics_CapMrktCurUSD,CapMrktCurUSD
2024-10-06,cardano,ada,12611415639.363544,,,current,coinmetrics_CapMrktCurUSD,CapMrktCurUSD
2024-10-07,cardano,ada,12432148065.574677,,,current,coinmetrics_CapMrktCurUSD,CapMrktCurUSD
2024-10-08,cardano,ada,12139423672.324156,,,current,coinmetrics_CapMrktCurUSD,CapMrktCurUSD
2024-10-09,cardano,ada,11981842160.435255,,,current,coinmetrics_CapMrktCurUSD,CapMrktCurUSD
2024-10-10,cardano,ada,11950318033.9473,,,current,coinmetrics_CapMrktCurUSD,CapMrktCurUSD
2024-10-11,cardano,ada,12395535946.832975,,,current,coinmetrics_CapMrktCurUSD,CapMrktCurUSD
2024-10-12,cardano,ada,12466938350.992275,,,current,coinmetrics_CapMrktCurUSD,CapMrktCurUSD
2024-10-13,cardano,ada,12264115252.404526,,,current,coinmetrics_CapMrktCurUSD,CapMrktCurUSD
2024-10-14,cardano,ada,12836463351.540684,,,current,coinmetrics_CapMrktCurUSD,CapMrktCurUSD
2024-10-15,cardano,ada,12624759243.972017,,,current,coinmetrics_CapMrktCurUSD,CapMrktCurUSD
2024-10-16,cardano,ada,12462655722.116148,,,current,coinmetrics_CapMrktCurUSD,CapMrktCurUSD
2024-10-17,cardano,ada,12110695024.76866,,,current,coinmetrics_CapMrktCurUSD,CapMrktCurUSD
2024-10-18,cardano,ada,12370293080.352571,,,current,coinmetrics_CapMrktCurUSD,CapMrktCurUSD
2024-10-19,cardano,ada,12414244837.038591,,,current,coinmetrics_CapMrktCurUSD,CapMrktCurUSD
2024-10-20,cardano,ada,12871035762.423712,,,current,coinmetrics_CapMrktCurUSD,CapMrktCurUSD
2024-10-21,cardano,ada,12750106699.265331,,,current,coinmetrics_CapMrktCurUSD,CapMrktCurUSD
2024-10-22,cardano,ada,12856828117.136547,,,current,coinmetrics_CapMrktCurUSD,CapMrktCurUSD
2024-10-23,cardano,ada,12345501695.555351,,,current,coinmetrics_CapMrktCurUSD,CapMrktCurUSD
2024-10-24,cardano,ada,12219325003.81513,,,current,coinmetrics_CapMrktCurUSD,CapMrktCurUSD
2024-10-25,cardano,ada,11428288225.101175,,,current,coinmetrics_CapMrktCurUSD,CapMrktCurUSD
2024-10-26,cardano,ada,11764841190.229073,,,current,coinmetrics_CapMrktCurUSD,CapMrktCurUSD
2024-10-27,cardano,ada,11999748947.422499,,,current,coinmetrics_CapMrktCurUSD,CapMrktCurUSD
2024-10-28,cardano,ada,12140833129.74006,,,current,coinmetrics_CapMrktCurUSD,CapMrktCurUSD
2024-10-29,cardano,ada,12558037064.980427,,,current,coinmetrics_CapMrktCurUSD,CapMrktCurUSD
2024-10-30,cardano,ada,12554848943.96511,,,current,coinmetrics_CapMrktCurUSD,CapMrktCurUSD
2024-10-31,cardano,ada,12079603784.079227,,,current,coinmetrics_CapMrktCurUSD,CapMrktCurUSD
2024-11-01,cardano,ada,12600301170.619207,,,current,coinmetrics_CapMrktCurUSD,CapMrktCurUSD
2024-11-02,cardano,ada,12251986984.417095,,,current,coinmetrics_CapMrktCurUSD,CapMrktCurUSD
2024-11-03,cardano,ada,11798586631.780369,,,current,coinmetrics_CapMrktCurUSD,CapMrktCurUSD
2024-11-04,cardano,ada,11509009608.248447,,,current,coinmetrics_CapMrktCurUSD,CapMrktCurUSD
2024-11-05,cardano,ada,11802927143.164268,,,current,coinmetrics_CapMrktCurUSD,CapMrktCurUSD
2024-11-06,cardano,ada,12829533495.441381,,,current,coinmetrics_CapMrktCurUSD,CapMrktCurUSD
2024-11-07,cardano,ada,14178332859.476748,,,current,coinmetrics_CapMrktCurUSD,CapMrktCurUSD
2024-11-08,cardano,ada,15697877896.480465,,,current,coinmetrics_CapMrktCurUSD,CapMrktCurUSD
2024-11-09,cardano,ada,17183977117.908756,,,current,coinmetrics_CapMrktCurUSD,CapMrktCurUSD
2024-11-10,cardano,ada,20814859065.754646,,,current,coinmetrics_CapMrktCurUSD,CapMrktCurUSD
2024-11-11,cardano,ada,21642667046.052204,,,current,coinmetrics_CapMrktCurUSD,CapMrktCurUSD
2024-11-12,cardano,ada,20349267067.762207,,,current,coinmetrics_CapMrktCurUSD,CapMrktCurUSD
2024-11-13,cardano,ada,20471485523.686623,,,current,coinmetrics_CapMrktCurUSD,CapMrktCurUSD
2024-11-14,cardano,ada,20411261645.53085,,,current,coinmetrics_CapMrktCurUSD,CapMrktCurUSD
2024-11-15,cardano,ada,24667490725.711044,,,current,coinmetrics_CapMrktCurUSD,CapMrktCurUSD
2024-11-16,cardano,ada,26145379277.80932,,,current,coinmetrics_CapMrktCurUSD,CapMrktCurUSD
2024-11-17,cardano,ada,24840395372.538025,,,current,coinmetrics_CapMrktCurUSD,CapMrktCurUSD
2024-11-18,cardano,ada,26026942138.188324,,,current,coinmetrics_CapMrktCurUSD,CapMrktCurUSD
2024-11-19,cardano,ada,26113156470.13269,,,current,coinmetrics_CapMrktCurUSD,CapMrktCurUSD
2024-11-20,cardano,ada,28433588414.556896,,,current,coinmetrics_CapMrktCurUSD,CapMrktCurUSD
2024-11-21,cardano,ada,28941866362.219482,,,current,coinmetrics_CapMrktCurUSD,CapMrktCurUSD
2024-11-22,cardano,ada,35625595170.129555,,,current,coinmetrics_CapMrktCurUSD,CapMrktCurUSD
2024-11-23,cardano,ada,37825017390.2325,,,current,coinmetrics_CapMrktCurUSD,CapMrktCurUSD
2024-11-24,cardano,ada,36317494991.20348,,,current,coinmetrics_CapMrktCurUSD,CapMrktCurUSD
2024-11-25,cardano,ada,33605292245.371727,,,current,coinmetrics_CapMrktCurUSD,CapMrktCurUSD
2024-11-26,cardano,ada,33922528652.18705,,,current,coinmetrics_CapMrktCurUSD,CapMrktCurUSD
2024-11-27,cardano,ada,35831677918.49078,,,current,coinmetrics_CapMrktCurUSD,CapMrktCurUSD
2024-11-28,cardano,ada,36575044826.8857,,,current,coinmetrics_CapMrktCurUSD,CapMrktCurUSD
2024-11-29,cardano,ada,37934358994.190155,,,current,coinmetrics_CapMrktCurUSD,CapMrktCurUSD
2024-11-30,cardano,ada,38209964446.44457,,,current,coinmetrics_CapMrktCurUSD,CapMrktCurUSD
2024-12-01,cardano,ada,40679104473.50001,,,current,coinmetrics_CapMrktCurUSD,CapMrktCurUSD
2024-12-02,cardano,ada,42483964331.871475,,,current,coinmetrics_CapMrktCurUSD,CapMrktCurUSD
2024-12-03,cardano,ada,42487529397.45739,,,current,coinmetrics_CapMrktCurUSD,CapMrktCurUSD
2024-12-04,cardano,ada,41875726694.82458,,,current,coinmetrics_CapMrktCurUSD,CapMrktCurUSD
2024-12-05,cardano,ada,41262062666.42254,,,current,coinmetrics_CapMrktCurUSD,CapMrktCurUSD
2024-12-06,cardano,ada,43609780610.68927,,,current,coinmetrics_CapMrktCurUSD,CapMrktCurUSD
2024-12-07,cardano,ada,42979569642.26763,,,current,coinmetrics_CapMrktCurUSD,CapMrktCurUSD
2024-12-08,cardano,ada,42263897847.6552,,,current,coinmetrics_CapMrktCurUSD,CapMrktCurUSD
2024-12-09,cardano,ada,35658383045.59422,,,current,coinmetrics_CapMrktCurUSD,CapMrktCurUSD
2024-12-10,cardano,ada,36168046562.743515,,,current,coinmetrics_CapMrktCurUSD,CapMrktCurUSD
2024-12-11,cardano,ada,38641545795.78147,,,current,coinmetrics_CapMrktCurUSD,CapMrktCurUSD
2024-12-12,cardano,ada,39777380968.82456,,,current,coinmetrics_CapMrktCurUSD,CapMrktCurUSD
2024-12-13,cardano,ada,39559751897.066154,,,current,coinmetrics_CapMrktCurUSD,CapMrktCurUSD
2024-12-14,cardano,ada,37573273377.02954,,,current,coinmetrics_CapMrktCurUSD,CapMrktCurUSD
2024-12-15,cardano,ada,39027168610.32615,,,current,coinmetrics_CapMrktCurUSD,CapMrktCurUSD
2024-12-16,cardano,ada,38274038748.41048,,,current,coinmetrics_CapMrktCurUSD,CapMrktCurUSD
2024-12-17,cardano,ada,37254339204.55409,,,current,coinmetrics_CapMrktCurUSD,CapMrktCurUSD
2024-12-18,cardano,ada,34433208183.63623,,,current,coinmetrics_CapMrktCurUSD,CapMrktCurUSD
2024-12-19,cardano,ada,31415096346.583427,,,current,coinmetrics_CapMrktCurUSD,CapMrktCurUSD
2024-12-20,cardano,ada,33685988709.471252,,,current,coinmetrics_CapMrktCurUSD,CapMrktCurUSD
2024-12-21,cardano,ada,31990854779.6622,,,current,coinmetrics_CapMrktCurUSD,CapMrktCurUSD
2024-12-22,cardano,ada,31314461629.158146,,,current,coinmetrics_CapMrktCurUSD,CapMrktCurUSD
2024-12-23,cardano,ada,32789488596.484665,,,current,coinmetrics_CapMrktCurUSD,CapMrktCurUSD
2024-12-24,cardano,ada,33192145661.63843,,,current,coinmetrics_CapMrktCurUSD,CapMrktCurUSD
2024-12-25,cardano,ada,32474920859.65299,,,current,coinmetrics_CapMrktCurUSD,CapMrktCurUSD
2024-12-26,cardano,ada,30427557981.090504,,,current,coinmetrics_CapMrktCurUSD,CapMrktCurUSD
2024-12-27,cardano,ada,30949665480.992157,,,current,coinmetrics_CapMrktCurUSD,CapMrktCurUSD
2024-12-28,cardano,ada,31479554009.730927,,,current,coinmetrics_CapMrktCurUSD,CapMrktCurUSD
2024-12-29,cardano,ada,30367540792.68793,,,current,coinmetrics_CapMrktCurUSD,CapMrktCurUSD
2024-12-30,cardano,ada,30417366741.526463,,,current,coinmetrics_CapMrktCurUSD,CapMrktCurUSD
2024-12-31,cardano,ada,29893682751.419758,,,current,coinmetrics_CapMrktCurUSD,CapMrktCurUSD
2024-03-01,dogecoin,doge,20096034861.52215,,,current,coinmetrics_CapMrktCurUSD,CapMrktCurUSD
2024-03-02,dogecoin,doge,20469076313.90185,,,current,coinmetrics_CapMrktCurUSD,CapMrktCurUSD
2024-03-03,dogecoin,doge,22082238584.325897,,,current,coinmetrics_CapMrktCurUSD,CapMrktCurUSD
2024-03-04,dogecoin,doge,26137064467.884056,,,current,coinmetrics_CapMrktCurUSD,CapMrktCurUSD
2024-03-05,dogecoin,doge,22070736630.3056,,,current,coinmetrics_CapMrktCurUSD,CapMrktCurUSD
2024-03-06,dogecoin,doge,22702985316.772083,,,current,coinmetrics_CapMrktCurUSD,CapMrktCurUSD
2024-03-07,dogecoin,doge,22508502170.9132,,,current,coinmetrics_CapMrktCurUSD,CapMrktCurUSD
2024-03-08,dogecoin,doge,23704469969.569794,,,current,coinmetrics_CapMrktCurUSD,CapMrktCurUSD
2024-03-09,dogecoin,doge,25718927514.904926,,,current,coinmetrics_CapMrktCurUSD,CapMrktCurUSD
2024-03-10,dogecoin,doge,24249752854.79463,,,current,coinmetrics_CapMrktCurUSD,CapMrktCurUSD
2024-03-11,dogecoin,doge,25963891053.91811,,,current,coinmetrics_CapMrktCurUSD,CapMrktCurUSD
2024-03-12,dogecoin,doge,24068945387.8564,,,current,coinmetrics_CapMrktCurUSD,CapMrktCurUSD
2024-03-13,dogecoin,doge,24272257924.610535,,,current,coinmetrics_CapMrktCurUSD,CapMrktCurUSD
2024-03-14,dogecoin,doge,25459961647.908207,,,current,coinmetrics_CapMrktCurUSD,CapMrktCurUSD
2024-03-15,dogecoin,doge,23385811642.52721,,,current,coinmetrics_CapMrktCurUSD,CapMrktCurUSD
2024-03-16,dogecoin,doge,20329643004.22915,,,current,coinmetrics_CapMrktCurUSD,CapMrktCurUSD
2024-03-17,dogecoin,doge,22077638625.930225,,,current,coinmetrics_CapMrktCurUSD,CapMrktCurUSD
2024-03-18,dogecoin,doge,20710853772.256447,,,current,coinmetrics_CapMrktCurUSD,CapMrktCurUSD
2024-03-19,dogecoin,doge,18429736075.322285,,,current,coinmetrics_CapMrktCurUSD,CapMrktCurUSD
2024-03-20,dogecoin,doge,21743245771.962612,,,current,coinmetrics_CapMrktCurUSD,CapMrktCurUSD
2024-03-21,dogecoin,doge,22252389600.18736,,,current,coinmetrics_CapMrktCurUSD,CapMrktCurUSD
2024-03-22,dogecoin,doge,21844808720.12901,,,current,coinmetrics_CapMrktCurUSD,CapMrktCurUSD
2024-03-23,dogecoin,doge,23419139095.295753,,,current,coinmetrics_CapMrktCurUSD,CapMrktCurUSD
2024-03-24,dogecoin,doge,25377687155.26708,,,current,coinmetrics_CapMrktCurUSD,CapMrktCurUSD
2024-03-25,dogecoin,doge,25223532841.925953,,,current,coinmetrics_CapMrktCurUSD,CapMrktCurUSD
2024-03-26,dogecoin,doge,26176752370.086506,,,current,coinmetrics_CapMrktCurUSD,CapMrktCurUSD
2024-03-27,dogecoin,doge,27167044360.363277,,,current,coinmetrics_CapMrktCurUSD,CapMrktCurUSD
2024-03-28,dogecoin,doge,31566303632.39089,,,current,coinmetrics_CapMrktCurUSD,CapMrktCurUSD
2024-03-29,dogecoin,doge,30584345370.879417,,,current,coinmetrics_CapMrktCurUSD,CapMrktCurUSD
2024-03-30,dogecoin,doge,28694708598.235374,,,current,coinmetrics_CapMrktCurUSD,CapMrktCurUSD
2024-03-31,dogecoin,doge,31641611568.53597,,,current,coinmetrics_CapMrktCurUSD,CapMrktCurUSD
2024-04-01,dogecoin,doge,29546922810.76532,,,current,coinmetrics_CapMrktCurUSD,CapMrktCurUSD
2024-04-02,dogecoin,doge,26326235894.404087,,,current,coinmetrics_CapMrktCurUSD,CapMrktCurUSD
2024-04-03,dogecoin,doge,25288928498.700974,,,current,coinmetrics_CapMrktCurUSD,CapMrktCurUSD
2024-04-04,dogecoin,doge,25799783850.271652,,,current,coinmetrics_CapMrktCurUSD,CapMrktCurUSD
2024-04-05,dogecoin,doge,25557739963.281654,,,current,coinmetrics_CapMrktCurUSD,CapMrktCurUSD
2024-04-06,dogecoin,doge,26764835301.305866,,,current,coinmetrics_CapMrktCurUSD,CapMrktCurUSD
2024-04-07,dogecoin,doge,28647093307.054745,,,current,coinmetrics_CapMrktCurUSD,CapMrktCurUSD
2024-04-08,dogecoin,doge,29167834144.932007,,,current,coinmetrics_CapMrktCurUSD,CapMrktCurUSD
2024-04-09,dogecoin,doge,27085462167.163918,,,current,coinmetrics_CapMrktCurUSD,CapMrktCurUSD
2024-04-10,dogecoin,doge,28751999157.935562,,,current,coinmetrics_CapMrktCurUSD,CapMrktCurUSD
2024-04-11,dogecoin,doge,27888185609.287903,,,current,coinmetrics_CapMrktCurUSD,CapMrktCurUSD
2024-04-12,dogecoin,doge,25074200055.4143,,,current,coinmetrics_CapMrktCurUSD,CapMrktCurUSD
2024-04-13,dogecoin,doge,22128190257.69037,,,current,coinmetrics_CapMrktCurUSD,CapMrktCurUSD
2024-04-14,dogecoin,doge,23437396249.416767,,,current,coinmetrics_CapMrktCurUSD,CapMrktCurUSD
2024-04-15,dogecoin,doge,23253157711.82008,,,current,coinmetrics_CapMrktCurUSD,CapMrktCurUSD
2024-04-16,dogecoin,doge,22513797282.18666,,,current,coinmetrics_CapMrktCurUSD,CapMrktCurUSD
2024-04-17,dogecoin,doge,21254460901.695854,,,current,coinmetrics_CapMrktCurUSD,CapMrktCurUSD
2024-04-18,dogecoin,doge,21900279216.934036,,,current,coinmetrics_CapMrktCurUSD,CapMrktCurUSD
2024-04-19,dogecoin,doge,22284460520.603065,,,current,coinmetrics_CapMrktCurUSD,CapMrktCurUSD
2024-04-20,dogecoin,doge,23421675549.000347,,,current,coinmetrics_CapMrktCurUSD,CapMrktCurUSD
2024-04-21,dogecoin,doge,22782869441.14336,,,current,coinmetrics_CapMrktCurUSD,CapMrktCurUSD
2024-04-22,dogecoin,doge,23260662351.2312,,,current,coinmetrics_CapMrktCurUSD,CapMrktCurUSD
2024-04-23,dogecoin,doge,23015369007.48572,,,current,coinmetrics_CapMrktCurUSD,CapMrktCurUSD
2024-04-24,dogecoin,doge,21752439505.073956,,,current,coinmetrics_CapMrktCurUSD,CapMrktCurUSD
2024-04-25,dogecoin,doge,21835566601.35761,,,current,coinmetrics_CapMrktCurUSD,CapMrktCurUSD
2024-04-26,dogecoin,doge,21285455050.753197,,,current,coinmetrics_CapMrktCurUSD,CapMrktCurUSD
2024-04-27,dogecoin,doge,21281218339.332092,,,current,coinmetrics_CapMrktCurUSD,CapMrktCurUSD
2024-04-28,dogecoin,doge,21132404422.7026,,,current,coinmetrics_CapMrktCurUSD,CapMrktCurUSD
2024-04-29,dogecoin,doge,20729793073.386353,,,current,coinmetrics_CapMrktCurUSD,CapMrktCurUSD
2024-04-30,dogecoin,doge,19190078746.799995,,,current,coinmetrics_CapMrktCurUSD,CapMrktCurUSD
2024-05-01,dogecoin,doge,18713921123.208,,,current,coinmetrics_CapMrktCurUSD,CapMrktCurUSD
2024-05-02,dogecoin,doge,19087411146.60517,,,current,coinmetrics_CapMrktCurUSD,CapMrktCurUSD
2024-05-03,dogecoin,doge,21123098487.362293,,,current,coinmetrics_CapMrktCurUSD,CapMrktCurUSD
2024-05-04,dogecoin,doge,23084194441.061054,,,current,coinmetrics_CapMrktCurUSD,CapMrktCurUSD
2024-05-05,dogecoin,doge,23179070851.028828,,,current,coinmetrics_CapMrktCurUSD,CapMrktCurUSD
2024-05-06,dogecoin,doge,22586913641.39171,,,current,coinmetrics_CapMrktCurUSD,CapMrktCurUSD
2024-05-07,dogecoin,doge,21674165496.595276,,,current,coinmetrics_CapMrktCurUSD,CapMrktCurUSD
2024-05-08,dogecoin,doge,20608311575.71914,,,current,coinmetrics_CapMrktCurUSD,CapMrktCurUSD
2024-05-09,dogecoin,doge,21888139430.583897,,,current,coinmetrics_CapMrktCurUSD,CapMrktCurUSD
2024-05-10,dogecoin,doge,20777925906.670006,,,current,coinmetrics_CapMrktCurUSD,CapMrktCurUSD
2024-05-11,dogecoin,doge,20638276216.804558,,,current,coinmetrics_CapMrktCurUSD,CapMrktCurUSD
2024-05-12,dogecoin,doge,20366685800.34467,,,current,coinmetrics_CapMrktCurUSD,CapMrktCurUSD
2024-05-13,dogecoin,doge,21425724472.88527,,,current,coinmetrics_CapMrktCurUSD,CapMrktCurUSD
2024-05-14,dogecoin,doge,20932824916.565735,,,current,coinmetrics_CapMrktCurUSD,CapMrktCurUSD
2024-05-15,dogecoin,doge,22475499286.35977,,,current,coinmetrics_CapMrktCurUSD,CapMrktCurUSD
2024-05-16,dogecoin,doge,21600402681.548046,,,current,coinmetrics_CapMrktCurUSD,CapMrktCurUSD
2024-05-17,dogecoin,doge,22470032564.41489,,,current,coinmetrics_CapMrktCurUSD,CapMrktCurUSD
2024-05-18,dogecoin,doge,22094253697.75892,,,current,coinmetrics_CapMrktCurUSD,CapMrktCurUSD
2024-05-19,dogecoin,doge,21505472488.552586,,,current,coinmetrics_CapMrktCurUSD,CapMrktCurUSD
2024-05-20,dogecoin,doge,23795180609.193783,,,current,coinmetrics_CapMrktCurUSD,CapMrktCurUSD
2024-05-21,dogecoin,doge,24555169925.11691,,,current,coinmetrics_CapMrktCurUSD,CapMrktCurUSD
2024-05-22,dogecoin,doge,23945813093.333397,,,current,coinmetrics_CapMrktCurUSD,CapMrktCurUSD
2024-05-23,dogecoin,doge,23002959916.68152,,,current,coinmetrics_CapMrktCurUSD,CapMrktCurUSD
2024-05-24,dogecoin,doge,23637135491.462097,,,current,coinmetrics_CapMrktCurUSD,CapMrktCurUSD
2024-05-25,dogecoin,doge,24864977123.2108,,,current,coinmetrics_CapMrktCurUSD,CapMrktCurUSD
2024-05-26,dogecoin,doge,24009818497.852783,,,current,coinmetrics_CapMrktCurUSD,CapMrktCurUSD
2024-05-27,dogecoin,doge,24402518878.694183,,,current,coinmetrics_CapMrktCurUSD,CapMrktCurUSD
2024-05-28,dogecoin,doge,23861334136.24484,,,current,coinmetrics_CapMrktCurUSD,CapMrktCurUSD
2024-05-29,dogecoin,doge,23684788263.427784,,,current,coinmetrics_CapMrktCurUSD,CapMrktCurUSD
2024-05-30,dogecoin,doge,23054371651.096012,,,current,coinmetrics_CapMrktCurUSD,CapMrktCurUSD
2024-05-31,dogecoin,doge,22961673643.202534,,,current,coinmetrics_CapMrktCurUSD,CapMrktCurUSD
2024-06-01,dogecoin,doge,23150238243.334,,,current,coinmetrics_CapMrktCurUSD,CapMrktCurUSD
2024-06-02,dogecoin,doge,22707221036.038223,,,current,coinmetrics_CapMrktCurUSD,CapMrktCurUSD
2024-06-03,dogecoin,doge,22881803055.212383,,,current,coinmetrics_CapMrktCurUSD,CapMrktCurUSD
2024-06-04,dogecoin,doge,23331314254.605858,,,current,coinmetrics_CapMrktCurUSD,CapMrktCurUSD
2024-06-05,dogecoin,doge,23601897710.26093,,,current,coinmetrics_CapMrktCurUSD,CapMrktCurUSD
2024-06-06,dogecoin,doge,23174963546.331585,,,current,coinmetrics_CapMrktCurUSD,CapMrktCurUSD
2024-06-07,dogecoin,doge,21427664671.165573,,,current,coinmetrics_CapMrktCurUSD,CapMrktCurUSD
2024-06-08,dogecoin,doge,21099165873.020206,,,current,coinmetrics_CapMrktCurUSD,CapMrktCurUSD
2024-06-09,dogecoin,doge,21234812240.768448,,,current,coinmetrics_CapMrktCurUSD,CapMrktCurUSD
2024-06-10,dogecoin,doge,20931129687.34452,,,current,coinmetrics_CapMrktCurUSD,CapMrktCurUSD
2024-06-11,dogecoin,doge,19985735065.20366,,,current,coinmetrics_CapMrktCurUSD,CapMrktCurUSD
2024-06-12,dogecoin,doge,21111760480.45539,,,current,coinmetrics_CapMrktCurUSD,CapMrktCurUSD
2024-06-13,dogecoin,doge,20426223086.33195,,,current,coinmetrics_CapMrktCurUSD,CapMrktCurUSD
2024-06-14,dogecoin,doge,19519260094.41787,,,current,coinmetrics_CapMrktCurUSD,CapMrktCurUSD
2024-06-15,dogecoin,doge,19776702847.837494,,,current,coinmetrics_CapMrktCurUSD,CapMrktCurUSD
2024-06-16,dogecoin,doge,19818297380.917576,,,current,coinmetrics_CapMrktCurUSD,CapMrktCurUSD
2024-06-17,dogecoin,doge,18680431093.90152,,,current,coinmetrics_CapMrktCurUSD,CapMrktCurUSD
2024-06-18,dogecoin,doge,17662973346.892654,,,current,coinmetrics_CapMrktCurUSD,CapMrktCurUSD
2024-06-19,dogecoin,doge,17695429743.417427,,,current,coinmetrics_CapMrktCurUSD,CapMrktCurUSD
2024-06-20,dogecoin,doge,18013868017.726402,,,current,coinmetrics_CapMrktCurUSD,CapMrktCurUSD
2024-06-21,dogecoin,doge,17958591798.977234,,,current,coinmetrics_CapMrktCurUSD,CapMrktCurUSD
2024-06-22,dogecoin,doge,17933657893.867355,,,current,coinmetrics_CapMrktCurUSD,CapMrktCurUSD
2024-06-23,dogecoin,doge,17711332210.396473,,,current,coinmetrics_CapMrktCurUSD,CapMrktCurUSD
2024-06-24,dogecoin,doge,17216347985.951477,,,current,coinmetrics_CapMrktCurUSD,CapMrktCurUSD
2024-06-25,dogecoin,doge,18233488839.82828,,,current,coinmetrics_CapMrktCurUSD,CapMrktCurUSD
2024-06-26,dogecoin,doge,17778836113.57242,,,current,coinmetrics_CapMrktCurUSD,CapMrktCurUSD
2024-06-27,dogecoin,doge,18381852853.18775,,,current,coinmetrics_CapMrktCurUSD,CapMrktCurUSD
2024-06-28,dogecoin,doge,17799980685.83175,,,current,coinmetrics_CapMrktCurUSD,CapMrktCurUSD
2024-06-29,dogecoin,doge,17632066506.67093,,,current,coinmetrics_CapMrktCurUSD,CapMrktCurUSD
2024-06-30,dogecoin,doge,18038069590.86613,,,current,coinmetrics_CapMrktCurUSD,CapMrktCurUSD
2024-07-01,dogecoin,doge,17885803317.952705,,,current,coinmetrics_CapMrktCurUSD,CapMrktCurUSD
2024-07-02,dogecoin,doge,18111307558.241295,,,current,coinmetrics_CapMrktCurUSD,CapMrktCurUSD
2024-07-03,dogecoin,doge,17159690030.632236,,,current,coinmetrics_CapMrktCurUSD,CapMrktCurUSD
2024-07-04,dogecoin,doge,15281889740.865784,,,current,coinmetrics_CapMrktCurUSD,CapMrktCurUSD
2024-07-05,dogecoin,doge,15340474056.023603,,,current,coinmetrics_CapMrktCurUSD,CapMrktCurUSD
2024-07-06,dogecoin,doge,16454818584.670769,,,current,coinmetrics_CapMrktCurUSD,CapMrktCurUSD
2024-07-07,dogecoin,doge,15157512566.76218,,,current,coinmetrics_CapMrktCurUSD,CapMrktCurUSD
2024-07-08,dogecoin,doge,15610616905.13327,,,current,coinmetrics_CapMrktCurUSD,CapMrktCurUSD
2024-07-09,dogecoin,doge,15583200605.016066,,,current,coinmetrics_CapMrktCurUSD,CapMrktCurUSD
2024-07-10,dogecoin,doge,15650120943.854824,,,current,coinmetrics_CapMrktCurUSD,CapMrktCurUSD
2024-07-11,dogecoin,doge,15454916045.28632,,,current,coinmetrics_CapMrktCurUSD,CapMrktCurUSD
2024-07-12,dogecoin,doge,15599611210.701817,,,current,coinmetrics_CapMrktCurUSD,CapMrktCurUSD
2024-07-13,dogecoin,doge,16302155617.810171,,,current,coinmetrics_CapMrktCurUSD,CapMrktCurUSD
2024-07-14,dogecoin,doge,16813082395.78734,,,current,coinmetrics_CapMrktCurUSD,CapMrktCurUSD
2024-07-15,dogecoin,doge,18127560764.83042,,,current,coinmetrics_CapMrktCurUSD,CapMrktCurUSD
2024-07-16,dogecoin,doge,18123575857.018826,,,current,coinmetrics_CapMrktCurUSD,CapMrktCurUSD
2024-07-17,dogecoin,doge,17709067113.78396,,,current,coinmetrics_CapMrktCurUSD,CapMrktCurUSD
2024-07-18,dogecoin,doge,17363584102.07805,,,current,coinmetrics_CapMrktCurUSD,CapMrktCurUSD
2024-07-19,dogecoin,doge,18236019279.6362,,,current,coinmetrics_CapMrktCurUSD,CapMrktCurUSD
2024-07-20,dogecoin,doge,19507256009.11389,,,current,coinmetrics_CapMrktCurUSD,CapMrktCurUSD
2024-07-21,dogecoin,doge,20356078409.575607,,,current,coinmetrics_CapMrktCurUSD,CapMrktCurUSD
2024-07-22,dogecoin,doge,20021804907.103527,,,current,coinmetrics_CapMrktCurUSD,CapMrktCurUSD
2024-07-23,dogecoin,doge,18924398122.749035,,,current,coinmetrics_CapMrktCurUSD,CapMrktCurUSD
2024-07-24,dogecoin,doge,18548167296.63374,,,current,coinmetrics_CapMrktCurUSD,CapMrktCurUSD
2024-07-25,dogecoin,doge,18172983625.109146,,,current,coinmetrics_CapMrktCurUSD,CapMrktCurUSD
2024-07-26,dogecoin,doge,19530547666.17844,,,current,coinmetrics_CapMrktCurUSD,CapMrktCurUSD
2024-07-27,dogecoin,doge,19175682076.374184,,,current,coinmetrics_CapMrktCurUSD,CapMrktCurUSD
2024-07-28,dogecoin,doge,18850790870.196903,,,current,coinmetrics_CapMrktCurUSD,CapMrktCurUSD
2024-07-29,dogecoin,doge,18684411672.0814,,,current,coinmetrics_CapMrktCurUSD,CapMrktCurUSD
2024-07-30,dogecoin,doge,18241758165.512363,,,current,coinmetrics_CapMrktCurUSD,CapMrktCurUSD
2024-07-31,dogecoin,doge,17740314053.014385,,,current,coinmetrics_CapMrktCurUSD,CapMrktCurUSD
2024-08-01,dogecoin,doge,17304730767.633385,,,current,coinmetrics_CapMrktCurUSD,CapMrktCurUSD
2024-08-02,dogecoin,doge,16190035499.664549,,,current,coinmetrics_CapMrktCurUSD,CapMrktCurUSD
2024-08-03,dogecoin,doge,15716069558.240953,,,current,coinmetrics_CapMrktCurUSD,CapMrktCurUSD
2024-08-04,dogecoin,doge,15126850306.63747,,,current,coinmetrics_CapMrktCurUSD,CapMrktCurUSD
2024-08-05,dogecoin,doge,13805622587.568476,,,current,coinmetrics_CapMrktCurUSD,CapMrktCurUSD
2024-08-06,dogecoin,doge,14008945008.57336,,,current,coinmetrics_CapMrktCurUSD,CapMrktCurUSD
2024-08-07,dogecoin,doge,13916617860.082548,,,current,coinmetrics_CapMrktCurUSD,CapMrktCurUSD
2024-08-08,dogecoin,doge,15576808085.9407,,,current,coinmetrics_CapMrktCurUSD,CapMrktCurUSD
2024-08-09,dogecoin,doge,15075145374.15674,,,current,coinmetrics_CapMrktCurUSD,CapMrktCurUSD
2024-08-10,dogecoin,doge,15289716239.532572,,,current,coinmetrics_CapMrktCurUSD,CapMrktCurUSD
2024-08-11,dogecoin,doge,14639716105.51418,,,current,coinmetrics_CapMrktCurUSD,CapMrktCurUSD
2024-08-12,dogecoin,doge,15702119663.806929,,,current,coinmetrics_CapMrktCurUSD,CapMrktCurUSD
2024-08-13,dogecoin,doge,15482297499.256245,,,current,coinmetrics_CapMrktCurUSD,CapMrktCurUSD
2024-08-14,dogecoin,doge,14939139414.764109,,,current,coinmetrics_CapMrktCurUSD,CapMrktCurUSD
2024-08-15,dogecoin,doge,14598658223.055767,,,current,coinmetrics_CapMrktCurUSD,CapMrktCurUSD
2024-08-16,dogecoin,doge,14607997627.890598,,,current,coinmetrics_CapMrktCurUSD,CapMrktCurUSD
2024-08-17,dogecoin,doge,14954503810.271215,,,current,coinmetrics_CapMrktCurUSD,CapMrktCurUSD
2024-08-18,dogecoin,doge,14636206235.397923,,,current,coinmetrics_CapMrktCurUSD,CapMrktCurUSD
2024-08-19,dogecoin,doge,14724328633.664335,,,current,coinmetrics_CapMrktCurUSD,CapMrktCurUSD
2024-08-20,dogecoin,doge,15026451866.779491,,,current,coinmetrics_CapMrktCurUSD,CapMrktCurUSD
2024-08-21,dogecoin,doge,15453655285.608967,,,current,coinmetrics_CapMrktCurUSD,CapMrktCurUSD
2024-08-22,dogecoin,doge,15341036221.33696,,,current,coinmetrics_CapMrktCurUSD,CapMrktCurUSD
2024-08-23,dogecoin,doge,16483688480.826384,,,current,coinmetrics_CapMrktCurUSD,CapMrktCurUSD
2024-08-24,dogecoin,doge,16365769467.625723,,,current,coinmetrics_CapMrktCurUSD,CapMrktCurUSD
2024-08-25,dogecoin,doge,16049371222.813284,,,current,coinmetrics_CapMrktCurUSD,CapMrktCurUSD
2024-08-26,dogecoin,doge,15356199941.846088,,,current,coinmetrics_CapMrktCurUSD,CapMrktCurUSD
2024-08-27,dogecoin,doge,14426803182.239313,,,current,coinmetrics_CapMrktCurUSD,CapMrktCurUSD
2024-08-28,dogecoin,doge,14520837852.193323,,,current,coinmetrics_CapMrktCurUSD,CapMrktCurUSD
2024-08-29,dogecoin,doge,14620469133.2134,,,current,coinmetrics_CapMrktCurUSD,CapMrktCurUSD
2024-08-30,dogecoin,doge,14815723458.068527,,,current,coinmetrics_CapMrktCurUSD,CapMrktCurUSD
2024-08-31,dogecoin,doge,14762830072.4519,,,current,coinmetrics_CapMrktCurUSD,CapMrktCurUSD
2024-09-01,dogecoin,doge,13903144365.700924,,,current,coinmetrics_CapMrktCurUSD,CapMrktCurUSD
2024-09-02,dogecoin,doge,14452261828.958069,,,current,coinmetrics_CapMrktCurUSD,CapMrktCurUSD
2024-09-03,dogecoin,doge,14137181115.380707,,,current,coinmetrics_CapMrktCurUSD,CapMrktCurUSD
2024-09-04,dogecoin,doge,14309116764.762472,,,current,coinmetrics_CapMrktCurUSD,CapMrktCurUSD
2024-09-05,dogecoin,doge,14343688902.02761,,,current,coinmetrics_CapMrktCurUSD,CapMrktCurUSD
2024-09-06,dogecoin,doge,13463555067.004858,,,current,coinmetrics_CapMrktCurUSD,CapMrktCurUSD
2024-09-07,dogecoin,doge,13864713808.468338,,,current,coinmetrics_CapMrktCurUSD,CapMrktCurUSD
2024-09-08,dogecoin,doge,14016379741.868042,,,current,coinmetrics_CapMrktCurUSD,CapMrktCurUSD
2024-09-09,dogecoin,doge,15153243823.986225,,,current,coinmetrics_CapMrktCurUSD,CapMrktCurUSD
2024-09-10,dogecoin,doge,14997173099.592028,,,current,coinmetrics_CapMrktCurUSD,CapMrktCurUSD
2024-09-11,dogecoin,doge,14794617329.368616,,,current,coinmetrics_CapMrktCurUSD,CapMrktCurUSD
2024-09-12,dogecoin,doge,15007821355.244154,,,current,coinmetrics_CapMrktCurUSD,CapMrktCurUSD
2024-09-13,dogecoin,doge,15594198052.296907,,,current,coinmetrics_CapMrktCurUSD,CapMrktCurUSD
2024-09-14,dogecoin,doge,15393129609.267977,,,current,coinmetrics_CapMrktCurUSD,CapMrktCurUSD
2024-09-15,dogecoin,doge,15017569827.922512,,,current,coinmetrics_CapMrktCurUSD,CapMrktCurUSD
2024-09-16,dogecoin,doge,14548531661.506752,,,current,coinmetrics_CapMrktCurUSD,CapMrktCurUSD
2024-09-17,dogecoin,doge,14743480773.004429,,,current,coinmetrics_CapMrktCurUSD,CapMrktCurUSD
2024-09-18,dogecoin,doge,15063420857.596048,,,current,coinmetrics_CapMrktCurUSD,CapMrktCurUSD
2024-09-19,dogecoin,doge,15359885518.890285,,,current,coinmetrics_CapMrktCurUSD,CapMrktCurUSD
2024-09-20,dogecoin,doge,15390542903.825544,,,current,coinmetrics_CapMrktCurUSD,CapMrktCurUSD
2024-09-21,dogecoin,doge,16069825104.806587,,,current,coinmetrics_CapMrktCurUSD,CapMrktCurUSD
2024-09-22,dogecoin,doge,15523949553.23212,,,current,coinmetrics_CapMrktCurUSD,CapMrktCurUSD
2024-09-23,dogecoin,doge,15793870017.207434,,,current,coinmetrics_CapMrktCurUSD,CapMrktCurUSD
2024-09-24,dogecoin,doge,16028100403.80694,,,current,coinmetrics_CapMrktCurUSD,CapMrktCurUSD
2024-09-25,dogecoin,doge,15838363769.213009,,,current,coinmetrics_CapMrktCurUSD,CapMrktCurUSD
2024-09-26,dogecoin,doge,17226177307.37092,,,current,coinmetrics_CapMrktCurUSD,CapMrktCurUSD
2024-09-27,dogecoin,doge,18092449043.28217,,,current,coinmetrics_CapMrktCurUSD,CapMrktCurUSD
2024-09-28,dogecoin,doge,18755493409.12668,,,current,coinmetrics_CapMrktCurUSD,CapMrktCurUSD
2024-09-29,dogecoin,doge,18248919200.18565,,,current,coinmetrics_CapMrktCurUSD,CapMrktCurUSD
2024-09-30,dogecoin,doge,16710582025.702513,,,current,coinmetrics_CapMrktCurUSD,CapMrktCurUSD
2024-10-01,dogecoin,doge,15631638340.867195,,,current,coinmetrics_CapMrktCurUSD,CapMrktCurUSD
2024-10-02,dogecoin,doge,15334372843.374315,,,current,coinmetrics_CapMrktCurUSD,CapMrktCurUSD
2024-10-03,dogecoin,doge,15367060434.1813,,,current,coinmetrics_CapMrktCurUSD,CapMrktCurUSD
2024-10-04,dogecoin,doge,15948318993.923603,,,current,coinmetrics_CapMrktCurUSD,CapMrktCurUSD
2024-10-05,dogecoin,doge,16008219044.205605,,,current,coinmetrics_CapMrktCurUSD,CapMrktCurUSD
2024-10-06,dogecoin,doge,16303939435.182331,,,current,coinmetrics_CapMrktCurUSD,CapMrktCurUSD
2024-10-07,dogecoin,doge,15991891141.336494,,,current,coinmetrics_CapMrktCurUSD,CapMrktCurUSD
2024-10-08,dogecoin,doge,15636679725.180733,,,current,coinmetrics_CapMrktCurUSD,CapMrktCurUSD
2024-10-09,dogecoin,doge,15776403037.923216,,,current,coinmetrics_CapMrktCurUSD,CapMrktCurUSD
2024-10-10,dogecoin,doge,15503517469.77199,,,current,coinmetrics_CapMrktCurUSD,CapMrktCurUSD
2024-10-11,dogecoin,doge,16217276200.428867,,,current,coinmetrics_CapMrktCurUSD,CapMrktCurUSD
2024-10-12,dogecoin,doge,16298278148.698088,,,current,coinmetrics_CapMrktCurUSD,CapMrktCurUSD
2024-10-13,dogecoin,doge,16280118001.000929,,,current,coinmetrics_CapMrktCurUSD,CapMrktCurUSD
2024-10-14,dogecoin,doge,17083956797.818888,,,current,coinmetrics_CapMrktCurUSD,CapMrktCurUSD
2024-10-15,dogecoin,doge,17111844613.189108,,,current,coinmetrics_CapMrktCurUSD,CapMrktCurUSD
2024-10-16,dogecoin,doge,18436079195.17463,,,current,coinmetrics_CapMrktCurUSD,CapMrktCurUSD
2024-10-17,dogecoin,doge,18888785465.684887,,,current,coinmetrics_CapMrktCurUSD,CapMrktCurUSD
2024-10-18,dogecoin,doge,20127764918.922153,,,current,coinmetrics_CapMrktCurUSD,CapMrktCurUSD
2024-10-19,dogecoin,doge,21186510668.610893,,,current,coinmetrics_CapMrktCurUSD,CapMrktCurUSD
2024-10-20,dogecoin,doge,20834932916.013226,,,current,coinmetrics_CapMrktCurUSD,CapMrktCurUSD
2024-10-21,dogecoin,doge,21055402134.034313,,,current,coinmetrics_CapMrktCurUSD,CapMrktCurUSD
2024-10-22,dogecoin,doge,20467809277.164536,,,current,coinmetrics_CapMrktCurUSD,CapMrktCurUSD
2024-10-23,dogecoin,doge,20444425580.062572,,,current,coinmetrics_CapMrktCurUSD,CapMrktCurUSD
2024-10-24,dogecoin,doge,20827374653.356293,,,current,coinmetrics_CapMrktCurUSD,CapMrktCurUSD
2024-10-25,dogecoin,doge,19095927131.021,,,current,coinmetrics_CapMrktCurUSD,CapMrktCurUSD
2024-10-26,dogecoin,doge,20129534763.942726,,,current,coinmetrics_CapMrktCurUSD,CapMrktCurUSD
2024-10-27,dogecoin,doge,21176846015.950768,,,current,coinmetrics_CapMrktCurUSD,CapMrktCurUSD
2024-10-28,dogecoin,doge,23607976534.21541,,,current,coinmetrics_CapMrktCurUSD,CapMrktCurUSD
2024-10-29,dogecoin,doge,25737127099.073956,,,current,coinmetrics_CapMrktCurUSD,CapMrktCurUSD
2024-10-30,dogecoin,doge,24722042372.332397,,,current,coinmetrics_CapMrktCurUSD,CapMrktCurUSD
2024-10-31,dogecoin,doge,23707047656.56876,,,current,coinmetrics_CapMrktCurUSD,CapMrktCurUSD
2024-11-01,dogecoin,doge,23325679932.942165,,,current,coinmetrics_CapMrktCurUSD,CapMrktCurUSD
2024-11-02,dogecoin,doge,23246360688.591003,,,current,coinmetrics_CapMrktCurUSD,CapMrktCurUSD
2024-11-03,dogecoin,doge,22207577814.264004,,,current,coinmetrics_CapMrktCurUSD,CapMrktCurUSD
2024-11-04,dogecoin,doge,23122745584.07285,,,current,coinmetrics_CapMrktCurUSD,CapMrktCurUSD
2024-11-05,dogecoin,doge,25066685023.208088,,,current,coinmetrics_CapMrktCurUSD,CapMrktCurUSD
2024-11-06,dogecoin,doge,28894743872.496407,,,current,coinmetrics_CapMrktCurUSD,CapMrktCurUSD
2024-11-07,dogecoin,doge,28281326357.459587,,,current,coinmetrics_CapMrktCurUSD,CapMrktCurUSD
2024-11-08,dogecoin,doge,29659632765.95884,,,current,coinmetrics_CapMrktCurUSD,CapMrktCurUSD
2024-11-09,dogecoin,doge,32042740688.35152,,,current,coinmetrics_CapMrktCurUSD,CapMrktCurUSD
2024-11-10,dogecoin,doge,40530415728.216576,,,current,coinmetrics_CapMrktCurUSD,CapMrktCurUSD
2024-11-11,dogecoin,doge,50551250708.36192,,,current,coinmetrics_CapMrktCurUSD,CapMrktCurUSD
2024-11-12,dogecoin,doge,56511031803.30113,,,current,coinmetrics_CapMrktCurUSD,CapMrktCurUSD
2024-11-13,dogecoin,doge,58633166354.99022,,,current,coinmetrics_CapMrktCurUSD,CapMrktCurUSD
2024-11-14,dogecoin,doge,52968745811.42646,,,current,coinmetrics_CapMrktCurUSD,CapMrktCurUSD
2024-11-15,dogecoin,doge,55721973315.62997,,,current,coinmetrics_CapMrktCurUSD,CapMrktCurUSD
2024-11-16,dogecoin,doge,53341916108.493515,,,current,coinmetrics_CapMrktCurUSD,CapMrktCurUSD
2024-11-17,dogecoin,doge,53593008472.74999,,,current,coinmetrics_CapMrktCurUSD,CapMrktCurUSD
2024-11-18,dogecoin,doge,54513407338.76287,,,current,coinmetrics_CapMrktCurUSD,CapMrktCurUSD
2024-11-19,dogecoin,doge,57327347666.89253,,,current,coinmetrics_CapMrktCurUSD,CapMrktCurUSD
2024-11-20,dogecoin,doge,55654487568.12615,,,current,coinmetrics_CapMrktCurUSD,CapMrktCurUSD
2024-11-21,dogecoin,doge,56877284335.53017,,,current,coinmetrics_CapMrktCurUSD,CapMrktCurUSD
2024-11-22,dogecoin,doge,60446144192.43964,,,current,coinmetrics_CapMrktCurUSD,CapMrktCurUSD
2024-11-23,dogecoin,doge,63304642847.8643,,,current,coinmetrics_CapMrktCurUSD,CapMrktCurUSD
2024-11-24,dogecoin,doge,63314538184.09005,,,current,coinmetrics_CapMrktCurUSD,CapMrktCurUSD
2024-11-25,dogecoin,doge,57839693633.891136,,,current,coinmetrics_CapMrktCurUSD,CapMrktCurUSD
2024-11-26,dogecoin,doge,56523861639.71095,,,current,coinmetrics_CapMrktCurUSD,CapMrktCurUSD
2024-11-27,dogecoin,doge,59083021556.75286,,,current,coinmetrics_CapMrktCurUSD,CapMrktCurUSD
2024-11-28,dogecoin,doge,59165694620.45646,,,current,coinmetrics_CapMrktCurUSD,CapMrktCurUSD
2024-11-29,dogecoin,doge,62569029661.277695,,,current,coinmetrics_CapMrktCurUSD,CapMrktCurUSD
2024-11-30,dogecoin,doge,62085044285.59802,,,current,coinmetrics_CapMrktCurUSD,CapMrktCurUSD
2024-12-01,dogecoin,doge,65063726795.12984,,,current,coinmetrics_CapMrktCurUSD,CapMrktCurUSD
2024-12-02,dogecoin,doge,62339784908.23416,,,current,coinmetrics_CapMrktCurUSD,CapMrktCurUSD
2024-12-03,dogecoin,doge,60128662832.28131,,,current,coinmetrics_CapMrktCurUSD,CapMrktCurUSD
2024-12-04,dogecoin,doge,62817388805.05435,,,current,coinmetrics_CapMrktCurUSD,CapMrktCurUSD
2024-12-05,dogecoin,doge,63042592789.337585,,,current,coinmetrics_CapMrktCurUSD,CapMrktCurUSD
2024-12-06,dogecoin,doge,64075664444.88066,,,current,coinmetrics_CapMrktCurUSD,CapMrktCurUSD
2024-12-07,dogecoin,doge,66894357883.966896,,,current,coinmetrics_CapMrktCurUSD,CapMrktCurUSD
2024-12-08,dogecoin,doge,68473235555.81878,,,current,coinmetrics_CapMrktCurUSD,CapMrktCurUSD
2024-12-09,dogecoin,doge,60968781651.02074,,,current,coinmetrics_CapMrktCurUSD,CapMrktCurUSD
2024-12-10,dogecoin,doge,58032697621.34465,,,current,coinmetrics_CapMrktCurUSD,CapMrktCurUSD
2024-12-11,dogecoin,doge,61147763292.77399,,,current,coinmetrics_CapMrktCurUSD,CapMrktCurUSD
2024-12-12,dogecoin,doge,59749416215.96396,,,current,coinmetrics_CapMrktCurUSD,CapMrktCurUSD
2024-12-13,dogecoin,doge,59927703632.04473,,,current,coinmetrics_CapMrktCurUSD,CapMrktCurUSD
2024-12-14,dogecoin,doge,58606254044.41356,,,current,coinmetrics_CapMrktCurUSD,CapMrktCurUSD
2024-12-15,dogecoin,doge,59913600197.462845,,,current,coinmetrics_CapMrktCurUSD,CapMrktCurUSD
2024-12-16,dogecoin,doge,59152831933.67525,,,current,coinmetrics_CapMrktCurUSD,CapMrktCurUSD
2024-12-17,dogecoin,doge,57993688304.71161,,,current,coinmetrics_CapMrktCurUSD,CapMrktCurUSD
2024-12-18,dogecoin,doge,52798117236.7915,,,current,coinmetrics_CapMrktCurUSD,CapMrktCurUSD
2024-12-19,dogecoin,doge,46566310583.8793,,,current,coinmetrics_CapMrktCurUSD,CapMrktCurUSD
2024-12-20,dogecoin,doge,46811375611.5538,,,current,coinmetrics_CapMrktCurUSD,CapMrktCurUSD
2024-12-21,dogecoin,doge,47192243543.1681,,,current,coinmetrics_CapMrktCurUSD,CapMrktCurUSD
2024-12-22,dogecoin,doge,46012264405.654655,,,current,coinmetrics_CapMrktCurUSD,CapMrktCurUSD
2024-12-23,dogecoin,doge,47743629402.67736,,,current,coinmetrics_CapMrktCurUSD,CapMrktCurUSD
2024-12-24,dogecoin,doge,49640332928.24396,,,current,coinmetrics_CapMrktCurUSD,CapMrktCurUSD
2024-12-25,dogecoin,doge,49240658280.09389,,,current,coinmetrics_CapMrktCurUSD,CapMrktCurUSD
2024-12-26,dogecoin,doge,45921221033.11485,,,current,coinmetrics_CapMrktCurUSD,CapMrktCurUSD
2024-12-27,dogecoin,doge,45802188629.41173,,,current,coinmetrics_CapMrktCurUSD,CapMrktCurUSD
2024-12-28,dogecoin,doge,47729301607.20778,,,current,coinmetrics_CapMrktCurUSD,CapMrktCurUSD
2024-12-29,dogecoin,doge,46266116406.699585,,,current,coinmetrics_CapMrktCurUSD,CapMrktCurUSD
2024-12-30,dogecoin,doge,46133144847.58124,,,current,coinmetrics_CapMrktCurUSD,CapMrktCurUSD
2024-12-31,dogecoin,doge,46524982140.420265,,,current,coinmetrics_CapMrktCurUSD,CapMrktCurUSD
2024-03-01,ethereum,eth,413070896780.6687,,,current,coinmetrics_CapMrktCurUSD,CapMrktCurUSD
2024-03-02,ethereum,eth,410917409695.5157,,,current,coinmetrics_CapMrktCurUSD,CapMrktCurUSD
2024-03-03,ethereum,eth,418373036856.6305,,,current,coinmetrics_CapMrktCurUSD,CapMrktCurUSD
2024-03-04,ethereum,eth,436161092897.6109,,,current,coinmetrics_CapMrktCurUSD,CapMrktCurUSD
2024-03-05,ethereum,eth,426791266257.23566,,,current,coinmetrics_CapMrktCurUSD,CapMrktCurUSD
2024-03-06,ethereum,eth,458939871618.8594,,,current,coinmetrics_CapMrktCurUSD,CapMrktCurUSD
2024-03-07,ethereum,eth,464677599356.7701,,,current,coinmetrics_CapMrktCurUSD,CapMrktCurUSD
2024-03-08,ethereum,eth,467872395755.07965,,,current,coinmetrics_CapMrktCurUSD,CapMrktCurUSD
2024-03-09,ethereum,eth,470114946488.1761,,,current,coinmetrics_CapMrktCurUSD,CapMrktCurUSD
2024-03-10,ethereum,eth,465068887749.35565,,,current,coinmetrics_CapMrktCurUSD,CapMrktCurUSD
2024-03-11,ethereum,eth,489142422840.4447,,,current,coinmetrics_CapMrktCurUSD,CapMrktCurUSD
2024-03-12,ethereum,eth,476900334294.7112,,,current,coinmetrics_CapMrktCurUSD,CapMrktCurUSD
2024-03-13,ethereum,eth,480908185956.49365,,,current,coinmetrics_CapMrktCurUSD,CapMrktCurUSD
2024-03-14,ethereum,eth,466280907046.3074,,,current,coinmetrics_CapMrktCurUSD,CapMrktCurUSD
2024-03-15,ethereum,eth,448743632254.6925,,,current,coinmetrics_CapMrktCurUSD,CapMrktCurUSD
2024-03-16,ethereum,eth,422628470884.0994,,,current,coinmetrics_CapMrktCurUSD,CapMrktCurUSD
2024-03-17,ethereum,eth,436914677347.14233,,,current,coinmetrics_CapMrktCurUSD,CapMrktCurUSD
2024-03-18,ethereum,eth,423880484898.4879,,,current,coinmetrics_CapMrktCurUSD,CapMrktCurUSD
2024-03-19,ethereum,eth,380151343242.56384,,,current,coinmetrics_CapMrktCurUSD,CapMrktCurUSD
2024-03-20,ethereum,eth,422563427536.4576,,,current,coinmetrics_CapMrktCurUSD,CapMrktCurUSD
2024-03-21,ethereum,eth,419014699224.6883,,,current,coinmetrics_CapMrktCurUSD,CapMrktCurUSD
2024-03-22,ethereum,eth,398278418620.5121,,,current,coinmetrics_CapMrktCurUSD,CapMrktCurUSD
2024-03-23,ethereum,eth,402826224098.83325,,,current,coinmetrics_CapMrktCurUSD,CapMrktCurUSD
2024-03-24,ethereum,eth,414906995990.66846,,,current,coinmetrics_CapMrktCurUSD,CapMrktCurUSD
2024-03-25,ethereum,eth,431793897935.0968,,,current,coinmetrics_CapMrktCurUSD,CapMrktCurUSD
2024-03-26,ethereum,eth,431468093653.6476,,,current,coinmetrics_CapMrktCurUSD,CapMrktCurUSD
2024-03-27,ethereum,eth,420064182413.07715,,,current,coinmetrics_CapMrktCurUSD,CapMrktCurUSD
2024-03-28,ethereum,eth,428203988053.25446,,,current,coinmetrics_CapMrktCurUSD,CapMrktCurUSD
2024-03-29,ethereum,eth,422216663301.2888,,,current,coinmetrics_CapMrktCurUSD,CapMrktCurUSD
2024-03-30,ethereum,eth,421001603763.6652,,,current,coinmetrics_CapMrktCurUSD,CapMrktCurUSD
2024-03-31,ethereum,eth,437637607654.5576,,,current,coinmetrics_CapMrktCurUSD,CapMrktCurUSD
2024-04-01,ethereum,eth,421518400640.9793,,,current,coinmetrics_CapMrktCurUSD,CapMrktCurUSD
2024-04-02,ethereum,eth,394198014695.4116,,,current,coinmetrics_CapMrktCurUSD,CapMrktCurUSD
2024-04-03,ethereum,eth,398308647929.8092,,,current,coinmetrics_CapMrktCurUSD,CapMrktCurUSD
2024-04-04,ethereum,eth,399572072652.4788,,,current,coinmetrics_CapMrktCurUSD,CapMrktCurUSD
2024-04-05,ethereum,eth,399078541470.1697,,,current,coinmetrics_CapMrktCurUSD,CapMrktCurUSD
2024-04-06,ethereum,eth,404429950925.5345,,,current,coinmetrics_CapMrktCurUSD,CapMrktCurUSD
2024-04-07,ethereum,eth,413954386217.284,,,current,coinmetrics_CapMrktCurUSD,CapMrktCurUSD
2024-04-08,ethereum,eth,444293084869.32416,,,current,coinmetrics_CapMrktCurUSD,CapMrktCurUSD
2024-04-09,ethereum,eth,420164384263.2175,,,current,coinmetrics_CapMrktCurUSD,CapMrktCurUSD
2024-04-10,ethereum,eth,425217575814.1802,,,current,coinmetrics_CapMrktCurUSD,CapMrktCurUSD
2024-04-11,ethereum,eth,420750811051.75946,,,current,coinmetrics_CapMrktCurUSD,CapMrktCurUSD
2024-04-12,ethereum,eth,388428557773.26245,,,current,coinmetrics_CapMrktCurUSD,CapMrktCurUSD
2024-04-13,ethereum,eth,363861021415.1023,,,current,coinmetrics_CapMrktCurUSD,CapMrktCurUSD
2024-04-14,ethereum,eth,379290245495.98035,,,current,coinmetrics_CapMrktCurUSD,CapMrktCurUSD
2024-04-15,ethereum,eth,372597525247.19354,,,current,coinmetrics_CapMrktCurUSD,CapMrktCurUSD
2024-04-16,ethereum,eth,370845872685.86017,,,current,coinmetrics_CapMrktCurUSD,CapMrktCurUSD
2024-04-17,ethereum,eth,358407794282.978,,,current,coinmetrics_CapMrktCurUSD,CapMrktCurUSD
2024-04-18,ethereum,eth,368371393128.8903,,,current,coinmetrics_CapMrktCurUSD,CapMrktCurUSD
2024-04-19,ethereum,eth,366954029574.24335,,,current,coinmetrics_CapMrktCurUSD,CapMrktCurUSD
2024-04-20,ethereum,eth,378914210958.9692,,,current,coinmetrics_CapMrktCurUSD,CapMrktCurUSD
2024-04-21,ethereum,eth,377974604229.94794,,,current,coinmetrics_CapMrktCurUSD,CapMrktCurUSD
2024-04-22,ethereum,eth,384960384027.46893,,,current,coinmetrics_CapMrktCurUSD,CapMrktCurUSD
2024-04-23,ethereum,eth,386402185570.29224,,,current,coinmetrics_CapMrktCurUSD,CapMrktCurUSD
2024-04-24,ethereum,eth,376228123879.4441,,,current,coinmetrics_CapMrktCurUSD,CapMrktCurUSD
2024-04-25,ethereum,eth,379269960296.0585,,,current,coinmetrics_CapMrktCurUSD,CapMrktCurUSD
2024-04-26,ethereum,eth,375855424827.6707,,,current,coinmetrics_CapMrktCurUSD,CapMrktCurUSD
2024-04-27,ethereum,eth,390659207165.8136,,,current,coinmetrics_CapMrktCurUSD,CapMrktCurUSD
2024-04-28,ethereum,eth,391842597626.8832,,,current,coinmetrics_CapMrktCurUSD,CapMrktCurUSD
2024-04-29,ethereum,eth,386753524919.1743,,,current,coinmetrics_CapMrktCurUSD,CapMrktCurUSD
2024-04-30,ethereum,eth,361775569243.8784,,,current,coinmetrics_CapMrktCurUSD,CapMrktCurUSD
2024-05-01,ethereum,eth,356726195602.6768,,,current,coinmetrics_CapMrktCurUSD,CapMrktCurUSD
2024-05-02,ethereum,eth,358917057221.0322,,,current,coinmetrics_CapMrktCurUSD,CapMrktCurUSD
2024-05-03,ethereum,eth,373196143883.5149,,,current,coinmetrics_CapMrktCurUSD,CapMrktCurUSD
2024-05-04,ethereum,eth,374336891693.3599,,,current,coinmetrics_CapMrktCurUSD,CapMrktCurUSD
2024-05-05,ethereum,eth,376981046697.4079,,,current,coinmetrics_CapMrktCurUSD,CapMrktCurUSD
2024-05-06,ethereum,eth,368423882518.27655,,,current,coinmetrics_CapMrktCurUSD,CapMrktCurUSD
2024-05-07,ethereum,eth,362079795679.0039,,,current,coinmetrics_CapMrktCurUSD,CapMrktCurUSD
2024-05-08,ethereum,eth,356770689460.95996,,,current,coinmetrics_CapMrktCurUSD,CapMrktCurUSD
2024-05-09,ethereum,eth,364472369946.59753,,,current,coinmetrics_CapMrktCurUSD,CapMrktCurUSD
2024-05-10,ethereum,eth,349629483363.76556,,,current,coinmetrics_CapMrktCurUSD,CapMrktCurUSD
2024-05-11,ethereum,eth,349690007700.89264,,,current,coinmetrics_CapMrktCurUSD,CapMrktCurUSD
2024-05-12,ethereum,eth,352003901545.8455,,,current,coinmetrics_CapMrktCurUSD,CapMrktCurUSD
2024-05-13,ethereum,eth,354167408644.9484,,,current,coinmetrics_CapMrktCurUSD,CapMrktCurUSD
2024-05-14,ethereum,eth,346070984481.23694,,,current,coinmetrics_CapMrktCurUSD,CapMrktCurUSD
2024-05-15,ethereum,eth,363830966552.9596,,,current,coinmetrics_CapMrktCurUSD,CapMrktCurUSD
2024-05-16,ethereum,eth,353324561848.84485,,,current,coinmetrics_CapMrktCurUSD,CapMrktCurUSD
2024-05-17,ethereum,eth,371486331178.9644,,,current,coinmetrics_CapMrktCurUSD,CapMrktCurUSD
2024-05-18,ethereum,eth,375108822274.84827,,,current,coinmetrics_CapMrktCurUSD,CapMrktCurUSD
2024-05-19,ethereum,eth,368816741820.6226,,,current,coinmetrics_CapMrktCurUSD,CapMrktCurUSD
2024-05-20,ethereum,eth,439907646002.6881,,,current,coinmetrics_CapMrktCurUSD,CapMrktCurUSD
2024-05-21,ethereum,eth,456126094381.7448,,,current,coinmetrics_CapMrktCurUSD,CapMrktCurUSD
2024-05-22,ethereum,eth,449413617718.1221,,,current,coinmetrics_CapMrktCurUSD,CapMrktCurUSD
2024-05-23,ethereum,eth,452538666485.0124,,,current,coinmetrics_CapMrktCurUSD,CapMrktCurUSD
2024-05-24,ethereum,eth,447869134955.31824,,,current,coinmetrics_CapMrktCurUSD,CapMrktCurUSD
2024-05-25,ethereum,eth,450284938731.4552,,,current,coinmetrics_CapMrktCurUSD,CapMrktCurUSD
2024-05-26,ethereum,eth,459478056408.91113,,,current,coinmetrics_CapMrktCurUSD,CapMrktCurUSD
2024-05-27,ethereum,eth,467072767784.0712,,,current,coinmetrics_CapMrktCurUSD,CapMrktCurUSD
2024-05-28,ethereum,eth,461937527003.6465,,,current,coinmetrics_CapMrktCurUSD,CapMrktCurUSD
2024-05-29,ethereum,eth,452931893656.4989,,,current,coinmetrics_CapMrktCurUSD,CapMrktCurUSD
2024-05-30,ethereum,eth,450249699917.0199,,,current,coinmetrics_CapMrktCurUSD,CapMrktCurUSD
2024-05-31,ethereum,eth,451203485747.2596,,,current,coinmetrics_CapMrktCurUSD,CapMrktCurUSD
2024-06-01,ethereum,eth,458164117547.7568,,,current,coinmetrics_CapMrktCurUSD,CapMrktCurUSD
2024-06-02,ethereum,eth,454319407953.3998,,,current,coinmetrics_CapMrktCurUSD,CapMrktCurUSD
2024-06-03,ethereum,eth,452663028946.5335,,,current,coinmetrics_CapMrktCurUSD,CapMrktCurUSD
2024-06-04,ethereum,eth,458039955478.5173,,,current,coinmetrics_CapMrktCurUSD,CapMrktCurUSD
2024-06-05,ethereum,eth,464187491775.9396,,,current,coinmetrics_CapMrktCurUSD,CapMrktCurUSD
2024-06-06,ethereum,eth,458004828021.4691,,,current,coinmetrics_CapMrktCurUSD,CapMrktCurUSD
2024-06-07,ethereum,eth,442155533054.29376,,,current,coinmetrics_CapMrktCurUSD,CapMrktCurUSD
2024-06-08,ethereum,eth,442174089685.6215,,,current,coinmetrics_CapMrktCurUSD,CapMrktCurUSD
2024-06-09,ethereum,eth,445259002298.5613,,,current,coinmetrics_CapMrktCurUSD,CapMrktCurUSD
2024-06-10,ethereum,eth,440522177604.3931,,,current,coinmetrics_CapMrktCurUSD,CapMrktCurUSD
2024-06-11,ethereum,eth,420283177735.6964,,,current,coinmetrics_CapMrktCurUSD,CapMrktCurUSD
2024-06-12,ethereum,eth,427867901336.1545,,,current,coinmetrics_CapMrktCurUSD,CapMrktCurUSD
2024-06-13,ethereum,eth,416969718407.8417,,,current,coinmetrics_CapMrktCurUSD,CapMrktCurUSD
2024-06-14,ethereum,eth,418156652882.03424,,,current,coinmetrics_CapMrktCurUSD,CapMrktCurUSD
2024-06-15,ethereum,eth,428721299337.08954,,,current,coinmetrics_CapMrktCurUSD,CapMrktCurUSD
2024-06-16,ethereum,eth,434969448760.20264,,,current,coinmetrics_CapMrktCurUSD,CapMrktCurUSD
2024-06-17,ethereum,eth,421737502289.85925,,,current,coinmetrics_CapMrktCurUSD,CapMrktCurUSD
2024-06-18,ethereum,eth,417913151349.3612,,,current,coinmetrics_CapMrktCurUSD,CapMrktCurUSD
2024-06-19,ethereum,eth,427521731914.37714,,,current,coinmetrics_CapMrktCurUSD,CapMrktCurUSD
2024-06-20,ethereum,eth,422130592195.4088,,,current,coinmetrics_CapMrktCurUSD,CapMrktCurUSD
2024-06-21,ethereum,eth,422814275905.84454,,,current,coinmetrics_CapMrktCurUSD,CapMrktCurUSD
2024-06-22,ethereum,eth,420166839186.0901,,,current,coinmetrics_CapMrktCurUSD,CapMrktCurUSD
2024-06-23,ethereum,eth,411012084269.7799,,,current,coinmetrics_CapMrktCurUSD,CapMrktCurUSD
2024-06-24,ethereum,eth,402331050309.6946,,,current,coinmetrics_CapMrktCurUSD,CapMrktCurUSD
2024-06-25,ethereum,eth,407749479274.09955,,,current,coinmetrics_CapMrktCurUSD,CapMrktCurUSD
2024-06-26,ethereum,eth,404902380073.452,,,current,coinmetrics_CapMrktCurUSD,CapMrktCurUSD
2024-06-27,ethereum,eth,413903975260.2951,,,current,coinmetrics_CapMrktCurUSD,CapMrktCurUSD
2024-06-28,ethereum,eth,405371148774.94336,,,current,coinmetrics_CapMrktCurUSD,CapMrktCurUSD
2024-06-29,ethereum,eth,405471140680.0986,,,current,coinmetrics_CapMrktCurUSD,CapMrktCurUSD
2024-06-30,ethereum,eth,413216154556.00806,,,current,coinmetrics_CapMrktCurUSD,CapMrktCurUSD
2024-07-01,ethereum,eth,413192586128.4048,,,current,coinmetrics_CapMrktCurUSD,CapMrktCurUSD
2024-07-02,ethereum,eth,410837991835.3708,,,current,coinmetrics_CapMrktCurUSD,CapMrktCurUSD
2024-07-03,ethereum,eth,395999802973.48645,,,current,coinmetrics_CapMrktCurUSD,CapMrktCurUSD
2024-07-04,ethereum,eth,370287628113.0997,,,current,coinmetrics_CapMrktCurUSD,CapMrktCurUSD
2024-07-05,ethereum,eth,358938533149.40094,,,current,coinmetrics_CapMrktCurUSD,CapMrktCurUSD
2024-07-06,ethereum,eth,368764270834.07086,,,current,coinmetrics_CapMrktCurUSD,CapMrktCurUSD
2024-07-07,ethereum,eth,352537910982.17975,,,current,coinmetrics_CapMrktCurUSD,CapMrktCurUSD
2024-07-08,ethereum,eth,363073291737.08496,,,current,coinmetrics_CapMrktCurUSD,CapMrktCurUSD
2024-07-09,ethereum,eth,368334006224.79834,,,current,coinmetrics_CapMrktCurUSD,CapMrktCurUSD
2024-07-10,ethereum,eth,372784136927.5169,,,current,coinmetrics_CapMrktCurUSD,CapMrktCurUSD
2024-07-11,ethereum,eth,372271460544.9565,,,current,coinmetrics_CapMrktCurUSD,CapMrktCurUSD
2024-07-12,ethereum,eth,376310638133.1629,,,current,coinmetrics_CapMrktCurUSD,CapMrktCurUSD
2024-07-13,ethereum,eth,382506762321.85455,,,current,coinmetrics_CapMrktCurUSD,CapMrktCurUSD
2024-07-14,ethereum,eth,391507735299.6585,,,current,coinmetrics_CapMrktCurUSD,CapMrktCurUSD
2024-07-15,ethereum,eth,419321807455.40344,,,current,coinmetrics_CapMrktCurUSD,CapMrktCurUSD
2024-07-16,ethereum,eth,414366986650.648,,,current,coinmetrics_CapMrktCurUSD,CapMrktCurUSD
2024-07-17,ethereum,eth,408045422254.2497,,,current,coinmetrics_CapMrktCurUSD,CapMrktCurUSD
2024-07-18,ethereum,eth,412501147202.1565,,,current,coinmetrics_CapMrktCurUSD,CapMrktCurUSD
2024-07-19,ethereum,eth,421689382751.8767,,,current,coinmetrics_CapMrktCurUSD,CapMrktCurUSD
2024-07-20,ethereum,eth,423268912049.97534,,,current,coinmetrics_CapMrktCurUSD,CapMrktCurUSD
2024-07-21,ethereum,eth,424467907087.11774,,,current,coinmetrics_CapMrktCurUSD,CapMrktCurUSD
2024-07-22,ethereum,eth,413829175436.46155,,,current,coinmetrics_CapMrktCurUSD,CapMrktCurUSD
2024-07-23,ethereum,eth,418740518223.13,,,current,coinmetrics_CapMrktCurUSD,CapMrktCurUSD
2024-07-24,ethereum,eth,400591335012.1584,,,current,coinmetrics_CapMrktCurUSD,CapMrktCurUSD
2024-07-25,ethereum,eth,381600624988.4637,,,current,coinmetrics_CapMrktCurUSD,CapMrktCurUSD
2024-07-26,ethereum,eth,394258867942.0465,,,current,coinmetrics_CapMrktCurUSD,CapMrktCurUSD
2024-07-27,ethereum,eth,391301038823.5371,,,current,coinmetrics_CapMrktCurUSD,CapMrktCurUSD
2024-07-28,ethereum,eth,393282639767.9759,,,current,coinmetrics_CapMrktCurUSD,CapMrktCurUSD
2024-07-29,ethereum,eth,399598754284.12085,,,current,coinmetrics_CapMrktCurUSD,CapMrktCurUSD
2024-07-30,ethereum,eth,393957363297.6566,,,current,coinmetrics_CapMrktCurUSD,CapMrktCurUSD
2024-07-31,ethereum,eth,388620837000.78546,,,current,coinmetrics_CapMrktCurUSD,CapMrktCurUSD
2024-08-01,ethereum,eth,385201842134.8623,,,current,coinmetrics_CapMrktCurUSD,CapMrktCurUSD
2024-08-02,ethereum,eth,358959439474.1413,,,current,coinmetrics_CapMrktCurUSD,CapMrktCurUSD
2024-08-03,ethereum,eth,349318922552.1244,,,current,coinmetrics_CapMrktCurUSD,CapMrktCurUSD
2024-08-04,ethereum,eth,324513685553.4667,,,current,coinmetrics_CapMrktCurUSD,CapMrktCurUSD
2024-08-05,ethereum,eth,292736211216.7566,,,current,coinmetrics_CapMrktCurUSD,CapMrktCurUSD
2024-08-06,ethereum,eth,295671092390.3347,,,current,coinmetrics_CapMrktCurUSD,CapMrktCurUSD
2024-08-07,ethereum,eth,282167773982.83136,,,current,coinmetrics_CapMrktCurUSD,CapMrktCurUSD
2024-08-08,ethereum,eth,323107370461.5184,,,current,coinmetrics_CapMrktCurUSD,CapMrktCurUSD
2024-08-09,ethereum,eth,311841508207.4857,,,current,coinmetrics_CapMrktCurUSD,CapMrktCurUSD
2024-08-10,ethereum,eth,313522194925.6644,,,current,coinmetrics_CapMrktCurUSD,CapMrktCurUSD
2024-08-11,ethereum,eth,307770132274.1938,,,current,coinmetrics_CapMrktCurUSD,CapMrktCurUSD
2024-08-12,ethereum,eth,328203972885.00903,,,current,coinmetrics_CapMrktCurUSD,CapMrktCurUSD
2024-08-13,ethereum,eth,325041062370.70465,,,current,coinmetrics_CapMrktCurUSD,CapMrktCurUSD
2024-08-14,ethereum,eth,320750225027.4541,,,current,coinmetrics_CapMrktCurUSD,CapMrktCurUSD
2024-08-15,ethereum,eth,309567186768.5115,,,current,coinmetrics_CapMrktCurUSD,CapMrktCurUSD
2024-08-16,ethereum,eth,312068346098.84955,,,current,coinmetrics_CapMrktCurUSD,CapMrktCurUSD
2024-08-17,ethereum,eth,314202244706.5862,,,current,coinmetrics_CapMrktCurUSD,CapMrktCurUSD
2024-08-18,ethereum,eth,315725181970.07935,,,current,coinmetrics_CapMrktCurUSD,CapMrktCurUSD
2024-08-19,ethereum,eth,316593478589.2941,,,current,coinmetrics_CapMrktCurUSD,CapMrktCurUSD
2024-08-20,ethereum,eth,310114926714.1484,,,current,coinmetrics_CapMrktCurUSD,CapMrktCurUSD
2024-08-21,ethereum,eth,316170790110.0504,,,current,coinmetrics_CapMrktCurUSD,CapMrktCurUSD
2024-08-22,ethereum,eth,315564643953.7959,,,current,coinmetrics_CapMrktCurUSD,CapMrktCurUSD
2024-08-23,ethereum,eth,332751686029.2792,,,current,coinmetrics_CapMrktCurUSD,CapMrktCurUSD
2024-08-24,ethereum,eth,332270007563.224,,,current,coinmetrics_CapMrktCurUSD,CapMrktCurUSD
2024-08-25,ethereum,eth,331812475171.8516,,,current,coinmetrics_CapMrktCurUSD,CapMrktCurUSD
2024-08-26,ethereum,eth,323181574471.2665,,,current,coinmetrics_CapMrktCurUSD,CapMrktCurUSD
2024-08-27,ethereum,eth,296118474824.2554,,,current,coinmetrics_CapMrktCurUSD,CapMrktCurUSD
2024-08-28,ethereum,eth,304319633711.4737,,,current,coinmetrics_CapMrktCurUSD,CapMrktCurUSD
2024-08-29,ethereum,eth,304049253762.82007,,,current,coinmetrics_CapMrktCurUSD,CapMrktCurUSD
2024-08-30,ethereum,eth,304010215004.2873,,,current,coinmetrics_CapMrktCurUSD,CapMrktCurUSD
2024-08-31,ethereum,eth,302404962628.9931,,,current,coinmetrics_CapMrktCurUSD,CapMrktCurUSD
2024-09-01,ethereum,eth,291888730978.41626,,,current,coinmetrics_CapMrktCurUSD,CapMrktCurUSD
2024-09-02,ethereum,eth,305449971682.2064,,,current,coinmetrics_CapMrktCurUSD,CapMrktCurUSD
2024-09-03,ethereum,eth,293567769986.86053,,,current,coinmetrics_CapMrktCurUSD,CapMrktCurUSD
2024-09-04,ethereum,eth,295152108259.7269,,,current,coinmetrics_CapMrktCurUSD,CapMrktCurUSD
2024-09-05,ethereum,eth,284837870532.2597,,,current,coinmetrics_CapMrktCurUSD,CapMrktCurUSD
2024-09-06,ethereum,eth,267203613611.2012,,,current,coinmetrics_CapMrktCurUSD,CapMrktCurUSD
2024-09-07,ethereum,eth,273117974171.01453,,,current,coinmetrics_CapMrktCurUSD,CapMrktCurUSD
2024-09-08,ethereum,eth,276779516155.09094,,,current,coinmetrics_CapMrktCurUSD,CapMrktCurUSD
2024-09-09,ethereum,eth,284242156425.72394,,,current,coinmetrics_CapMrktCurUSD,CapMrktCurUSD
2024-09-10,ethereum,eth,287553193101.97217,,,current,coinmetrics_CapMrktCurUSD,CapMrktCurUSD
2024-09-11,ethereum,eth,281877527115.5231,,,current,coinmetrics_CapMrktCurUSD,CapMrktCurUSD
2024-09-12,ethereum,eth,284292384180.27655,,,current,coinmetrics_CapMrktCurUSD,CapMrktCurUSD
2024-09-13,ethereum,eth,293978531237.75934,,,current,coinmetrics_CapMrktCurUSD,CapMrktCurUSD
2024-09-14,ethereum,eth,290905084608.5816,,,current,coinmetrics_CapMrktCurUSD,CapMrktCurUSD
2024-09-15,ethereum,eth,279129181412.0127,,,current,coinmetrics_CapMrktCurUSD,CapMrktCurUSD
2024-09-16,ethereum,eth,276233121779.67773,,,current,coinmetrics_CapMrktCurUSD,CapMrktCurUSD
2024-09-17,ethereum,eth,281276774462.6376,,,current,coinmetrics_CapMrktCurUSD,CapMrktCurUSD
2024-09-18,ethereum,eth,283896012352.4696,,,current,coinmetrics_CapMrktCurUSD,CapMrktCurUSD
2024-09-19,ethereum,eth,297094101910.98175,,,current,coinmetrics_CapMrktCurUSD,CapMrktCurUSD
2024-09-20,ethereum,eth,307483300282.57947,,,current,coinmetrics_CapMrktCurUSD,CapMrktCurUSD
2024-09-21,ethereum,eth,313505708721.1024,,,current,coinmetrics_CapMrktCurUSD,CapMrktCurUSD
2024-09-22,ethereum,eth,310664830437.2192,,,current,coinmetrics_CapMrktCurUSD,CapMrktCurUSD
2024-09-23,ethereum,eth,318710888119.03357,,,current,coinmetrics_CapMrktCurUSD,CapMrktCurUSD
2024-09-24,ethereum,eth,319618885344.8603,,,current,coinmetrics_CapMrktCurUSD,CapMrktCurUSD
2024-09-25,ethereum,eth,309907024636.3572,,,current,coinmetrics_CapMrktCurUSD,CapMrktCurUSD
2024-09-26,ethereum,eth,316518278860.16187,,,current,coinmetrics_CapMrktCurUSD,CapMrktCurUSD
2024-09-27,ethereum,eth,324764834411.3466,,,current,coinmetrics_CapMrktCurUSD,CapMrktCurUSD
2024-09-28,ethereum,eth,321941093577.7301,,,current,coinmetrics_CapMrktCurUSD,CapMrktCurUSD
2024-09-29,ethereum,eth,319731539277.40314,,,current,coinmetrics_CapMrktCurUSD,CapMrktCurUSD
2024-09-30,ethereum,eth,312507752368.3626,,,current,coinmetrics_CapMrktCurUSD,CapMrktCurUSD
2024-10-01,ethereum,eth,294884112787.54395,,,current,coinmetrics_CapMrktCurUSD,CapMrktCurUSD
2024-10-02,ethereum,eth,285047578229.9768,,,current,coinmetrics_CapMrktCurUSD,CapMrktCurUSD
2024-10-03,ethereum,eth,282816296178.15625,,,current,coinmetrics_CapMrktCurUSD,CapMrktCurUSD
2024-10-04,ethereum,eth,290720008630.0188,,,current,coinmetrics_CapMrktCurUSD,CapMrktCurUSD
2024-10-05,ethereum,eth,290627796115.9307,,,current,coinmetrics_CapMrktCurUSD,CapMrktCurUSD
2024-10-06,ethereum,eth,293543027384.27985,,,current,coinmetrics_CapMrktCurUSD,CapMrktCurUSD
2024-10-07,ethereum,eth,292108827728.6864,,,current,coinmetrics_CapMrktCurUSD,CapMrktCurUSD
2024-10-08,ethereum,eth,293676090545.9238,,,current,coinmetrics_CapMrktCurUSD,CapMrktCurUSD
2024-10-09,ethereum,eth,284959407727.0504,,,current,coinmetrics_CapMrktCurUSD,CapMrktCurUSD
2024-10-10,ethereum,eth,286761992454.95807,,,current,coinmetrics_CapMrktCurUSD,CapMrktCurUSD
2024-10-11,ethereum,eth,293453002360.952,,,current,coinmetrics_CapMrktCurUSD,CapMrktCurUSD
2024-10-12,ethereum,eth,298337352024.39526,,,current,coinmetrics_CapMrktCurUSD,CapMrktCurUSD
2024-10-13,ethereum,eth,296763578519.60724,,,current,coinmetrics_CapMrktCurUSD,CapMrktCurUSD
2024-10-14,ethereum,eth,316723416119.08167,,,current,coinmetrics_CapMrktCurUSD,CapMrktCurUSD
2024-10-15,ethereum,eth,313065171034.6308,,,current,coinmetrics_CapMrktCurUSD,CapMrktCurUSD
2024-10-16,ethereum,eth,314448361978.7216,,,current,coinmetrics_CapMrktCurUSD,CapMrktCurUSD
2024-10-17,ethereum,eth,313397275781.6164,,,current,coinmetrics_CapMrktCurUSD,CapMrktCurUSD
2024-10-18,ethereum,eth,317996852908.5302,,,current,coinmetrics_CapMrktCurUSD,CapMrktCurUSD
2024-10-19,ethereum,eth,318994159518.0482,,,current,coinmetrics_CapMrktCurUSD,CapMrktCurUSD
2024-10-20,ethereum,eth,330606073081.3672,,,current,coinmetrics_CapMrktCurUSD,CapMrktCurUSD
2024-10-21,ethereum,eth,321125083058.70917,,,current,coinmetrics_CapMrktCurUSD,CapMrktCurUSD
2024-10-22,ethereum,eth,315826703067.41315,,,current,coinmetrics_CapMrktCurUSD,CapMrktCurUSD
2024-10-23,ethereum,eth,303598048935.06506,,,current,coinmetrics_CapMrktCurUSD,CapMrktCurUSD
2024-10-24,ethereum,eth,304861088396.8319,,,current,coinmetrics_CapMrktCurUSD,CapMrktCurUSD
2024-10-25,ethereum,eth,290787456359.99664,,,current,coinmetrics_CapMrktCurUSD,CapMrktCurUSD
2024-10-26,ethereum,eth,298662865481.7372,,,current,coinmetrics_CapMrktCurUSD,CapMrktCurUSD
2024-10-27,ethereum,eth,302029158631.4021,,,current,coinmetrics_CapMrktCurUSD,CapMrktCurUSD
2024-10-28,ethereum,eth,308979261142.2668,,,current,coinmetrics_CapMrktCurUSD,CapMrktCurUSD
2024-10-29,ethereum,eth,317294896754.4211,,,current,coinmetrics_CapMrktCurUSD,CapMrktCurUSD
2024-10-30,ethereum,eth,320386378855.9679,,,current,coinmetrics_CapMrktCurUSD,CapMrktCurUSD
2024-10-31,ethereum,eth,303162417730.1748,,,current,coinmetrics_CapMrktCurUSD,CapMrktCurUSD
2024-11-01,ethereum,eth,302529813604.33514,,,current,coinmetrics_CapMrktCurUSD,CapMrktCurUSD
2024-11-02,ethereum,eth,299690521991.276,,,current,coinmetrics_CapMrktCurUSD,CapMrktCurUSD
2024-11-03,ethereum,eth,295568420811.89246,,,current,coinmetrics_CapMrktCurUSD,CapMrktCurUSD
2024-11-04,ethereum,eth,288598001643.8693,,,current,coinmetrics_CapMrktCurUSD,CapMrktCurUSD
2024-11-05,ethereum,eth,292492486815.86835,,,current,coinmetrics_CapMrktCurUSD,CapMrktCurUSD
2024-11-06,ethereum,eth,327897815326.4345,,,current,coinmetrics_CapMrktCurUSD,CapMrktCurUSD
2024-11-07,ethereum,eth,348237840807.7831,,,current,coinmetrics_CapMrktCurUSD,CapMrktCurUSD
2024-11-08,ethereum,eth,356476942981.42303,,,current,coinmetrics_CapMrktCurUSD,CapMrktCurUSD
2024-11-09,ethereum,eth,378124013838.337,,,current,coinmetrics_CapMrktCurUSD,CapMrktCurUSD
2024-11-10,ethereum,eth,383852713613.0474,,,current,coinmetrics_CapMrktCurUSD,CapMrktCurUSD
2024-11-11,ethereum,eth,405854148949.8291,,,current,coinmetrics_CapMrktCurUSD,CapMrktCurUSD
2024-11-12,ethereum,eth,391991047220.5879,,,current,coinmetrics_CapMrktCurUSD,CapMrktCurUSD
2024-11-13,ethereum,eth,384249676096.5301,,,current,coinmetrics_CapMrktCurUSD,CapMrktCurUSD
2024-11-14,ethereum,eth,368052105425.6652,,,current,coinmetrics_CapMrktCurUSD,CapMrktCurUSD
2024-11-15,ethereum,eth,372997067016.5456,,,current,coinmetrics_CapMrktCurUSD,CapMrktCurUSD
2024-11-16,ethereum,eth,377447692617.369,,,current,coinmetrics_CapMrktCurUSD,CapMrktCurUSD
2024-11-17,ethereum,eth,369721912999.73846,,,current,coinmetrics_CapMrktCurUSD,CapMrktCurUSD
2024-11-18,ethereum,eth,384019481513.0885,,,current,coinmetrics_CapMrktCurUSD,CapMrktCurUSD
2024-11-19,ethereum,eth,374738660843.9252,,,current,coinmetrics_CapMrktCurUSD,CapMrktCurUSD
2024-11-20,ethereum,eth,370122608291.947,,,current,coinmetrics_CapMrktCurUSD,CapMrktCurUSD
2024-11-21,ethereum,eth,405278021400.7592,,,current,coinmetrics_CapMrktCurUSD,CapMrktCurUSD
2024-11-22,ethereum,eth,400470836802.45776,,,current,coinmetrics_CapMrktCurUSD,CapMrktCurUSD
2024-11-23,ethereum,eth,409145330054.09735,,,current,coinmetrics_CapMrktCurUSD,CapMrktCurUSD
2024-11-24,ethereum,eth,405117163298.96954,,,current,coinmetrics_CapMrktCurUSD,CapMrktCurUSD
2024-11-25,ethereum,eth,413072700314.51807,,,current,coinmetrics_CapMrktCurUSD,CapMrktCurUSD
2024-11-26,ethereum,eth,400379210555.13184,,,current,coinmetrics_CapMrktCurUSD,CapMrktCurUSD
2024-11-27,ethereum,eth,441904667909.9972,,,current,coinmetrics_CapMrktCurUSD,CapMrktCurUSD
2024-11-28,ethereum,eth,431672033883.0947,,,current,coinmetrics_CapMrktCurUSD,CapMrktCurUSD
2024-11-29,ethereum,eth,433049458432.7085,,,current,coinmetrics_CapMrktCurUSD,CapMrktCurUSD
2024-11-30,ethereum,eth,447217174034.19434,,,current,coinmetrics_CapMrktCurUSD,CapMrktCurUSD
2024-12-01,ethereum,eth,447568370464.17694,,,current,coinmetrics_CapMrktCurUSD,CapMrktCurUSD
2024-12-02,ethereum,eth,438053517371.3857,,,current,coinmetrics_CapMrktCurUSD,CapMrktCurUSD
2024-12-03,ethereum,eth,436466212365.0526,,,current,coinmetrics_CapMrktCurUSD,CapMrktCurUSD
2024-12-04,ethereum,eth,463052919644.99744,,,current,coinmetrics_CapMrktCurUSD,CapMrktCurUSD
2024-12-05,ethereum,eth,457034528335.8656,,,current,coinmetrics_CapMrktCurUSD,CapMrktCurUSD
2024-12-06,ethereum,eth,483385937275.64087,,,current,coinmetrics_CapMrktCurUSD,CapMrktCurUSD
2024-12-07,ethereum,eth,482514557816.418,,,current,coinmetrics_CapMrktCurUSD,CapMrktCurUSD
2024-12-08,ethereum,eth,481973081589.4537,,,current,coinmetrics_CapMrktCurUSD,CapMrktCurUSD
2024-12-09,ethereum,eth,447348069106.66315,,,current,coinmetrics_CapMrktCurUSD,CapMrktCurUSD
2024-12-10,ethereum,eth,437492479767.7199,,,current,coinmetrics_CapMrktCurUSD,CapMrktCurUSD
2024-12-11,ethereum,eth,462124687406.1028,,,current,coinmetrics_CapMrktCurUSD,CapMrktCurUSD
2024-12-12,ethereum,eth,466967569634.08954,,,current,coinmetrics_CapMrktCurUSD,CapMrktCurUSD
2024-12-13,ethereum,eth,470393467949.4728,,,current,coinmetrics_CapMrktCurUSD,CapMrktCurUSD
2024-12-14,ethereum,eth,465961343138.5415,,,current,coinmetrics_CapMrktCurUSD,CapMrktCurUSD
2024-12-15,ethereum,eth,475491607016.499,,,current,coinmetrics_CapMrktCurUSD,CapMrktCurUSD
2024-12-16,ethereum,eth,481217094886.3859,,,current,coinmetrics_CapMrktCurUSD,CapMrktCurUSD
2024-12-17,ethereum,eth,467074887893.40814,,,current,coinmetrics_CapMrktCurUSD,CapMrktCurUSD
2024-12-18,ethereum,eth,438024679134.84814,,,current,coinmetrics_CapMrktCurUSD,CapMrktCurUSD
2024-12-19,ethereum,eth,413132323994.2394,,,current,coinmetrics_CapMrktCurUSD,CapMrktCurUSD
2024-12-20,ethereum,eth,418150864664.7876,,,current,coinmetrics_CapMrktCurUSD,CapMrktCurUSD
2024-12-21,ethereum,eth,400969520706.1277,,,current,coinmetrics_CapMrktCurUSD,CapMrktCurUSD
2024-12-22,ethereum,eth,394894186314.8426,,,current,coinmetrics_CapMrktCurUSD,CapMrktCurUSD
2024-12-23,ethereum,eth,412263743127.97894,,,current,coinmetrics_CapMrktCurUSD,CapMrktCurUSD
2024-12-24,ethereum,eth,420971791008.40106,,,current,coinmetrics_CapMrktCurUSD,CapMrktCurUSD
2024-12-25,ethereum,eth,420498466993.79016,,,current,coinmetrics_CapMrktCurUSD,CapMrktCurUSD
2024-12-26,ethereum,eth,400566123859.3728,,,current,coinmetrics_CapMrktCurUSD,CapMrktCurUSD
2024-12-27,ethereum,eth,400194315735.0154,,,current,coinmetrics_CapMrktCurUSD,CapMrktCurUSD
2024-12-28,ethereum,eth,409236197679.3016,,,current,coinmetrics_CapMrktCurUSD,CapMrktCurUSD
2024-12-29,ethereum,eth,403199812594.48224,,,current,coinmetrics_CapMrktCurUSD,CapMrktCurUSD
2024-12-30,ethereum,eth,404234637885.7718,,,current,coinmetrics_CapMrktCurUSD,CapMrktCurUSD
2024-12-31,ethereum,eth,401467403901.5209,,,current,coinmetrics_CapMrktCurUSD,CapMrktCurUSD
2024-03-01,litecoin,ltc,6305499485.975556,,,current,coinmetrics_CapMrktCurUSD,CapMrktCurUSD
2024-03-02,litecoin,ltc,6978539784.978511,,,current,coinmetrics_CapMrktCurUSD,CapMrktCurUSD
2024-03-03,litecoin,ltc,6735954002.986817,,,current,coinmetrics_CapMrktCurUSD,CapMrktCurUSD
2024-03-04,litecoin,ltc,6601301967.764389,,,current,coinmetrics_CapMrktCurUSD,CapMrktCurUSD
2024-03-05,litecoin,ltc,6094397011.730711,,,current,coinmetrics_CapMrktCurUSD,CapMrktCurUSD
2024-03-06,litecoin,ltc,6364282792.124273,,,current,coinmetrics_CapMrktCurUSD,CapMrktCurUSD
2024-03-07,litecoin,ltc,6566463958.017827,,,current,coinmetrics_CapMrktCurUSD,CapMrktCurUSD
2024-03-08,litecoin,ltc,6559917465.461268,,,current,coinmetrics_CapMrktCurUSD,CapMrktCurUSD
2024-03-09,litecoin,ltc,6753608120.287404,,,current,coinmetrics_CapMrktCurUSD,CapMrktCurUSD
2024-03-10,litecoin,ltc,6482957176.474509,,,current,coinmetrics_CapMrktCurUSD,CapMrktCurUSD
2024-03-11,litecoin,ltc,7715645457.3951025,,,current,coinmetrics_CapMrktCurUSD,CapMrktCurUSD
2024-03-12,litecoin,ltc,7243359420.702622,,,current,coinmetrics_CapMrktCurUSD,CapMrktCurUSD
2024-03-13,litecoin,ltc,7224362053.471888,,,current,coinmetrics_CapMrktCurUSD,CapMrktCurUSD
2024-03-14,litecoin,ltc,6997822206.288146,,,current,coinmetrics_CapMrktCurUSD,CapMrktCurUSD
2024-03-15,litecoin,ltc,6667301930.009103,,,current,coinmetrics_CapMrktCurUSD,CapMrktCurUSD
2024-03-16,litecoin,ltc,6233085930.363682,,,current,coinmetrics_CapMrktCurUSD,CapMrktCurUSD
2024-03-17,litecoin,ltc,6369149665.348192,,,current,coinmetrics_CapMrktCurUSD,CapMrktCurUSD
2024-03-18,litecoin,ltc,6466386489.817918,,,current,coinmetrics_CapMrktCurUSD,CapMrktCurUSD
2024-03-19,litecoin,ltc,5820332552.762278,,,current,coinmetrics_CapMrktCurUSD,CapMrktCurUSD
2024-03-20,litecoin,ltc,6306631718.478079,,,current,coinmetrics_CapMrktCurUSD,CapMrktCurUSD
2024-03-21,litecoin,ltc,6370722521.868588,,,current,coinmetrics_CapMrktCurUSD,CapMrktCurUSD
2024-03-22,litecoin,ltc,6178609216.600683,,,current,coinmetrics_CapMrktCurUSD,CapMrktCurUSD
2024-03-23,litecoin,ltc,6374998233.811779,,,current,coinmetrics_CapMrktCurUSD,CapMrktCurUSD
2024-03-24,litecoin,ltc,6679727232.704706,,,current,coinmetrics_CapMrktCurUSD,CapMrktCurUSD
2024-03-25,litecoin,ltc,6728028990.683776,,,current,coinmetrics_CapMrktCurUSD,CapMrktCurUSD
2024-03-26,litecoin,ltc,7118512319.618454,,,current,coinmetrics_CapMrktCurUSD,CapMrktCurUSD
2024-03-27,litecoin,ltc,6959531470.949704,,,current,coinmetrics_CapMrktCurUSD,CapMrktCurUSD
2024-03-28,litecoin,ltc,7010834578.05544,,,current,coinmetrics_CapMrktCurUSD,CapMrktCurUSD
2024-03-29,litecoin,ltc,8124261697.276697,,,current,coinmetrics_CapMrktCurUSD,CapMrktCurUSD
2024-03-30,litecoin,ltc,7626664371.968343,,,current,coinmetrics_CapMrktCurUSD,CapMrktCurUSD
2024-03-31,litecoin,ltc,7824359751.355958,,,current,coinmetrics_CapMrktCurUSD,CapMrktCurUSD
2024-04-01,litecoin,ltc,7405661625.729779,,,current,coinmetrics_CapMrktCurUSD,CapMrktCurUSD
2024-04-02,litecoin,ltc,7966518957.2539425,,,current,coinmetrics_CapMrktCurUSD,CapMrktCurUSD
2024-04-03,litecoin,ltc,7345356586.043888,,,current,coinmetrics_CapMrktCurUSD,CapMrktCurUSD
2024-04-04,litecoin,ltc,7264442486.255052,,,current,coinmetrics_CapMrktCurUSD,CapMrktCurUSD
2024-04-05,litecoin,ltc,7299195729.014269,,,current,coinmetrics_CapMrktCurUSD,CapMrktCurUSD
2024-04-06,litecoin,ltc,7552575434.440965,,,current,coinmetrics_CapMrktCurUSD,CapMrktCurUSD
2024-04-07,litecoin,ltc,7525407709.811547,,,current,coinmetrics_CapMrktCurUSD,CapMrktCurUSD
2024-04-08,litecoin,ltc,7695367405.41956,,,current,coinmetrics_CapMrktCurUSD,CapMrktCurUSD
2024-04-09,litecoin,ltc,7247674913.899626,,,current,coinmetrics_CapMrktCurUSD,CapMrktCurUSD
2024-04-10,litecoin,ltc,7201093788.958562,,,current,coinmetrics_CapMrktCurUSD,CapMrktCurUSD
2024-04-11,litecoin,ltc,7339695056.363802,,,current,coinmetrics_CapMrktCurUSD,CapMrktCurUSD
2024-04-12,litecoin,ltc,6412092549.558894,,,current,coinmetrics_CapMrktCurUSD,CapMrktCurUSD
2024-04-13,litecoin,ltc,5789859104.355832,,,current,coinmetrics_CapMrktCurUSD,CapMrktCurUSD
2024-04-14,litecoin,ltc,5954736068.105933,,,current,coinmetrics_CapMrktCurUSD,CapMrktCurUSD
2024-04-15,litecoin,ltc,5811949266.316535,,,current,coinmetrics_CapMrktCurUSD,CapMrktCurUSD
2024-04-16,litecoin,ltc,5953613926.574005,,,current,coinmetrics_CapMrktCurUSD,CapMrktCurUSD
2024-04-17,litecoin,ltc,5971531809.876803,,,current,coinmetrics_CapMrktCurUSD,CapMrktCurUSD
2024-04-18,litecoin,ltc,6020286560.830718,,,current,coinmetrics_CapMrktCurUSD,CapMrktCurUSD
2024-04-19,litecoin,ltc,6020003832.332265,,,current,coinmetrics_CapMrktCurUSD,CapMrktCurUSD
2024-04-20,litecoin,ltc,6333183269.7114525,,,current,coinmetrics_CapMrktCurUSD,CapMrktCurUSD
2024-04-21,litecoin,ltc,6266836248.255921,,,current,coinmetrics_CapMrktCurUSD,CapMrktCurUSD
2024-04-22,litecoin,ltc,6369235271.566365,,,current,coinmetrics_CapMrktCurUSD,CapMrktCurUSD
2024-04-23,litecoin,ltc,6334000791.56323,,,current,coinmetrics_CapMrktCurUSD,CapMrktCurUSD
2024-04-24,litecoin,ltc,6185486847.828449,,,current,coinmetrics_CapMrktCurUSD,CapMrktCurUSD
2024-04-25,litecoin,ltc,6243101352.232118,,,current,coinmetrics_CapMrktCurUSD,CapMrktCurUSD
2024-04-26,litecoin,ltc,6539501877.750876,,,current,coinmetrics_CapMrktCurUSD,CapMrktCurUSD
2024-04-27,litecoin,ltc,6242316739.770784,,,current,coinmetrics_CapMrktCurUSD,CapMrktCurUSD
2024-04-28,litecoin,ltc,6249552596.55864,,,current,coinmetrics_CapMrktCurUSD,CapMrktCurUSD
2024-04-29,litecoin,ltc,6234243787.910653,,,current,coinmetrics_CapMrktCurUSD,CapMrktCurUSD
2024-04-30,litecoin,ltc,5923161500.969498,,,current,coinmetrics_CapMrktCurUSD,CapMrktCurUSD
2024-05-01,litecoin,ltc,5951909323.069549,,,current,coinmetrics_CapMrktCurUSD,CapMrktCurUSD
2024-05-02,litecoin,ltc,5971362435.102105,,,current,coinmetrics_CapMrktCurUSD,CapMrktCurUSD
2024-05-03,litecoin,ltc,6109551115.442233,,,current,coinmetrics_CapMrktCurUSD,CapMrktCurUSD
2024-05-04,litecoin,ltc,6085551054.785233,,,current,coinmetrics_CapMrktCurUSD,CapMrktCurUSD
2024-05-05,litecoin,ltc,6062173701.123721,,,current,coinmetrics_CapMrktCurUSD,CapMrktCurUSD
2024-05-06,litecoin,ltc,6018806270.455569,,,current,coinmetrics_CapMrktCurUSD,CapMrktCurUSD
2024-05-07,litecoin,ltc,6023464764.754298,,,current,coinmetrics_CapMrktCurUSD,CapMrktCurUSD
2024-05-08,litecoin,ltc,6065614015.370497,,,current,coinmetrics_CapMrktCurUSD,CapMrktCurUSD
2024-05-09,litecoin,ltc,6185606172.098406,,,current,coinmetrics_CapMrktCurUSD,CapMrktCurUSD
2024-05-10,litecoin,ltc,5978862880.011206,,,current,coinmetrics_CapMrktCurUSD,CapMrktCurUSD
2024-05-11,litecoin,ltc,6065688853.337417,,,current,coinmetrics_CapMrktCurUSD,CapMrktCurUSD
2024-05-12,litecoin,ltc,6062402884.352921,,,current,coinmetrics_CapMrktCurUSD,CapMrktCurUSD
2024-05-13,litecoin,ltc,6009360511.631829,,,current,coinmetrics_CapMrktCurUSD,CapMrktCurUSD
2024-05-14,litecoin,ltc,5867835062.746359,,,current,coinmetrics_CapMrktCurUSD,CapMrktCurUSD
2024-05-15,litecoin,ltc,6147109689.548267,,,current,coinmetrics_CapMrktCurUSD,CapMrktCurUSD
2024-05-16,litecoin,ltc,6144007130.499667,,,current,coinmetrics_CapMrktCurUSD,CapMrktCurUSD
2024-05-17,litecoin,ltc,6270542376.552183,,,current,coinmetrics_CapMrktCurUSD,CapMrktCurUSD
2024-05-18,litecoin,ltc,6251669537.674786,,,current,coinmetrics_CapMrktCurUSD,CapMrktCurUSD
2024-05-19,litecoin,ltc,6127899068.992907,,,current,coinmetrics_CapMrktCurUSD,CapMrktCurUSD
2024-05-20,litecoin,ltc,6605701743.3265,,,current,coinmetrics_CapMrktCurUSD,CapMrktCurUSD
2024-05-21,litecoin,ltc,6577607124.3403225,,,current,coinmetrics_CapMrktCurUSD,CapMrktCurUSD
2024-05-22,litecoin,ltc,6390831552.775566,,,current,coinmetrics_CapMrktCurUSD,CapMrktCurUSD
2024-05-23,litecoin,ltc,6360378892.211319,,,current,coinmetrics_CapMrktCurUSD,CapMrktCurUSD
2024-05-24,litecoin,ltc,6330916282.337343,,,current,coinmetrics_CapMrktCurUSD,CapMrktCurUSD
2024-05-25,litecoin,ltc,6330367972.211169,,,current,coinmetrics_CapMrktCurUSD,CapMrktCurUSD
2024-05-26,litecoin,ltc,6257866570.14387,,,current,coinmetrics_CapMrktCurUSD,CapMrktCurUSD
2024-05-27,litecoin,ltc,6355177106.916482,,,current,coinmetrics_CapMrktCurUSD,CapMrktCurUSD
2024-05-28,litecoin,ltc,6220616557.033876,,,current,coinmetrics_CapMrktCurUSD,CapMrktCurUSD
2024-05-29,litecoin,ltc,6232976856.026392,,,current,coinmetrics_CapMrktCurUSD,CapMrktCurUSD
2024-05-30,litecoin,ltc,6297782136.193198,,,current,coinmetrics_CapMrktCurUSD,CapMrktCurUSD
2024-05-31,litecoin,ltc,6200156018.717903,,,current,coinmetrics_CapMrktCurUSD,CapMrktCurUSD
2024-06-01,litecoin,ltc,6217566081.066711,,,current,coinmetrics_CapMrktCurUSD,CapMrktCurUSD
2024-06-02,litecoin,ltc,6196394900.217473,,,current,coinmetrics_CapMrktCurUSD,CapMrktCurUSD
2024-06-03,litecoin,ltc,6178402671.392101,,,current,coinmetrics_CapMrktCurUSD,CapMrktCurUSD
2024-06-04,litecoin,ltc,6235246932.15326,,,current,coinmetrics_CapMrktCurUSD,CapMrktCurUSD
2024-06-05,litecoin,ltc,6368839229.828914,,,current,coinmetrics_CapMrktCurUSD,CapMrktCurUSD
2024-06-06,litecoin,ltc,6284512483.455782,,,current,coinmetrics_CapMrktCurUSD,CapMrktCurUSD
2024-06-07,litecoin,ltc,5975505930.399324,,,current,coinmetrics_CapMrktCurUSD,CapMrktCurUSD
2024-06-08,litecoin,ltc,5969699688.135118,,,current,coinmetrics_CapMrktCurUSD,CapMrktCurUSD
2024-06-09,litecoin,ltc,6001634443.052532,,,current,coinmetrics_CapMrktCurUSD,CapMrktCurUSD
2024-06-10,litecoin,ltc,5940000702.268306,,,current,coinmetrics_CapMrktCurUSD,CapMrktCurUSD
2024-06-11,litecoin,ltc,5769662223.466527,,,current,coinmetrics_CapMrktCurUSD,CapMrktCurUSD
2024-06-12,litecoin,ltc,5854241434.939626,,,current,coinmetrics_CapMrktCurUSD,CapMrktCurUSD
2024-06-13,litecoin,ltc,5903728195.977022,,,current,coinmetrics_CapMrktCurUSD,CapMrktCurUSD
2024-06-14,litecoin,ltc,5782235059.989588,,,current,coinmetrics_CapMrktCurUSD,CapMrktCurUSD
2024-06-15,litecoin,ltc,5910822702.856311,,,current,coinmetrics_CapMrktCurUSD,CapMrktCurUSD
2024-06-16,litecoin,ltc,5886835199.195406,,,current,coinmetrics_CapMrktCurUSD,CapMrktCurUSD
2024-06-17,litecoin,ltc,5722122109.165241,,,current,coinmetrics_CapMrktCurUSD,CapMrktCurUSD
2024-06-18,litecoin,ltc,5414246007.841944,,,current,coinmetrics_CapMrktCurUSD,CapMrktCurUSD
2024-06-19,litecoin,ltc,5501891145.666806,,,current,coinmetrics_CapMrktCurUSD,CapMrktCurUSD
2024-06-20,litecoin,ltc,5584766516.222493,,,current,coinmetrics_CapMrktCurUSD,CapMrktCurUSD
2024-06-21,litecoin,ltc,5531402625.273312,,,current,coinmetrics_CapMrktCurUSD,CapMrktCurUSD
2024-06-22,litecoin,ltc,5567530435.392532,,,current,coinmetrics_CapMrktCurUSD,CapMrktCurUSD
2024-06-23,litecoin,ltc,5492410259.469209,,,current,coinmetrics_CapMrktCurUSD,CapMrktCurUSD
2024-06-24,litecoin,ltc,5199572367.066936,,,current,coinmetrics_CapMrktCurUSD,CapMrktCurUSD
2024-06-25,litecoin,ltc,5322899103.226271,,,current,coinmetrics_CapMrktCurUSD,CapMrktCurUSD
2024-06-26,litecoin,ltc,5300184401.3506365,,,current,coinmetrics_CapMrktCurUSD,CapMrktCurUSD
2024-06-27,litecoin,ltc,5456599704.874101,,,current,coinmetrics_CapMrktCurUSD,CapMrktCurUSD
2024-06-28,litecoin,ltc,5437139368.204124,,,current,coinmetrics_CapMrktCurUSD,CapMrktCurUSD
2024-06-29,litecoin,ltc,5604691506.272184,,,current,coinmetrics_CapMrktCurUSD,CapMrktCurUSD
2024-06-30,litecoin,ltc,5623616597.342062,,,current,coinmetrics_CapMrktCurUSD,CapMrktCurUSD
2024-07-01,litecoin,ltc,5551035116.709977,,,current,coinmetrics_CapMrktCurUSD,CapMrktCurUSD
2024-07-02,litecoin,ltc,5665333701.76305,,,current,coinmetrics_CapMrktCurUSD,CapMrktCurUSD
2024-07-03,litecoin,ltc,5375248725.168156,,,current,coinmetrics_CapMrktCurUSD,CapMrktCurUSD
2024-07-04,litecoin,ltc,4907775642.284906,,,current,coinmetrics_CapMrktCurUSD,CapMrktCurUSD
2024-07-05,litecoin,ltc,4630003178.04623,,,current,coinmetrics_CapMrktCurUSD,CapMrktCurUSD
2024-07-06,litecoin,ltc,4889173906.950865,,,current,coinmetrics_CapMrktCurUSD,CapMrktCurUSD
2024-07-07,litecoin,ltc,4643905927.111355,,,current,coinmetrics_CapMrktCurUSD,CapMrktCurUSD
2024-07-08,litecoin,ltc,4847593931.172009,,,current,coinmetrics_CapMrktCurUSD,CapMrktCurUSD
2024-07-09,litecoin,ltc,4881168909.330391,,,current,coinmetrics_CapMrktCurUSD,CapMrktCurUSD
2024-07-10,litecoin,ltc,4998962571.600126,,,current,coinmetrics_CapMrktCurUSD,CapMrktCurUSD
2024-07-11,litecoin,ltc,5041928811.29927,,,current,coinmetrics_CapMrktCurUSD,CapMrktCurUSD
2024-07-12,litecoin,ltc,5177751479.709868,,,current,coinmetrics_CapMrktCurUSD,CapMrktCurUSD
2024-07-13,litecoin,ltc,5224162395.413105,,,current,coinmetrics_CapMrktCurUSD,CapMrktCurUSD
2024-07-14,litecoin,ltc,5240367140.915599,,,current,coinmetrics_CapMrktCurUSD,CapMrktCurUSD
2024-07-15,litecoin,ltc,5410251517.170229,,,current,coinmetrics_CapMrktCurUSD,CapMrktCurUSD
2024-07-16,litecoin,ltc,5466918686.775645,,,current,coinmetrics_CapMrktCurUSD,CapMrktCurUSD
2024-07-17,litecoin,ltc,5347797891.047277,,,current,coinmetrics_CapMrktCurUSD,CapMrktCurUSD
2024-07-18,litecoin,ltc,5351630317.653863,,,current,coinmetrics_CapMrktCurUSD,CapMrktCurUSD
2024-07-19,litecoin,ltc,5492833784.254732,,,current,coinmetrics_CapMrktCurUSD,CapMrktCurUSD
2024-07-20,litecoin,ltc,5464729917.696895,,,current,coinmetrics_CapMrktCurUSD,CapMrktCurUSD
2024-07-21,litecoin,ltc,5529708604.747624,,,current,coinmetrics_CapMrktCurUSD,CapMrktCurUSD
2024-07-22,litecoin,ltc,5330338773.983405,,,current,coinmetrics_CapMrktCurUSD,CapMrktCurUSD
2024-07-23,litecoin,ltc,5449119558.865388,,,current,coinmetrics_CapMrktCurUSD,CapMrktCurUSD
2024-07-24,litecoin,ltc,5317263929.016745,,,current,coinmetrics_CapMrktCurUSD,CapMrktCurUSD
2024-07-25,litecoin,ltc,5145759813.0738535,,,current,coinmetrics_CapMrktCurUSD,CapMrktCurUSD
2024-07-26,litecoin,ltc,5335412691.793841,,,current,coinmetrics_CapMrktCurUSD,CapMrktCurUSD
2024-07-27,litecoin,ltc,5341772009.419802,,,current,coinmetrics_CapMrktCurUSD,CapMrktCurUSD
2024-07-28,litecoin,ltc,5317676505.75345,,,current,coinmetrics_CapMrktCurUSD,CapMrktCurUSD
2024-07-29,litecoin,ltc,5523140884.029323,,,current,coinmetrics_CapMrktCurUSD,CapMrktCurUSD
2024-07-30,litecoin,ltc,5357425631.492814,,,current,coinmetrics_CapMrktCurUSD,CapMrktCurUSD
2024-07-31,litecoin,ltc,5256623017.827453,,,current,coinmetrics_CapMrktCurUSD,CapMrktCurUSD
2024-08-01,litecoin,ltc,5197426093.002775,,,current,coinmetrics_CapMrktCurUSD,CapMrktCurUSD
2024-08-02,litecoin,ltc,4856701924.619744,,,current,coinmetrics_CapMrktCurUSD,CapMrktCurUSD
2024-08-03,litecoin,ltc,4826205670.736919,,,current,coinmetrics_CapMrktCurUSD,CapMrktCurUSD
2024-08-04,litecoin,ltc,4681015519.514524,,,current,coinmetrics_CapMrktCurUSD,CapMrktCurUSD
2024-08-05,litecoin,ltc,4215548982.593963,,,current,coinmetrics_CapMrktCurUSD,CapMrktCurUSD
2024-08-06,litecoin,ltc,4362464195.947724,,,current,coinmetrics_CapMrktCurUSD,CapMrktCurUSD
2024-08-07,litecoin,ltc,4200023493.5634646,,,current,coinmetrics_CapMrktCurUSD,CapMrktCurUSD
2024-08-08,litecoin,ltc,4592292192.89074,,,current,coinmetrics_CapMrktCurUSD,CapMrktCurUSD
2024-08-09,litecoin,ltc,4529904680.406928,,,current,coinmetrics_CapMrktCurUSD,CapMrktCurUSD
2024-08-10,litecoin,ltc,4575775804.980957,,,current,coinmetrics_CapMrktCurUSD,CapMrktCurUSD
2024-08-11,litecoin,ltc,4462845363.920079,,,current,coinmetrics_CapMrktCurUSD,CapMrktCurUSD
2024-08-12,litecoin,ltc,4601516065.378673,,,current,coinmetrics_CapMrktCurUSD,CapMrktCurUSD
2024-08-13,litecoin,ltc,4741830291.687575,,,current,coinmetrics_CapMrktCurUSD,CapMrktCurUSD
2024-08-14,litecoin,ltc,4794026678.3833685,,,current,coinmetrics_CapMrktCurUSD,CapMrktCurUSD
2024-08-15,litecoin,ltc,4885195979.528452,,,current,coinmetrics_CapMrktCurUSD,CapMrktCurUSD
2024-08-16,litecoin,ltc,4975114996.517506,,,current,coinmetrics_CapMrktCurUSD,CapMrktCurUSD
2024-08-17,litecoin,ltc,5060506525.525709,,,current,coinmetrics_CapMrktCurUSD,CapMrktCurUSD
2024-08-18,litecoin,ltc,4974002831.339024,,,current,coinmetrics_CapMrktCurUSD,CapMrktCurUSD
2024-08-19,litecoin,ltc,4962914222.725824,,,current,coinmetrics_CapMrktCurUSD,CapMrktCurUSD
2024-08-20,litecoin,ltc,4834065905.906324,,,current,coinmetrics_CapMrktCurUSD,CapMrktCurUSD
2024-08-21,litecoin,ltc,4821089417.662752,,,current,coinmetrics_CapMrktCurUSD,CapMrktCurUSD
2024-08-22,litecoin,ltc,4776894448.367116,,,current,coinmetrics_CapMrktCurUSD,CapMrktCurUSD
2024-08-23,litecoin,ltc,4961344895.961088,,,current,coinmetrics_CapMrktCurUSD,CapMrktCurUSD
2024-08-24,litecoin,ltc,4979976622.104344,,,current,coinmetrics_CapMrktCurUSD,CapMrktCurUSD
2024-08-25,litecoin,ltc,4871259361.506594,,,current,coinmetrics_CapMrktCurUSD,CapMrktCurUSD
2024-08-26,litecoin,ltc,4742283683.084173,,,current,coinmetrics_CapMrktCurUSD,CapMrktCurUSD
2024-08-27,litecoin,ltc,4533769567.7916975,,,current,coinmetrics_CapMrktCurUSD,CapMrktCurUSD
2024-08-28,litecoin,ltc,4635021982.785469,,,current,coinmetrics_CapMrktCurUSD,CapMrktCurUSD
2024-08-29,litecoin,ltc,4670510913.898584,,,current,coinmetrics_CapMrktCurUSD,CapMrktCurUSD
2024-08-30,litecoin,ltc,4869961197.670384,,,current,coinmetrics_CapMrktCurUSD,CapMrktCurUSD
2024-08-31,litecoin,ltc,4872642221.141093,,,current,coinmetrics_CapMrktCurUSD,CapMrktCurUSD
2024-09-01,litecoin,ltc,4759180169.249433,,,current,coinmetrics_CapMrktCurUSD,CapMrktCurUSD
2024-09-02,litecoin,ltc,4891685546.735436,,,current,coinmetrics_CapMrktCurUSD,CapMrktCurUSD
2024-09-03,litecoin,ltc,4842654671.8141575,,,current,coinmetrics_CapMrktCurUSD,CapMrktCurUSD
2024-09-04,litecoin,ltc,4906495567.794723,,,current,coinmetrics_CapMrktCurUSD,CapMrktCurUSD
2024-09-05,litecoin,ltc,4948110211.177185,,,current,coinmetrics_CapMrktCurUSD,CapMrktCurUSD
2024-09-06,litecoin,ltc,4716291154.397883,,,current,coinmetrics_CapMrktCurUSD,CapMrktCurUSD
2024-09-07,litecoin,ltc,4646949688.430457,,,current,coinmetrics_CapMrktCurUSD,CapMrktCurUSD
2024-09-08,litecoin,ltc,4568219131.62877,,,current,coinmetrics_CapMrktCurUSD,CapMrktCurUSD
2024-09-09,litecoin,ltc,4608898264.143448,,,current,coinmetrics_CapMrktCurUSD,CapMrktCurUSD
2024-09-10,litecoin,ltc,4618551968.524996,,,current,coinmetrics_CapMrktCurUSD,CapMrktCurUSD
2024-09-11,litecoin,ltc,4659148570.813047,,,current,coinmetrics_CapMrktCurUSD,CapMrktCurUSD
2024-09-12,litecoin,ltc,4710588262.685209,,,current,coinmetrics_CapMrktCurUSD,CapMrktCurUSD
2024-09-13,litecoin,ltc,4867164799.501282,,,current,coinmetrics_CapMrktCurUSD,CapMrktCurUSD
2024-09-14,litecoin,ltc,4949228690.598674,,,current,coinmetrics_CapMrktCurUSD,CapMrktCurUSD
2024-09-15,litecoin,ltc,4749777938.544269,,,current,coinmetrics_CapMrktCurUSD,CapMrktCurUSD
2024-09-16,litecoin,ltc,4690855245.601992,,,current,coinmetrics_CapMrktCurUSD,CapMrktCurUSD
2024-09-17,litecoin,ltc,4773971288.825302,,,current,coinmetrics_CapMrktCurUSD,CapMrktCurUSD
2024-09-18,litecoin,ltc,4844232283.115791,,,current,coinmetrics_CapMrktCurUSD,CapMrktCurUSD
2024-09-19,litecoin,ltc,4913732384.278441,,,current,coinmetrics_CapMrktCurUSD,CapMrktCurUSD
2024-09-20,litecoin,ltc,4891394497.693117,,,current,coinmetrics_CapMrktCurUSD,CapMrktCurUSD
2024-09-21,litecoin,ltc,5021027571.598362,,,current,coinmetrics_CapMrktCurUSD,CapMrktCurUSD
2024-09-22,litecoin,ltc,5139890948.505561,,,current,coinmetrics_CapMrktCurUSD,CapMrktCurUSD
2024-09-23,litecoin,ltc,5028758212.846947,,,current,coinmetrics_CapMrktCurUSD,CapMrktCurUSD
2024-09-24,litecoin,ltc,5004169412.003335,,,current,coinmetrics_CapMrktCurUSD,CapMrktCurUSD
2024-09-25,litecoin,ltc,4993029482.225271,,,current,coinmetrics_CapMrktCurUSD,CapMrktCurUSD
2024-09-26,litecoin,ltc,5131345337.187526,,,current,coinmetrics_CapMrktCurUSD,CapMrktCurUSD
2024-09-27,litecoin,ltc,5332641424.764645,,,current,coinmetrics_CapMrktCurUSD,CapMrktCurUSD
2024-09-28,litecoin,ltc,5241365868.529312,,,current,coinmetrics_CapMrktCurUSD,CapMrktCurUSD
2024-09-29,litecoin,ltc,5202531397.477618,,,current,coinmetrics_CapMrktCurUSD,CapMrktCurUSD
2024-09-30,litecoin,ltc,5008655506.107733,,,current,coinmetrics_CapMrktCurUSD,CapMrktCurUSD
2024-10-01,litecoin,ltc,4755455889.273665,,,current,coinmetrics_CapMrktCurUSD,CapMrktCurUSD
2024-10-02,litecoin,ltc,4721178479.675585,,,current,coinmetrics_CapMrktCurUSD,CapMrktCurUSD
2024-10-03,litecoin,ltc,4757932885.439456,,,current,coinmetrics_CapMrktCurUSD,CapMrktCurUSD
2024-10-04,litecoin,ltc,4871094226.202261,,,current,coinmetrics_CapMrktCurUSD,CapMrktCurUSD
2024-10-05,litecoin,ltc,4967761462.129178,,,current,coinmetrics_CapMrktCurUSD,CapMrktCurUSD
2024-10-06,litecoin,ltc,5036865858.208984,,,current,coinmetrics_CapMrktCurUSD,CapMrktCurUSD
2024-10-07,litecoin,ltc,4876192745.7457695,,,current,coinmetrics_CapMrktCurUSD,CapMrktCurUSD
2024-10-08,litecoin,ltc,4925243964.040088,,,current,coinmetrics_CapMrktCurUSD,CapMrktCurUSD
2024-10-09,litecoin,ltc,4844686305.10717,,,current,coinmetrics_CapMrktCurUSD,CapMrktCurUSD
2024-10-10,litecoin,ltc,4821353365.809376,,,current,coinmetrics_CapMrktCurUSD,CapMrktCurUSD
2024-10-11,litecoin,ltc,4917884656.861449,,,current,coinmetrics_CapMrktCurUSD,CapMrktCurUSD
2024-10-12,litecoin,ltc,4970964260.5759325,,,current,coinmetrics_CapMrktCurUSD,CapMrktCurUSD
2024-10-13,litecoin,ltc,4857705409.877272,,,current,coinmetrics_CapMrktCurUSD,CapMrktCurUSD
2024-10-14,litecoin,ltc,5027215542.559418,,,current,coinmetrics_CapMrktCurUSD,CapMrktCurUSD
2024-10-15,litecoin,ltc,5299958726.966531,,,current,coinmetrics_CapMrktCurUSD,CapMrktCurUSD
2024-10-16,litecoin,ltc,5256159259.053764,,,current,coinmetrics_CapMrktCurUSD,CapMrktCurUSD
2024-10-17,litecoin,ltc,5480262040.634441,,,current,coinmetrics_CapMrktCurUSD,CapMrktCurUSD
2024-10-18,litecoin,ltc,5505398085.151497,,,current,coinmetrics_CapMrktCurUSD,CapMrktCurUSD
2024-10-19,litecoin,ltc,5629968442.18988,,,current,coinmetrics_CapMrktCurUSD,CapMrktCurUSD
2024-10-20,litecoin,ltc,5574918585.271394,,,current,coinmetrics_CapMrktCurUSD,CapMrktCurUSD
2024-10-21,litecoin,ltc,5312448309.392238,,,current,coinmetrics_CapMrktCurUSD,CapMrktCurUSD
2024-10-22,litecoin,ltc,5251981365.575366,,,current,coinmetrics_CapMrktCurUSD,CapMrktCurUSD
2024-10-23,litecoin,ltc,5263328750.099146,,,current,coinmetrics_CapMrktCurUSD,CapMrktCurUSD
2024-10-24,litecoin,ltc,5333479999.807005,,,current,coinmetrics_CapMrktCurUSD,CapMrktCurUSD
2024-10-25,litecoin,ltc,5124631332.611409,,,current,coinmetrics_CapMrktCurUSD,CapMrktCurUSD
2024-10-26,litecoin,ltc,5134959617.710265,,,current,coinmetrics_CapMrktCurUSD,CapMrktCurUSD
2024-10-27,litecoin,ltc,5336021006.432322,,,current,coinmetrics_CapMrktCurUSD,CapMrktCurUSD
2024-10-28,litecoin,ltc,5316317573.781108,,,current,coinmetrics_CapMrktCurUSD,CapMrktCurUSD
2024-10-29,litecoin,ltc,5562990502.219598,,,current,coinmetrics_CapMrktCurUSD,CapMrktCurUSD
2024-10-30,litecoin,ltc,5403848724.690554,,,current,coinmetrics_CapMrktCurUSD,CapMrktCurUSD
2024-10-31,litecoin,ltc,5205308125.550503,,,current,coinmetrics_CapMrktCurUSD,CapMrktCurUSD
2024-11-01,litecoin,ltc,5275762842.271741,,,current,coinmetrics_CapMrktCurUSD,CapMrktCurUSD
2024-11-02,litecoin,ltc,5190730972.168004,,,current,coinmetrics_CapMrktCurUSD,CapMrktCurUSD
2024-11-03,litecoin,ltc,5024203213.360565,,,current,coinmetrics_CapMrktCurUSD,CapMrktCurUSD
2024-11-04,litecoin,ltc,4919552138.093823,,,current,coinmetrics_CapMrktCurUSD,CapMrktCurUSD
2024-11-05,litecoin,ltc,4937400709.80368,,,current,coinmetrics_CapMrktCurUSD,CapMrktCurUSD
2024-11-06,litecoin,ltc,5345718914.389729,,,current,coinmetrics_CapMrktCurUSD,CapMrktCurUSD
2024-11-07,litecoin,ltc,5376368534.439024,,,current,coinmetrics_CapMrktCurUSD,CapMrktCurUSD
2024-11-08,litecoin,ltc,5471058789.54387,,,current,coinmetrics_CapMrktCurUSD,CapMrktCurUSD
2024-11-09,litecoin,ltc,5564293742.763442,,,current,coinmetrics_CapMrktCurUSD,CapMrktCurUSD
2024-11-10,litecoin,ltc,5741651251.076399,,,current,coinmetrics_CapMrktCurUSD,CapMrktCurUSD
2024-11-11,litecoin,ltc,6005499885.284289,,,current,coinmetrics_CapMrktCurUSD,CapMrktCurUSD
2024-11-12,litecoin,ltc,5809427156.192104,,,current,coinmetrics_CapMrktCurUSD,CapMrktCurUSD
2024-11-13,litecoin,ltc,5676043713.7749605,,,current,coinmetrics_CapMrktCurUSD,CapMrktCurUSD
2024-11-14,litecoin,ltc,6161490413.052272,,,current,coinmetrics_CapMrktCurUSD,CapMrktCurUSD
2024-11-15,litecoin,ltc,6294525917.880573,,,current,coinmetrics_CapMrktCurUSD,CapMrktCurUSD
2024-11-16,litecoin,ltc,7156539331.980903,,,current,coinmetrics_CapMrktCurUSD,CapMrktCurUSD
2024-11-17,litecoin,ltc,6537663904.787821,,,current,coinmetrics_CapMrktCurUSD,CapMrktCurUSD
2024-11-18,litecoin,ltc,6684140180.567053,,,current,coinmetrics_CapMrktCurUSD,CapMrktCurUSD
2024-11-19,litecoin,ltc,6527275819.35061,,,current,coinmetrics_CapMrktCurUSD,CapMrktCurUSD
2024-11-20,litecoin,ltc,6300922673.352896,,,current,coinmetrics_CapMrktCurUSD,CapMrktCurUSD
2024-11-21,litecoin,ltc,6723792580.065681,,,current,coinmetrics_CapMrktCurUSD,CapMrktCurUSD
2024-11-22,litecoin,ltc,6900292014.828598,,,current,coinmetrics_CapMrktCurUSD,CapMrktCurUSD
2024-11-23,litecoin,ltc,7464995963.559734,,,current,coinmetrics_CapMrktCurUSD,CapMrktCurUSD
2024-11-24,litecoin,ltc,7309024696.668622,,,current,coinmetrics_CapMrktCurUSD,CapMrktCurUSD
2024-11-25,litecoin,ltc,6968542420.014972,,,current,coinmetrics_CapMrktCurUSD,CapMrktCurUSD
2024-11-26,litecoin,ltc,6961340799.569314,,,current,coinmetrics_CapMrktCurUSD,CapMrktCurUSD
2024-11-27,litecoin,ltc,7333717415.502238,,,current,coinmetrics_CapMrktCurUSD,CapMrktCurUSD
2024-11-28,litecoin,ltc,7211089681.280035,,,current,coinmetrics_CapMrktCurUSD,CapMrktCurUSD
2024-11-29,litecoin,ltc,7794134397.980403,,,current,coinmetrics_CapMrktCurUSD,CapMrktCurUSD
2024-11-30,litecoin,ltc,7726853238.366621,,,current,coinmetrics_CapMrktCurUSD,CapMrktCurUSD
2024-12-01,litecoin,ltc,9012256445.269844,,,current,coinmetrics_CapMrktCurUSD,CapMrktCurUSD
2024-12-02,litecoin,ltc,10135026683.572165,,,current,coinmetrics_CapMrktCurUSD,CapMrktCurUSD
2024-12-03,litecoin,ltc,9964840663.003464,,,current,coinmetrics_CapMrktCurUSD,CapMrktCurUSD
2024-12-04,litecoin,ltc,10039923293.995892,,,current,coinmetrics_CapMrktCurUSD,CapMrktCurUSD
2024-12-05,litecoin,ltc,10249405235.771425,,,current,coinmetrics_CapMrktCurUSD,CapMrktCurUSD
2024-12-06,litecoin,ltc,10238365528.54998,,,current,coinmetrics_CapMrktCurUSD,CapMrktCurUSD
2024-12-07,litecoin,ltc,10072504393.338224,,,current,coinmetrics_CapMrktCurUSD,CapMrktCurUSD
2024-12-08,litecoin,ltc,10150632978.064327,,,current,coinmetrics_CapMrktCurUSD,CapMrktCurUSD
2024-12-09,litecoin,ltc,8316358856.798523,,,current,coinmetrics_CapMrktCurUSD,CapMrktCurUSD
2024-12-10,litecoin,ltc,8275468286.724947,,,current,coinmetrics_CapMrktCurUSD,CapMrktCurUSD
2024-12-11,litecoin,ltc,8872501450.113764,,,current,coinmetrics_CapMrktCurUSD,CapMrktCurUSD
2024-12-12,litecoin,ltc,8975570993.357857,,,current,coinmetrics_CapMrktCurUSD,CapMrktCurUSD
2024-12-13,litecoin,ltc,9330191877.314943,,,current,coinmetrics_CapMrktCurUSD,CapMrktCurUSD
2024-12-14,litecoin,ltc,8896869141.075518,,,current,coinmetrics_CapMrktCurUSD,CapMrktCurUSD
2024-12-15,litecoin,ltc,9111361322.625116,,,current,coinmetrics_CapMrktCurUSD,CapMrktCurUSD
2024-12-16,litecoin,ltc,8907875873.147007,,,current,coinmetrics_CapMrktCurUSD,CapMrktCurUSD
2024-12-17,litecoin,ltc,9341675809.4688,,,current,coinmetrics_CapMrktCurUSD,CapMrktCurUSD
2024-12-18,litecoin,ltc,8210822645.842765,,,current,coinmetrics_CapMrktCurUSD,CapMrktCurUSD
2024-12-19,litecoin,ltc,7534359942.66877,,,current,coinmetrics_CapMrktCurUSD,CapMrktCurUSD
2024-12-20,litecoin,ltc,7639403094.958528,,,current,coinmetrics_CapMrktCurUSD,CapMrktCurUSD
2024-12-21,litecoin,ltc,7617723136.314685,,,current,coinmetrics_CapMrktCurUSD,CapMrktCurUSD
2024-12-22,litecoin,ltc,7502550083.612064,,,current,coinmetrics_CapMrktCurUSD,CapMrktCurUSD
2024-12-23,litecoin,ltc,8016529891.36492,,,current,coinmetrics_CapMrktCurUSD,CapMrktCurUSD
2024-12-24,litecoin,ltc,8159943315.517442,,,current,coinmetrics_CapMrktCurUSD,CapMrktCurUSD
2024-12-25,litecoin,ltc,8242503443.478967,,,current,coinmetrics_CapMrktCurUSD,CapMrktCurUSD
2024-12-26,litecoin,ltc,7688402733.557527,,,current,coinmetrics_CapMrktCurUSD,CapMrktCurUSD
2024-12-27,litecoin,ltc,7552776729.230662,,,current,coinmetrics_CapMrktCurUSD,CapMrktCurUSD
2024-12-28,litecoin,ltc,7579439474.029482,,,current,coinmetrics_CapMrktCurUSD,CapMrktCurUSD
2024-12-29,litecoin,ltc,7386377152.802598,,,current,coinmetrics_CapMrktCurUSD,CapMrktCurUSD
2024-12-30,litecoin,ltc,7465483544.573843,,,current,coinmetrics_CapMrktCurUSD,CapMrktCurUSD
2024-12-31,litecoin,ltc,7761128960.810477,,,current,coinmetrics_CapMrktCurUSD,CapMrktCurUSD
2024-03-01,ripple,xrp,60194851575.80512,,,current,coinmetrics_CapMrktCurUSD,CapMrktCurUSD
2024-03-02,ripple,xrp,64251612945.87827,,,current,coinmetrics_CapMrktCurUSD,CapMrktCurUSD
2024-03-03,ripple,xrp,62694628255.04746,,,current,coinmetrics_CapMrktCurUSD,CapMrktCurUSD
2024-03-04,ripple,xrp,64970247822.0435,,,current,coinmetrics_CapMrktCurUSD,CapMrktCurUSD
2024-03-05,ripple,xrp,59328545051.04973,,,current,coinmetrics_CapMrktCurUSD,CapMrktCurUSD
2024-03-06,ripple,xrp,61283389474.86417,,,current,coinmetrics_CapMrktCurUSD,CapMrktCurUSD
2024-03-07,ripple,xrp,62995862200.83064,,,current,coinmetrics_CapMrktCurUSD,CapMrktCurUSD
2024-03-08,ripple,xrp,62177749900.38349,,,current,coinmetrics_CapMrktCurUSD,CapMrktCurUSD
2024-03-09,ripple,xrp,62205712609.06324,,,current,coinmetrics_CapMrktCurUSD,CapMrktCurUSD
2024-03-10,ripple,xrp,60720105770.706566,,,current,coinmetrics_CapMrktCurUSD,CapMrktCurUSD
2024-03-11,ripple,xrp,72029037610.62025,,,current,coinmetrics_CapMrktCurUSD,CapMrktCurUSD
2024-03-12,ripple,xrp,68825330701.02132,,,current,coinmetrics_CapMrktCurUSD,CapMrktCurUSD
2024-03-13,ripple,xrp,68927234215.49074,,,current,coinmetrics_CapMrktCurUSD,CapMrktCurUSD
2024-03-14,ripple,xrp,66965437170.02569,,,current,coinmetrics_CapMrktCurUSD,CapMrktCurUSD
2024-03-15,ripple,xrp,63448327812.16109,,,current,coinmetrics_CapMrktCurUSD,CapMrktCurUSD
2024-03-16,ripple,xrp,60201597561.698135,,,current,coinmetrics_CapMrktCurUSD,CapMrktCurUSD
2024-03-17,ripple,xrp,61822703859.99242,,,current,coinmetrics_CapMrktCurUSD,CapMrktCurUSD
2024-03-18,ripple,xrp,65201866440.30601,,,current,coinmetrics_CapMrktCurUSD,CapMrktCurUSD
2024-03-19,ripple,xrp,58289019384.0228,,,current,coinmetrics_CapMrktCurUSD,CapMrktCurUSD
2024-03-20,ripple,xrp,61198007854.35545,,,current,coinmetrics_CapMrktCurUSD,CapMrktCurUSD
2024-03-21,ripple,xrp,64029710733.026695,,,current,coinmetrics_CapMrktCurUSD,CapMrktCurUSD
2024-03-22,ripple,xrp,61000613425.52219,,,current,coinmetrics_CapMrktCurUSD,CapMrktCurUSD
2024-03-23,ripple,xrp,61913162814.48514,,,current,coinmetrics_CapMrktCurUSD,CapMrktCurUSD
2024-03-24,ripple,xrp,63360083880.7902,,,current,coinmetrics_CapMrktCurUSD,CapMrktCurUSD
2024-03-25,ripple,xrp,64113883317.611046,,,current,coinmetrics_CapMrktCurUSD,CapMrktCurUSD
2024-03-26,ripple,xrp,63249159310.64852,,,current,coinmetrics_CapMrktCurUSD,CapMrktCurUSD
2024-03-27,ripple,xrp,61114098448.62677,,,current,coinmetrics_CapMrktCurUSD,CapMrktCurUSD
2024-03-28,ripple,xrp,62504977908.70971,,,current,coinmetrics_CapMrktCurUSD,CapMrktCurUSD
2024-03-29,ripple,xrp,63074715504.52701,,,current,coinmetrics_CapMrktCurUSD,CapMrktCurUSD
2024-03-30,ripple,xrp,62071168680.843155,,,current,coinmetrics_CapMrktCurUSD,CapMrktCurUSD
2024-03-31,ripple,xrp,62895359933.588394,,,current,coinmetrics_CapMrktCurUSD,CapMrktCurUSD
2024-04-01,ripple,xrp,61245185285.63391,,,current,coinmetrics_CapMrktCurUSD,CapMrktCurUSD
2024-04-02,ripple,xrp,58600438070.744576,,,current,coinmetrics_CapMrktCurUSD,CapMrktCurUSD
2024-04-03,ripple,xrp,57554819094.31613,,,current,coinmetrics_CapMrktCurUSD,CapMrktCurUSD
2024-04-04,ripple,xrp,59259408436.60923,,,current,coinmetrics_CapMrktCurUSD,CapMrktCurUSD
2024-04-05,ripple,xrp,58776956427.96545,,,current,coinmetrics_CapMrktCurUSD,CapMrktCurUSD
2024-04-06,ripple,xrp,59421977459.52304,,,current,coinmetrics_CapMrktCurUSD,CapMrktCurUSD
2024-04-07,ripple,xrp,59423841738.9182,,,current,coinmetrics_CapMrktCurUSD,CapMrktCurUSD
2024-04-08,ripple,xrp,61617474180.71801,,,current,coinmetrics_CapMrktCurUSD,CapMrktCurUSD
2024-04-09,ripple,xrp,61414861976.37082,,,current,coinmetrics_CapMrktCurUSD,CapMrktCurUSD
2024-04-10,ripple,xrp,61749971103.232765,,,current,coinmetrics_CapMrktCurUSD,CapMrktCurUSD
2024-04-11,ripple,xrp,60841076497.40183,,,current,coinmetrics_CapMrktCurUSD,CapMrktCurUSD
2024-04-12,ripple,xrp,54700906374.40336,,,current,coinmetrics_CapMrktCurUSD,CapMrktCurUSD
2024-04-13,ripple,xrp,48031356295.129105,,,current,coinmetrics_CapMrktCurUSD,CapMrktCurUSD
2024-04-14,ripple,xrp,50499485453.01296,,,current,coinmetrics_CapMrktCurUSD,CapMrktCurUSD
2024-04-15,ripple,xrp,49711170716.02365,,,current,coinmetrics_CapMrktCurUSD,CapMrktCurUSD
2024-04-16,ripple,xrp,49699711697.05781,,,current,coinmetrics_CapMrktCurUSD,CapMrktCurUSD
2024-04-17,ripple,xrp,49475735182.39905,,,current,coinmetrics_CapMrktCurUSD,CapMrktCurUSD
2024-04-18,ripple,xrp,50267547743.716896,,,current,coinmetrics_CapMrktCurUSD,CapMrktCurUSD
2024-04-19,ripple,xrp,50303363516.751274,,,current,coinmetrics_CapMrktCurUSD,CapMrktCurUSD
2024-04-20,ripple,xrp,52876403512.13185,,,current,coinmetrics_CapMrktCurUSD,CapMrktCurUSD
2024-04-21,ripple,xrp,52463258713.923515,,,current,coinmetrics_CapMrktCurUSD,CapMrktCurUSD
2024-04-22,ripple,xrp,55722496645.39368,,,current,coinmetrics_CapMrktCurUSD,CapMrktCurUSD
2024-04-23,ripple,xrp,54506300101.55523,,,current,coinmetrics_CapMrktCurUSD,CapMrktCurUSD
2024-04-24,ripple,xrp,52599285935.145195,,,current,coinmetrics_CapMrktCurUSD,CapMrktCurUSD
2024-04-25,ripple,xrp,52535140082.32105,,,current,coinmetrics_CapMrktCurUSD,CapMrktCurUSD
2024-04-26,ripple,xrp,52547332544.85945,,,current,coinmetrics_CapMrktCurUSD,CapMrktCurUSD
2024-04-27,ripple,xrp,51803633659.6662,,,current,coinmetrics_CapMrktCurUSD,CapMrktCurUSD
2024-04-28,ripple,xrp,50992639886.31311,,,current,coinmetrics_CapMrktCurUSD,CapMrktCurUSD
2024-04-29,ripple,xrp,51567334257.26646,,,current,coinmetrics_CapMrktCurUSD,CapMrktCurUSD
2024-04-30,ripple,xrp,49960255545.56494,,,current,coinmetrics_CapMrktCurUSD,CapMrktCurUSD
2024-05-01,ripple,xrp,51593908812.08238,,,current,coinmetrics_CapMrktCurUSD,CapMrktCurUSD
2024-05-02,ripple,xrp,51896234181.90362,,,current,coinmetrics_CapMrktCurUSD,CapMrktCurUSD
2024-05-03,ripple,xrp,53206068462.17801,,,current,coinmetrics_CapMrktCurUSD,CapMrktCurUSD
2024-05-04,ripple,xrp,53029343256.08959,,,current,coinmetrics_CapMrktCurUSD,CapMrktCurUSD
2024-05-05,ripple,xrp,52975582366.3117,,,current,coinmetrics_CapMrktCurUSD,CapMrktCurUSD
2024-05-06,ripple,xrp,54025549191.144806,,,current,coinmetrics_CapMrktCurUSD,CapMrktCurUSD
2024-05-07,ripple,xrp,52474474883.91935,,,current,coinmetrics_CapMrktCurUSD,CapMrktCurUSD
2024-05-08,ripple,xrp,51665796372.83881,,,current,coinmetrics_CapMrktCurUSD,CapMrktCurUSD
2024-05-09,ripple,xrp,52053957525.49937,,,current,coinmetrics_CapMrktCurUSD,CapMrktCurUSD
2024-05-10,ripple,xrp,50226074263.76476,,,current,coinmetrics_CapMrktCurUSD,CapMrktCurUSD
2024-05-11,ripple,xrp,50577082564.07236,,,current,coinmetrics_CapMrktCurUSD,CapMrktCurUSD
2024-05-12,ripple,xrp,49933370429.10912,,,current,coinmetrics_CapMrktCurUSD,CapMrktCurUSD
2024-05-13,ripple,xrp,50489145608.56826,,,current,coinmetrics_CapMrktCurUSD,CapMrktCurUSD
2024-05-14,ripple,xrp,49966320875.99521,,,current,coinmetrics_CapMrktCurUSD,CapMrktCurUSD
2024-05-15,ripple,xrp,51862929764.14158,,,current,coinmetrics_CapMrktCurUSD,CapMrktCurUSD
2024-05-16,ripple,xrp,51549301638.13425,,,current,coinmetrics_CapMrktCurUSD,CapMrktCurUSD
2024-05-17,ripple,xrp,52377232864.38733,,,current,coinmetrics_CapMrktCurUSD,CapMrktCurUSD
2024-05-18,ripple,xrp,52102181505.90983,,,current,coinmetrics_CapMrktCurUSD,CapMrktCurUSD
2024-05-19,ripple,xrp,50928128232.37993,,,current,coinmetrics_CapMrktCurUSD,CapMrktCurUSD
2024-05-20,ripple,xrp,53647520581.18408,,,current,coinmetrics_CapMrktCurUSD,CapMrktCurUSD
2024-05-21,ripple,xrp,53688900155.71828,,,current,coinmetrics_CapMrktCurUSD,CapMrktCurUSD
2024-05-22,ripple,xrp,52622334349.73593,,,current,coinmetrics_CapMrktCurUSD,CapMrktCurUSD
2024-05-23,ripple,xrp,52778685659.70591,,,current,coinmetrics_CapMrktCurUSD,CapMrktCurUSD
2024-05-24,ripple,xrp,53521074346.36879,,,current,coinmetrics_CapMrktCurUSD,CapMrktCurUSD
2024-05-25,ripple,xrp,54131744819.54044,,,current,coinmetrics_CapMrktCurUSD,CapMrktCurUSD
2024-05-26,ripple,xrp,52817154070.766624,,,current,coinmetrics_CapMrktCurUSD,CapMrktCurUSD
2024-05-27,ripple,xrp,53375569951.60801,,,current,coinmetrics_CapMrktCurUSD,CapMrktCurUSD
2024-05-28,ripple,xrp,52829610532.34845,,,current,coinmetrics_CapMrktCurUSD,CapMrktCurUSD
2024-05-29,ripple,xrp,52327933616.170006,,,current,coinmetrics_CapMrktCurUSD,CapMrktCurUSD
2024-05-30,ripple,xrp,51909588902.95238,,,current,coinmetrics_CapMrktCurUSD,CapMrktCurUSD
2024-05-31,ripple,xrp,51743078101.37372,,,current,coinmetrics_CapMrktCurUSD,CapMrktCurUSD
2024-06-01,ripple,xrp,51826820475.516754,,,current,coinmetrics_CapMrktCurUSD,CapMrktCurUSD
2024-06-02,ripple,xrp,51338160991.68576,,,current,coinmetrics_CapMrktCurUSD,CapMrktCurUSD
2024-06-03,ripple,xrp,52004664210.913445,,,current,coinmetrics_CapMrktCurUSD,CapMrktCurUSD
2024-06-04,ripple,xrp,52546060777.59026,,,current,coinmetrics_CapMrktCurUSD,CapMrktCurUSD
2024-06-05,ripple,xrp,52547883575.57095,,,current,coinmetrics_CapMrktCurUSD,CapMrktCurUSD
2024-06-06,ripple,xrp,52163395261.02968,,,current,coinmetrics_CapMrktCurUSD,CapMrktCurUSD
2024-06-07,ripple,xrp,49898602808.21179,,,current,coinmetrics_CapMrktCurUSD,CapMrktCurUSD
2024-06-08,ripple,xrp,49305800446.75504,,,current,coinmetrics_CapMrktCurUSD,CapMrktCurUSD
2024-06-09,ripple,xrp,49848610490.92768,,,current,coinmetrics_CapMrktCurUSD,CapMrktCurUSD
2024-06-10,ripple,xrp,49624366706.13696,,,current,coinmetrics_CapMrktCurUSD,CapMrktCurUSD
2024-06-11,ripple,xrp,48022516702.1114,,,current,coinmetrics_CapMrktCurUSD,CapMrktCurUSD
2024-06-12,ripple,xrp,49124832390.31334,,,current,coinmetrics_CapMrktCurUSD,CapMrktCurUSD
2024-06-13,ripple,xrp,47711688017.252075,,,current,coinmetrics_CapMrktCurUSD,CapMrktCurUSD
2024-06-14,ripple,xrp,47389228609.78436,,,current,coinmetrics_CapMrktCurUSD,CapMrktCurUSD
2024-06-15,ripple,xrp,49110423505.0273,,,current,coinmetrics_CapMrktCurUSD,CapMrktCurUSD
2024-06-16,ripple,xrp,48857211423.47511,,,current,coinmetrics_CapMrktCurUSD,CapMrktCurUSD
2024-06-17,ripple,xrp,50474601663.58926,,,current,coinmetrics_CapMrktCurUSD,CapMrktCurUSD
2024-06-18,ripple,xrp,49052418232.61278,,,current,coinmetrics_CapMrktCurUSD,CapMrktCurUSD
2024-06-19,ripple,xrp,49268483622.64537,,,current,coinmetrics_CapMrktCurUSD,CapMrktCurUSD
2024-06-20,ripple,xrp,48866370533.68499,,,current,coinmetrics_CapMrktCurUSD,CapMrktCurUSD
2024-06-21,ripple,xrp,48889782361.15595,,,current,coinmetrics_CapMrktCurUSD,CapMrktCurUSD
2024-06-22,ripple,xrp,48655540991.97407,,,current,coinmetrics_CapMrktCurUSD,CapMrktCurUSD
2024-06-23,ripple,xrp,47940502901.061165,,,current,coinmetrics_CapMrktCurUSD,CapMrktCurUSD
2024-06-24,ripple,xrp,47366829918.83476,,,current,coinmetrics_CapMrktCurUSD,CapMrktCurUSD
2024-06-25,ripple,xrp,47512084761.35908,,,current,coinmetrics_CapMrktCurUSD,CapMrktCurUSD
2024-06-26,ripple,xrp,46967094689.26423,,,current,coinmetrics_CapMrktCurUSD,CapMrktCurUSD
2024-06-27,ripple,xrp,47439586159.91385,,,current,coinmetrics_CapMrktCurUSD,CapMrktCurUSD
2024-06-28,ripple,xrp,47064377384.815254,,,current,coinmetrics_CapMrktCurUSD,CapMrktCurUSD
2024-06-29,ripple,xrp,47164223326.36012,,,current,coinmetrics_CapMrktCurUSD,CapMrktCurUSD
2024-06-30,ripple,xrp,47566581004.168365,,,current,coinmetrics_CapMrktCurUSD,CapMrktCurUSD
2024-07-01,ripple,xrp,47640667612.937485,,,current,coinmetrics_CapMrktCurUSD,CapMrktCurUSD
2024-07-02,ripple,xrp,48423334628.81749,,,current,coinmetrics_CapMrktCurUSD,CapMrktCurUSD
2024-07-03,ripple,xrp,46669953926.4749,,,current,coinmetrics_CapMrktCurUSD,CapMrktCurUSD
2024-07-04,ripple,xrp,43611153716.103004,,,current,coinmetrics_CapMrktCurUSD,CapMrktCurUSD
2024-07-05,ripple,xrp,42578593902.42154,,,current,coinmetrics_CapMrktCurUSD,CapMrktCurUSD
2024-07-06,ripple,xrp,44884810446.88405,,,current,coinmetrics_CapMrktCurUSD,CapMrktCurUSD
2024-07-07,ripple,xrp,42069643005.83316,,,current,coinmetrics_CapMrktCurUSD,CapMrktCurUSD
2024-07-08,ripple,xrp,43143762274.22944,,,current,coinmetrics_CapMrktCurUSD,CapMrktCurUSD
2024-07-09,ripple,xrp,43579443360.79585,,,current,coinmetrics_CapMrktCurUSD,CapMrktCurUSD
2024-07-10,ripple,xrp,43878112563.59625,,,current,coinmetrics_CapMrktCurUSD,CapMrktCurUSD
2024-07-11,ripple,xrp,44863072898.5848,,,current,coinmetrics_CapMrktCurUSD,CapMrktCurUSD
2024-07-12,ripple,xrp,47464031027.89074,,,current,coinmetrics_CapMrktCurUSD,CapMrktCurUSD
2024-07-13,ripple,xrp,52700118547.001656,,,current,coinmetrics_CapMrktCurUSD,CapMrktCurUSD
2024-07-14,ripple,xrp,52362521062.64861,,,current,coinmetrics_CapMrktCurUSD,CapMrktCurUSD
2024-07-15,ripple,xrp,53652230701.14539,,,current,coinmetrics_CapMrktCurUSD,CapMrktCurUSD
2024-07-16,ripple,xrp,57841640190.68233,,,current,coinmetrics_CapMrktCurUSD,CapMrktCurUSD
2024-07-17,ripple,xrp,62843109754.32017,,,current,coinmetrics_CapMrktCurUSD,CapMrktCurUSD
2024-07-18,ripple,xrp,57005673601.426704,,,current,coinmetrics_CapMrktCurUSD,CapMrktCurUSD
2024-07-19,ripple,xrp,57212204959.92223,,,current,coinmetrics_CapMrktCurUSD,CapMrktCurUSD
2024-07-20,ripple,xrp,59482279448.60649,,,current,coinmetrics_CapMrktCurUSD,CapMrktCurUSD
2024-07-21,ripple,xrp,59678527065.506386,,,current,coinmetrics_CapMrktCurUSD,CapMrktCurUSD
2024-07-22,ripple,xrp,60570691196.058334,,,current,coinmetrics_CapMrktCurUSD,CapMrktCurUSD
2024-07-23,ripple,xrp,59744549678.48471,,,current,coinmetrics_CapMrktCurUSD,CapMrktCurUSD
2024-07-24,ripple,xrp,61567844842.35709,,,current,coinmetrics_CapMrktCurUSD,CapMrktCurUSD
2024-07-25,ripple,xrp,59842410690.44205,,,current,coinmetrics_CapMrktCurUSD,CapMrktCurUSD
2024-07-26,ripple,xrp,60331606085.62813,,,current,coinmetrics_CapMrktCurUSD,CapMrktCurUSD
2024-07-27,ripple,xrp,59775190685.36627,,,current,coinmetrics_CapMrktCurUSD,CapMrktCurUSD
2024-07-28,ripple,xrp,60083918243.17807,,,current,coinmetrics_CapMrktCurUSD,CapMrktCurUSD
2024-07-29,ripple,xrp,60190482038.574646,,,current,coinmetrics_CapMrktCurUSD,CapMrktCurUSD
2024-07-30,ripple,xrp,62654900791.99807,,,current,coinmetrics_CapMrktCurUSD,CapMrktCurUSD
2024-07-31,ripple,xrp,62555285995.36261,,,current,coinmetrics_CapMrktCurUSD,CapMrktCurUSD
2024-08-01,ripple,xrp,59633172801.700554,,,current,coinmetrics_CapMrktCurUSD,CapMrktCurUSD
2024-08-02,ripple,xrp,56067738986.93344,,,current,coinmetrics_CapMrktCurUSD,CapMrktCurUSD
2024-08-03,ripple,xrp,55583821553.100365,,,current,coinmetrics_CapMrktCurUSD,CapMrktCurUSD
2024-08-04,ripple,xrp,52463854028.38471,,,current,coinmetrics_CapMrktCurUSD,CapMrktCurUSD
2024-08-05,ripple,xrp,49192486390.572495,,,current,coinmetrics_CapMrktCurUSD,CapMrktCurUSD
2024-08-06,ripple,xrp,50529432135.732574,,,current,coinmetrics_CapMrktCurUSD,CapMrktCurUSD
2024-08-07,ripple,xrp,60559301517.038574,,,current,coinmetrics_CapMrktCurUSD,CapMrktCurUSD
2024-08-08,ripple,xrp,61664632640.442986,,,current,coinmetrics_CapMrktCurUSD,CapMrktCurUSD
2024-08-09,ripple,xrp,58024790538.37039,,,current,coinmetrics_CapMrktCurUSD,CapMrktCurUSD
2024-08-10,ripple,xrp,58525927726.97625,,,current,coinmetrics_CapMrktCurUSD,CapMrktCurUSD
2024-08-11,ripple,xrp,55206306173.7058,,,current,coinmetrics_CapMrktCurUSD,CapMrktCurUSD
2024-08-12,ripple,xrp,56920030864.01436,,,current,coinmetrics_CapMrktCurUSD,CapMrktCurUSD
2024-08-13,ripple,xrp,57599352004.9361,,,current,coinmetrics_CapMrktCurUSD,CapMrktCurUSD
2024-08-14,ripple,xrp,56906891544.98221,,,current,coinmetrics_CapMrktCurUSD,CapMrktCurUSD
2024-08-15,ripple,xrp,56111151777.2563,,,current,coinmetrics_CapMrktCurUSD,CapMrktCurUSD
2024-08-16,ripple,xrp,56422974658.00114,,,current,coinmetrics_CapMrktCurUSD,CapMrktCurUSD
2024-08-17,ripple,xrp,56582706818.15673,,,current,coinmetrics_CapMrktCurUSD,CapMrktCurUSD
2024-08-18,ripple,xrp,56632487441.9079,,,current,coinmetrics_CapMrktCurUSD,CapMrktCurUSD
2024-08-19,ripple,xrp,59807557349.72646,,,current,coinmetrics_CapMrktCurUSD,CapMrktCurUSD
2024-08-20,ripple,xrp,59425585611.27039,,,current,coinmetrics_CapMrktCurUSD,CapMrktCurUSD
2024-08-21,ripple,xrp,59993227389.15004,,,current,coinmetrics_CapMrktCurUSD,CapMrktCurUSD
2024-08-22,ripple,xrp,59753584494.6776,,,current,coinmetrics_CapMrktCurUSD,CapMrktCurUSD
2024-08-23,ripple,xrp,61138664038.438995,,,current,coinmetrics_CapMrktCurUSD,CapMrktCurUSD
2024-08-24,ripple,xrp,61254062992.51461,,,current,coinmetrics_CapMrktCurUSD,CapMrktCurUSD
2024-08-25,ripple,xrp,60159729425.8382,,,current,coinmetrics_CapMrktCurUSD,CapMrktCurUSD
2024-08-26,ripple,xrp,58812397890.699455,,,current,coinmetrics_CapMrktCurUSD,CapMrktCurUSD
2024-08-27,ripple,xrp,56776855734.42737,,,current,coinmetrics_CapMrktCurUSD,CapMrktCurUSD
2024-08-28,ripple,xrp,57019081739.56687,,,current,coinmetrics_CapMrktCurUSD,CapMrktCurUSD
2024-08-29,ripple,xrp,56134493815.58094,,,current,coinmetrics_CapMrktCurUSD,CapMrktCurUSD
2024-08-30,ripple,xrp,56668677433.05562,,,current,coinmetrics_CapMrktCurUSD,CapMrktCurUSD
2024-08-31,ripple,xrp,56589902156.58112,,,current,coinmetrics_CapMrktCurUSD,CapMrktCurUSD
2024-09-01,ripple,xrp,54745687817.39511,,,current,coinmetrics_CapMrktCurUSD,CapMrktCurUSD
2024-09-02,ripple,xrp,56761374312.38262,,,current,coinmetrics_CapMrktCurUSD,CapMrktCurUSD
2024-09-03,ripple,xrp,55919800450.59858,,,current,coinmetrics_CapMrktCurUSD,CapMrktCurUSD
2024-09-04,ripple,xrp,55853978823.32585,,,current,coinmetrics_CapMrktCurUSD,CapMrktCurUSD
2024-09-05,ripple,xrp,54397084402.3712,,,current,coinmetrics_CapMrktCurUSD,CapMrktCurUSD
2024-09-06,ripple,xrp,52101578399.5041,,,current,coinmetrics_CapMrktCurUSD,CapMrktCurUSD
2024-09-07,ripple,xrp,52430580030.55117,,,current,coinmetrics_CapMrktCurUSD,CapMrktCurUSD
2024-09-08,ripple,xrp,52941105640.203995,,,current,coinmetrics_CapMrktCurUSD,CapMrktCurUSD
2024-09-09,ripple,xrp,53988763627.70508,,,current,coinmetrics_CapMrktCurUSD,CapMrktCurUSD
2024-09-10,ripple,xrp,54111362800.362495,,,current,coinmetrics_CapMrktCurUSD,CapMrktCurUSD
2024-09-11,ripple,xrp,53527147783.98262,,,current,coinmetrics_CapMrktCurUSD,CapMrktCurUSD
2024-09-12,ripple,xrp,56215867452.01008,,,current,coinmetrics_CapMrktCurUSD,CapMrktCurUSD
2024-09-13,ripple,xrp,57221528978.25706,,,current,coinmetrics_CapMrktCurUSD,CapMrktCurUSD
2024-09-14,ripple,xrp,59683009523.17506,,,current,coinmetrics_CapMrktCurUSD,CapMrktCurUSD
2024-09-15,ripple,xrp,57120501674.45619,,,current,coinmetrics_CapMrktCurUSD,CapMrktCurUSD
2024-09-16,ripple,xrp,58534391461.92833,,,current,coinmetrics_CapMrktCurUSD,CapMrktCurUSD
2024-09-17,ripple,xrp,58439492514.614174,,,current,coinmetrics_CapMrktCurUSD,CapMrktCurUSD
2024-09-18,ripple,xrp,58432509325.9132,,,current,coinmetrics_CapMrktCurUSD,CapMrktCurUSD
2024-09-19,ripple,xrp,58754199896.569244,,,current,coinmetrics_CapMrktCurUSD,CapMrktCurUSD
2024-09-20,ripple,xrp,58513706921.353775,,,current,coinmetrics_CapMrktCurUSD,CapMrktCurUSD
2024-09-21,ripple,xrp,59803508458.11093,,,current,coinmetrics_CapMrktCurUSD,CapMrktCurUSD
2024-09-22,ripple,xrp,58743624195.99143,,,current,coinmetrics_CapMrktCurUSD,CapMrktCurUSD
2024-09-23,ripple,xrp,58521278408.95489,,,current,coinmetrics_CapMrktCurUSD,CapMrktCurUSD
2024-09-24,ripple,xrp,59135632624.5098,,,current,coinmetrics_CapMrktCurUSD,CapMrktCurUSD
2024-09-25,ripple,xrp,58316393430.88077,,,current,coinmetrics_CapMrktCurUSD,CapMrktCurUSD
2024-09-26,ripple,xrp,58968875273.25401,,,current,coinmetrics_CapMrktCurUSD,CapMrktCurUSD
2024-09-27,ripple,xrp,58856027819.226524,,,current,coinmetrics_CapMrktCurUSD,CapMrktCurUSD
2024-09-28,ripple,xrp,61379140154.70572,,,current,coinmetrics_CapMrktCurUSD,CapMrktCurUSD
2024-09-29,ripple,xrp,64145691733.02552,,,current,coinmetrics_CapMrktCurUSD,CapMrktCurUSD
2024-09-30,ripple,xrp,61313051970.43368,,,current,coinmetrics_CapMrktCurUSD,CapMrktCurUSD
2024-10-01,ripple,xrp,59721616798.53184,,,current,coinmetrics_CapMrktCurUSD,CapMrktCurUSD
2024-10-02,ripple,xrp,54048509892.26334,,,current,coinmetrics_CapMrktCurUSD,CapMrktCurUSD
2024-10-03,ripple,xrp,52236246053.93917,,,current,coinmetrics_CapMrktCurUSD,CapMrktCurUSD
2024-10-04,ripple,xrp,53385868220.1788,,,current,coinmetrics_CapMrktCurUSD,CapMrktCurUSD
2024-10-05,ripple,xrp,52945212977.22397,,,current,coinmetrics_CapMrktCurUSD,CapMrktCurUSD
2024-10-06,ripple,xrp,53355167237.07216,,,current,coinmetrics_CapMrktCurUSD,CapMrktCurUSD
2024-10-07,ripple,xrp,53092999849.647606,,,current,coinmetrics_CapMrktCurUSD,CapMrktCurUSD
2024-10-08,ripple,xrp,52996096311.45971,,,current,coinmetrics_CapMrktCurUSD,CapMrktCurUSD
2024-10-09,ripple,xrp,52437571312.60913,,,current,coinmetrics_CapMrktCurUSD,CapMrktCurUSD
2024-10-10,ripple,xrp,52956872734.86229,,,current,coinmetrics_CapMrktCurUSD,CapMrktCurUSD
2024-10-11,ripple,xrp,53835213074.976,,,current,coinmetrics_CapMrktCurUSD,CapMrktCurUSD
2024-10-12,ripple,xrp,53950699224.56729,,,current,coinmetrics_CapMrktCurUSD,CapMrktCurUSD
2024-10-13,ripple,xrp,53113556132.487206,,,current,coinmetrics_CapMrktCurUSD,CapMrktCurUSD
2024-10-14,ripple,xrp,54778752958.95796,,,current,coinmetrics_CapMrktCurUSD,CapMrktCurUSD
2024-10-15,ripple,xrp,54067583211.44648,,,current,coinmetrics_CapMrktCurUSD,CapMrktCurUSD
2024-10-16,ripple,xrp,54864840973.45152,,,current,coinmetrics_CapMrktCurUSD,CapMrktCurUSD
2024-10-17,ripple,xrp,54369128676.635635,,,current,coinmetrics_CapMrktCurUSD,CapMrktCurUSD
2024-10-18,ripple,xrp,54615764313.305504,,,current,coinmetrics_CapMrktCurUSD,CapMrktCurUSD
2024-10-19,ripple,xrp,54410611556.76537,,,current,coinmetrics_CapMrktCurUSD,CapMrktCurUSD
2024-10-20,ripple,xrp,54724491552.60545,,,current,coinmetrics_CapMrktCurUSD,CapMrktCurUSD
2024-10-21,ripple,xrp,54471009239.94004,,,current,coinmetrics_CapMrktCurUSD,CapMrktCurUSD
2024-10-22,ripple,xrp,53367655101.47185,,,current,coinmetrics_CapMrktCurUSD,CapMrktCurUSD
2024-10-23,ripple,xrp,52557670115.905266,,,current,coinmetrics_CapMrktCurUSD,CapMrktCurUSD
2024-10-24,ripple,xrp,53131463730.05804,,,current,coinmetrics_CapMrktCurUSD,CapMrktCurUSD
2024-10-25,ripple,xrp,49903558468.78836,,,current,coinmetrics_CapMrktCurUSD,CapMrktCurUSD
2024-10-26,ripple,xrp,51230555477.781494,,,current,coinmetrics_CapMrktCurUSD,CapMrktCurUSD
2024-10-27,ripple,xrp,51658649199.3993,,,current,coinmetrics_CapMrktCurUSD,CapMrktCurUSD
2024-10-28,ripple,xrp,51910574591.37094,,,current,coinmetrics_CapMrktCurUSD,CapMrktCurUSD
2024-10-29,ripple,xrp,52768885709.66772,,,current,coinmetrics_CapMrktCurUSD,CapMrktCurUSD
2024-10-30,ripple,xrp,52336975525.85342,,,current,coinmetrics_CapMrktCurUSD,CapMrktCurUSD
2024-10-31,ripple,xrp,50954259212.90291,,,current,coinmetrics_CapMrktCurUSD,CapMrktCurUSD
2024-11-01,ripple,xrp,51272541926.70783,,,current,coinmetrics_CapMrktCurUSD,CapMrktCurUSD
2024-11-02,ripple,xrp,50924818392.39987,,,current,coinmetrics_CapMrktCurUSD,CapMrktCurUSD
2024-11-03,ripple,xrp,50260802377.41645,,,current,coinmetrics_CapMrktCurUSD,CapMrktCurUSD
2024-11-04,ripple,xrp,50265608563.2947,,,current,coinmetrics_CapMrktCurUSD,CapMrktCurUSD
2024-11-05,ripple,xrp,51388613609.70988,,,current,coinmetrics_CapMrktCurUSD,CapMrktCurUSD
2024-11-06,ripple,xrp,54321736600.58845,,,current,coinmetrics_CapMrktCurUSD,CapMrktCurUSD
2024-11-07,ripple,xrp,55456066422.886406,,,current,coinmetrics_CapMrktCurUSD,CapMrktCurUSD
2024-11-08,ripple,xrp,55364608672.35775,,,current,coinmetrics_CapMrktCurUSD,CapMrktCurUSD
2024-11-09,ripple,xrp,55971697708.86993,,,current,coinmetrics_CapMrktCurUSD,CapMrktCurUSD
2024-11-10,ripple,xrp,58880001003.79199,,,current,coinmetrics_CapMrktCurUSD,CapMrktCurUSD
2024-11-11,ripple,xrp,61969880903.566826,,,current,coinmetrics_CapMrktCurUSD,CapMrktCurUSD
2024-11-12,ripple,xrp,71042156135.4093,,,current,coinmetrics_CapMrktCurUSD,CapMrktCurUSD
2024-11-13,ripple,xrp,69070128365.23306,,,current,coinmetrics_CapMrktCurUSD,CapMrktCurUSD
2024-11-14,ripple,xrp,77189655396.13184,,,current,coinmetrics_CapMrktCurUSD,CapMrktCurUSD
2024-11-15,ripple,xrp,89171300226.08087,,,current,coinmetrics_CapMrktCurUSD,CapMrktCurUSD
2024-11-16,ripple,xrp,112641524607.96455,,,current,coinmetrics_CapMrktCurUSD,CapMrktCurUSD
2024-11-17,ripple,xrp,105912109632.44344,,,current,coinmetrics_CapMrktCurUSD,CapMrktCurUSD
2024-11-18,ripple,xrp,111827605572.96094,,,current,coinmetrics_CapMrktCurUSD,CapMrktCurUSD
2024-11-19,ripple,xrp,110179463761.96184,,,current,coinmetrics_CapMrktCurUSD,CapMrktCurUSD
2024-11-20,ripple,xrp,110623357561.35684,,,current,coinmetrics_CapMrktCurUSD,CapMrktCurUSD
2024-11-21,ripple,xrp,122743745427.36348,,,current,coinmetrics_CapMrktCurUSD,CapMrktCurUSD
2024-11-22,ripple,xrp,146245937559.0451,,,current,coinmetrics_CapMrktCurUSD,CapMrktCurUSD
2024-11-23,ripple,xrp,147187319393.7695,,,current,coinmetrics_CapMrktCurUSD,CapMrktCurUSD
2024-11-24,ripple,xrp,143706748538.00568,,,current,coinmetrics_CapMrktCurUSD,CapMrktCurUSD
2024-11-25,ripple,xrp,141841328763.35086,,,current,coinmetrics_CapMrktCurUSD,CapMrktCurUSD
2024-11-26,ripple,xrp,139879569477.9951,,,current,coinmetrics_CapMrktCurUSD,CapMrktCurUSD
2024-11-27,ripple,xrp,147290539730.0324,,,current,coinmetrics_CapMrktCurUSD,CapMrktCurUSD
2024-11-28,ripple,xrp,153014113744.91373,,,current,coinmetrics_CapMrktCurUSD,CapMrktCurUSD
2024-11-29,ripple,xrp,180049098883.6924,,,current,coinmetrics_CapMrktCurUSD,CapMrktCurUSD
2024-11-30,ripple,xrp,193681073695.1868,,,current,coinmetrics_CapMrktCurUSD,CapMrktCurUSD
2024-12-01,ripple,xrp,225367259230.66476,,,current,coinmetrics_CapMrktCurUSD,CapMrktCurUSD
2024-12-02,ripple,xrp,272628803392.45743,,,current,coinmetrics_CapMrktCurUSD,CapMrktCurUSD
2024-12-03,ripple,xrp,254017255510.1596,,,current,coinmetrics_CapMrktCurUSD,CapMrktCurUSD
2024-12-04,ripple,xrp,233841856323.63535,,,current,coinmetrics_CapMrktCurUSD,CapMrktCurUSD
2024-12-05,ripple,xrp,225288721821.58484,,,current,coinmetrics_CapMrktCurUSD,CapMrktCurUSD
2024-12-06,ripple,xrp,241532534606.6248,,,current,coinmetrics_CapMrktCurUSD,CapMrktCurUSD
2024-12-07,ripple,xrp,258939455471.4145,,,current,coinmetrics_CapMrktCurUSD,CapMrktCurUSD
2024-12-08,ripple,xrp,260651526635.07367,,,current,coinmetrics_CapMrktCurUSD,CapMrktCurUSD
2024-12-09,ripple,xrp,222376267175.83127,,,current,coinmetrics_CapMrktCurUSD,CapMrktCurUSD
2024-12-10,ripple,xrp,237105963633.374,,,current,coinmetrics_CapMrktCurUSD,CapMrktCurUSD
2024-12-11,ripple,xrp,241609423500.56592,,,current,coinmetrics_CapMrktCurUSD,CapMrktCurUSD
2024-12-12,ripple,xrp,234316370353.33063,,,current,coinmetrics_CapMrktCurUSD,CapMrktCurUSD
2024-12-13,ripple,xrp,242439132393.96152,,,current,coinmetrics_CapMrktCurUSD,CapMrktCurUSD
2024-12-14,ripple,xrp,239931761294.9084,,,current,coinmetrics_CapMrktCurUSD,CapMrktCurUSD
2024-12-15,ripple,xrp,244396695713.17435,,,current,coinmetrics_CapMrktCurUSD,CapMrktCurUSD
2024-12-16,ripple,xrp,248819512521.2708,,,current,coinmetrics_CapMrktCurUSD,CapMrktCurUSD
2024-12-17,ripple,xrp,255347617775.2357,,,current,coinmetrics_CapMrktCurUSD,CapMrktCurUSD
2024-12-18,ripple,xrp,231004029819.34692,,,current,coinmetrics_CapMrktCurUSD,CapMrktCurUSD
2024-12-19,ripple,xrp,225542145307.12195,,,current,coinmetrics_CapMrktCurUSD,CapMrktCurUSD
2024-12-20,ripple,xrp,227446383977.89676,,,current,coinmetrics_CapMrktCurUSD,CapMrktCurUSD
2024-12-21,ripple,xrp,223258184500.9328,,,current,coinmetrics_CapMrktCurUSD,CapMrktCurUSD
2024-12-22,ripple,xrp,220152372221.15027,,,current,coinmetrics_CapMrktCurUSD,CapMrktCurUSD
2024-12-23,ripple,xrp,225586731438.1829,,,current,coinmetrics_CapMrktCurUSD,CapMrktCurUSD
2024-12-24,ripple,xrp,232444781845.818,,,current,coinmetrics_CapMrktCurUSD,CapMrktCurUSD
2024-12-25,ripple,xrp,229509724997.7386,,,current,coinmetrics_CapMrktCurUSD,CapMrktCurUSD
2024-12-26,ripple,xrp,215337620354.58707,,,current,coinmetrics_CapMrktCurUSD,CapMrktCurUSD
2024-12-27,ripple,xrp,213881149998.99744,,,current,coinmetrics_CapMrktCurUSD,CapMrktCurUSD
2024-12-28,ripple,xrp,218187128404.06512,,,current,coinmetrics_CapMrktCurUSD,CapMrktCurUSD
2024-12-29,ripple,xrp,208942865734.81985,,,current,coinmetrics_CapMrktCurUSD,CapMrktCurUSD
2024-12-30,ripple,xrp,205421655232.7756,,,current,coinmetrics_CapMrktCurUSD,CapMrktCurUSD
2024-12-31,ripple,xrp,207766156676.53464,,,current,coinmetrics_CapMrktCurUSD,CapMrktCurUSD
2024-03-01,solana,sol,,57740964019.336075,,estimated,coinmetrics_CapMrktEstUSD,CapMrktEstUSD
2024-03-02,solana,sol,,57443939918.65488,,estimated,coinmetrics_CapMrktEstUSD,CapMrktEstUSD
2024-03-03,solana,sol,,57720106450.56524,,estimated,coinmetrics_CapMrktEstUSD,CapMrktEstUSD
2024-03-04,solana,sol,,58799067808.8463,,estimated,coinmetrics_CapMrktEstUSD,CapMrktEstUSD
2024-03-05,solana,sol,,55634062946.526,,estimated,coinmetrics_CapMrktEstUSD,CapMrktEstUSD
2024-03-06,solana,sol,,57970276608.39342,,estimated,coinmetrics_CapMrktEstUSD,CapMrktEstUSD
2024-03-07,solana,sol,,63991494446.840576,,estimated,coinmetrics_CapMrktEstUSD,CapMrktEstUSD
2024-03-08,solana,sol,,64362660401.56434,,estimated,coinmetrics_CapMrktEstUSD,CapMrktEstUSD
2024-03-09,solana,sol,,64139423747.73337,,estimated,coinmetrics_CapMrktEstUSD,CapMrktEstUSD
2024-03-10,solana,sol,,63803107788.2754,,estimated,coinmetrics_CapMrktEstUSD,CapMrktEstUSD
2024-03-11,solana,sol,,65957796193.10602,,estimated,coinmetrics_CapMrktEstUSD,CapMrktEstUSD
2024-03-12,solana,sol,,66695734830.31005,,estimated,coinmetrics_CapMrktEstUSD,CapMrktEstUSD
2024-03-13,solana,sol,,72615944490.6689,,estimated,coinmetrics_CapMrktEstUSD,CapMrktEstUSD
2024-03-14,solana,sol,,77995011036.22444,,estimated,coinmetrics_CapMrktEstUSD,CapMrktEstUSD
2024-03-15,solana,sol,,81491103713.28682,,estimated,coinmetrics_CapMrktEstUSD,CapMrktEstUSD
2024-03-16,solana,sol,,80340663604.11348,,estimated,coinmetrics_CapMrktEstUSD,CapMrktEstUSD
2024-03-17,solana,sol,,89755210666.21622,,estimated,coinmetrics_CapMrktEstUSD,CapMrktEstUSD
2024-03-18,solana,sol,,87377320637.7707,,estimated,coinmetrics_CapMrktEstUSD,CapMrktEstUSD
2024-03-19,solana,sol,,75246449037.80698,,estimated,coinmetrics_CapMrktEstUSD,CapMrktEstUSD
2024-03-20,solana,sol,,85038435902.39618,,estimated,coinmetrics_CapMrktEstUSD,CapMrktEstUSD
2024-03-21,solana,sol,,79571168237.02382,,estimated,coinmetrics_CapMrktEstUSD,CapMrktEstUSD
2024-03-22,solana,sol,,76826397076.6654,,estimated,coinmetrics_CapMrktEstUSD,CapMrktEstUSD
2024-03-23,solana,sol,,77117048828.33275,,estimated,coinmetrics_CapMrktEstUSD,CapMrktEstUSD
2024-03-24,solana,sol,,81891628971.59683,,estimated,coinmetrics_CapMrktEstUSD,CapMrktEstUSD
2024-03-25,solana,sol,,84243567867.39636,,estimated,coinmetrics_CapMrktEstUSD,CapMrktEstUSD
2024-03-26,solana,sol,,84935885338.65038,,estimated,coinmetrics_CapMrktEstUSD,CapMrktEstUSD
2024-03-27,solana,sol,,82469515311.1075,,estimated,coinmetrics_CapMrktEstUSD,CapMrktEstUSD
2024-03-28,solana,sol,,84376810104.58301,,estimated,coinmetrics_CapMrktEstUSD,CapMrktEstUSD
2024-03-29,solana,sol,,85458592299.79906,,estimated,coinmetrics_CapMrktEstUSD,CapMrktEstUSD
2024-03-30,solana,sol,,86405424747.82089,,estimated,coinmetrics_CapMrktEstUSD,CapMrktEstUSD
2024-03-31,solana,sol,,89923397506.15508,,estimated,coinmetrics_CapMrktEstUSD,CapMrktEstUSD
2024-04-01,solana,sol,,85732059587.61546,,estimated,coinmetrics_CapMrktEstUSD,CapMrktEstUSD
2024-04-02,solana,sol,,80852266048.71434,,estimated,coinmetrics_CapMrktEstUSD,CapMrktEstUSD
2024-04-03,solana,sol,,82604914820.39441,,estimated,coinmetrics_CapMrktEstUSD,CapMrktEstUSD
2024-04-04,solana,sol,,81659709755.68774,,estimated,coinmetrics_CapMrktEstUSD,CapMrktEstUSD
2024-04-05,solana,sol,,77831600202.78362,,estimated,coinmetrics_CapMrktEstUSD,CapMrktEstUSD
2024-04-06,solana,sol,,79750236443.37901,,estimated,coinmetrics_CapMrktEstUSD,CapMrktEstUSD
2024-04-07,solana,sol,,79861253578.8148,,estimated,coinmetrics_CapMrktEstUSD,CapMrktEstUSD
2024-04-08,solana,sol,,80517816922.08905,,estimated,coinmetrics_CapMrktEstUSD,CapMrktEstUSD
2024-04-09,solana,sol,,76885314247.58435,,estimated,coinmetrics_CapMrktEstUSD,CapMrktEstUSD
2024-04-10,solana,sol,,77258825486.40031,,estimated,coinmetrics_CapMrktEstUSD,CapMrktEstUSD
2024-04-11,solana,sol,,76882536259.77005,,estimated,coinmetrics_CapMrktEstUSD,CapMrktEstUSD
2024-04-12,solana,sol,,68194256998.829124,,estimated,coinmetrics_CapMrktEstUSD,CapMrktEstUSD
2024-04-13,solana,sol,,62392048542.51749,,estimated,coinmetrics_CapMrktEstUSD,CapMrktEstUSD
2024-04-14,solana,sol,,67716799120.70407,,estimated,coinmetrics_CapMrktEstUSD,CapMrktEstUSD
2024-04-15,solana,sol,,61846547891.77201,,estimated,coinmetrics_CapMrktEstUSD,CapMrktEstUSD
2024-04-16,solana,sol,,61046499622.15789,,estimated,coinmetrics_CapMrktEstUSD,CapMrktEstUSD
2024-04-17,solana,sol,,59209941184.24792,,estimated,coinmetrics_CapMrktEstUSD,CapMrktEstUSD
2024-04-18,solana,sol,,63589108103.81202,,estimated,coinmetrics_CapMrktEstUSD,CapMrktEstUSD
2024-04-19,solana,sol,,63655414613.30072,,estimated,coinmetrics_CapMrktEstUSD,CapMrktEstUSD
2024-04-20,solana,sol,,67331071348.656845,,estimated,coinmetrics_CapMrktEstUSD,CapMrktEstUSD
2024-04-21,solana,sol,,66440740030.50808,,estimated,coinmetrics_CapMrktEstUSD,CapMrktEstUSD
2024-04-22,solana,sol,,70319516128.03328,,estimated,coinmetrics_CapMrktEstUSD,CapMrktEstUSD
2024-04-23,solana,sol,,69240147032.50795,,estimated,coinmetrics_CapMrktEstUSD,CapMrktEstUSD
2024-04-24,solana,sol,,65896955607.21297,,estimated,coinmetrics_CapMrktEstUSD,CapMrktEstUSD
2024-04-25,solana,sol,,64846043095.95698,,estimated,coinmetrics_CapMrktEstUSD,CapMrktEstUSD
2024-04-26,solana,sol,,62282181722.61277,,estimated,coinmetrics_CapMrktEstUSD,CapMrktEstUSD
2024-04-27,solana,sol,,63252813737.73272,,estimated,coinmetrics_CapMrktEstUSD,CapMrktEstUSD
2024-04-28,solana,sol,,61608208892.65613,,estimated,coinmetrics_CapMrktEstUSD,CapMrktEstUSD
2024-04-29,solana,sol,,61664390925.90713,,estimated,coinmetrics_CapMrktEstUSD,CapMrktEstUSD
2024-04-30,solana,sol,,56776553607.376434,,estimated,coinmetrics_CapMrktEstUSD,CapMrktEstUSD
2024-05-01,solana,sol,,60060790617.04957,,estimated,coinmetrics_CapMrktEstUSD,CapMrktEstUSD
2024-05-02,solana,sol,,61742956396.44636,,estimated,coinmetrics_CapMrktEstUSD,CapMrktEstUSD
2024-05-03,solana,sol,,64388479913.72052,,estimated,coinmetrics_CapMrktEstUSD,CapMrktEstUSD
2024-05-04,solana,sol,,65412585370.60406,,estimated,coinmetrics_CapMrktEstUSD,CapMrktEstUSD
2024-05-05,solana,sol,,65190438575.465225,,estimated,coinmetrics_CapMrktEstUSD,CapMrktEstUSD
2024-05-06,solana,sol,,68477829587.91311,,estimated,coinmetrics_CapMrktEstUSD,CapMrktEstUSD
2024-05-07,solana,sol,,66473062050.77436,,estimated,coinmetrics_CapMrktEstUSD,CapMrktEstUSD
2024-05-08,solana,sol,,63646123038.30877,,estimated,coinmetrics_CapMrktEstUSD,CapMrktEstUSD
2024-05-09,solana,sol,,68226102661.058304,,estimated,coinmetrics_CapMrktEstUSD,CapMrktEstUSD
2024-05-10,solana,sol,,65597926897.38264,,estimated,coinmetrics_CapMrktEstUSD,CapMrktEstUSD
2024-05-11,solana,sol,,65235649447.341125,,estimated,coinmetrics_CapMrktEstUSD,CapMrktEstUSD
2024-05-12,solana,sol,,64360391722.59361,,estimated,coinmetrics_CapMrktEstUSD,CapMrktEstUSD
2024-05-13,solana,sol,,66064074677.972244,,estimated,coinmetrics_CapMrktEstUSD,CapMrktEstUSD
2024-05-14,solana,sol,,63746266373.74591,,estimated,coinmetrics_CapMrktEstUSD,CapMrktEstUSD
2024-05-15,solana,sol,,70827402384.28418,,estimated,coinmetrics_CapMrktEstUSD,CapMrktEstUSD
2024-05-16,solana,sol,,71426498497.80602,,estimated,coinmetrics_CapMrktEstUSD,CapMrktEstUSD
2024-05-17,solana,sol,,76023815418.33093,,estimated,coinmetrics_CapMrktEstUSD,CapMrktEstUSD
2024-05-18,solana,sol,,77412920064.39516,,estimated,coinmetrics_CapMrktEstUSD,CapMrktEstUSD
2024-05-19,solana,sol,,76375003896.4905,,estimated,coinmetrics_CapMrktEstUSD,CapMrktEstUSD
2024-05-20,solana,sol,,83588137798.88672,,estimated,coinmetrics_CapMrktEstUSD,CapMrktEstUSD
2024-05-21,solana,sol,,80012073476.37962,,estimated,coinmetrics_CapMrktEstUSD,CapMrktEstUSD
2024-05-22,solana,sol,,79384826280.87816,,estimated,coinmetrics_CapMrktEstUSD,CapMrktEstUSD
2024-05-23,solana,sol,,78963591325.07504,,estimated,coinmetrics_CapMrktEstUSD,CapMrktEstUSD
2024-05-24,solana,sol,,75349221413.57343,,estimated,coinmetrics_CapMrktEstUSD,CapMrktEstUSD
2024-05-25,solana,sol,,75628506062.18701,,estimated,coinmetrics_CapMrktEstUSD,CapMrktEstUSD
2024-05-26,solana,sol,,73343898391.09886,,estimated,coinmetrics_CapMrktEstUSD,CapMrktEstUSD
2024-05-27,solana,sol,,76308399750.44272,,estimated,coinmetrics_CapMrktEstUSD,CapMrktEstUSD
2024-05-28,solana,sol,,75837031672.01155,,estimated,coinmetrics_CapMrktEstUSD,CapMrktEstUSD
2024-05-29,solana,sol,,77350693839.1413,,estimated,coinmetrics_CapMrktEstUSD,CapMrktEstUSD
2024-05-30,solana,sol,,76800790932.0055,,estimated,coinmetrics_CapMrktEstUSD,CapMrktEstUSD
2024-05-31,solana,sol,,76097913707.79245,,estimated,coinmetrics_CapMrktEstUSD,CapMrktEstUSD
2024-06-01,solana,sol,,76258962884.25887,,estimated,coinmetrics_CapMrktEstUSD,CapMrktEstUSD
2024-06-02,solana,sol,,75063543169.68141,,estimated,coinmetrics_CapMrktEstUSD,CapMrktEstUSD
2024-06-03,solana,sol,,75770636419.77048,,estimated,coinmetrics_CapMrktEstUSD,CapMrktEstUSD
2024-06-04,solana,sol,,78884931833.86119,,estimated,coinmetrics_CapMrktEstUSD,CapMrktEstUSD
2024-06-05,solana,sol,,79757823562.97198,,estimated,coinmetrics_CapMrktEstUSD,CapMrktEstUSD
2024-06-06,solana,sol,,78374201514.41934,,estimated,coinmetrics_CapMrktEstUSD,CapMrktEstUSD
2024-06-07,solana,sol,,74746574729.79965,,estimated,coinmetrics_CapMrktEstUSD,CapMrktEstUSD
2024-06-08,solana,sol,,72798792430.43799,,estimated,coinmetrics_CapMrktEstUSD,CapMrktEstUSD
2024-06-09,solana,sol,,74619998477.69751,,estimated,coinmetrics_CapMrktEstUSD,CapMrktEstUSD
2024-06-10,solana,sol,,73184508073.11034,,estimated,coinmetrics_CapMrktEstUSD,CapMrktEstUSD
2024-06-11,solana,sol,,68824683053.18027,,estimated,coinmetrics_CapMrktEstUSD,CapMrktEstUSD
2024-06-12,solana,sol,,71404894520.5473,,estimated,coinmetrics_CapMrktEstUSD,CapMrktEstUSD
2024-06-13,solana,sol,,68025603668.29232,,estimated,coinmetrics_CapMrktEstUSD,CapMrktEstUSD
2024-06-14,solana,sol,,65999777034.79665,,estimated,coinmetrics_CapMrktEstUSD,CapMrktEstUSD
2024-06-15,solana,sol,,67096545440.79375,,estimated,coinmetrics_CapMrktEstUSD,CapMrktEstUSD
2024-06-16,solana,sol,,69556963706.08795,,estimated,coinmetrics_CapMrktEstUSD,CapMrktEstUSD
2024-06-17,solana,sol,,66175409261.954735,,estimated,coinmetrics_CapMrktEstUSD,CapMrktEstUSD
2024-06-18,solana,sol,,63293331261.914925,,estimated,coinmetrics_CapMrktEstUSD,CapMrktEstUSD
2024-06-19,solana,sol,,62441141576.84119,,estimated,coinmetrics_CapMrktEstUSD,CapMrktEstUSD
2024-06-20,solana,sol,,61701338094.99292,,estimated,coinmetrics_CapMrktEstUSD,CapMrktEstUSD
2024-06-21,solana,sol,,62056761145.02425,,estimated,coinmetrics_CapMrktEstUSD,CapMrktEstUSD
2024-06-22,solana,sol,,61726173744.445564,,estimated,coinmetrics_CapMrktEstUSD,CapMrktEstUSD
2024-06-23,solana,sol,,59440787625.14881,,estimated,coinmetrics_CapMrktEstUSD,CapMrktEstUSD
2024-06-24,solana,sol,,60978834087.073654,,estimated,coinmetrics_CapMrktEstUSD,CapMrktEstUSD
2024-06-25,solana,sol,,63040293107.59422,,estimated,coinmetrics_CapMrktEstUSD,CapMrktEstUSD
2024-06-26,solana,sol,,63185660733.23863,,estimated,coinmetrics_CapMrktEstUSD,CapMrktEstUSD
2024-06-27,solana,sol,,68989499524.6785,,estimated,coinmetrics_CapMrktEstUSD,CapMrktEstUSD
2024-06-28,solana,sol,,64583784607.150375,,estimated,coinmetrics_CapMrktEstUSD,CapMrktEstUSD
2024-06-29,solana,sol,,64726637402.104515,,estimated,coinmetrics_CapMrktEstUSD,CapMrktEstUSD
2024-06-30,solana,sol,,67747022170.71615,,estimated,coinmetrics_CapMrktEstUSD,CapMrktEstUSD
2024-07-01,solana,sol,,67682168149.41814,,estimated,coinmetrics_CapMrktEstUSD,CapMrktEstUSD
2024-07-02,solana,sol,,71225958512.32457,,estimated,coinmetrics_CapMrktEstUSD,CapMrktEstUSD
2024-07-03,solana,sol,,65081732185.93482,,estimated,coinmetrics_CapMrktEstUSD,CapMrktEstUSD
2024-07-04,solana,sol,,59763914923.02888,,estimated,coinmetrics_CapMrktEstUSD,CapMrktEstUSD
2024-07-05,solana,sol,,62263571565.96605,,estimated,coinmetrics_CapMrktEstUSD,CapMrktEstUSD
2024-07-06,solana,sol,,66324703793.00565,,estimated,coinmetrics_CapMrktEstUSD,CapMrktEstUSD
2024-07-07,solana,sol,,61306907059.2407,,estimated,coinmetrics_CapMrktEstUSD,CapMrktEstUSD
2024-07-08,solana,sol,,64702786067.6961,,estimated,coinmetrics_CapMrktEstUSD,CapMrktEstUSD
2024-07-09,solana,sol,,65573039812.25114,,estimated,coinmetrics_CapMrktEstUSD,CapMrktEstUSD
2024-07-10,solana,sol,,65774040363.29648,,estimated,coinmetrics_CapMrktEstUSD,CapMrktEstUSD
2024-07-11,solana,sol,,63102535695.42752,,estimated,coinmetrics_CapMrktEstUSD,CapMrktEstUSD
2024-07-12,solana,sol,,64567497174.09279,,estimated,coinmetrics_CapMrktEstUSD,CapMrktEstUSD
2024-07-13,solana,sol,,65972688411.80346,,estimated,coinmetrics_CapMrktEstUSD,CapMrktEstUSD
2024-07-14,solana,sol,,68712354601.54523,,estimated,coinmetrics_CapMrktEstUSD,CapMrktEstUSD
2024-07-15,solana,sol,,73982653898.29402,,estimated,coinmetrics_CapMrktEstUSD,CapMrktEstUSD
2024-07-16,solana,sol,,74708963809.07704,,estimated,coinmetrics_CapMrktEstUSD,CapMrktEstUSD
2024-07-17,solana,sol,,72288438774.58669,,estimated,coinmetrics_CapMrktEstUSD,CapMrktEstUSD
2024-07-18,solana,sol,,73945623249.70346,,estimated,coinmetrics_CapMrktEstUSD,CapMrktEstUSD
2024-07-19,solana,sol,,78592740593.0944,,estimated,coinmetrics_CapMrktEstUSD,CapMrktEstUSD
2024-07-20,solana,sol,,80769408870.92378,,estimated,coinmetrics_CapMrktEstUSD,CapMrktEstUSD
2024-07-21,solana,sol,,85568346851.54483,,estimated,coinmetrics_CapMrktEstUSD,CapMrktEstUSD
2024-07-22,solana,sol,,83018254335.9993,,estimated,coinmetrics_CapMrktEstUSD,CapMrktEstUSD
2024-07-23,solana,sol,,80147214775.3418,,estimated,coinmetrics_CapMrktEstUSD,CapMrktEstUSD
2024-07-24,solana,sol,,82415917286.85031,,estimated,coinmetrics_CapMrktEstUSD,CapMrktEstUSD
2024-07-25,solana,sol,,79785239856.31586,,estimated,coinmetrics_CapMrktEstUSD,CapMrktEstUSD
2024-07-26,solana,sol,,85063256370.68454,,estimated,coinmetrics_CapMrktEstUSD,CapMrktEstUSD
2024-07-27,solana,sol,,85794930017.23837,,estimated,coinmetrics_CapMrktEstUSD,CapMrktEstUSD
2024-07-28,solana,sol,,85777973713.36674,,estimated,coinmetrics_CapMrktEstUSD,CapMrktEstUSD
2024-07-29,solana,sol,,84963667486.8766,,estimated,coinmetrics_CapMrktEstUSD,CapMrktEstUSD
2024-07-30,solana,sol,,83258861816.03438,,estimated,coinmetrics_CapMrktEstUSD,CapMrktEstUSD
2024-07-31,solana,sol,,80007021956.86102,,estimated,coinmetrics_CapMrktEstUSD,CapMrktEstUSD
2024-08-01,solana,sol,,77878278256.62651,,estimated,coinmetrics_CapMrktEstUSD,CapMrktEstUSD
2024-08-02,solana,sol,,71051245869.37196,,estimated,coinmetrics_CapMrktEstUSD,CapMrktEstUSD
2024-08-03,solana,sol,,66546804053.34561,,estimated,coinmetrics_CapMrktEstUSD,CapMrktEstUSD
2024-08-04,solana,sol,,64445110781.5244,,estimated,coinmetrics_CapMrktEstUSD,CapMrktEstUSD
2024-08-05,solana,sol,,60848124739.69438,,estimated,coinmetrics_CapMrktEstUSD,CapMrktEstUSD
2024-08-06,solana,sol,,67057766836.48161,,estimated,coinmetrics_CapMrktEstUSD,CapMrktEstUSD
2024-08-07,solana,sol,,67625605062.010284,,estimated,coinmetrics_CapMrktEstUSD,CapMrktEstUSD
2024-08-08,solana,sol,,75698063599.41002,,estimated,coinmetrics_CapMrktEstUSD,CapMrktEstUSD
2024-08-09,solana,sol,,72660846719.93431,,estimated,coinmetrics_CapMrktEstUSD,CapMrktEstUSD
2024-08-10,solana,sol,,71805659374.27051,,estimated,coinmetrics_CapMrktEstUSD,CapMrktEstUSD
2024-08-11,solana,sol,,66053574055.23101,,estimated,coinmetrics_CapMrktEstUSD,CapMrktEstUSD
2024-08-12,solana,sol,,68366562969.4933,,estimated,coinmetrics_CapMrktEstUSD,CapMrktEstUSD
2024-08-13,solana,sol,,68477961635.49704,,estimated,coinmetrics_CapMrktEstUSD,CapMrktEstUSD
2024-08-14,solana,sol,,67227534044.86631,,estimated,coinmetrics_CapMrktEstUSD,CapMrktEstUSD
2024-08-15,solana,sol,,66831591686.80469,,estimated,coinmetrics_CapMrktEstUSD,CapMrktEstUSD
2024-08-16,solana,sol,,64923991466.56098,,estimated,coinmetrics_CapMrktEstUSD,CapMrktEstUSD
2024-08-17,solana,sol,,66055998430.73456,,estimated,coinmetrics_CapMrktEstUSD,CapMrktEstUSD
2024-08-18,solana,sol,,66767333605.78352,,estimated,coinmetrics_CapMrktEstUSD,CapMrktEstUSD
2024-08-19,solana,sol,,67199360822.06837,,estimated,coinmetrics_CapMrktEstUSD,CapMrktEstUSD
2024-08-20,solana,sol,,66513281503.38214,,estimated,coinmetrics_CapMrktEstUSD,CapMrktEstUSD
2024-08-21,solana,sol,,66517022097.38202,,estimated,coinmetrics_CapMrktEstUSD,CapMrktEstUSD
2024-08-22,solana,sol,,66816825177.23071,,estimated,coinmetrics_CapMrktEstUSD,CapMrktEstUSD
2024-08-23,solana,sol,,71385175855.43196,,estimated,coinmetrics_CapMrktEstUSD,CapMrktEstUSD
2024-08-24,solana,sol,,74561215838.43822,,estimated,coinmetrics_CapMrktEstUSD,CapMrktEstUSD
2024-08-25,solana,sol,,74372458774.0093,,estimated,coinmetrics_CapMrktEstUSD,CapMrktEstUSD
2024-08-26,solana,sol,,73379377268.85736,,estimated,coinmetrics_CapMrktEstUSD,CapMrktEstUSD
2024-08-27,solana,sol,,68650816515.76275,,estimated,coinmetrics_CapMrktEstUSD,CapMrktEstUSD
2024-08-28,solana,sol,,67087447930.22348,,estimated,coinmetrics_CapMrktEstUSD,CapMrktEstUSD
2024-08-29,solana,sol,,65212523044.88514,,estimated,coinmetrics_CapMrktEstUSD,CapMrktEstUSD
2024-08-30,solana,sol,,64391759036.954285,,estimated,coinmetrics_CapMrktEstUSD,CapMrktEstUSD
2024-08-31,solana,sol,,63042226474.33744,,estimated,coinmetrics_CapMrktEstUSD,CapMrktEstUSD
2024-09-01,solana,sol,,60057127704.74258,,estimated,coinmetrics_CapMrktEstUSD,CapMrktEstUSD
2024-09-02,solana,sol,,63014170935.41752,,estimated,coinmetrics_CapMrktEstUSD,CapMrktEstUSD
2024-09-03,solana,sol,,59797451960.95581,,estimated,coinmetrics_CapMrktEstUSD,CapMrktEstUSD
2024-09-04,solana,sol,,62418685124.01407,,estimated,coinmetrics_CapMrktEstUSD,CapMrktEstUSD
2024-09-05,solana,sol,,60368322226.60871,,estimated,coinmetrics_CapMrktEstUSD,CapMrktEstUSD
2024-09-06,solana,sol,,58314200040.23735,,estimated,coinmetrics_CapMrktEstUSD,CapMrktEstUSD
2024-09-07,solana,sol,,59479665838.86826,,estimated,coinmetrics_CapMrktEstUSD,CapMrktEstUSD
2024-09-08,solana,sol,,60790190313.36132,,estimated,coinmetrics_CapMrktEstUSD,CapMrktEstUSD
2024-09-09,solana,sol,,63117947291.79084,,estimated,coinmetrics_CapMrktEstUSD,CapMrktEstUSD
2024-09-10,solana,sol,,63440854311.278946,,estimated,coinmetrics_CapMrktEstUSD,CapMrktEstUSD
2024-09-11,solana,sol,,61981116603.3218,,estimated,coinmetrics_CapMrktEstUSD,CapMrktEstUSD
2024-09-12,solana,sol,,63733680676.9126,,estimated,coinmetrics_CapMrktEstUSD,CapMrktEstUSD
2024-09-13,solana,sol,,64969531899.99684,,estimated,coinmetrics_CapMrktEstUSD,CapMrktEstUSD
2024-09-14,solana,sol,,64205723831.15425,,estimated,coinmetrics_CapMrktEstUSD,CapMrktEstUSD
2024-09-15,solana,sol,,61567484402.186134,,estimated,coinmetrics_CapMrktEstUSD,CapMrktEstUSD
2024-09-16,solana,sol,,61568775098.199974,,estimated,coinmetrics_CapMrktEstUSD,CapMrktEstUSD
2024-09-17,solana,sol,,61528727560.66641,,estimated,coinmetrics_CapMrktEstUSD,CapMrktEstUSD
2024-09-18,solana,sol,,62344085690.963066,,estimated,coinmetrics_CapMrktEstUSD,CapMrktEstUSD
2024-09-19,solana,sol,,66781613606.59314,,estimated,coinmetrics_CapMrktEstUSD,CapMrktEstUSD
2024-09-20,solana,sol,,68712082295.181694,,estimated,coinmetrics_CapMrktEstUSD,CapMrktEstUSD
2024-09-21,solana,sol,,69989248251.36833,,estimated,coinmetrics_CapMrktEstUSD,CapMrktEstUSD
2024-09-22,solana,sol,,67819642074.62571,,estimated,coinmetrics_CapMrktEstUSD,CapMrktEstUSD
2024-09-23,solana,sol,,67841649635.46536,,estimated,coinmetrics_CapMrktEstUSD,CapMrktEstUSD
2024-09-24,solana,sol,,71725345477.92032,,estimated,coinmetrics_CapMrktEstUSD,CapMrktEstUSD
2024-09-25,solana,sol,,69288564973.36304,,estimated,coinmetrics_CapMrktEstUSD,CapMrktEstUSD
2024-09-26,solana,sol,,72792225185.7383,,estimated,coinmetrics_CapMrktEstUSD,CapMrktEstUSD
2024-09-27,solana,sol,,73935776900.63387,,estimated,coinmetrics_CapMrktEstUSD,CapMrktEstUSD
2024-09-28,solana,sol,,73404843189.79556,,estimated,coinmetrics_CapMrktEstUSD,CapMrktEstUSD
2024-09-29,solana,sol,,74312581780.90839,,estimated,coinmetrics_CapMrktEstUSD,CapMrktEstUSD
2024-09-30,solana,sol,,71636336697.86488,,estimated,coinmetrics_CapMrktEstUSD,CapMrktEstUSD
2024-10-01,solana,sol,,67907610459.92199,,estimated,coinmetrics_CapMrktEstUSD,CapMrktEstUSD
2024-10-02,solana,sol,,65895257668.32641,,estimated,coinmetrics_CapMrktEstUSD,CapMrktEstUSD
2024-10-03,solana,sol,,64019751184.16829,,estimated,coinmetrics_CapMrktEstUSD,CapMrktEstUSD
2024-10-04,solana,sol,,66964575627.16702,,estimated,coinmetrics_CapMrktEstUSD,CapMrktEstUSD
2024-10-05,solana,sol,,66796852075.0883,,estimated,coinmetrics_CapMrktEstUSD,CapMrktEstUSD
2024-10-06,solana,sol,,68554811502.782326,,estimated,coinmetrics_CapMrktEstUSD,CapMrktEstUSD
2024-10-07,solana,sol,,67751641200.18373,,estimated,coinmetrics_CapMrktEstUSD,CapMrktEstUSD
2024-10-08,solana,sol,,67213121383.93331,,estimated,coinmetrics_CapMrktEstUSD,CapMrktEstUSD
2024-10-09,solana,sol,,65369323458.25169,,estimated,coinmetrics_CapMrktEstUSD,CapMrktEstUSD
2024-10-10,solana,sol,,65137629158.9882,,estimated,coinmetrics_CapMrktEstUSD,CapMrktEstUSD
2024-10-11,solana,sol,,68296679525.592415,,estimated,coinmetrics_CapMrktEstUSD,CapMrktEstUSD
2024-10-12,solana,sol,,68826686937.86089,,estimated,coinmetrics_CapMrktEstUSD,CapMrktEstUSD
2024-10-13,solana,sol,,69192945529.62746,,estimated,coinmetrics_CapMrktEstUSD,CapMrktEstUSD
2024-10-14,solana,sol,,73918853274.37834,,estimated,coinmetrics_CapMrktEstUSD,CapMrktEstUSD
2024-10-15,solana,sol,,72486658225.39719,,estimated,coinmetrics_CapMrktEstUSD,CapMrktEstUSD
2024-10-16,solana,sol,,72499675638.5002,,estimated,coinmetrics_CapMrktEstUSD,CapMrktEstUSD
2024-10-17,solana,sol,,70631777170.21829,,estimated,coinmetrics_CapMrktEstUSD,CapMrktEstUSD
2024-10-18,solana,sol,,72758005822.40285,,estimated,coinmetrics_CapMrktEstUSD,CapMrktEstUSD
2024-10-19,solana,sol,,74949074443.4125,,estimated,coinmetrics_CapMrktEstUSD,CapMrktEstUSD
2024-10-20,solana,sol,,78518396743.18443,,estimated,coinmetrics_CapMrktEstUSD,CapMrktEstUSD
2024-10-21,solana,sol,,78232225104.91313,,estimated,coinmetrics_CapMrktEstUSD,CapMrktEstUSD
2024-10-22,solana,sol,,78747369583.0714,,estimated,coinmetrics_CapMrktEstUSD,CapMrktEstUSD
2024-10-23,solana,sol,,80478044820.9855,,estimated,coinmetrics_CapMrktEstUSD,CapMrktEstUSD
2024-10-24,solana,sol,,83312005185.57683,,estimated,coinmetrics_CapMrktEstUSD,CapMrktEstUSD
2024-10-25,solana,sol,,76856628613.86,,estimated,coinmetrics_CapMrktEstUSD,CapMrktEstUSD
2024-10-26,solana,sol,,80246633644.52336,,estimated,coinmetrics_CapMrktEstUSD,CapMrktEstUSD
2024-10-27,solana,sol,,83165541844.52628,,estimated,coinmetrics_CapMrktEstUSD,CapMrktEstUSD
2024-10-28,solana,sol,,83822770453.82446,,estimated,coinmetrics_CapMrktEstUSD,CapMrktEstUSD
2024-10-29,solana,sol,,84250174804.8949,,estimated,coinmetrics_CapMrktEstUSD,CapMrktEstUSD
2024-10-30,solana,sol,,82458300653.38704,,estimated,coinmetrics_CapMrktEstUSD,CapMrktEstUSD
2024-10-31,solana,sol,,79400714251.66664,,estimated,coinmetrics_CapMrktEstUSD,CapMrktEstUSD
2024-11-01,solana,sol,,78119412847.98064,,estimated,coinmetrics_CapMrktEstUSD,CapMrktEstUSD
2024-11-02,solana,sol,,78005112509.27515,,estimated,coinmetrics_CapMrktEstUSD,CapMrktEstUSD
2024-11-03,solana,sol,,76469012638.78893,,estimated,coinmetrics_CapMrktEstUSD,CapMrktEstUSD
2024-11-04,solana,sol,,74231396599.08035,,estimated,coinmetrics_CapMrktEstUSD,CapMrktEstUSD
2024-11-05,solana,sol,,78578794357.12128,,estimated,coinmetrics_CapMrktEstUSD,CapMrktEstUSD
2024-11-06,solana,sol,,88257656259.50748,,estimated,coinmetrics_CapMrktEstUSD,CapMrktEstUSD
2024-11-07,solana,sol,,92229422766.75735,,estimated,coinmetrics_CapMrktEstUSD,CapMrktEstUSD
2024-11-08,solana,sol,,94062833390.52711,,estimated,coinmetrics_CapMrktEstUSD,CapMrktEstUSD
2024-11-09,solana,sol,,94839927660.3463,,estimated,coinmetrics_CapMrktEstUSD,CapMrktEstUSD
2024-11-10,solana,sol,,99106345791.68777,,estimated,coinmetrics_CapMrktEstUSD,CapMrktEstUSD
2024-11-11,solana,sol,,104974785029.26404,,estimated,coinmetrics_CapMrktEstUSD,CapMrktEstUSD
2024-11-12,solana,sol,,100394631594.32175,,estimated,coinmetrics_CapMrktEstUSD,CapMrktEstUSD
2024-11-13,solana,sol,,101464761159.78804,,estimated,coinmetrics_CapMrktEstUSD,CapMrktEstUSD
2024-11-14,solana,sol,,98633728953.62274,,estimated,coinmetrics_CapMrktEstUSD,CapMrktEstUSD
2024-11-15,solana,sol,,103450842807.7802,,estimated,coinmetrics_CapMrktEstUSD,CapMrktEstUSD
2024-11-16,solana,sol,,101880237011.91946,,estimated,coinmetrics_CapMrktEstUSD,CapMrktEstUSD
2024-11-17,solana,sol,,111848609785.93022,,estimated,coinmetrics_CapMrktEstUSD,CapMrktEstUSD
2024-11-18,solana,sol,,113426925977.64888,,estimated,coinmetrics_CapMrktEstUSD,CapMrktEstUSD
2024-11-19,solana,sol,,112729689134.8744,,estimated,coinmetrics_CapMrktEstUSD,CapMrktEstUSD
2024-11-20,solana,sol,,112082534348.70934,,estimated,coinmetrics_CapMrktEstUSD,CapMrktEstUSD
2024-11-21,solana,sol,,121972174978.6082,,estimated,coinmetrics_CapMrktEstUSD,CapMrktEstUSD
2024-11-22,solana,sol,,121562153436.84952,,estimated,coinmetrics_CapMrktEstUSD,CapMrktEstUSD
2024-11-23,solana,sol,,120898787447.8634,,estimated,coinmetrics_CapMrktEstUSD,CapMrktEstUSD
2024-11-24,solana,sol,,120333593907.30592,,estimated,coinmetrics_CapMrktEstUSD,CapMrktEstUSD
2024-11-25,solana,sol,,111715819134.72908,,estimated,coinmetrics_CapMrktEstUSD,CapMrktEstUSD
2024-11-26,solana,sol,,109487901546.16045,,estimated,coinmetrics_CapMrktEstUSD,CapMrktEstUSD
2024-11-27,solana,sol,,115043406996.6516,,estimated,coinmetrics_CapMrktEstUSD,CapMrktEstUSD
2024-11-28,solana,sol,,112902254461.4884,,estimated,coinmetrics_CapMrktEstUSD,CapMrktEstUSD
2024-11-29,solana,sol,,115743017048.77492,,estimated,coinmetrics_CapMrktEstUSD,CapMrktEstUSD
2024-11-30,solana,sol,,113101635389.31207,,estimated,coinmetrics_CapMrktEstUSD,CapMrktEstUSD
2024-12-01,solana,sol,,113047251162.78165,,estimated,coinmetrics_CapMrktEstUSD,CapMrktEstUSD
2024-12-02,solana,sol,,107005940572.55072,,estimated,coinmetrics_CapMrktEstUSD,CapMrktEstUSD
2024-12-03,solana,sol,,111656101123.36871,,estimated,coinmetrics_CapMrktEstUSD,CapMrktEstUSD
2024-12-04,solana,sol,,108619097027.55804,,estimated,coinmetrics_CapMrktEstUSD,CapMrktEstUSD
2024-12-05,solana,sol,,112846163285.08336,,estimated,coinmetrics_CapMrktEstUSD,CapMrktEstUSD
2024-12-06,solana,sol,,112636532071.29861,,estimated,coinmetrics_CapMrktEstUSD,CapMrktEstUSD
2024-12-07,solana,sol,,113750283907.97713,,estimated,coinmetrics_CapMrktEstUSD,CapMrktEstUSD
2024-12-08,solana,sol,,112722755107.39313,,estimated,coinmetrics_CapMrktEstUSD,CapMrktEstUSD
2024-12-09,solana,sol,,103764544136.59753,,estimated,coinmetrics_CapMrktEstUSD,CapMrktEstUSD
2024-12-10,solana,sol,,101896220063.31216,,estimated,coinmetrics_CapMrktEstUSD,CapMrktEstUSD
2024-12-11,solana,sol,,108338330880.78328,,estimated,coinmetrics_CapMrktEstUSD,CapMrktEstUSD
2024-12-12,solana,sol,,108749778776.87753,,estimated,coinmetrics_CapMrktEstUSD,CapMrktEstUSD
2024-12-13,solana,sol,,107437258370.32632,,estimated,coinmetrics_CapMrktEstUSD,CapMrktEstUSD
2024-12-14,solana,sol,,105301984837.19144,,estimated,coinmetrics_CapMrktEstUSD,CapMrktEstUSD
2024-12-15,solana,sol,,107188327318.03384,,estimated,coinmetrics_CapMrktEstUSD,CapMrktEstUSD
2024-12-16,solana,sol,,103738431406.3748,,estimated,coinmetrics_CapMrktEstUSD,CapMrktEstUSD
2024-12-17,solana,sol,,106797736375.85815,,estimated,coinmetrics_CapMrktEstUSD,CapMrktEstUSD
2024-12-18,solana,sol,,98730548027.05681,,estimated,coinmetrics_CapMrktEstUSD,CapMrktEstUSD
2024-12-19,solana,sol,,93288870094.79622,,estimated,coinmetrics_CapMrktEstUSD,CapMrktEstUSD
2024-12-20,solana,sol,,92888953412.5546,,estimated,coinmetrics_CapMrktEstUSD,CapMrktEstUSD
2024-12-21,solana,sol,,86600568524.8708,,estimated,coinmetrics_CapMrktEstUSD,CapMrktEstUSD
2024-12-22,solana,sol,,86460558299.16812,,estimated,coinmetrics_CapMrktEstUSD,CapMrktEstUSD
2024-12-23,solana,sol,,91208486211.47731,,estimated,coinmetrics_CapMrktEstUSD,CapMrktEstUSD
2024-12-24,solana,sol,,94588006202.00385,,estimated,coinmetrics_CapMrktEstUSD,CapMrktEstUSD
2024-12-25,solana,sol,,94566008015.55711,,estimated,coinmetrics_CapMrktEstUSD,CapMrktEstUSD
2024-12-26,solana,sol,,90136894362.46371,,estimated,coinmetrics_CapMrktEstUSD,CapMrktEstUSD
2024-12-27,solana,sol,,88105563489.15718,,estimated,coinmetrics_CapMrktEstUSD,CapMrktEstUSD
2024-12-28,solana,sol,,93400877732.18874,,estimated,coinmetrics_CapMrktEstUSD,CapMrktEstUSD
2024-12-29,solana,sol,,90836677779.44049,,estimated,coinmetrics_CapMrktEstUSD,CapMrktEstUSD
2024-12-30,solana,sol,,91392902641.76233,,estimated,coinmetrics_CapMrktEstUSD,CapMrktEstUSD
2024-12-31,solana,sol,,90841217926.90169,,estimated,coinmetrics_CapMrktEstUSD,CapMrktEstUSD
2024-03-01,tether,usdt,101544004762.62263,,,current,coinmetrics_CapMrktCurUSD,CapMrktCurUSD
2024-03-02,tether,usdt,101536827232.82028,,,current,coinmetrics_CapMrktCurUSD,CapMrktCurUSD
2024-03-03,tether,usdt,102710625965.37112,,,current,coinmetrics_CapMrktCurUSD,CapMrktCurUSD
2024-03-04,tether,usdt,103808563752.24112,,,current,coinmetrics_CapMrktCurUSD,CapMrktCurUSD
2024-03-05,tether,usdt,103776657401.57114,,,current,coinmetrics_CapMrktCurUSD,CapMrktCurUSD
2024-03-06,tether,usdt,103727785255.51596,,,current,coinmetrics_CapMrktCurUSD,CapMrktCurUSD
2024-03-07,tether,usdt,103835244682.46408,,,current,coinmetrics_CapMrktCurUSD,CapMrktCurUSD
2024-03-08,tether,usdt,104898682307.52628,,,current,coinmetrics_CapMrktCurUSD,CapMrktCurUSD
2024-03-09,tether,usdt,106888776866.08617,,,current,coinmetrics_CapMrktCurUSD,CapMrktCurUSD
2024-03-10,tether,usdt,106763369277.6799,,,current,coinmetrics_CapMrktCurUSD,CapMrktCurUSD
2024-03-11,tether,usdt,106687830255.12848,,,current,coinmetrics_CapMrktCurUSD,CapMrktCurUSD
2024-03-12,tether,usdt,106679349601.7342,,,current,coinmetrics_CapMrktCurUSD,CapMrktCurUSD
2024-03-13,tether,usdt,106723844979.94814,,,current,coinmetrics_CapMrktCurUSD,CapMrktCurUSD
2024-03-14,tether,usdt,106622648346.3138,,,current,coinmetrics_CapMrktCurUSD,CapMrktCurUSD
2024-03-15,tether,usdt,106663069264.33034,,,current,coinmetrics_CapMrktCurUSD,CapMrktCurUSD
2024-03-16,tether,usdt,106590773862.98431,,,current,coinmetrics_CapMrktCurUSD,CapMrktCurUSD
2024-03-17,tether,usdt,106579545482.2444,,,current,coinmetrics_CapMrktCurUSD,CapMrktCurUSD
2024-03-18,tether,usdt,106642457090.00545,,,current,coinmetrics_CapMrktCurUSD,CapMrktCurUSD
2024-03-19,tether,usdt,107591660178.8114,,,current,coinmetrics_CapMrktCurUSD,CapMrktCurUSD
2024-03-20,tether,usdt,107678843063.91208,,,current,coinmetrics_CapMrktCurUSD,CapMrktCurUSD
2024-03-21,tether,usdt,107624592022.21712,,,current,coinmetrics_CapMrktCurUSD,CapMrktCurUSD
2024-03-22,tether,usdt,107670084525.4724,,,current,coinmetrics_CapMrktCurUSD,CapMrktCurUSD
2024-03-23,tether,usdt,107664109058.28143,,,current,coinmetrics_CapMrktCurUSD,CapMrktCurUSD
2024-03-24,tether,usdt,107651595520.3824,,,current,coinmetrics_CapMrktCurUSD,CapMrktCurUSD
2024-03-25,tether,usdt,107689582034.93498,,,current,coinmetrics_CapMrktCurUSD,CapMrktCurUSD
2024-03-26,tether,usdt,107660314106.52225,,,current,coinmetrics_CapMrktCurUSD,CapMrktCurUSD
2024-03-27,tether,usdt,107605535417.30923,,,current,coinmetrics_CapMrktCurUSD,CapMrktCurUSD
2024-03-28,tether,usdt,107666047067.60872,,,current,coinmetrics_CapMrktCurUSD,CapMrktCurUSD
2024-03-29,tether,usdt,107728139953.44762,,,current,coinmetrics_CapMrktCurUSD,CapMrktCurUSD
2024-03-30,tether,usdt,107697215105.33696,,,current,coinmetrics_CapMrktCurUSD,CapMrktCurUSD
2024-03-31,tether,usdt,107658784795.06276,,,current,coinmetrics_CapMrktCurUSD,CapMrktCurUSD
2024-04-01,tether,usdt,107694893522.59048,,,current,coinmetrics_CapMrktCurUSD,CapMrktCurUSD
2024-04-02,tether,usdt,108830652686.02122,,,current,coinmetrics_CapMrktCurUSD,CapMrktCurUSD
2024-04-03,tether,usdt,109842249106.09695,,,current,coinmetrics_CapMrktCurUSD,CapMrktCurUSD
2024-04-04,tether,usdt,109856358688.63567,,,current,coinmetrics_CapMrktCurUSD,CapMrktCurUSD
2024-04-05,tether,usdt,110841242592.08353,,,current,coinmetrics_CapMrktCurUSD,CapMrktCurUSD
2024-04-06,tether,usdt,110826544576.6628,,,current,coinmetrics_CapMrktCurUSD,CapMrktCurUSD
2024-04-07,tether,usdt,110775817164.31436,,,current,coinmetrics_CapMrktCurUSD,CapMrktCurUSD
2024-04-08,tether,usdt,110778421584.4578,,,current,coinmetrics_CapMrktCurUSD,CapMrktCurUSD
2024-04-09,tether,usdt,110757201799.61063,,,current,coinmetrics_CapMrktCurUSD,CapMrktCurUSD
2024-04-10,tether,usdt,110794579356.696,,,current,coinmetrics_CapMrktCurUSD,CapMrktCurUSD
2024-04-11,tether,usdt,110815350150.78265,,,current,coinmetrics_CapMrktCurUSD,CapMrktCurUSD
2024-04-12,tether,usdt,110849225967.42825,,,current,coinmetrics_CapMrktCurUSD,CapMrktCurUSD
2024-04-13,tether,usdt,110968088497.84093,,,current,coinmetrics_CapMrktCurUSD,CapMrktCurUSD
2024-04-14,tether,usdt,110925377825.01897,,,current,coinmetrics_CapMrktCurUSD,CapMrktCurUSD
2024-04-15,tether,usdt,110845737418.76865,,,current,coinmetrics_CapMrktCurUSD,CapMrktCurUSD
2024-04-16,tether,usdt,111837887395.91087,,,current,coinmetrics_CapMrktCurUSD,CapMrktCurUSD
2024-04-17,tether,usdt,111784208620.93356,,,current,coinmetrics_CapMrktCurUSD,CapMrktCurUSD
2024-04-18,tether,usdt,111862000210.51936,,,current,coinmetrics_CapMrktCurUSD,CapMrktCurUSD
2024-04-19,tether,usdt,112852800301.98083,,,current,coinmetrics_CapMrktCurUSD,CapMrktCurUSD
2024-04-20,tether,usdt,112846655588.72543,,,current,coinmetrics_CapMrktCurUSD,CapMrktCurUSD
2024-04-21,tether,usdt,112821200326.06786,,,current,coinmetrics_CapMrktCurUSD,CapMrktCurUSD
2024-04-22,tether,usdt,112858481914.88132,,,current,coinmetrics_CapMrktCurUSD,CapMrktCurUSD
2024-04-23,tether,usdt,112804604421.9634,,,current,coinmetrics_CapMrktCurUSD,CapMrktCurUSD
2024-04-24,tether,usdt,112741273546.48584,,,current,coinmetrics_CapMrktCurUSD,CapMrktCurUSD
2024-04-25,tether,usdt,112781974898.26665,,,current,coinmetrics_CapMrktCurUSD,CapMrktCurUSD
2024-04-26,tether,usdt,112901391868.02144,,,current,coinmetrics_CapMrktCurUSD,CapMrktCurUSD
2024-04-27,tether,usdt,112865757173.94896,,,current,coinmetrics_CapMrktCurUSD,CapMrktCurUSD
2024-04-28,tether,usdt,112919798206.84901,,,current,coinmetrics_CapMrktCurUSD,CapMrktCurUSD
2024-04-29,tether,usdt,112916322053.95029,,,current,coinmetrics_CapMrktCurUSD,CapMrktCurUSD
2024-04-30,tether,usdt,112841076661.1287,,,current,coinmetrics_CapMrktCurUSD,CapMrktCurUSD
2024-05-01,tether,usdt,112760469568.58096,,,current,coinmetrics_CapMrktCurUSD,CapMrktCurUSD
2024-05-02,tether,usdt,112956862480.37093,,,current,coinmetrics_CapMrktCurUSD,CapMrktCurUSD
2024-05-03,tether,usdt,113009407703.91132,,,current,coinmetrics_CapMrktCurUSD,CapMrktCurUSD
2024-05-04,tether,usdt,112964808036.07576,,,current,coinmetrics_CapMrktCurUSD,CapMrktCurUSD
2024-05-05,tether,usdt,112961671584.4063,,,current,coinmetrics_CapMrktCurUSD,CapMrktCurUSD
2024-05-06,tether,usdt,112939520438.77512,,,current,coinmetrics_CapMrktCurUSD,CapMrktCurUSD
2024-05-07,tether,usdt,112958955480.2846,,,current,coinmetrics_CapMrktCurUSD,CapMrktCurUSD
2024-05-08,tether,usdt,112899735214.23335,,,current,coinmetrics_CapMrktCurUSD,CapMrktCurUSD
2024-05-09,tether,usdt,112941591427.0032,,,current,coinmetrics_CapMrktCurUSD,CapMrktCurUSD
2024-05-10,tether,usdt,112931255005.0932,,,current,coinmetrics_CapMrktCurUSD,CapMrktCurUSD
2024-05-11,tether,usdt,112923051715.50732,,,current,coinmetrics_CapMrktCurUSD,CapMrktCurUSD
2024-05-12,tether,usdt,112883464036.90169,,,current,coinmetrics_CapMrktCurUSD,CapMrktCurUSD
2024-05-13,tether,usdt,112932895276.0114,,,current,coinmetrics_CapMrktCurUSD,CapMrktCurUSD
2024-05-14,tether,usdt,112890232302.58469,,,current,coinmetrics_CapMrktCurUSD,CapMrktCurUSD
2024-05-15,tether,usdt,112946847608.45312,,,current,coinmetrics_CapMrktCurUSD,CapMrktCurUSD
2024-05-16,tether,usdt,113954686623.86893,,,current,coinmetrics_CapMrktCurUSD,CapMrktCurUSD
2024-05-17,tether,usdt,113980820058.49619,,,current,coinmetrics_CapMrktCurUSD,CapMrktCurUSD
2024-05-18,tether,usdt,113977173961.45264,,,current,coinmetrics_CapMrktCurUSD,CapMrktCurUSD
2024-05-19,tether,usdt,113931242432.95752,,,current,coinmetrics_CapMrktCurUSD,CapMrktCurUSD
2024-05-20,tether,usdt,113942943046.10408,,,current,coinmetrics_CapMrktCurUSD,CapMrktCurUSD
2024-05-21,tether,usdt,114923054296.767,,,current,coinmetrics_CapMrktCurUSD,CapMrktCurUSD
2024-05-22,tether,usdt,114848921488.47192,,,current,coinmetrics_CapMrktCurUSD,CapMrktCurUSD
2024-05-23,tether,usdt,114850234949.0823,,,current,coinmetrics_CapMrktCurUSD,CapMrktCurUSD
2024-05-24,tether,usdt,114932081100.11243,,,current,coinmetrics_CapMrktCurUSD,CapMrktCurUSD
2024-05-25,tether,usdt,114935050489.64735,,,current,coinmetrics_CapMrktCurUSD,CapMrktCurUSD
2024-05-26,tether,usdt,114909960041.5868,,,current,coinmetrics_CapMrktCurUSD,CapMrktCurUSD
2024-05-27,tether,usdt,114838659795.02748,,,current,coinmetrics_CapMrktCurUSD,CapMrktCurUSD
2024-05-28,tether,usdt,114816354965.43648,,,current,coinmetrics_CapMrktCurUSD,CapMrktCurUSD
2024-05-29,tether,usdt,114823159210.6944,,,current,coinmetrics_CapMrktCurUSD,CapMrktCurUSD
2024-05-30,tether,usdt,114917097226.5102,,,current,coinmetrics_CapMrktCurUSD,CapMrktCurUSD
2024-05-31,tether,usdt,114836235685.08421,,,current,coinmetrics_CapMrktCurUSD,CapMrktCurUSD
2024-06-01,tether,usdt,114869812433.92049,,,current,coinmetrics_CapMrktCurUSD,CapMrktCurUSD
2024-06-02,tether,usdt,114887430478.68996,,,current,coinmetrics_CapMrktCurUSD,CapMrktCurUSD
2024-06-03,tether,usdt,114925444174.27235,,,current,coinmetrics_CapMrktCurUSD,CapMrktCurUSD
2024-06-04,tether,usdt,114960215897.77664,,,current,coinmetrics_CapMrktCurUSD,CapMrktCurUSD
2024-06-05,tether,usdt,114963686154.30177,,,current,coinmetrics_CapMrktCurUSD,CapMrktCurUSD
2024-06-06,tether,usdt,114908983040.38344,,,current,coinmetrics_CapMrktCurUSD,CapMrktCurUSD
2024-06-07,tether,usdt,114898959047.06552,,,current,coinmetrics_CapMrktCurUSD,CapMrktCurUSD
2024-06-08,tether,usdt,114941273171.11703,,,current,coinmetrics_CapMrktCurUSD,CapMrktCurUSD
2024-06-09,tether,usdt,114941031807.24767,,,current,coinmetrics_CapMrktCurUSD,CapMrktCurUSD
2024-06-10,tether,usdt,114897943935.76912,,,current,coinmetrics_CapMrktCurUSD,CapMrktCurUSD
2024-06-11,tether,usdt,114951081979.05492,,,current,coinmetrics_CapMrktCurUSD,CapMrktCurUSD
2024-06-12,tether,usdt,114914671528.01628,,,current,coinmetrics_CapMrktCurUSD,CapMrktCurUSD
2024-06-13,tether,usdt,114895105778.08864,,,current,coinmetrics_CapMrktCurUSD,CapMrktCurUSD
2024-06-14,tether,usdt,114876812820.24467,,,current,coinmetrics_CapMrktCurUSD,CapMrktCurUSD
2024-06-15,tether,usdt,115882562774.34148,,,current,coinmetrics_CapMrktCurUSD,CapMrktCurUSD
2024-06-16,tether,usdt,115877209626.7024,,,current,coinmetrics_CapMrktCurUSD,CapMrktCurUSD
2024-06-17,tether,usdt,115903814795.64778,,,current,coinmetrics_CapMrktCurUSD,CapMrktCurUSD
2024-06-18,tether,usdt,115889781369.0324,,,current,coinmetrics_CapMrktCurUSD,CapMrktCurUSD
2024-06-19,tether,usdt,115898783873.54108,,,current,coinmetrics_CapMrktCurUSD,CapMrktCurUSD
2024-06-20,tether,usdt,115879677039.89572,,,current,coinmetrics_CapMrktCurUSD,CapMrktCurUSD
2024-06-21,tether,usdt,115888674084.32436,,,current,coinmetrics_CapMrktCurUSD,CapMrktCurUSD
2024-06-22,tether,usdt,115887435224.1742,,,current,coinmetrics_CapMrktCurUSD,CapMrktCurUSD
2024-06-23,tether,usdt,115881560579.87611,,,current,coinmetrics_CapMrktCurUSD,CapMrktCurUSD
2024-06-24,tether,usdt,115842803054.97173,,,current,coinmetrics_CapMrktCurUSD,CapMrktCurUSD
2024-06-25,tether,usdt,115911541291.30836,,,current,coinmetrics_CapMrktCurUSD,CapMrktCurUSD
2024-06-26,tether,usdt,115863615090.66563,,,current,coinmetrics_CapMrktCurUSD,CapMrktCurUSD
2024-06-27,tether,usdt,115769520418.55891,,,current,coinmetrics_CapMrktCurUSD,CapMrktCurUSD
2024-06-28,tether,usdt,115722532995.64423,,,current,coinmetrics_CapMrktCurUSD,CapMrktCurUSD
2024-06-29,tether,usdt,115752867579.73515,,,current,coinmetrics_CapMrktCurUSD,CapMrktCurUSD
2024-06-30,tether,usdt,115748880777.98964,,,current,coinmetrics_CapMrktCurUSD,CapMrktCurUSD
2024-07-01,tether,usdt,115813722815.31802,,,current,coinmetrics_CapMrktCurUSD,CapMrktCurUSD
2024-07-02,tether,usdt,115754418470.08488,,,current,coinmetrics_CapMrktCurUSD,CapMrktCurUSD
2024-07-03,tether,usdt,115808547932.12502,,,current,coinmetrics_CapMrktCurUSD,CapMrktCurUSD
2024-07-04,tether,usdt,115906677418.38176,,,current,coinmetrics_CapMrktCurUSD,CapMrktCurUSD
2024-07-05,tether,usdt,115945315262.91156,,,current,coinmetrics_CapMrktCurUSD,CapMrktCurUSD
2024-07-06,tether,usdt,115948569532.06964,,,current,coinmetrics_CapMrktCurUSD,CapMrktCurUSD
2024-07-07,tether,usdt,115950148807.63574,,,current,coinmetrics_CapMrktCurUSD,CapMrktCurUSD
2024-07-08,tether,usdt,115916725242.52148,,,current,coinmetrics_CapMrktCurUSD,CapMrktCurUSD
2024-07-09,tether,usdt,115929923623.40211,,,current,coinmetrics_CapMrktCurUSD,CapMrktCurUSD
2024-07-10,tether,usdt,115913621826.22691,,,current,coinmetrics_CapMrktCurUSD,CapMrktCurUSD
2024-07-11,tether,usdt,115940655107.64664,,,current,coinmetrics_CapMrktCurUSD,CapMrktCurUSD
2024-07-12,tether,usdt,115966376560.6034,,,current,coinmetrics_CapMrktCurUSD,CapMrktCurUSD
2024-07-13,tether,usdt,115978416738.20651,,,current,coinmetrics_CapMrktCurUSD,CapMrktCurUSD
2024-07-14,tether,usdt,115972506804.30225,,,current,coinmetrics_CapMrktCurUSD,CapMrktCurUSD
2024-07-15,tether,usdt,117009356417.61038,,,current,coinmetrics_CapMrktCurUSD,CapMrktCurUSD
2024-07-16,tether,usdt,117018492185.45174,,,current,coinmetrics_CapMrktCurUSD,CapMrktCurUSD
2024-07-17,tether,usdt,116944845919.86703,,,current,coinmetrics_CapMrktCurUSD,CapMrktCurUSD
2024-07-18,tether,usdt,116918065286.71196,,,current,coinmetrics_CapMrktCurUSD,CapMrktCurUSD
2024-07-19,tether,usdt,117010636946.26897,,,current,coinmetrics_CapMrktCurUSD,CapMrktCurUSD
2024-07-20,tether,usdt,116983333554.674,,,current,coinmetrics_CapMrktCurUSD,CapMrktCurUSD
2024-07-21,tether,usdt,116948019384.58025,,,current,coinmetrics_CapMrktCurUSD,CapMrktCurUSD
2024-07-22,tether,usdt,117000115534.8179,,,current,coinmetrics_CapMrktCurUSD,CapMrktCurUSD
2024-07-23,tether,usdt,116942261629.83304,,,current,coinmetrics_CapMrktCurUSD,CapMrktCurUSD
2024-07-24,tether,usdt,116913308797.88708,,,current,coinmetrics_CapMrktCurUSD,CapMrktCurUSD
2024-07-25,tether,usdt,116897090333.62904,,,current,coinmetrics_CapMrktCurUSD,CapMrktCurUSD
2024-07-26,tether,usdt,116942633086.62608,,,current,coinmetrics_CapMrktCurUSD,CapMrktCurUSD
2024-07-27,tether,usdt,116938875261.5698,,,current,coinmetrics_CapMrktCurUSD,CapMrktCurUSD
2024-07-28,tether,usdt,116927229476.38884,,,current,coinmetrics_CapMrktCurUSD,CapMrktCurUSD
2024-07-29,tether,usdt,116922695239.7797,,,current,coinmetrics_CapMrktCurUSD,CapMrktCurUSD
2024-07-30,tether,usdt,116900969302.08987,,,current,coinmetrics_CapMrktCurUSD,CapMrktCurUSD
2024-07-31,tether,usdt,116909198825.14436,,,current,coinmetrics_CapMrktCurUSD,CapMrktCurUSD
2024-08-01,tether,usdt,116808410559.08553,,,current,coinmetrics_CapMrktCurUSD,CapMrktCurUSD
2024-08-02,tether,usdt,116795718088.79665,,,current,coinmetrics_CapMrktCurUSD,CapMrktCurUSD
2024-08-03,tether,usdt,116872278363.07784,,,current,coinmetrics_CapMrktCurUSD,CapMrktCurUSD
2024-08-04,tether,usdt,116883759053.13213,,,current,coinmetrics_CapMrktCurUSD,CapMrktCurUSD
2024-08-05,tether,usdt,116992169350.36842,,,current,coinmetrics_CapMrktCurUSD,CapMrktCurUSD
2024-08-06,tether,usdt,116984049045.47775,,,current,coinmetrics_CapMrktCurUSD,CapMrktCurUSD
2024-08-07,tether,usdt,116947003141.17728,,,current,coinmetrics_CapMrktCurUSD,CapMrktCurUSD
2024-08-08,tether,usdt,116949993459.62604,,,current,coinmetrics_CapMrktCurUSD,CapMrktCurUSD
2024-08-09,tether,usdt,116982038731.57036,,,current,coinmetrics_CapMrktCurUSD,CapMrktCurUSD
2024-08-10,tether,usdt,116956672103.48604,,,current,coinmetrics_CapMrktCurUSD,CapMrktCurUSD
2024-08-11,tether,usdt,116940470784.74072,,,current,coinmetrics_CapMrktCurUSD,CapMrktCurUSD
2024-08-12,tether,usdt,116948260627.50682,,,current,coinmetrics_CapMrktCurUSD,CapMrktCurUSD
2024-08-13,tether,usdt,117975484373.65813,,,current,coinmetrics_CapMrktCurUSD,CapMrktCurUSD
2024-08-14,tether,usdt,117951484004.1454,,,current,coinmetrics_CapMrktCurUSD,CapMrktCurUSD
2024-08-15,tether,usdt,117950976512.33632,,,current,coinmetrics_CapMrktCurUSD,CapMrktCurUSD
2024-08-16,tether,usdt,117951725819.74936,,,current,coinmetrics_CapMrktCurUSD,CapMrktCurUSD
2024-08-17,tether,usdt,117936287642.01088,,,current,coinmetrics_CapMrktCurUSD,CapMrktCurUSD
2024-08-18,tether,usdt,117944403030.86362,,,current,coinmetrics_CapMrktCurUSD,CapMrktCurUSD
2024-08-19,tether,usdt,117972682142.662,,,current,coinmetrics_CapMrktCurUSD,CapMrktCurUSD
2024-08-20,tether,usdt,120142051331.69482,,,current,coinmetrics_CapMrktCurUSD,CapMrktCurUSD
2024-08-21,tether,usdt,120146353709.41426,,,current,coinmetrics_CapMrktCurUSD,CapMrktCurUSD
2024-08-22,tether,usdt,120128363423.81604,,,current,coinmetrics_CapMrktCurUSD,CapMrktCurUSD
2024-08-23,tether,usdt,120223384329.50581,,,current,coinmetrics_CapMrktCurUSD,CapMrktCurUSD
2024-08-24,tether,usdt,120170294229.12132,,,current,coinmetrics_CapMrktCurUSD,CapMrktCurUSD
2024-08-25,tether,usdt,120188663840.8521,,,current,coinmetrics_CapMrktCurUSD,CapMrktCurUSD
2024-08-26,tether,usdt,120145849316.64442,,,current,coinmetrics_CapMrktCurUSD,CapMrktCurUSD
2024-08-27,tether,usdt,120160852622.07487,,,current,coinmetrics_CapMrktCurUSD,CapMrktCurUSD
2024-08-28,tether,usdt,120133920419.91652,,,current,coinmetrics_CapMrktCurUSD,CapMrktCurUSD
2024-08-29,tether,usdt,120126544949.99307,,,current,coinmetrics_CapMrktCurUSD,CapMrktCurUSD
2024-08-30,tether,usdt,120098406168.46915,,,current,coinmetrics_CapMrktCurUSD,CapMrktCurUSD
2024-08-31,tether,usdt,120113615657.74684,,,current,coinmetrics_CapMrktCurUSD,CapMrktCurUSD
2024-09-01,tether,usdt,120112088206.39684,,,current,coinmetrics_CapMrktCurUSD,CapMrktCurUSD
2024-09-02,tether,usdt,120117135642.11948,,,current,coinmetrics_CapMrktCurUSD,CapMrktCurUSD
2024-09-03,tether,usdt,120084943689.26286,,,current,coinmetrics_CapMrktCurUSD,CapMrktCurUSD
2024-09-04,tether,usdt,120126578587.17197,,,current,coinmetrics_CapMrktCurUSD,CapMrktCurUSD
2024-09-05,tether,usdt,120077517962.17944,,,current,coinmetrics_CapMrktCurUSD,CapMrktCurUSD
2024-09-06,tether,usdt,120090567571.66583,,,current,coinmetrics_CapMrktCurUSD,CapMrktCurUSD
2024-09-07,tether,usdt,120111607421.80244,,,current,coinmetrics_CapMrktCurUSD,CapMrktCurUSD
2024-09-08,tether,usdt,120129897511.24837,,,current,coinmetrics_CapMrktCurUSD,CapMrktCurUSD
2024-09-09,tether,usdt,120133871639.89966,,,current,coinmetrics_CapMrktCurUSD,CapMrktCurUSD
2024-09-10,tether,usdt,120120953309.53584,,,current,coinmetrics_CapMrktCurUSD,CapMrktCurUSD
2024-09-11,tether,usdt,120136881230.67377,,,current,coinmetrics_CapMrktCurUSD,CapMrktCurUSD
2024-09-12,tether,usdt,120118085171.88235,,,current,coinmetrics_CapMrktCurUSD,CapMrktCurUSD
2024-09-13,tether,usdt,120204967917.58627,,,current,coinmetrics_CapMrktCurUSD,CapMrktCurUSD
2024-09-14,tether,usdt,120149849972.52492,,,current,coinmetrics_CapMrktCurUSD,CapMrktCurUSD
2024-09-15,tether,usdt,120121581306.46774,,,current,coinmetrics_CapMrktCurUSD,CapMrktCurUSD
2024-09-16,tether,usdt,121094200921.306,,,current,coinmetrics_CapMrktCurUSD,CapMrktCurUSD
2024-09-17,tether,usdt,121123253133.62215,,,current,coinmetrics_CapMrktCurUSD,CapMrktCurUSD
2024-09-18,tether,usdt,121134569196.24844,,,current,coinmetrics_CapMrktCurUSD,CapMrktCurUSD
2024-09-19,tether,usdt,121297001896.94672,,,current,coinmetrics_CapMrktCurUSD,CapMrktCurUSD
2024-09-20,tether,usdt,121244738245.2837,,,current,coinmetrics_CapMrktCurUSD,CapMrktCurUSD
2024-09-21,tether,usdt,121358821831.50697,,,current,coinmetrics_CapMrktCurUSD,CapMrktCurUSD
2024-09-22,tether,usdt,121270749759.09604,,,current,coinmetrics_CapMrktCurUSD,CapMrktCurUSD
2024-09-23,tether,usdt,121256837673.27869,,,current,coinmetrics_CapMrktCurUSD,CapMrktCurUSD
2024-09-24,tether,usdt,121271934920.70676,,,current,coinmetrics_CapMrktCurUSD,CapMrktCurUSD
2024-09-25,tether,usdt,121220091319.75739,,,current,coinmetrics_CapMrktCurUSD,CapMrktCurUSD
2024-09-26,tether,usdt,121274016300.72244,,,current,coinmetrics_CapMrktCurUSD,CapMrktCurUSD
2024-09-27,tether,usdt,121263442358.7262,,,current,coinmetrics_CapMrktCurUSD,CapMrktCurUSD
2024-09-28,tether,usdt,121254917975.30743,,,current,coinmetrics_CapMrktCurUSD,CapMrktCurUSD
2024-09-29,tether,usdt,121267554356.82422,,,current,coinmetrics_CapMrktCurUSD,CapMrktCurUSD
2024-09-30,tether,usdt,121198365648.15808,,,current,coinmetrics_CapMrktCurUSD,CapMrktCurUSD
2024-10-01,tether,usdt,121236518030.93654,,,current,coinmetrics_CapMrktCurUSD,CapMrktCurUSD
2024-10-02,tether,usdt,121233053255.35403,,,current,coinmetrics_CapMrktCurUSD,CapMrktCurUSD
2024-10-03,tether,usdt,121234529304.98924,,,current,coinmetrics_CapMrktCurUSD,CapMrktCurUSD
2024-10-04,tether,usdt,121243274116.57564,,,current,coinmetrics_CapMrktCurUSD,CapMrktCurUSD
2024-10-05,tether,usdt,121241130645.7582,,,current,coinmetrics_CapMrktCurUSD,CapMrktCurUSD
2024-10-06,tether,usdt,121225996190.94823,,,current,coinmetrics_CapMrktCurUSD,CapMrktCurUSD
2024-10-07,tether,usdt,121214310673.53824,,,current,coinmetrics_CapMrktCurUSD,CapMrktCurUSD
2024-10-08,tether,usdt,121166260670.49213,,,current,coinmetrics_CapMrktCurUSD,CapMrktCurUSD
2024-10-09,tether,usdt,121121050140.83392,,,current,coinmetrics_CapMrktCurUSD,CapMrktCurUSD
2024-10-10,tether,usdt,121139060102.90932,,,current,coinmetrics_CapMrktCurUSD,CapMrktCurUSD
2024-10-11,tether,usdt,121204483309.01855,,,current,coinmetrics_CapMrktCurUSD,CapMrktCurUSD
2024-10-12,tether,usdt,121219020070.72908,,,current,coinmetrics_CapMrktCurUSD,CapMrktCurUSD
2024-10-13,tether,usdt,121186083168.2756,,,current,coinmetrics_CapMrktCurUSD,CapMrktCurUSD
2024-10-14,tether,usdt,121198746382.63188,,,current,coinmetrics_CapMrktCurUSD,CapMrktCurUSD
2024-10-15,tether,usdt,121217431859.12404,,,current,coinmetrics_CapMrktCurUSD,CapMrktCurUSD
2024-10-16,tether,usdt,121219746831.84776,,,current,coinmetrics_CapMrktCurUSD,CapMrktCurUSD
2024-10-17,tether,usdt,121200618472.55576,,,current,coinmetrics_CapMrktCurUSD,CapMrktCurUSD
2024-10-18,tether,usdt,121227609655.5818,,,current,coinmetrics_CapMrktCurUSD,CapMrktCurUSD
2024-10-19,tether,usdt,121213488937.91309,,,current,coinmetrics_CapMrktCurUSD,CapMrktCurUSD
2024-10-20,tether,usdt,121197431180.21388,,,current,coinmetrics_CapMrktCurUSD,CapMrktCurUSD
2024-10-21,tether,usdt,121157151800.36652,,,current,coinmetrics_CapMrktCurUSD,CapMrktCurUSD
2024-10-22,tether,usdt,121135099959.29814,,,current,coinmetrics_CapMrktCurUSD,CapMrktCurUSD
2024-10-23,tether,usdt,121086089331.32,,,current,coinmetrics_CapMrktCurUSD,CapMrktCurUSD
2024-10-24,tether,usdt,121135301603.8159,,,current,coinmetrics_CapMrktCurUSD,CapMrktCurUSD
2024-10-25,tether,usdt,121000373902.73595,,,current,coinmetrics_CapMrktCurUSD,CapMrktCurUSD
2024-10-26,tether,usdt,121057197216.09576,,,current,coinmetrics_CapMrktCurUSD,CapMrktCurUSD
2024-10-27,tether,usdt,121072862802.1314,,,current,coinmetrics_CapMrktCurUSD,CapMrktCurUSD
2024-10-28,tether,usdt,121137114665.1984,,,current,coinmetrics_CapMrktCurUSD,CapMrktCurUSD
2024-10-29,tether,usdt,122182844067.00952,,,current,coinmetrics_CapMrktCurUSD,CapMrktCurUSD
2024-10-30,tether,usdt,122176642479.84036,,,current,coinmetrics_CapMrktCurUSD,CapMrktCurUSD
2024-10-31,tether,usdt,122046118752.0964,,,current,coinmetrics_CapMrktCurUSD,CapMrktCurUSD
2024-11-01,tether,usdt,122158637396.4298,,,current,coinmetrics_CapMrktCurUSD,CapMrktCurUSD
2024-11-02,tether,usdt,122172548636.20464,,,current,coinmetrics_CapMrktCurUSD,CapMrktCurUSD
2024-11-03,tether,usdt,122148606387.23122,,,current,coinmetrics_CapMrktCurUSD,CapMrktCurUSD
2024-11-04,tether,usdt,122134857083.53516,,,current,coinmetrics_CapMrktCurUSD,CapMrktCurUSD
2024-11-05,tether,usdt,122212616354.21,,,current,coinmetrics_CapMrktCurUSD,CapMrktCurUSD
2024-11-06,tether,usdt,122822135637.9357,,,current,coinmetrics_CapMrktCurUSD,CapMrktCurUSD
2024-11-07,tether,usdt,122801853143.16864,,,current,coinmetrics_CapMrktCurUSD,CapMrktCurUSD
2024-11-08,tether,usdt,123800000335.75038,,,current,coinmetrics_CapMrktCurUSD,CapMrktCurUSD
2024-11-09,tether,usdt,124760538035.00554,,,current,coinmetrics_CapMrktCurUSD,CapMrktCurUSD
2024-11-10,tether,usdt,124811926164.3198,,,current,coinmetrics_CapMrktCurUSD,CapMrktCurUSD
2024-11-11,tether,usdt,126854251643.10287,,,current,coinmetrics_CapMrktCurUSD,CapMrktCurUSD
2024-11-12,tether,usdt,126832029507.97945,,,current,coinmetrics_CapMrktCurUSD,CapMrktCurUSD
2024-11-13,tether,usdt,127875194623.0694,,,current,coinmetrics_CapMrktCurUSD,CapMrktCurUSD
2024-11-14,tether,usdt,129736141466.70416,,,current,coinmetrics_CapMrktCurUSD,CapMrktCurUSD
2024-11-15,tether,usdt,129741916321.98328,,,current,coinmetrics_CapMrktCurUSD,CapMrktCurUSD
2024-11-16,tether,usdt,129766312078.40828,,,current,coinmetrics_CapMrktCurUSD,CapMrktCurUSD
2024-11-17,tether,usdt,129719905587.49857,,,current,coinmetrics_CapMrktCurUSD,CapMrktCurUSD
2024-11-18,tether,usdt,129442699634.025,,,current,coinmetrics_CapMrktCurUSD,CapMrktCurUSD
2024-11-19,tether,usdt,131035552073.70552,,,current,coinmetrics_CapMrktCurUSD,CapMrktCurUSD
2024-11-20,tether,usdt,131973907996.00893,,,current,coinmetrics_CapMrktCurUSD,CapMrktCurUSD
2024-11-21,tether,usdt,131965012483.07803,,,current,coinmetrics_CapMrktCurUSD,CapMrktCurUSD
2024-11-22,tether,usdt,132974872775.85684,,,current,coinmetrics_CapMrktCurUSD,CapMrktCurUSD
2024-11-23,tether,usdt,135961885521.45128,,,current,coinmetrics_CapMrktCurUSD,CapMrktCurUSD
2024-11-24,tether,usdt,135949544112.25175,,,current,coinmetrics_CapMrktCurUSD,CapMrktCurUSD
2024-11-25,tether,usdt,135821069775.29828,,,current,coinmetrics_CapMrktCurUSD,CapMrktCurUSD
2024-11-26,tether,usdt,135777322998.4014,,,current,coinmetrics_CapMrktCurUSD,CapMrktCurUSD
2024-11-27,tether,usdt,136256232004.41504,,,current,coinmetrics_CapMrktCurUSD,CapMrktCurUSD
2024-11-28,tether,usdt,136092198316.52432,,,current,coinmetrics_CapMrktCurUSD,CapMrktCurUSD
2024-11-29,tether,usdt,137147662886.2114,,,current,coinmetrics_CapMrktCurUSD,CapMrktCurUSD
2024-11-30,tether,usdt,137148472656.57536,,,current,coinmetrics_CapMrktCurUSD,CapMrktCurUSD
2024-12-01,tether,usdt,137167257316.73547,,,current,coinmetrics_CapMrktCurUSD,CapMrktCurUSD
2024-12-02,tether,usdt,138108669805.74268,,,current,coinmetrics_CapMrktCurUSD,CapMrktCurUSD
2024-12-03,tether,usdt,138176410494.1686,,,current,coinmetrics_CapMrktCurUSD,CapMrktCurUSD
2024-12-04,tether,usdt,138316835292.48395,,,current,coinmetrics_CapMrktCurUSD,CapMrktCurUSD
2024-12-05,tether,usdt,139282161730.86813,,,current,coinmetrics_CapMrktCurUSD,CapMrktCurUSD
2024-12-06,tether,usdt,141338163670.68707,,,current,coinmetrics_CapMrktCurUSD,CapMrktCurUSD
2024-12-07,tether,usdt,141197535101.61685,,,current,coinmetrics_CapMrktCurUSD,CapMrktCurUSD
2024-12-08,tether,usdt,141148222481.11557,,,current,coinmetrics_CapMrktCurUSD,CapMrktCurUSD
2024-12-09,tether,usdt,141135472697.189,,,current,coinmetrics_CapMrktCurUSD,CapMrktCurUSD
2024-12-10,tether,usdt,141164497108.84464,,,current,coinmetrics_CapMrktCurUSD,CapMrktCurUSD
2024-12-11,tether,usdt,142187419095.98312,,,current,coinmetrics_CapMrktCurUSD,CapMrktCurUSD
2024-12-12,tether,usdt,143352168799.3119,,,current,coinmetrics_CapMrktCurUSD,CapMrktCurUSD
2024-12-13,tether,usdt,143335470404.4432,,,current,coinmetrics_CapMrktCurUSD,CapMrktCurUSD
2024-12-14,tether,usdt,143280500331.10648,,,current,coinmetrics_CapMrktCurUSD,CapMrktCurUSD
2024-12-15,tether,usdt,143221740108.64148,,,current,coinmetrics_CapMrktCurUSD,CapMrktCurUSD
2024-12-16,tether,usdt,143357557507.04977,,,current,coinmetrics_CapMrktCurUSD,CapMrktCurUSD
2024-12-17,tether,usdt,143324534485.7566,,,current,coinmetrics_CapMrktCurUSD,CapMrktCurUSD
2024-12-18,tether,usdt,143249875455.39847,,,current,coinmetrics_CapMrktCurUSD,CapMrktCurUSD
2024-12-19,tether,usdt,143187078709.57663,,,current,coinmetrics_CapMrktCurUSD,CapMrktCurUSD
2024-12-20,tether,usdt,143263142468.54556,,,current,coinmetrics_CapMrktCurUSD,CapMrktCurUSD
2024-12-21,tether,usdt,143235660837.43628,,,current,coinmetrics_CapMrktCurUSD,CapMrktCurUSD
2024-12-22,tether,usdt,143168557561.75327,,,current,coinmetrics_CapMrktCurUSD,CapMrktCurUSD
2024-12-23,tether,usdt,143145789569.6973,,,current,coinmetrics_CapMrktCurUSD,CapMrktCurUSD
2024-12-24,tether,usdt,143222778858.19684,,,current,coinmetrics_CapMrktCurUSD,CapMrktCurUSD
2024-12-25,tether,usdt,143194090050.31903,,,current,coinmetrics_CapMrktCurUSD,CapMrktCurUSD
2024-12-26,tether,usdt,143143811058.5887,,,current,coinmetrics_CapMrktCurUSD,CapMrktCurUSD
2024-12-27,tether,usdt,143091789501.7472,,,current,coinmetrics_CapMrktCurUSD,CapMrktCurUSD
2024-12-28,tether,usdt,143048142364.35135,,,current,coinmetrics_CapMrktCurUSD,CapMrktCurUSD
2024-12-29,tether,usdt,143057210804.93033,,,current,coinmetrics_CapMrktCurUSD,CapMrktCurUSD
2024-12-30,tether,usdt,141045316770.48236,,,current,coinmetrics_CapMrktCurUSD,CapMrktCurUSD
2024-12-31,tether,usdt,141031317999.88168,,,current,coinmetrics_CapMrktCurUSD,CapMrktCurUSD
2024-03-01,tron,trx,,12457407745.152216,,estimated,coinmetrics_CapMrktEstUSD,CapMrktEstUSD
2024-03-02,tron,trx,,12423082526.064465,,estimated,coinmetrics_CapMrktEstUSD,CapMrktEstUSD
2024-03-03,tron,trx,,12369419004.116173,,estimated,coinmetrics_CapMrktEstUSD,CapMrktEstUSD
2024-03-04,tron,trx,,12349880354.271381,,estimated,coinmetrics_CapMrktEstUSD,CapMrktEstUSD
2024-03-05,tron,trx,,11963638368.461824,,estimated,coinmetrics_CapMrktEstUSD,CapMrktEstUSD
2024-03-06,tron,trx,,12116588267.461432,,estimated,coinmetrics_CapMrktEstUSD,CapMrktEstUSD
2024-03-07,tron,trx,,12080133599.165768,,estimated,coinmetrics_CapMrktEstUSD,CapMrktEstUSD
2024-03-08,tron,trx,,12041286853.59389,,estimated,coinmetrics_CapMrktEstUSD,CapMrktEstUSD
2024-03-09,tron,trx,,11965225308.327932,,estimated,coinmetrics_CapMrktEstUSD,CapMrktEstUSD
2024-03-10,tron,trx,,11766613900.255404,,estimated,coinmetrics_CapMrktEstUSD,CapMrktEstUSD
2024-03-11,tron,trx,,11755439714.139698,,estimated,coinmetrics_CapMrktEstUSD,CapMrktEstUSD
2024-03-12,tron,trx,,11548466832.302027,,estimated,coinmetrics_CapMrktEstUSD,CapMrktEstUSD
2024-03-13,tron,trx,,11600835239.810986,,estimated,coinmetrics_CapMrktEstUSD,CapMrktEstUSD
2024-03-14,tron,trx,,11334100677.442871,,estimated,coinmetrics_CapMrktEstUSD,CapMrktEstUSD
2024-03-15,tron,trx,,11103086380.403572,,estimated,coinmetrics_CapMrktEstUSD,CapMrktEstUSD
2024-03-16,tron,trx,,10989458745.504667,,estimated,coinmetrics_CapMrktEstUSD,CapMrktEstUSD
2024-03-17,tron,trx,,11080735753.490295,,estimated,coinmetrics_CapMrktEstUSD,CapMrktEstUSD
2024-03-18,tron,trx,,10901078532.82019,,estimated,coinmetrics_CapMrktEstUSD,CapMrktEstUSD
2024-03-19,tron,trx,,9829730904.551363,,estimated,coinmetrics_CapMrktEstUSD,CapMrktEstUSD
2024-03-20,tron,trx,,10621601192.529968,,estimated,coinmetrics_CapMrktEstUSD,CapMrktEstUSD
2024-03-21,tron,trx,,10626991723.436628,,estimated,coinmetrics_CapMrktEstUSD,CapMrktEstUSD
2024-03-22,tron,trx,,10271352760.770412,,estimated,coinmetrics_CapMrktEstUSD,CapMrktEstUSD
2024-03-23,tron,trx,,10425139623.059849,,estimated,coinmetrics_CapMrktEstUSD,CapMrktEstUSD
2024-03-24,tron,trx,,10551756213.006021,,estimated,coinmetrics_CapMrktEstUSD,CapMrktEstUSD
2024-03-25,tron,trx,,10580094971.374775,,estimated,coinmetrics_CapMrktEstUSD,CapMrktEstUSD
2024-03-26,tron,trx,,10605491530.073072,,estimated,coinmetrics_CapMrktEstUSD,CapMrktEstUSD
2024-03-27,tron,trx,,10477052541.969904,,estimated,coinmetrics_CapMrktEstUSD,CapMrktEstUSD
2024-03-28,tron,trx,,10567170047.121458,,estimated,coinmetrics_CapMrktEstUSD,CapMrktEstUSD
2024-03-29,tron,trx,,10532941106.307804,,estimated,coinmetrics_CapMrktEstUSD,CapMrktEstUSD
2024-03-30,tron,trx,,10750716880.90006,,estimated,coinmetrics_CapMrktEstUSD,CapMrktEstUSD
2024-03-31,tron,trx,,10783419405.67078,,estimated,coinmetrics_CapMrktEstUSD,CapMrktEstUSD
2024-04-01,tron,trx,,10581019301.790028,,estimated,coinmetrics_CapMrktEstUSD,CapMrktEstUSD
2024-04-02,tron,trx,,10239518417.111158,,estimated,coinmetrics_CapMrktEstUSD,CapMrktEstUSD
2024-04-03,tron,trx,,10286653036.18123,,estimated,coinmetrics_CapMrktEstUSD,CapMrktEstUSD
2024-04-04,tron,trx,,10450806814.41648,,estimated,coinmetrics_CapMrktEstUSD,CapMrktEstUSD
2024-04-05,tron,trx,,10348462683.80174,,estimated,coinmetrics_CapMrktEstUSD,CapMrktEstUSD
2024-04-06,tron,trx,,10496990766.30202,,estimated,coinmetrics_CapMrktEstUSD,CapMrktEstUSD
2024-04-07,tron,trx,,10563710333.540148,,estimated,coinmetrics_CapMrktEstUSD,CapMrktEstUSD
2024-04-08,tron,trx,,10786107798.118153,,estimated,coinmetrics_CapMrktEstUSD,CapMrktEstUSD
2024-04-09,tron,trx,,10616346073.856272,,estimated,coinmetrics_CapMrktEstUSD,CapMrktEstUSD
2024-04-10,tron,trx,,10447125428.004404,,estimated,coinmetrics_CapMrktEstUSD,CapMrktEstUSD
2024-04-11,tron,trx,,10548672932.624275,,estimated,coinmetrics_CapMrktEstUSD,CapMrktEstUSD
2024-04-12,tron,trx,,10057730528.426624,,estimated,coinmetrics_CapMrktEstUSD,CapMrktEstUSD
2024-04-13,tron,trx,,9670286475.89144,,estimated,coinmetrics_CapMrktEstUSD,CapMrktEstUSD
2024-04-14,tron,trx,,9869939482.320694,,estimated,coinmetrics_CapMrktEstUSD,CapMrktEstUSD
2024-04-15,tron,trx,,9770889110.603102,,estimated,coinmetrics_CapMrktEstUSD,CapMrktEstUSD
2024-04-16,tron,trx,,9809407710.545021,,estimated,coinmetrics_CapMrktEstUSD,CapMrktEstUSD
2024-04-17,tron,trx,,9621157691.051727,,estimated,coinmetrics_CapMrktEstUSD,CapMrktEstUSD
2024-04-18,tron,trx,,9578813262.827635,,estimated,coinmetrics_CapMrktEstUSD,CapMrktEstUSD
2024-04-19,tron,trx,,9630357269.720528,,estimated,coinmetrics_CapMrktEstUSD,CapMrktEstUSD
2024-04-20,tron,trx,,9729626054.255192,,estimated,coinmetrics_CapMrktEstUSD,CapMrktEstUSD
2024-04-21,tron,trx,,9752212712.605133,,estimated,coinmetrics_CapMrktEstUSD,CapMrktEstUSD
2024-04-22,tron,trx,,9842937231.319096,,estimated,coinmetrics_CapMrktEstUSD,CapMrktEstUSD
2024-04-23,tron,trx,,9920316063.163008,,estimated,coinmetrics_CapMrktEstUSD,CapMrktEstUSD
2024-04-24,tron,trx,,9908574982.553875,,estimated,coinmetrics_CapMrktEstUSD,CapMrktEstUSD
2024-04-25,tron,trx,,10263606056.10076,,estimated,coinmetrics_CapMrktEstUSD,CapMrktEstUSD
2024-04-26,tron,trx,,10514180324.95762,,estimated,coinmetrics_CapMrktEstUSD,CapMrktEstUSD
2024-04-27,tron,trx,,10492897150.955254,,estimated,coinmetrics_CapMrktEstUSD,CapMrktEstUSD
2024-04-28,tron,trx,,10625308801.440449,,estimated,coinmetrics_CapMrktEstUSD,CapMrktEstUSD
2024-04-29,tron,trx,,10429230868.22546,,estimated,coinmetrics_CapMrktEstUSD,CapMrktEstUSD
2024-04-30,tron,trx,,10452726896.460936,,estimated,coinmetrics_CapMrktEstUSD,CapMrktEstUSD
2024-05-01,tron,trx,,10526408160.447935,,estimated,coinmetrics_CapMrktEstUSD,CapMrktEstUSD
2024-05-02,tron,trx,,10706577338.439676,,estimated,coinmetrics_CapMrktEstUSD,CapMrktEstUSD
2024-05-03,tron,trx,,10777257301.46099,,estimated,coinmetrics_CapMrktEstUSD,CapMrktEstUSD
2024-05-04,tron,trx,,10708510611.130735,,estimated,coinmetrics_CapMrktEstUSD,CapMrktEstUSD
2024-05-05,tron,trx,,10593739579.48862,,estimated,coinmetrics_CapMrktEstUSD,CapMrktEstUSD
2024-05-06,tron,trx,,10385265306.0812,,estimated,coinmetrics_CapMrktEstUSD,CapMrktEstUSD
2024-05-07,tron,trx,,10553074221.832952,,estimated,coinmetrics_CapMrktEstUSD,CapMrktEstUSD
2024-05-08,tron,trx,,10747424060.335268,,estimated,coinmetrics_CapMrktEstUSD,CapMrktEstUSD
2024-05-09,tron,trx,,11039510787.707563,,estimated,coinmetrics_CapMrktEstUSD,CapMrktEstUSD
2024-05-10,tron,trx,,11131125813.608477,,estimated,coinmetrics_CapMrktEstUSD,CapMrktEstUSD
2024-05-11,tron,trx,,11061040369.687893,,estimated,coinmetrics_CapMrktEstUSD,CapMrktEstUSD
2024-05-12,tron,trx,,11131377191.865122,,estimated,coinmetrics_CapMrktEstUSD,CapMrktEstUSD
2024-05-13,tron,trx,,10993452866.240831,,estimated,coinmetrics_CapMrktEstUSD,CapMrktEstUSD
2024-05-14,tron,trx,,10962010532.20729,,estimated,coinmetrics_CapMrktEstUSD,CapMrktEstUSD
2024-05-15,tron,trx,,11045661211.943962,,estimated,coinmetrics_CapMrktEstUSD,CapMrktEstUSD
2024-05-16,tron,trx,,10937492941.740995,,estimated,coinmetrics_CapMrktEstUSD,CapMrktEstUSD
2024-05-17,tron,trx,,10885466810.325996,,estimated,coinmetrics_CapMrktEstUSD,CapMrktEstUSD
2024-05-18,tron,trx,,10759950639.16748,,estimated,coinmetrics_CapMrktEstUSD,CapMrktEstUSD
2024-05-19,tron,trx,,10597062637.618847,,estimated,coinmetrics_CapMrktEstUSD,CapMrktEstUSD
2024-05-20,tron,trx,,10866693932.010208,,estimated,coinmetrics_CapMrktEstUSD,CapMrktEstUSD
2024-05-21,tron,trx,,10807992163.060427,,estimated,coinmetrics_CapMrktEstUSD,CapMrktEstUSD
2024-05-22,tron,trx,,10492006962.953184,,estimated,coinmetrics_CapMrktEstUSD,CapMrktEstUSD
2024-05-23,tron,trx,,10057198970.44317,,estimated,coinmetrics_CapMrktEstUSD,CapMrktEstUSD
2024-05-24,tron,trx,,10090001504.118006,,estimated,coinmetrics_CapMrktEstUSD,CapMrktEstUSD
2024-05-25,tron,trx,,9942859095.202097,,estimated,coinmetrics_CapMrktEstUSD,CapMrktEstUSD
2024-05-26,tron,trx,,9885614296.367996,,estimated,coinmetrics_CapMrktEstUSD,CapMrktEstUSD
2024-05-27,tron,trx,,9821124017.569763,,estimated,coinmetrics_CapMrktEstUSD,CapMrktEstUSD
2024-05-28,tron,trx,,9713898289.810862,,estimated,coinmetrics_CapMrktEstUSD,CapMrktEstUSD
2024-05-29,tron,trx,,9787334555.475288,,estimated,coinmetrics_CapMrktEstUSD,CapMrktEstUSD
2024-05-30,tron,trx,,9785938506.503885,,estimated,coinmetrics_CapMrktEstUSD,CapMrktEstUSD
2024-05-31,tron,trx,,9790351840.385927,,estimated,coinmetrics_CapMrktEstUSD,CapMrktEstUSD
2024-06-01,tron,trx,,9836885405.947092,,estimated,coinmetrics_CapMrktEstUSD,CapMrktEstUSD
2024-06-02,tron,trx,,10029254617.3544,,estimated,coinmetrics_CapMrktEstUSD,CapMrktEstUSD
2024-06-03,tron,trx,,9914536483.688774,,estimated,coinmetrics_CapMrktEstUSD,CapMrktEstUSD
2024-06-04,tron,trx,,10002172006.955551,,estimated,coinmetrics_CapMrktEstUSD,CapMrktEstUSD
2024-06-05,tron,trx,,10009966396.74266,,estimated,coinmetrics_CapMrktEstUSD,CapMrktEstUSD
2024-06-06,tron,trx,,10022579069.405544,,estimated,coinmetrics_CapMrktEstUSD,CapMrktEstUSD
2024-06-07,tron,trx,,9842180552.58591,,estimated,coinmetrics_CapMrktEstUSD,CapMrktEstUSD
2024-06-08,tron,trx,,10020455527.858065,,estimated,coinmetrics_CapMrktEstUSD,CapMrktEstUSD
2024-06-09,tron,trx,,10207464803.278652,,estimated,coinmetrics_CapMrktEstUSD,CapMrktEstUSD
2024-06-10,tron,trx,,10261551857.508612,,estimated,coinmetrics_CapMrktEstUSD,CapMrktEstUSD
2024-06-11,tron,trx,,10177316506.59072,,estimated,coinmetrics_CapMrktEstUSD,CapMrktEstUSD
2024-06-12,tron,trx,,10165239850.416996,,estimated,coinmetrics_CapMrktEstUSD,CapMrktEstUSD
2024-06-13,tron,trx,,10201358419.322548,,estimated,coinmetrics_CapMrktEstUSD,CapMrktEstUSD
2024-06-14,tron,trx,,10160269441.3334,,estimated,coinmetrics_CapMrktEstUSD,CapMrktEstUSD
2024-06-15,tron,trx,,10058407793.563057,,estimated,coinmetrics_CapMrktEstUSD,CapMrktEstUSD
2024-06-16,tron,trx,,10225983158.36682,,estimated,coinmetrics_CapMrktEstUSD,CapMrktEstUSD
2024-06-17,tron,trx,,10194010808.496449,,estimated,coinmetrics_CapMrktEstUSD,CapMrktEstUSD
2024-06-18,tron,trx,,10063689036.885408,,estimated,coinmetrics_CapMrktEstUSD,CapMrktEstUSD
2024-06-19,tron,trx,,10103164406.00152,,estimated,coinmetrics_CapMrktEstUSD,CapMrktEstUSD
2024-06-20,tron,trx,,10185422547.041027,,estimated,coinmetrics_CapMrktEstUSD,CapMrktEstUSD
2024-06-21,tron,trx,,10324414876.058525,,estimated,coinmetrics_CapMrktEstUSD,CapMrktEstUSD
2024-06-22,tron,trx,,10435018801.270548,,estimated,coinmetrics_CapMrktEstUSD,CapMrktEstUSD
2024-06-23,tron,trx,,10399373988.196104,,estimated,coinmetrics_CapMrktEstUSD,CapMrktEstUSD
2024-06-24,tron,trx,,10382289462.513166,,estimated,coinmetrics_CapMrktEstUSD,CapMrktEstUSD
2024-06-25,tron,trx,,10634154066.06698,,estimated,coinmetrics_CapMrktEstUSD,CapMrktEstUSD
2024-06-26,tron,trx,,10686773092.223076,,estimated,coinmetrics_CapMrktEstUSD,CapMrktEstUSD
2024-06-27,tron,trx,,10627521522.579657,,estimated,coinmetrics_CapMrktEstUSD,CapMrktEstUSD
2024-06-28,tron,trx,,10723222282.468588,,estimated,coinmetrics_CapMrktEstUSD,CapMrktEstUSD
2024-06-29,tron,trx,,10935294134.009651,,estimated,coinmetrics_CapMrktEstUSD,CapMrktEstUSD
2024-06-30,tron,trx,,10861131541.36198,,estimated,coinmetrics_CapMrktEstUSD,CapMrktEstUSD
2024-07-01,tron,trx,,11143563587.433638,,estimated,coinmetrics_CapMrktEstUSD,CapMrktEstUSD
2024-07-02,tron,trx,,11250335119.545296,,estimated,coinmetrics_CapMrktEstUSD,CapMrktEstUSD
2024-07-03,tron,trx,,11215975065.697515,,estimated,coinmetrics_CapMrktEstUSD,CapMrktEstUSD
2024-07-04,tron,trx,,11119501304.712593,,estimated,coinmetrics_CapMrktEstUSD,CapMrktEstUSD
2024-07-05,tron,trx,,11067297274.543165,,estimated,coinmetrics_CapMrktEstUSD,CapMrktEstUSD
2024-07-06,tron,trx,,11315334892.163982,,estimated,coinmetrics_CapMrktEstUSD,CapMrktEstUSD
2024-07-07,tron,trx,,10870712964.57954,,estimated,coinmetrics_CapMrktEstUSD,CapMrktEstUSD
2024-07-08,tron,trx,,10998368921.355648,,estimated,coinmetrics_CapMrktEstUSD,CapMrktEstUSD
2024-07-09,tron,trx,,11314930934.193386,,estimated,coinmetrics_CapMrktEstUSD,CapMrktEstUSD
2024-07-10,tron,trx,,11463363661.672989,,estimated,coinmetrics_CapMrktEstUSD,CapMrktEstUSD
2024-07-11,tron,trx,,11719417690.760584,,estimated,coinmetrics_CapMrktEstUSD,CapMrktEstUSD
2024-07-12,tron,trx,,11954517066.628204,,estimated,coinmetrics_CapMrktEstUSD,CapMrktEstUSD
2024-07-13,tron,trx,,12153432279.714376,,estimated,coinmetrics_CapMrktEstUSD,CapMrktEstUSD
2024-07-14,tron,trx,,11998341249.417185,,estimated,coinmetrics_CapMrktEstUSD,CapMrktEstUSD
2024-07-15,tron,trx,,11962286677.92861,,estimated,coinmetrics_CapMrktEstUSD,CapMrktEstUSD
2024-07-16,tron,trx,,11678819589.446983,,estimated,coinmetrics_CapMrktEstUSD,CapMrktEstUSD
2024-07-17,tron,trx,,11640307509.990845,,estimated,coinmetrics_CapMrktEstUSD,CapMrktEstUSD
2024-07-18,tron,trx,,11704658120.719734,,estimated,coinmetrics_CapMrktEstUSD,CapMrktEstUSD
2024-07-19,tron,trx,,11729713574.333273,,estimated,coinmetrics_CapMrktEstUSD,CapMrktEstUSD
2024-07-20,tron,trx,,11732809010.200565,,estimated,coinmetrics_CapMrktEstUSD,CapMrktEstUSD
2024-07-21,tron,trx,,11691243132.641588,,estimated,coinmetrics_CapMrktEstUSD,CapMrktEstUSD
2024-07-22,tron,trx,,11537909833.309595,,estimated,coinmetrics_CapMrktEstUSD,CapMrktEstUSD
2024-07-23,tron,trx,,11675324147.003042,,estimated,coinmetrics_CapMrktEstUSD,CapMrktEstUSD
2024-07-24,tron,trx,,11689016511.200134,,estimated,coinmetrics_CapMrktEstUSD,CapMrktEstUSD
2024-07-25,tron,trx,,11786319680.688364,,estimated,coinmetrics_CapMrktEstUSD,CapMrktEstUSD
2024-07-26,tron,trx,,11969874146.692024,,estimated,coinmetrics_CapMrktEstUSD,CapMrktEstUSD
2024-07-27,tron,trx,,11944248821.614655,,estimated,coinmetrics_CapMrktEstUSD,CapMrktEstUSD
2024-07-28,tron,trx,,12076672534.783304,,estimated,coinmetrics_CapMrktEstUSD,CapMrktEstUSD
2024-07-29,tron,trx,,11987130529.773796,,estimated,coinmetrics_CapMrktEstUSD,CapMrktEstUSD
2024-07-30,tron,trx,,11574005903.335793,,estimated,coinmetrics_CapMrktEstUSD,CapMrktEstUSD
2024-07-31,tron,trx,,11208973290.685314,,estimated,coinmetrics_CapMrktEstUSD,CapMrktEstUSD
2024-08-01,tron,trx,,11154549057.105328,,estimated,coinmetrics_CapMrktEstUSD,CapMrktEstUSD
2024-08-02,tron,trx,,10740783308.100372,,estimated,coinmetrics_CapMrktEstUSD,CapMrktEstUSD
2024-08-03,tron,trx,,10898061030.504585,,estimated,coinmetrics_CapMrktEstUSD,CapMrktEstUSD
2024-08-04,tron,trx,,10990336827.165651,,estimated,coinmetrics_CapMrktEstUSD,CapMrktEstUSD
2024-08-05,tron,trx,,10589472691.568014,,estimated,coinmetrics_CapMrktEstUSD,CapMrktEstUSD
2024-08-06,tron,trx,,10741983155.989374,,estimated,coinmetrics_CapMrktEstUSD,CapMrktEstUSD
2024-08-07,tron,trx,,10858250655.672787,,estimated,coinmetrics_CapMrktEstUSD,CapMrktEstUSD
2024-08-08,tron,trx,,11056282688.333555,,estimated,coinmetrics_CapMrktEstUSD,CapMrktEstUSD
2024-08-09,tron,trx,,11152844696.366083,,estimated,coinmetrics_CapMrktEstUSD,CapMrktEstUSD
2024-08-10,tron,trx,,11229509329.886084,,estimated,coinmetrics_CapMrktEstUSD,CapMrktEstUSD
2024-08-11,tron,trx,,11112572844.197308,,estimated,coinmetrics_CapMrktEstUSD,CapMrktEstUSD
2024-08-12,tron,trx,,11026598250.59774,,estimated,coinmetrics_CapMrktEstUSD,CapMrktEstUSD
2024-08-13,tron,trx,,11205103354.933214,,estimated,coinmetrics_CapMrktEstUSD,CapMrktEstUSD
2024-08-14,tron,trx,,11353467940.93089,,estimated,coinmetrics_CapMrktEstUSD,CapMrktEstUSD
2024-08-15,tron,trx,,11319513747.282444,,estimated,coinmetrics_CapMrktEstUSD,CapMrktEstUSD
2024-08-16,tron,trx,,11661744424.503466,,estimated,coinmetrics_CapMrktEstUSD,CapMrktEstUSD
2024-08-17,tron,trx,,11725366179.0453,,estimated,coinmetrics_CapMrktEstUSD,CapMrktEstUSD
2024-08-18,tron,trx,,11762324926.70329,,estimated,coinmetrics_CapMrktEstUSD,CapMrktEstUSD
2024-08-19,tron,trx,,12448388146.1402,,estimated,coinmetrics_CapMrktEstUSD,CapMrktEstUSD
2024-08-20,tron,trx,,13942621493.737185,,estimated,coinmetrics_CapMrktEstUSD,CapMrktEstUSD
2024-08-21,tron,trx,,13379129346.640308,,estimated,coinmetrics_CapMrktEstUSD,CapMrktEstUSD
2024-08-22,tron,trx,,13518078722.289455,,estimated,coinmetrics_CapMrktEstUSD,CapMrktEstUSD
2024-08-23,tron,trx,,13777386565.073929,,estimated,coinmetrics_CapMrktEstUSD,CapMrktEstUSD
2024-08-24,tron,trx,,13796419446.254313,,estimated,coinmetrics_CapMrktEstUSD,CapMrktEstUSD
2024-08-25,tron,trx,,14478458771.989256,,estimated,coinmetrics_CapMrktEstUSD,CapMrktEstUSD
2024-08-26,tron,trx,,14054251245.98214,,estimated,coinmetrics_CapMrktEstUSD,CapMrktEstUSD
2024-08-27,tron,trx,,13719495754.085411,,estimated,coinmetrics_CapMrktEstUSD,CapMrktEstUSD
2024-08-28,tron,trx,,13731999794.614487,,estimated,coinmetrics_CapMrktEstUSD,CapMrktEstUSD
2024-08-29,tron,trx,,13885565849.099695,,estimated,coinmetrics_CapMrktEstUSD,CapMrktEstUSD
2024-08-30,tron,trx,,13879107890.09974,,estimated,coinmetrics_CapMrktEstUSD,CapMrktEstUSD
2024-08-31,tron,trx,,13685623349.92117,,estimated,coinmetrics_CapMrktEstUSD,CapMrktEstUSD
2024-09-01,tron,trx,,13492940441.021381,,estimated,coinmetrics_CapMrktEstUSD,CapMrktEstUSD
2024-09-02,tron,trx,,13369896115.753937,,estimated,coinmetrics_CapMrktEstUSD,CapMrktEstUSD
2024-09-03,tron,trx,,13055795722.187757,,estimated,coinmetrics_CapMrktEstUSD,CapMrktEstUSD
2024-09-04,tron,trx,,13008824130.217316,,estimated,coinmetrics_CapMrktEstUSD,CapMrktEstUSD
2024-09-05,tron,trx,,12996746673.850405,,estimated,coinmetrics_CapMrktEstUSD,CapMrktEstUSD
2024-09-06,tron,trx,,12822312397.74568,,estimated,coinmetrics_CapMrktEstUSD,CapMrktEstUSD
2024-09-07,tron,trx,,13135451103.5261,,estimated,coinmetrics_CapMrktEstUSD,CapMrktEstUSD
2024-09-08,tron,trx,,13282109446.82584,,estimated,coinmetrics_CapMrktEstUSD,CapMrktEstUSD
2024-09-09,tron,trx,,13401413869.844522,,estimated,coinmetrics_CapMrktEstUSD,CapMrktEstUSD
2024-09-10,tron,trx,,13275487230.120031,,estimated,coinmetrics_CapMrktEstUSD,CapMrktEstUSD
2024-09-11,tron,trx,,13293722480.709955,,estimated,coinmetrics_CapMrktEstUSD,CapMrktEstUSD
2024-09-12,tron,trx,,13177380351.123636,,estimated,coinmetrics_CapMrktEstUSD,CapMrktEstUSD
2024-09-13,tron,trx,,12926614128.999012,,estimated,coinmetrics_CapMrktEstUSD,CapMrktEstUSD
2024-09-14,tron,trx,,12785954481.724592,,estimated,coinmetrics_CapMrktEstUSD,CapMrktEstUSD
2024-09-15,tron,trx,,12898715523.434904,,estimated,coinmetrics_CapMrktEstUSD,CapMrktEstUSD
2024-09-16,tron,trx,,12901342096.173054,,estimated,coinmetrics_CapMrktEstUSD,CapMrktEstUSD
2024-09-17,tron,trx,,12996642729.79388,,estimated,coinmetrics_CapMrktEstUSD,CapMrktEstUSD
2024-09-18,tron,trx,,12954798883.296871,,estimated,coinmetrics_CapMrktEstUSD,CapMrktEstUSD
2024-09-19,tron,trx,,13122871207.83456,,estimated,coinmetrics_CapMrktEstUSD,CapMrktEstUSD
2024-09-20,tron,trx,,13175540856.642908,,estimated,coinmetrics_CapMrktEstUSD,CapMrktEstUSD
2024-09-21,tron,trx,,13190134575.550407,,estimated,coinmetrics_CapMrktEstUSD,CapMrktEstUSD
2024-09-22,tron,trx,,13158514757.893269,,estimated,coinmetrics_CapMrktEstUSD,CapMrktEstUSD
2024-09-23,tron,trx,,13204368976.547491,,estimated,coinmetrics_CapMrktEstUSD,CapMrktEstUSD
2024-09-24,tron,trx,,13104621548.4107,,estimated,coinmetrics_CapMrktEstUSD,CapMrktEstUSD
2024-09-25,tron,trx,,12989162869.30072,,estimated,coinmetrics_CapMrktEstUSD,CapMrktEstUSD
2024-09-26,tron,trx,,13273565301.775824,,estimated,coinmetrics_CapMrktEstUSD,CapMrktEstUSD
2024-09-27,tron,trx,,13436673878.877209,,estimated,coinmetrics_CapMrktEstUSD,CapMrktEstUSD
2024-09-28,tron,trx,,13425260449.777552,,estimated,coinmetrics_CapMrktEstUSD,CapMrktEstUSD
2024-09-29,tron,trx,,13557818575.534285,,estimated,coinmetrics_CapMrktEstUSD,CapMrktEstUSD
2024-09-30,tron,trx,,13516092019.122892,,estimated,coinmetrics_CapMrktEstUSD,CapMrktEstUSD
2024-10-01,tron,trx,,13303606167.458096,,estimated,coinmetrics_CapMrktEstUSD,CapMrktEstUSD
2024-10-02,tron,trx,,13378341423.26439,,estimated,coinmetrics_CapMrktEstUSD,CapMrktEstUSD
2024-10-03,tron,trx,,13645173284.7356,,estimated,coinmetrics_CapMrktEstUSD,CapMrktEstUSD
2024-10-04,tron,trx,,13553754577.748257,,estimated,coinmetrics_CapMrktEstUSD,CapMrktEstUSD
2024-10-05,tron,trx,,13294769730.23152,,estimated,coinmetrics_CapMrktEstUSD,CapMrktEstUSD
2024-10-06,tron,trx,,13354913359.775309,,estimated,coinmetrics_CapMrktEstUSD,CapMrktEstUSD
2024-10-07,tron,trx,,13501043360.66624,,estimated,coinmetrics_CapMrktEstUSD,CapMrktEstUSD
2024-10-08,tron,trx,,13830807474.086151,,estimated,coinmetrics_CapMrktEstUSD,CapMrktEstUSD
2024-10-09,tron,trx,,13888608864.332575,,estimated,coinmetrics_CapMrktEstUSD,CapMrktEstUSD
2024-10-10,tron,trx,,13736262112.851866,,estimated,coinmetrics_CapMrktEstUSD,CapMrktEstUSD
2024-10-11,tron,trx,,13836102324.431547,,estimated,coinmetrics_CapMrktEstUSD,CapMrktEstUSD
2024-10-12,tron,trx,,14072995873.699183,,estimated,coinmetrics_CapMrktEstUSD,CapMrktEstUSD
2024-10-13,tron,trx,,14060031320.915527,,estimated,coinmetrics_CapMrktEstUSD,CapMrktEstUSD
2024-10-14,tron,trx,,13889780368.483973,,estimated,coinmetrics_CapMrktEstUSD,CapMrktEstUSD
2024-10-15,tron,trx,,13741822681.507364,,estimated,coinmetrics_CapMrktEstUSD,CapMrktEstUSD
2024-10-16,tron,trx,,13839045835.91672,,estimated,coinmetrics_CapMrktEstUSD,CapMrktEstUSD
2024-10-17,tron,trx,,13806275316.4112,,estimated,coinmetrics_CapMrktEstUSD,CapMrktEstUSD
2024-10-18,tron,trx,,13737287941.652128,,estimated,coinmetrics_CapMrktEstUSD,CapMrktEstUSD
2024-10-19,tron,trx,,13593249191.9676,,estimated,coinmetrics_CapMrktEstUSD,CapMrktEstUSD
2024-10-20,tron,trx,,13555532533.047537,,estimated,coinmetrics_CapMrktEstUSD,CapMrktEstUSD
2024-10-21,tron,trx,,13698184140.33088,,estimated,coinmetrics_CapMrktEstUSD,CapMrktEstUSD
2024-10-22,tron,trx,,13857954367.03886,,estimated,coinmetrics_CapMrktEstUSD,CapMrktEstUSD
2024-10-23,tron,trx,,13857331900.702932,,estimated,coinmetrics_CapMrktEstUSD,CapMrktEstUSD
2024-10-24,tron,trx,,14229525374.874,,estimated,coinmetrics_CapMrktEstUSD,CapMrktEstUSD
2024-10-25,tron,trx,,14033990178.701258,,estimated,coinmetrics_CapMrktEstUSD,CapMrktEstUSD
2024-10-26,tron,trx,,14261318715.714096,,estimated,coinmetrics_CapMrktEstUSD,CapMrktEstUSD
2024-10-27,tron,trx,,14176026341.604416,,estimated,coinmetrics_CapMrktEstUSD,CapMrktEstUSD
2024-10-28,tron,trx,,14182577611.24774,,estimated,coinmetrics_CapMrktEstUSD,CapMrktEstUSD
2024-10-29,tron,trx,,14372350740.542168,,estimated,coinmetrics_CapMrktEstUSD,CapMrktEstUSD
2024-10-30,tron,trx,,14645091898.380545,,estimated,coinmetrics_CapMrktEstUSD,CapMrktEstUSD
2024-10-31,tron,trx,,14544336358.5293,,estimated,coinmetrics_CapMrktEstUSD,CapMrktEstUSD
2024-11-01,tron,trx,,14467584995.729025,,estimated,coinmetrics_CapMrktEstUSD,CapMrktEstUSD
2024-11-02,tron,trx,,14348626906.961752,,estimated,coinmetrics_CapMrktEstUSD,CapMrktEstUSD
2024-11-03,tron,trx,,14277982462.534649,,estimated,coinmetrics_CapMrktEstUSD,CapMrktEstUSD
2024-11-04,tron,trx,,14077911861.774317,,estimated,coinmetrics_CapMrktEstUSD,CapMrktEstUSD
2024-11-05,tron,trx,,13844246143.357857,,estimated,coinmetrics_CapMrktEstUSD,CapMrktEstUSD
2024-11-06,tron,trx,,14054110479.55148,,estimated,coinmetrics_CapMrktEstUSD,CapMrktEstUSD
2024-11-07,tron,trx,,13854184809.7184,,estimated,coinmetrics_CapMrktEstUSD,CapMrktEstUSD
2024-11-08,tron,trx,,13917082717.52794,,estimated,coinmetrics_CapMrktEstUSD,CapMrktEstUSD
2024-11-09,tron,trx,,13998016231.15688,,estimated,coinmetrics_CapMrktEstUSD,CapMrktEstUSD
2024-11-10,tron,trx,,14174119008.606169,,estimated,coinmetrics_CapMrktEstUSD,CapMrktEstUSD
2024-11-11,tron,trx,,14501662712.069813,,estimated,coinmetrics_CapMrktEstUSD,CapMrktEstUSD
2024-11-12,tron,trx,,16262185725.169031,,estimated,coinmetrics_CapMrktEstUSD,CapMrktEstUSD
2024-11-13,tron,trx,,15300669455.887344,,estimated,coinmetrics_CapMrktEstUSD,CapMrktEstUSD
2024-11-14,tron,trx,,15248143674.024029,,estimated,coinmetrics_CapMrktEstUSD,CapMrktEstUSD
2024-11-15,tron,trx,,16387489934.07374,,estimated,coinmetrics_CapMrktEstUSD,CapMrktEstUSD
2024-11-16,tron,trx,,17288120540.434227,,estimated,coinmetrics_CapMrktEstUSD,CapMrktEstUSD
2024-11-17,tron,trx,,17216350629.813114,,estimated,coinmetrics_CapMrktEstUSD,CapMrktEstUSD
2024-11-18,tron,trx,,17404133483.275753,,estimated,coinmetrics_CapMrktEstUSD,CapMrktEstUSD
2024-11-19,tron,trx,,17252108835.2075,,estimated,coinmetrics_CapMrktEstUSD,CapMrktEstUSD
2024-11-20,tron,trx,,16856462588.125551,,estimated,coinmetrics_CapMrktEstUSD,CapMrktEstUSD
2024-11-21,tron,trx,,17150902324.263718,,estimated,coinmetrics_CapMrktEstUSD,CapMrktEstUSD
2024-11-22,tron,trx,,17676512440.186607,,estimated,coinmetrics_CapMrktEstUSD,CapMrktEstUSD
2024-11-23,tron,trx,,18303574132.02841,,estimated,coinmetrics_CapMrktEstUSD,CapMrktEstUSD
2024-11-24,tron,trx,,18038727402.033806,,estimated,coinmetrics_CapMrktEstUSD,CapMrktEstUSD
2024-11-25,tron,trx,,16950774148.509949,,estimated,coinmetrics_CapMrktEstUSD,CapMrktEstUSD
2024-11-26,tron,trx,,16739892918.077744,,estimated,coinmetrics_CapMrktEstUSD,CapMrktEstUSD
2024-11-27,tron,trx,,17392021101.891953,,estimated,coinmetrics_CapMrktEstUSD,CapMrktEstUSD
2024-11-28,tron,trx,,17553537095.6206,,estimated,coinmetrics_CapMrktEstUSD,CapMrktEstUSD
2024-11-29,tron,trx,,17657623790.329655,,estimated,coinmetrics_CapMrktEstUSD,CapMrktEstUSD
2024-11-30,tron,trx,,17725967561.92603,,estimated,coinmetrics_CapMrktEstUSD,CapMrktEstUSD
2024-12-01,tron,trx,,17900137987.53719,,estimated,coinmetrics_CapMrktEstUSD,CapMrktEstUSD
2024-12-02,tron,trx,,18956356734.13501,,estimated,coinmetrics_CapMrktEstUSD,CapMrktEstUSD
2024-12-03,tron,trx,,36085688299.07727,,estimated,coinmetrics_CapMrktEstUSD,CapMrktEstUSD
2024-12-04,tron,trx,,28353322039.27916,,estimated,coinmetrics_CapMrktEstUSD,CapMrktEstUSD
2024-12-05,tron,trx,,27732077602.164967,,estimated,coinmetrics_CapMrktEstUSD,CapMrktEstUSD
2024-12-06,tron,trx,,27986330804.713448,,estimated,coinmetrics_CapMrktEstUSD,CapMrktEstUSD
2024-12-07,tron,trx,,27598078830.37012,,estimated,coinmetrics_CapMrktEstUSD,CapMrktEstUSD
2024-12-08,tron,trx,,27446790296.09195,,estimated,coinmetrics_CapMrktEstUSD,CapMrktEstUSD
2024-12-09,tron,trx,,22583572780.28028,,estimated,coinmetrics_CapMrktEstUSD,CapMrktEstUSD
2024-12-10,tron,trx,,23348991988.71488,,estimated,coinmetrics_CapMrktEstUSD,CapMrktEstUSD
2024-12-11,tron,trx,,24367584447.98673,,estimated,coinmetrics_CapMrktEstUSD,CapMrktEstUSD
2024-12-12,tron,trx,,25570723382.477886,,estimated,coinmetrics_CapMrktEstUSD,CapMrktEstUSD
2024-12-13,tron,trx,,25016334577.80153,,estimated,coinmetrics_CapMrktEstUSD,CapMrktEstUSD
2024-12-14,tron,trx,,24332340760.70315,,estimated,coinmetrics_CapMrktEstUSD,CapMrktEstUSD
2024-12-15,tron,trx,,24587291913.59476,,estimated,coinmetrics_CapMrktEstUSD,CapMrktEstUSD
2024-12-16,tron,trx,,25571957334.555614,,estimated,coinmetrics_CapMrktEstUSD,CapMrktEstUSD
2024-12-17,tron,trx,,24065107031.224808,,estimated,coinmetrics_CapMrktEstUSD,CapMrktEstUSD
2024-12-18,tron,trx,,22297128944.836327,,estimated,coinmetrics_CapMrktEstUSD,CapMrktEstUSD
2024-12-19,tron,trx,,21722986645.19704,,estimated,coinmetrics_CapMrktEstUSD,CapMrktEstUSD
2024-12-20,tron,trx,,21427414637.286667,,estimated,coinmetrics_CapMrktEstUSD,CapMrktEstUSD
2024-12-21,tron,trx,,21063794769.204346,,estimated,coinmetrics_CapMrktEstUSD,CapMrktEstUSD
2024-12-22,tron,trx,,21041950948.853325,,estimated,coinmetrics_CapMrktEstUSD,CapMrktEstUSD
2024-12-23,tron,trx,,21761958704.835705,,estimated,coinmetrics_CapMrktEstUSD,CapMrktEstUSD
2024-12-24,tron,trx,,22093518614.006367,,estimated,coinmetrics_CapMrktEstUSD,CapMrktEstUSD
2024-12-25,tron,trx,,22206612057.630367,,estimated,coinmetrics_CapMrktEstUSD,CapMrktEstUSD
2024-12-26,tron,trx,,21819598688.243088,,estimated,coinmetrics_CapMrktEstUSD,CapMrktEstUSD
2024-12-27,tron,trx,,22298203787.187176,,estimated,coinmetrics_CapMrktEstUSD,CapMrktEstUSD
2024-12-28,tron,trx,,22231595959.9358,,estimated,coinmetrics_CapMrktEstUSD,CapMrktEstUSD
2024-12-29,tron,trx,,22152330869.69461,,estimated,coinmetrics_CapMrktEstUSD,CapMrktEstUSD
2024-12-30,tron,trx,,21778254397.23004,,estimated,coinmetrics_CapMrktEstUSD,CapMrktEstUSD
2024-12-31,tron,trx,,21905877461.110744,,estimated,coinmetrics_CapMrktEstUSD,CapMrktEstUSD
2024-03-01,usd-coin,usdc,28800489481.7837,,,current,coinmetrics_CapMrktCurUSD,CapMrktCurUSD
2024-03-02,usd-coin,usdc,28786085043.98584,,,current,coinmetrics_CapMrktCurUSD,CapMrktCurUSD
2024-03-03,usd-coin,usdc,28765976602.6438,,,current,coinmetrics_CapMrktCurUSD,CapMrktCurUSD
2024-03-04,usd-coin,usdc,28609894560.739155,,,current,coinmetrics_CapMrktCurUSD,CapMrktCurUSD
2024-03-05,usd-coin,usdc,28499318069.87653,,,current,coinmetrics_CapMrktCurUSD,CapMrktCurUSD
2024-03-06,usd-coin,usdc,28838671275.326,,,current,coinmetrics_CapMrktCurUSD,CapMrktCurUSD
2024-03-07,usd-coin,usdc,28937772376.90819,,,current,coinmetrics_CapMrktCurUSD,CapMrktCurUSD
2024-03-08,usd-coin,usdc,29487645723.192085,,,current,coinmetrics_CapMrktCurUSD,CapMrktCurUSD
2024-03-09,usd-coin,usdc,29528467546.825573,,,current,coinmetrics_CapMrktCurUSD,CapMrktCurUSD
2024-03-10,usd-coin,usdc,29908241653.951286,,,current,coinmetrics_CapMrktCurUSD,CapMrktCurUSD
2024-03-11,usd-coin,usdc,30221332462.9122,,,current,coinmetrics_CapMrktCurUSD,CapMrktCurUSD
2024-03-12,usd-coin,usdc,30147401298.980663,,,current,coinmetrics_CapMrktCurUSD,CapMrktCurUSD
2024-03-13,usd-coin,usdc,30437646052.620056,,,current,coinmetrics_CapMrktCurUSD,CapMrktCurUSD
2024-03-14,usd-coin,usdc,30296513532.62064,,,current,coinmetrics_CapMrktCurUSD,CapMrktCurUSD
2024-03-15,usd-coin,usdc,30660562728.768036,,,current,coinmetrics_CapMrktCurUSD,CapMrktCurUSD
2024-03-16,usd-coin,usdc,30744475480.21031,,,current,coinmetrics_CapMrktCurUSD,CapMrktCurUSD
2024-03-17,usd-coin,usdc,30679916366.44201,,,current,coinmetrics_CapMrktCurUSD,CapMrktCurUSD
2024-03-18,usd-coin,usdc,31004870619.96354,,,current,coinmetrics_CapMrktCurUSD,CapMrktCurUSD
2024-03-19,usd-coin,usdc,30903626442.60131,,,current,coinmetrics_CapMrktCurUSD,CapMrktCurUSD
2024-03-20,usd-coin,usdc,31032301985.25504,,,current,coinmetrics_CapMrktCurUSD,CapMrktCurUSD
2024-03-21,usd-coin,usdc,31528778369.965527,,,current,coinmetrics_CapMrktCurUSD,CapMrktCurUSD
2024-03-22,usd-coin,usdc,31746634298.00784,,,current,coinmetrics_CapMrktCurUSD,CapMrktCurUSD
2024-03-23,usd-coin,usdc,31759640059.954617,,,current,coinmetrics_CapMrktCurUSD,CapMrktCurUSD
2024-03-24,usd-coin,usdc,31754227688.75739,,,current,coinmetrics_CapMrktCurUSD,CapMrktCurUSD
2024-03-25,usd-coin,usdc,31975669195.089203,,,current,coinmetrics_CapMrktCurUSD,CapMrktCurUSD
2024-03-26,usd-coin,usdc,32019349420.60578,,,current,coinmetrics_CapMrktCurUSD,CapMrktCurUSD
2024-03-27,usd-coin,usdc,31823479295.110783,,,current,coinmetrics_CapMrktCurUSD,CapMrktCurUSD
2024-03-28,usd-coin,usdc,32176406302.01352,,,current,coinmetrics_CapMrktCurUSD,CapMrktCurUSD
2024-03-29,usd-coin,usdc,32214871241.017258,,,current,coinmetrics_CapMrktCurUSD,CapMrktCurUSD
2024-03-30,usd-coin,usdc,32212107559.23896,,,current,coinmetrics_CapMrktCurUSD,CapMrktCurUSD
2024-03-31,usd-coin,usdc,32212520926.449535,,,current,coinmetrics_CapMrktCurUSD,CapMrktCurUSD
2024-04-01,usd-coin,usdc,32280560668.765217,,,current,coinmetrics_CapMrktCurUSD,CapMrktCurUSD
2024-04-02,usd-coin,usdc,32691847917.759647,,,current,coinmetrics_CapMrktCurUSD,CapMrktCurUSD
2024-04-03,usd-coin,usdc,32687025241.626884,,,current,coinmetrics_CapMrktCurUSD,CapMrktCurUSD
2024-04-04,usd-coin,usdc,32766310186.596527,,,current,coinmetrics_CapMrktCurUSD,CapMrktCurUSD
2024-04-05,usd-coin,usdc,32656494637.78832,,,current,coinmetrics_CapMrktCurUSD,CapMrktCurUSD
2024-04-06,usd-coin,usdc,32690161914.35984,,,current,coinmetrics_CapMrktCurUSD,CapMrktCurUSD
2024-04-07,usd-coin,usdc,32693899918.520596,,,current,coinmetrics_CapMrktCurUSD,CapMrktCurUSD
2024-04-08,usd-coin,usdc,32466456636.91472,,,current,coinmetrics_CapMrktCurUSD,CapMrktCurUSD
2024-04-09,usd-coin,usdc,32134964802.853626,,,current,coinmetrics_CapMrktCurUSD,CapMrktCurUSD
2024-04-10,usd-coin,usdc,32026798685.90435,,,current,coinmetrics_CapMrktCurUSD,CapMrktCurUSD
2024-04-11,usd-coin,usdc,32065968026.853317,,,current,coinmetrics_CapMrktCurUSD,CapMrktCurUSD
2024-04-12,usd-coin,usdc,31780696407.08126,,,current,coinmetrics_CapMrktCurUSD,CapMrktCurUSD
2024-04-13,usd-coin,usdc,32236872644.39118,,,current,coinmetrics_CapMrktCurUSD,CapMrktCurUSD
2024-04-14,usd-coin,usdc,32138420324.35133,,,current,coinmetrics_CapMrktCurUSD,CapMrktCurUSD
2024-04-15,usd-coin,usdc,32241478721.106735,,,current,coinmetrics_CapMrktCurUSD,CapMrktCurUSD
2024-04-16,usd-coin,usdc,32397080782.23826,,,current,coinmetrics_CapMrktCurUSD,CapMrktCurUSD
2024-04-17,usd-coin,usdc,32359447001.17155,,,current,coinmetrics_CapMrktCurUSD,CapMrktCurUSD
2024-04-18,usd-coin,usdc,32848149126.553276,,,current,coinmetrics_CapMrktCurUSD,CapMrktCurUSD
2024-04-19,usd-coin,usdc,33668395874.04213,,,current,coinmetrics_CapMrktCurUSD,CapMrktCurUSD
2024-04-20,usd-coin,usdc,33717965578.068954,,,current,coinmetrics_CapMrktCurUSD,CapMrktCurUSD
2024-04-21,usd-coin,usdc,33699945094.295418,,,current,coinmetrics_CapMrktCurUSD,CapMrktCurUSD
2024-04-22,usd-coin,usdc,33578469302.15326,,,current,coinmetrics_CapMrktCurUSD,CapMrktCurUSD
2024-04-23,usd-coin,usdc,33416443312.214672,,,current,coinmetrics_CapMrktCurUSD,CapMrktCurUSD
2024-04-24,usd-coin,usdc,33180035044.96635,,,current,coinmetrics_CapMrktCurUSD,CapMrktCurUSD
2024-04-25,usd-coin,usdc,33050470248.088055,,,current,coinmetrics_CapMrktCurUSD,CapMrktCurUSD
2024-04-26,usd-coin,usdc,33127104390.53255,,,current,coinmetrics_CapMrktCurUSD,CapMrktCurUSD
2024-04-27,usd-coin,usdc,33143231489.943027,,,current,coinmetrics_CapMrktCurUSD,CapMrktCurUSD
2024-04-28,usd-coin,usdc,33150648445.556644,,,current,coinmetrics_CapMrktCurUSD,CapMrktCurUSD
2024-04-29,usd-coin,usdc,32968243682.432453,,,current,coinmetrics_CapMrktCurUSD,CapMrktCurUSD
2024-04-30,usd-coin,usdc,32804507182.96639,,,current,coinmetrics_CapMrktCurUSD,CapMrktCurUSD
2024-05-01,usd-coin,usdc,32637327505.57385,,,current,coinmetrics_CapMrktCurUSD,CapMrktCurUSD
2024-05-02,usd-coin,usdc,32775734124.18131,,,current,coinmetrics_CapMrktCurUSD,CapMrktCurUSD
2024-05-03,usd-coin,usdc,33076206205.52618,,,current,coinmetrics_CapMrktCurUSD,CapMrktCurUSD
2024-05-04,usd-coin,usdc,33188006918.606346,,,current,coinmetrics_CapMrktCurUSD,CapMrktCurUSD
2024-05-05,usd-coin,usdc,33218010965.587654,,,current,coinmetrics_CapMrktCurUSD,CapMrktCurUSD
2024-05-06,usd-coin,usdc,32850549311.857807,,,current,coinmetrics_CapMrktCurUSD,CapMrktCurUSD
2024-05-07,usd-coin,usdc,32897539273.517952,,,current,coinmetrics_CapMrktCurUSD,CapMrktCurUSD
2024-05-08,usd-coin,usdc,32705527179.724915,,,current,coinmetrics_CapMrktCurUSD,CapMrktCurUSD
2024-05-09,usd-coin,usdc,32723762473.11686,,,current,coinmetrics_CapMrktCurUSD,CapMrktCurUSD
2024-05-10,usd-coin,usdc,32734237913.068867,,,current,coinmetrics_CapMrktCurUSD,CapMrktCurUSD
2024-05-11,usd-coin,usdc,32744121181.286808,,,current,coinmetrics_CapMrktCurUSD,CapMrktCurUSD
2024-05-12,usd-coin,usdc,32732209740.43905,,,current,coinmetrics_CapMrktCurUSD,CapMrktCurUSD
2024-05-13,usd-coin,usdc,32755610038.45492,,,current,coinmetrics_CapMrktCurUSD,CapMrktCurUSD
2024-05-14,usd-coin,usdc,32532741812.633698,,,current,coinmetrics_CapMrktCurUSD,CapMrktCurUSD
2024-05-15,usd-coin,usdc,32868335466.86585,,,current,coinmetrics_CapMrktCurUSD,CapMrktCurUSD
2024-05-16,usd-coin,usdc,32922437270.741825,,,current,coinmetrics_CapMrktCurUSD,CapMrktCurUSD
2024-05-17,usd-coin,usdc,33032643399.14254,,,current,coinmetrics_CapMrktCurUSD,CapMrktCurUSD
2024-05-18,usd-coin,usdc,33098062163.01325,,,current,coinmetrics_CapMrktCurUSD,CapMrktCurUSD
2024-05-19,usd-coin,usdc,33050977528.26118,,,current,coinmetrics_CapMrktCurUSD,CapMrktCurUSD
2024-05-20,usd-coin,usdc,32899722271.518448,,,current,coinmetrics_CapMrktCurUSD,CapMrktCurUSD
2024-05-21,usd-coin,usdc,32825766732.997017,,,current,coinmetrics_CapMrktCurUSD,CapMrktCurUSD
2024-05-22,usd-coin,usdc,32734271109.773148,,,current,coinmetrics_CapMrktCurUSD,CapMrktCurUSD
2024-05-23,usd-coin,usdc,32355165933.55166,,,current,coinmetrics_CapMrktCurUSD,CapMrktCurUSD
2024-05-24,usd-coin,usdc,32330453415.652126,,,current,coinmetrics_CapMrktCurUSD,CapMrktCurUSD
2024-05-25,usd-coin,usdc,32289553840.04332,,,current,coinmetrics_CapMrktCurUSD,CapMrktCurUSD
2024-05-26,usd-coin,usdc,32197518810.204147,,,current,coinmetrics_CapMrktCurUSD,CapMrktCurUSD
2024-05-27,usd-coin,usdc,32091198331.14621,,,current,coinmetrics_CapMrktCurUSD,CapMrktCurUSD
2024-05-28,usd-coin,usdc,31848838110.911247,,,current,coinmetrics_CapMrktCurUSD,CapMrktCurUSD
2024-05-29,usd-coin,usdc,31878530959.544167,,,current,coinmetrics_CapMrktCurUSD,CapMrktCurUSD
2024-05-30,usd-coin,usdc,32021216180.00157,,,current,coinmetrics_CapMrktCurUSD,CapMrktCurUSD
2024-05-31,usd-coin,usdc,32021683740.290867,,,current,coinmetrics_CapMrktCurUSD,CapMrktCurUSD
2024-06-01,usd-coin,usdc,32015243552.80402,,,current,coinmetrics_CapMrktCurUSD,CapMrktCurUSD
2024-06-02,usd-coin,usdc,31989968131.850826,,,current,coinmetrics_CapMrktCurUSD,CapMrktCurUSD
2024-06-03,usd-coin,usdc,31908694361.87499,,,current,coinmetrics_CapMrktCurUSD,CapMrktCurUSD
2024-06-04,usd-coin,usdc,31974780063.005577,,,current,coinmetrics_CapMrktCurUSD,CapMrktCurUSD
2024-06-05,usd-coin,usdc,32053570259.145615,,,current,coinmetrics_CapMrktCurUSD,CapMrktCurUSD
2024-06-06,usd-coin,usdc,32226958979.09657,,,current,coinmetrics_CapMrktCurUSD,CapMrktCurUSD
2024-06-07,usd-coin,usdc,31859511438.892506,,,current,coinmetrics_CapMrktCurUSD,CapMrktCurUSD
2024-06-08,usd-coin,usdc,31809341040.53124,,,current,coinmetrics_CapMrktCurUSD,CapMrktCurUSD
2024-06-09,usd-coin,usdc,31804093371.738087,,,current,coinmetrics_CapMrktCurUSD,CapMrktCurUSD
2024-06-10,usd-coin,usdc,31671815264.822754,,,current,coinmetrics_CapMrktCurUSD,CapMrktCurUSD
2024-06-11,usd-coin,usdc,31662599416.964256,,,current,coinmetrics_CapMrktCurUSD,CapMrktCurUSD
2024-06-12,usd-coin,usdc,31872690033.635567,,,current,coinmetrics_CapMrktCurUSD,CapMrktCurUSD
2024-06-13,usd-coin,usdc,32033672349.258408,,,current,coinmetrics_CapMrktCurUSD,CapMrktCurUSD
2024-06-14,usd-coin,usdc,32052465000.577396,,,current,coinmetrics_CapMrktCurUSD,CapMrktCurUSD
2024-06-15,usd-coin,usdc,32095134166.426277,,,current,coinmetrics_CapMrktCurUSD,CapMrktCurUSD
2024-06-16,usd-coin,usdc,32130190366.159195,,,current,coinmetrics_CapMrktCurUSD,CapMrktCurUSD
2024-06-17,usd-coin,usdc,32082928067.92342,,,current,coinmetrics_CapMrktCurUSD,CapMrktCurUSD
2024-06-18,usd-coin,usdc,32347047964.411503,,,current,coinmetrics_CapMrktCurUSD,CapMrktCurUSD
2024-06-19,usd-coin,usdc,32329390906.077126,,,current,coinmetrics_CapMrktCurUSD,CapMrktCurUSD
2024-06-20,usd-coin,usdc,32123338950.150215,,,current,coinmetrics_CapMrktCurUSD,CapMrktCurUSD
2024-06-21,usd-coin,usdc,32163045565.66638,,,current,coinmetrics_CapMrktCurUSD,CapMrktCurUSD
2024-06-22,usd-coin,usdc,32175821527.277943,,,current,coinmetrics_CapMrktCurUSD,CapMrktCurUSD
2024-06-23,usd-coin,usdc,32131316641.267517,,,current,coinmetrics_CapMrktCurUSD,CapMrktCurUSD
2024-06-24,usd-coin,usdc,31981305242.693195,,,current,coinmetrics_CapMrktCurUSD,CapMrktCurUSD
2024-06-25,usd-coin,usdc,32163340878.85299,,,current,coinmetrics_CapMrktCurUSD,CapMrktCurUSD
2024-06-26,usd-coin,usdc,32332578078.692066,,,current,coinmetrics_CapMrktCurUSD,CapMrktCurUSD
2024-06-27,usd-coin,usdc,31939109700.701527,,,current,coinmetrics_CapMrktCurUSD,CapMrktCurUSD
2024-06-28,usd-coin,usdc,31764696946.189537,,,current,coinmetrics_CapMrktCurUSD,CapMrktCurUSD
2024-06-29,usd-coin,usdc,31730828238.493023,,,current,coinmetrics_CapMrktCurUSD,CapMrktCurUSD
2024-06-30,usd-coin,usdc,31672906999.02306,,,current,coinmetrics_CapMrktCurUSD,CapMrktCurUSD
2024-07-01,usd-coin,usdc,31859230376.073784,,,current,coinmetrics_CapMrktCurUSD,CapMrktCurUSD
2024-07-02,usd-coin,usdc,31902987203.088593,,,current,coinmetrics_CapMrktCurUSD,CapMrktCurUSD
2024-07-03,usd-coin,usdc,32040173624.948807,,,current,coinmetrics_CapMrktCurUSD,CapMrktCurUSD
2024-07-04,usd-coin,usdc,32173491006.595566,,,current,coinmetrics_CapMrktCurUSD,CapMrktCurUSD
2024-07-05,usd-coin,usdc,32972362777.49005,,,current,coinmetrics_CapMrktCurUSD,CapMrktCurUSD
2024-07-06,usd-coin,usdc,33090580720.116352,,,current,coinmetrics_CapMrktCurUSD,CapMrktCurUSD
2024-07-07,usd-coin,usdc,33092641628.59333,,,current,coinmetrics_CapMrktCurUSD,CapMrktCurUSD
2024-07-08,usd-coin,usdc,33211918008.12968,,,current,coinmetrics_CapMrktCurUSD,CapMrktCurUSD
2024-07-09,usd-coin,usdc,33221282914.257164,,,current,coinmetrics_CapMrktCurUSD,CapMrktCurUSD
2024-07-10,usd-coin,usdc,33558765809.83552,,,current,coinmetrics_CapMrktCurUSD,CapMrktCurUSD
2024-07-11,usd-coin,usdc,33388265534.41773,,,current,coinmetrics_CapMrktCurUSD,CapMrktCurUSD
2024-07-12,usd-coin,usdc,33291944051.065773,,,current,coinmetrics_CapMrktCurUSD,CapMrktCurUSD
2024-07-13,usd-coin,usdc,33356530539.1318,,,current,coinmetrics_CapMrktCurUSD,CapMrktCurUSD
2024-07-14,usd-coin,usdc,33360185632.32093,,,current,coinmetrics_CapMrktCurUSD,CapMrktCurUSD
2024-07-15,usd-coin,usdc,33299835480.456528,,,current,coinmetrics_CapMrktCurUSD,CapMrktCurUSD
2024-07-16,usd-coin,usdc,33284932046.237167,,,current,coinmetrics_CapMrktCurUSD,CapMrktCurUSD
2024-07-17,usd-coin,usdc,33055406638.057358,,,current,coinmetrics_CapMrktCurUSD,CapMrktCurUSD
2024-07-18,usd-coin,usdc,32943065154.985096,,,current,coinmetrics_CapMrktCurUSD,CapMrktCurUSD
2024-07-19,usd-coin,usdc,33378035143.14953,,,current,coinmetrics_CapMrktCurUSD,CapMrktCurUSD
2024-07-20,usd-coin,usdc,33475603090.199306,,,current,coinmetrics_CapMrktCurUSD,CapMrktCurUSD
2024-07-21,usd-coin,usdc,33325095986.981815,,,current,coinmetrics_CapMrktCurUSD,CapMrktCurUSD
2024-07-22,usd-coin,usdc,33323144733.242176,,,current,coinmetrics_CapMrktCurUSD,CapMrktCurUSD
2024-07-23,usd-coin,usdc,33394137502.39172,,,current,coinmetrics_CapMrktCurUSD,CapMrktCurUSD
2024-07-24,usd-coin,usdc,33241247801.98864,,,current,coinmetrics_CapMrktCurUSD,CapMrktCurUSD
2024-07-25,usd-coin,usdc,32989537537.3568,,,current,coinmetrics_CapMrktCurUSD,CapMrktCurUSD
2024-07-26,usd-coin,usdc,33259283136.27609,,,current,coinmetrics_CapMrktCurUSD,CapMrktCurUSD
2024-07-27,usd-coin,usdc,33264994393.063572,,,current,coinmetrics_CapMrktCurUSD,CapMrktCurUSD
2024-07-28,usd-coin,usdc,33250649284.139996,,,current,coinmetrics_CapMrktCurUSD,CapMrktCurUSD
2024-07-29,usd-coin,usdc,33022578672.029514,,,current,coinmetrics_CapMrktCurUSD,CapMrktCurUSD
2024-07-30,usd-coin,usdc,32693993205.838722,,,current,coinmetrics_CapMrktCurUSD,CapMrktCurUSD
2024-07-31,usd-coin,usdc,32578390785.361233,,,current,coinmetrics_CapMrktCurUSD,CapMrktCurUSD
2024-08-01,usd-coin,usdc,32065889887.218163,,,current,coinmetrics_CapMrktCurUSD,CapMrktCurUSD
2024-08-02,usd-coin,usdc,32271200098.648087,,,current,coinmetrics_CapMrktCurUSD,CapMrktCurUSD
2024-08-03,usd-coin,usdc,32344703738.208305,,,current,coinmetrics_CapMrktCurUSD,CapMrktCurUSD
2024-08-04,usd-coin,usdc,32441500844.052505,,,current,coinmetrics_CapMrktCurUSD,CapMrktCurUSD
2024-08-05,usd-coin,usdc,32805652183.65524,,,current,coinmetrics_CapMrktCurUSD,CapMrktCurUSD
2024-08-06,usd-coin,usdc,33523891678.442123,,,current,coinmetrics_CapMrktCurUSD,CapMrktCurUSD
2024-08-07,usd-coin,usdc,33744621756.033924,,,current,coinmetrics_CapMrktCurUSD,CapMrktCurUSD
2024-08-08,usd-coin,usdc,33927372512.92885,,,current,coinmetrics_CapMrktCurUSD,CapMrktCurUSD
2024-08-09,usd-coin,usdc,33822033746.91276,,,current,coinmetrics_CapMrktCurUSD,CapMrktCurUSD
2024-08-10,usd-coin,usdc,33845728953.204254,,,current,coinmetrics_CapMrktCurUSD,CapMrktCurUSD
2024-08-11,usd-coin,usdc,33827266161.662113,,,current,coinmetrics_CapMrktCurUSD,CapMrktCurUSD
2024-08-12,usd-coin,usdc,33786973687.418095,,,current,coinmetrics_CapMrktCurUSD,CapMrktCurUSD
2024-08-13,usd-coin,usdc,33744321580.37863,,,current,coinmetrics_CapMrktCurUSD,CapMrktCurUSD
2024-08-14,usd-coin,usdc,33686873864.2368,,,current,coinmetrics_CapMrktCurUSD,CapMrktCurUSD
2024-08-15,usd-coin,usdc,33972188576.163074,,,current,coinmetrics_CapMrktCurUSD,CapMrktCurUSD
2024-08-16,usd-coin,usdc,34172214555.530716,,,current,coinmetrics_CapMrktCurUSD,CapMrktCurUSD
2024-08-17,usd-coin,usdc,34166076199.232803,,,current,coinmetrics_CapMrktCurUSD,CapMrktCurUSD
2024-08-18,usd-coin,usdc,34136534261.17052,,,current,coinmetrics_CapMrktCurUSD,CapMrktCurUSD
2024-08-19,usd-coin,usdc,34136206177.881657,,,current,coinmetrics_CapMrktCurUSD,CapMrktCurUSD
2024-08-20,usd-coin,usdc,34142215547.52168,,,current,coinmetrics_CapMrktCurUSD,CapMrktCurUSD
2024-08-21,usd-coin,usdc,34033685422.63691,,,current,coinmetrics_CapMrktCurUSD,CapMrktCurUSD
2024-08-22,usd-coin,usdc,33947888156.563354,,,current,coinmetrics_CapMrktCurUSD,CapMrktCurUSD
2024-08-23,usd-coin,usdc,33995098144.362156,,,current,coinmetrics_CapMrktCurUSD,CapMrktCurUSD
2024-08-24,usd-coin,usdc,33978045819.15617,,,current,coinmetrics_CapMrktCurUSD,CapMrktCurUSD
2024-08-25,usd-coin,usdc,33932722293.77824,,,current,coinmetrics_CapMrktCurUSD,CapMrktCurUSD
2024-08-26,usd-coin,usdc,33878298539.422478,,,current,coinmetrics_CapMrktCurUSD,CapMrktCurUSD
2024-08-27,usd-coin,usdc,33570073887.32236,,,current,coinmetrics_CapMrktCurUSD,CapMrktCurUSD
2024-08-28,usd-coin,usdc,33667455044.52181,,,current,coinmetrics_CapMrktCurUSD,CapMrktCurUSD
2024-08-29,usd-coin,usdc,33795948293.025616,,,current,coinmetrics_CapMrktCurUSD,CapMrktCurUSD
2024-08-30,usd-coin,usdc,34085638510.936813,,,current,coinmetrics_CapMrktCurUSD,CapMrktCurUSD
2024-08-31,usd-coin,usdc,34062564673.54716,,,current,coinmetrics_CapMrktCurUSD,CapMrktCurUSD
2024-09-01,usd-coin,usdc,34052658459.41468,,,current,coinmetrics_CapMrktCurUSD,CapMrktCurUSD
2024-09-02,usd-coin,usdc,34059021052.8438,,,current,coinmetrics_CapMrktCurUSD,CapMrktCurUSD
2024-09-03,usd-coin,usdc,33829757280.470417,,,current,coinmetrics_CapMrktCurUSD,CapMrktCurUSD
2024-09-04,usd-coin,usdc,34017190835.221992,,,current,coinmetrics_CapMrktCurUSD,CapMrktCurUSD
2024-09-05,usd-coin,usdc,34245927341.080883,,,current,coinmetrics_CapMrktCurUSD,CapMrktCurUSD
2024-09-06,usd-coin,usdc,34057032662.893833,,,current,coinmetrics_CapMrktCurUSD,CapMrktCurUSD
2024-09-07,usd-coin,usdc,34140971875.374992,,,current,coinmetrics_CapMrktCurUSD,CapMrktCurUSD
2024-09-08,usd-coin,usdc,34175042839.285137,,,current,coinmetrics_CapMrktCurUSD,CapMrktCurUSD
2024-09-09,usd-coin,usdc,34229393412.38321,,,current,coinmetrics_CapMrktCurUSD,CapMrktCurUSD
2024-09-10,usd-coin,usdc,34736714345.07095,,,current,coinmetrics_CapMrktCurUSD,CapMrktCurUSD
2024-09-11,usd-coin,usdc,34722030941.99651,,,current,coinmetrics_CapMrktCurUSD,CapMrktCurUSD
2024-09-12,usd-coin,usdc,34934451047.54752,,,current,coinmetrics_CapMrktCurUSD,CapMrktCurUSD
2024-09-13,usd-coin,usdc,35212646267.94017,,,current,coinmetrics_CapMrktCurUSD,CapMrktCurUSD
2024-09-14,usd-coin,usdc,35181455673.54019,,,current,coinmetrics_CapMrktCurUSD,CapMrktCurUSD
2024-09-15,usd-coin,usdc,35135456370.78188,,,current,coinmetrics_CapMrktCurUSD,CapMrktCurUSD
2024-09-16,usd-coin,usdc,34867691375.32259,,,current,coinmetrics_CapMrktCurUSD,CapMrktCurUSD
2024-09-17,usd-coin,usdc,35003302253.55535,,,current,coinmetrics_CapMrktCurUSD,CapMrktCurUSD
2024-09-18,usd-coin,usdc,34892422909.835175,,,current,coinmetrics_CapMrktCurUSD,CapMrktCurUSD
2024-09-19,usd-coin,usdc,34874237418.85612,,,current,coinmetrics_CapMrktCurUSD,CapMrktCurUSD
2024-09-20,usd-coin,usdc,35188589039.651085,,,current,coinmetrics_CapMrktCurUSD,CapMrktCurUSD
2024-09-21,usd-coin,usdc,35270891975.59256,,,current,coinmetrics_CapMrktCurUSD,CapMrktCurUSD
2024-09-22,usd-coin,usdc,35304206988.74918,,,current,coinmetrics_CapMrktCurUSD,CapMrktCurUSD
2024-09-23,usd-coin,usdc,35205032695.15664,,,current,coinmetrics_CapMrktCurUSD,CapMrktCurUSD
2024-09-24,usd-coin,usdc,35359992440.11247,,,current,coinmetrics_CapMrktCurUSD,CapMrktCurUSD
2024-09-25,usd-coin,usdc,35386870483.00561,,,current,coinmetrics_CapMrktCurUSD,CapMrktCurUSD
2024-09-26,usd-coin,usdc,35549935080.90502,,,current,coinmetrics_CapMrktCurUSD,CapMrktCurUSD
2024-09-27,usd-coin,usdc,35486792274.627365,,,current,coinmetrics_CapMrktCurUSD,CapMrktCurUSD
2024-09-28,usd-coin,usdc,35469758027.25008,,,current,coinmetrics_CapMrktCurUSD,CapMrktCurUSD
2024-09-29,usd-coin,usdc,35413921597.891464,,,current,coinmetrics_CapMrktCurUSD,CapMrktCurUSD
2024-09-30,usd-coin,usdc,34873454769.8488,,,current,coinmetrics_CapMrktCurUSD,CapMrktCurUSD
2024-10-01,usd-coin,usdc,34811402907.17603,,,current,coinmetrics_CapMrktCurUSD,CapMrktCurUSD
2024-10-02,usd-coin,usdc,34777692675.05628,,,current,coinmetrics_CapMrktCurUSD,CapMrktCurUSD
2024-10-03,usd-coin,usdc,34684635054.36543,,,current,coinmetrics_CapMrktCurUSD,CapMrktCurUSD
2024-10-04,usd-coin,usdc,34869547315.000275,,,current,coinmetrics_CapMrktCurUSD,CapMrktCurUSD
2024-10-05,usd-coin,usdc,34888506548.17175,,,current,coinmetrics_CapMrktCurUSD,CapMrktCurUSD
2024-10-06,usd-coin,usdc,34895265593.55263,,,current,coinmetrics_CapMrktCurUSD,CapMrktCurUSD
2024-10-07,usd-coin,usdc,34528696943.597786,,,current,coinmetrics_CapMrktCurUSD,CapMrktCurUSD
2024-10-08,usd-coin,usdc,34182367739.74868,,,current,coinmetrics_CapMrktCurUSD,CapMrktCurUSD
2024-10-09,usd-coin,usdc,33856554343.122486,,,current,coinmetrics_CapMrktCurUSD,CapMrktCurUSD
2024-10-10,usd-coin,usdc,33770572652.936623,,,current,coinmetrics_CapMrktCurUSD,CapMrktCurUSD
2024-10-11,usd-coin,usdc,34220611687.79073,,,current,coinmetrics_CapMrktCurUSD,CapMrktCurUSD
2024-10-12,usd-coin,usdc,34256591210.580784,,,current,coinmetrics_CapMrktCurUSD,CapMrktCurUSD
2024-10-13,usd-coin,usdc,34203991379.318115,,,current,coinmetrics_CapMrktCurUSD,CapMrktCurUSD
2024-10-14,usd-coin,usdc,34069793225.026367,,,current,coinmetrics_CapMrktCurUSD,CapMrktCurUSD
2024-10-15,usd-coin,usdc,34035514391.40899,,,current,coinmetrics_CapMrktCurUSD,CapMrktCurUSD
2024-10-16,usd-coin,usdc,33884733118.21674,,,current,coinmetrics_CapMrktCurUSD,CapMrktCurUSD
2024-10-17,usd-coin,usdc,33897597991.268726,,,current,coinmetrics_CapMrktCurUSD,CapMrktCurUSD
2024-10-18,usd-coin,usdc,34066955143.60409,,,current,coinmetrics_CapMrktCurUSD,CapMrktCurUSD
2024-10-19,usd-coin,usdc,34078401943.12393,,,current,coinmetrics_CapMrktCurUSD,CapMrktCurUSD
2024-10-20,usd-coin,usdc,34076742325.554737,,,current,coinmetrics_CapMrktCurUSD,CapMrktCurUSD
2024-10-21,usd-coin,usdc,33976025534.776314,,,current,coinmetrics_CapMrktCurUSD,CapMrktCurUSD
2024-10-22,usd-coin,usdc,33795665341.629105,,,current,coinmetrics_CapMrktCurUSD,CapMrktCurUSD
2024-10-23,usd-coin,usdc,33416278599.029648,,,current,coinmetrics_CapMrktCurUSD,CapMrktCurUSD
2024-10-24,usd-coin,usdc,33519635338.85592,,,current,coinmetrics_CapMrktCurUSD,CapMrktCurUSD
2024-10-25,usd-coin,usdc,33665478065.706013,,,current,coinmetrics_CapMrktCurUSD,CapMrktCurUSD
2024-10-26,usd-coin,usdc,33870112137.587345,,,current,coinmetrics_CapMrktCurUSD,CapMrktCurUSD
2024-10-27,usd-coin,usdc,33889813341.321064,,,current,coinmetrics_CapMrktCurUSD,CapMrktCurUSD
2024-10-28,usd-coin,usdc,33888419444.882076,,,current,coinmetrics_CapMrktCurUSD,CapMrktCurUSD
2024-10-29,usd-coin,usdc,33904501044.419327,,,current,coinmetrics_CapMrktCurUSD,CapMrktCurUSD
2024-10-30,usd-coin,usdc,34158775111.87226,,,current,coinmetrics_CapMrktCurUSD,CapMrktCurUSD
2024-10-31,usd-coin,usdc,33867357171.466988,,,current,coinmetrics_CapMrktCurUSD,CapMrktCurUSD
2024-11-01,usd-coin,usdc,34190034074.301224,,,current,coinmetrics_CapMrktCurUSD,CapMrktCurUSD
2024-11-02,usd-coin,usdc,34148941652.27972,,,current,coinmetrics_CapMrktCurUSD,CapMrktCurUSD
2024-11-03,usd-coin,usdc,34146879724.045006,,,current,coinmetrics_CapMrktCurUSD,CapMrktCurUSD
2024-11-04,usd-coin,usdc,34421984090.2359,,,current,coinmetrics_CapMrktCurUSD,CapMrktCurUSD
2024-11-05,usd-coin,usdc,34811046158.42562,,,current,coinmetrics_CapMrktCurUSD,CapMrktCurUSD
2024-11-06,usd-coin,usdc,36083458392.77437,,,current,coinmetrics_CapMrktCurUSD,CapMrktCurUSD
2024-11-07,usd-coin,usdc,36268853277.45193,,,current,coinmetrics_CapMrktCurUSD,CapMrktCurUSD
2024-11-08,usd-coin,usdc,36445359443.25117,,,current,coinmetrics_CapMrktCurUSD,CapMrktCurUSD
2024-11-09,usd-coin,usdc,36371627762.64261,,,current,coinmetrics_CapMrktCurUSD,CapMrktCurUSD
2024-11-10,usd-coin,usdc,36288299254.65029,,,current,coinmetrics_CapMrktCurUSD,CapMrktCurUSD
2024-11-11,usd-coin,usdc,36218113402.41218,,,current,coinmetrics_CapMrktCurUSD,CapMrktCurUSD
2024-11-12,usd-coin,usdc,35732142968.710686,,,current,coinmetrics_CapMrktCurUSD,CapMrktCurUSD
2024-11-13,usd-coin,usdc,35865076198.62021,,,current,coinmetrics_CapMrktCurUSD,CapMrktCurUSD
2024-11-14,usd-coin,usdc,35895881491.6671,,,current,coinmetrics_CapMrktCurUSD,CapMrktCurUSD
2024-11-15,usd-coin,usdc,36306824763.58615,,,current,coinmetrics_CapMrktCurUSD,CapMrktCurUSD
2024-11-16,usd-coin,usdc,36425985600.45513,,,current,coinmetrics_CapMrktCurUSD,CapMrktCurUSD
2024-11-17,usd-coin,usdc,36351019067.984055,,,current,coinmetrics_CapMrktCurUSD,CapMrktCurUSD
2024-11-18,usd-coin,usdc,36529059231.915565,,,current,coinmetrics_CapMrktCurUSD,CapMrktCurUSD
2024-11-19,usd-coin,usdc,36726039403.94148,,,current,coinmetrics_CapMrktCurUSD,CapMrktCurUSD
2024-11-20,usd-coin,usdc,37013574562.01638,,,current,coinmetrics_CapMrktCurUSD,CapMrktCurUSD
2024-11-21,usd-coin,usdc,37532688583.7557,,,current,coinmetrics_CapMrktCurUSD,CapMrktCurUSD
2024-11-22,usd-coin,usdc,38011591730.56929,,,current,coinmetrics_CapMrktCurUSD,CapMrktCurUSD
2024-11-23,usd-coin,usdc,38237443169.31326,,,current,coinmetrics_CapMrktCurUSD,CapMrktCurUSD
2024-11-24,usd-coin,usdc,38158571239.77728,,,current,coinmetrics_CapMrktCurUSD,CapMrktCurUSD
2024-11-25,usd-coin,usdc,38052182321.98358,,,current,coinmetrics_CapMrktCurUSD,CapMrktCurUSD
2024-11-26,usd-coin,usdc,37894398431.72313,,,current,coinmetrics_CapMrktCurUSD,CapMrktCurUSD
2024-11-27,usd-coin,usdc,38791263364.81714,,,current,coinmetrics_CapMrktCurUSD,CapMrktCurUSD
2024-11-28,usd-coin,usdc,38698396244.57195,,,current,coinmetrics_CapMrktCurUSD,CapMrktCurUSD
2024-11-29,usd-coin,usdc,39049910817.39916,,,current,coinmetrics_CapMrktCurUSD,CapMrktCurUSD
2024-11-30,usd-coin,usdc,39112339898.27097,,,current,coinmetrics_CapMrktCurUSD,CapMrktCurUSD
2024-12-01,usd-coin,usdc,39468114130.64927,,,current,coinmetrics_CapMrktCurUSD,CapMrktCurUSD
2024-12-02,usd-coin,usdc,39188635179.10185,,,current,coinmetrics_CapMrktCurUSD,CapMrktCurUSD
2024-12-03,usd-coin,usdc,39266982397.33564,,,current,coinmetrics_CapMrktCurUSD,CapMrktCurUSD
2024-12-04,usd-coin,usdc,39740537462.77631,,,current,coinmetrics_CapMrktCurUSD,CapMrktCurUSD
2024-12-05,usd-coin,usdc,39326006046.38366,,,current,coinmetrics_CapMrktCurUSD,CapMrktCurUSD
2024-12-06,usd-coin,usdc,40543725734.893,,,current,coinmetrics_CapMrktCurUSD,CapMrktCurUSD
2024-12-07,usd-coin,usdc,40496559559.84166,,,current,coinmetrics_CapMrktCurUSD,CapMrktCurUSD
2024-12-08,usd-coin,usdc,40287195166.159355,,,current,coinmetrics_CapMrktCurUSD,CapMrktCurUSD
2024-12-09,usd-coin,usdc,39888415356.76688,,,current,coinmetrics_CapMrktCurUSD,CapMrktCurUSD
2024-12-10,usd-coin,usdc,40022686568.59455,,,current,coinmetrics_CapMrktCurUSD,CapMrktCurUSD
2024-12-11,usd-coin,usdc,40729774534.09611,,,current,coinmetrics_CapMrktCurUSD,CapMrktCurUSD
2024-12-12,usd-coin,usdc,40742496008.01256,,,current,coinmetrics_CapMrktCurUSD,CapMrktCurUSD
2024-12-13,usd-coin,usdc,41107535037.95639,,,current,coinmetrics_CapMrktCurUSD,CapMrktCurUSD
2024-12-14,usd-coin,usdc,41094647209.422134,,,current,coinmetrics_CapMrktCurUSD,CapMrktCurUSD
2024-12-15,usd-coin,usdc,41199581019.44845,,,current,coinmetrics_CapMrktCurUSD,CapMrktCurUSD
2024-12-16,usd-coin,usdc,41598123685.98017,,,current,coinmetrics_CapMrktCurUSD,CapMrktCurUSD
2024-12-17,usd-coin,usdc,41560106835.21366,,,current,coinmetrics_CapMrktCurUSD,CapMrktCurUSD
2024-12-18,usd-coin,usdc,41579071239.73514,,,current,coinmetrics_CapMrktCurUSD,CapMrktCurUSD
2024-12-19,usd-coin,usdc,41571875087.77388,,,current,coinmetrics_CapMrktCurUSD,CapMrktCurUSD
2024-12-20,usd-coin,usdc,41829810952.643486,,,current,coinmetrics_CapMrktCurUSD,CapMrktCurUSD
2024-12-21,usd-coin,usdc,41974763674.43713,,,current,coinmetrics_CapMrktCurUSD,CapMrktCurUSD
2024-12-22,usd-coin,usdc,42012880334.902016,,,current,coinmetrics_CapMrktCurUSD,CapMrktCurUSD
2024-12-23,usd-coin,usdc,42308659639.966736,,,current,coinmetrics_CapMrktCurUSD,CapMrktCurUSD
2024-12-24,usd-coin,usdc,42239136812.83865,,,current,coinmetrics_CapMrktCurUSD,CapMrktCurUSD
2024-12-25,usd-coin,usdc,42291229386.15432,,,current,coinmetrics_CapMrktCurUSD,CapMrktCurUSD
2024-12-26,usd-coin,usdc,42584327608.73474,,,current,coinmetrics_CapMrktCurUSD,CapMrktCurUSD
2024-12-27,usd-coin,usdc,42539464500.86086,,,current,coinmetrics_CapMrktCurUSD,CapMrktCurUSD
2024-12-28,usd-coin,usdc,42860397030.15956,,,current,coinmetrics_CapMrktCurUSD,CapMrktCurUSD
2024-12-29,usd-coin,usdc,42828594213.04627,,,current,coinmetrics_CapMrktCurUSD,CapMrktCurUSD
2024-12-30,usd-coin,usdc,42877675299.98594,,,current,coinmetrics_CapMrktCurUSD,CapMrktCurUSD
2024-12-31,usd-coin,usdc,42951263167.31896,,,current,coinmetrics_CapMrktCurUSD,CapMrktCurUSD
2024-03-01,zcash,zec,438246123.2110489,,,current,coinmetrics_CapMrktCurUSD,CapMrktCurUSD
2024-03-02,zcash,zec,485287178.8682442,,,current,coinmetrics_CapMrktCurUSD,CapMrktCurUSD
2024-03-03,zcash,zec,468387248.92399913,,,current,coinmetrics_CapMrktCurUSD,CapMrktCurUSD
2024-03-04,zcash,zec,486085775.0601586,,,current,coinmetrics_CapMrktCurUSD,CapMrktCurUSD
2024-03-05,zcash,zec,449023901.1741745,,,current,coinmetrics_CapMrktCurUSD,CapMrktCurUSD
2024-03-06,zcash,zec,487208292.1911877,,,current,coinmetrics_CapMrktCurUSD,CapMrktCurUSD
2024-03-07,zcash,zec,506062206.2239019,,,current,coinmetrics_CapMrktCurUSD,CapMrktCurUSD
2024-03-08,zcash,zec,512933873.57602113,,,current,coinmetrics_CapMrktCurUSD,CapMrktCurUSD
2024-03-09,zcash,zec,506979039.54260135,,,current,coinmetrics_CapMrktCurUSD,CapMrktCurUSD
2024-03-10,zcash,zec,497904679.96941936,,,current,coinmetrics_CapMrktCurUSD,CapMrktCurUSD
2024-03-11,zcash,zec,518354647.7603306,,,current,coinmetrics_CapMrktCurUSD,CapMrktCurUSD
2024-03-12,zcash,zec,503608716.0046746,,,current,coinmetrics_CapMrktCurUSD,CapMrktCurUSD
2024-03-13,zcash,zec,517219873.28052366,,,current,coinmetrics_CapMrktCurUSD,CapMrktCurUSD
2024-03-14,zcash,zec,507169702.6114656,,,current,coinmetrics_CapMrktCurUSD,CapMrktCurUSD
2024-03-15,zcash,zec,467268836.1158533,,,current,coinmetrics_CapMrktCurUSD,CapMrktCurUSD
2024-03-16,zcash,zec,429621955.1119501,,,current,coinmetrics_CapMrktCurUSD,CapMrktCurUSD
2024-03-17,zcash,zec,433581996.1753996,,,current,coinmetrics_CapMrktCurUSD,CapMrktCurUSD
2024-03-18,zcash,zec,411003995.617435,,,current,coinmetrics_CapMrktCurUSD,CapMrktCurUSD
2024-03-19,zcash,zec,369943992.4095804,,,current,coinmetrics_CapMrktCurUSD,CapMrktCurUSD
2024-03-20,zcash,zec,421117255.7374643,,,current,coinmetrics_CapMrktCurUSD,CapMrktCurUSD
2024-03-21,zcash,zec,436073945.74402225,,,current,coinmetrics_CapMrktCurUSD,CapMrktCurUSD
2024-03-22,zcash,zec,425223700.88380134,,,current,coinmetrics_CapMrktCurUSD,CapMrktCurUSD
2024-03-23,zcash,zec,429175835.1657898,,,current,coinmetrics_CapMrktCurUSD,CapMrktCurUSD
2024-03-24,zcash,zec,442951812.1429594,,,current,coinmetrics_CapMrktCurUSD,CapMrktCurUSD
2024-03-25,zcash,zec,451273685.3881363,,,current,coinmetrics_CapMrktCurUSD,CapMrktCurUSD
2024-03-26,zcash,zec,471563080.32721984,,,current,coinmetrics_CapMrktCurUSD,CapMrktCurUSD
2024-03-27,zcash,zec,459916844.99869055,,,current,coinmetrics_CapMrktCurUSD,CapMrktCurUSD
2024-03-28,zcash,zec,458320727.63917744,,,current,coinmetrics_CapMrktCurUSD,CapMrktCurUSD
2024-03-29,zcash,zec,457014922.8435946,,,current,coinmetrics_CapMrktCurUSD,CapMrktCurUSD
2024-03-30,zcash,zec,447114372.48623776,,,current,coinmetrics_CapMrktCurUSD,CapMrktCurUSD
2024-03-31,zcash,zec,452861493.9789399,,,current,coinmetrics_CapMrktCurUSD,CapMrktCurUSD
2024-04-01,zcash,zec,433017726.10594887,,,current,coinmetrics_CapMrktCurUSD,CapMrktCurUSD
2024-04-02,zcash,zec,414012449.4763356,,,current,coinmetrics_CapMrktCurUSD,CapMrktCurUSD
2024-04-03,zcash,zec,406213502.043452,,,current,coinmetrics_CapMrktCurUSD,CapMrktCurUSD
2024-04-04,zcash,zec,411734474.3541214,,,current,coinmetrics_CapMrktCurUSD,CapMrktCurUSD
2024-04-05,zcash,zec,407148670.1858124,,,current,coinmetrics_CapMrktCurUSD,CapMrktCurUSD
2024-04-06,zcash,zec,411535985.3697295,,,current,coinmetrics_CapMrktCurUSD,CapMrktCurUSD
2024-04-07,zcash,zec,414801469.63839805,,,current,coinmetrics_CapMrktCurUSD,CapMrktCurUSD
2024-04-08,zcash,zec,426517130.5910772,,,current,coinmetrics_CapMrktCurUSD,CapMrktCurUSD
2024-04-09,zcash,zec,412310250.8416342,,,current,coinmetrics_CapMrktCurUSD,CapMrktCurUSD
2024-04-10,zcash,zec,403109505.425018,,,current,coinmetrics_CapMrktCurUSD,CapMrktCurUSD
2024-04-11,zcash,zec,395941595.4930565,,,current,coinmetrics_CapMrktCurUSD,CapMrktCurUSD
2024-04-12,zcash,zec,347738423.8075324,,,current,coinmetrics_CapMrktCurUSD,CapMrktCurUSD
2024-04-13,zcash,zec,308020718.82584393,,,current,coinmetrics_CapMrktCurUSD,CapMrktCurUSD
2024-04-14,zcash,zec,328964865.36912394,,,current,coinmetrics_CapMrktCurUSD,CapMrktCurUSD
2024-04-15,zcash,zec,317082326.6167102,,,current,coinmetrics_CapMrktCurUSD,CapMrktCurUSD
2024-04-16,zcash,zec,320601766.5570133,,,current,coinmetrics_CapMrktCurUSD,CapMrktCurUSD
2024-04-17,zcash,zec,315157481.6178468,,,current,coinmetrics_CapMrktCurUSD,CapMrktCurUSD
2024-04-18,zcash,zec,329813222.6258464,,,current,coinmetrics_CapMrktCurUSD,CapMrktCurUSD
2024-04-19,zcash,zec,332681102.7653749,,,current,coinmetrics_CapMrktCurUSD,CapMrktCurUSD
2024-04-20,zcash,zec,347838051.8817456,,,current,coinmetrics_CapMrktCurUSD,CapMrktCurUSD
2024-04-21,zcash,zec,340036136.84774584,,,current,coinmetrics_CapMrktCurUSD,CapMrktCurUSD
2024-04-22,zcash,zec,365108929.2956999,,,current,coinmetrics_CapMrktCurUSD,CapMrktCurUSD
2024-04-23,zcash,zec,358438461.2000384,,,current,coinmetrics_CapMrktCurUSD,CapMrktCurUSD
2024-04-24,zcash,zec,341787725.30830044,,,current,coinmetrics_CapMrktCurUSD,CapMrktCurUSD
2024-04-25,zcash,zec,350314108.16777235,,,current,coinmetrics_CapMrktCurUSD,CapMrktCurUSD
2024-04-26,zcash,zec,343041455.1344028,,,current,coinmetrics_CapMrktCurUSD,CapMrktCurUSD
2024-04-27,zcash,zec,348016814.6784425,,,current,coinmetrics_CapMrktCurUSD,CapMrktCurUSD
2024-04-28,zcash,zec,337376740.0950701,,,current,coinmetrics_CapMrktCurUSD,CapMrktCurUSD
2024-04-29,zcash,zec,336641975.0538458,,,current,coinmetrics_CapMrktCurUSD,CapMrktCurUSD
2024-04-30,zcash,zec,320506879.1324901,,,current,coinmetrics_CapMrktCurUSD,CapMrktCurUSD
2024-05-01,zcash,zec,332791705.22642314,,,current,coinmetrics_CapMrktCurUSD,CapMrktCurUSD
2024-05-02,zcash,zec,342613439.90765,,,current,coinmetrics_CapMrktCurUSD,CapMrktCurUSD
2024-05-03,zcash,zec,346709403.05032754,,,current,coinmetrics_CapMrktCurUSD,CapMrktCurUSD
2024-05-04,zcash,zec,346816308.5584311,,,current,coinmetrics_CapMrktCurUSD,CapMrktCurUSD
2024-05-05,zcash,zec,347357377.16318625,,,current,coinmetrics_CapMrktCurUSD,CapMrktCurUSD
2024-05-06,zcash,zec,344143182.8504987,,,current,coinmetrics_CapMrktCurUSD,CapMrktCurUSD
2024-05-07,zcash,zec,338278113.5557334,,,current,coinmetrics_CapMrktCurUSD,CapMrktCurUSD
2024-05-08,zcash,zec,353123332.5413717,,,current,coinmetrics_CapMrktCurUSD,CapMrktCurUSD
2024-05-09,zcash,zec,352491142.1595275,,,current,coinmetrics_CapMrktCurUSD,CapMrktCurUSD
2024-05-10,zcash,zec,344346125.1917271,,,current,coinmetrics_CapMrktCurUSD,CapMrktCurUSD
2024-05-11,zcash,zec,338752830.121709,,,current,coinmetrics_CapMrktCurUSD,CapMrktCurUSD
2024-05-12,zcash,zec,336710575.600657,,,current,coinmetrics_CapMrktCurUSD,CapMrktCurUSD
2024-05-13,zcash,zec,334239313.5064843,,,current,coinmetrics_CapMrktCurUSD,CapMrktCurUSD
2024-05-14,zcash,zec,329596050.9867604,,,current,coinmetrics_CapMrktCurUSD,CapMrktCurUSD
2024-05-15,zcash,zec,350168546.60858846,,,current,coinmetrics_CapMrktCurUSD,CapMrktCurUSD
2024-05-16,zcash,zec,356995052.32101274,,,current,coinmetrics_CapMrktCurUSD,CapMrktCurUSD
2024-05-17,zcash,zec,355824423.9036743,,,current,coinmetrics_CapMrktCurUSD,CapMrktCurUSD
2024-05-18,zcash,zec,354907639.0381397,,,current,coinmetrics_CapMrktCurUSD,CapMrktCurUSD
2024-05-19,zcash,zec,351021948.4328698,,,current,coinmetrics_CapMrktCurUSD,CapMrktCurUSD
2024-05-20,zcash,zec,376756618.15074575,,,current,coinmetrics_CapMrktCurUSD,CapMrktCurUSD
2024-05-21,zcash,zec,369888415.1909252,,,current,coinmetrics_CapMrktCurUSD,CapMrktCurUSD
2024-05-22,zcash,zec,372741965.4966317,,,current,coinmetrics_CapMrktCurUSD,CapMrktCurUSD
2024-05-23,zcash,zec,380118171.05590713,,,current,coinmetrics_CapMrktCurUSD,CapMrktCurUSD
2024-05-24,zcash,zec,416897935.10113126,,,current,coinmetrics_CapMrktCurUSD,CapMrktCurUSD
2024-05-25,zcash,zec,405750278.1704798,,,current,coinmetrics_CapMrktCurUSD,CapMrktCurUSD
2024-05-26,zcash,zec,401288251.3780744,,,current,coinmetrics_CapMrktCurUSD,CapMrktCurUSD
2024-05-27,zcash,zec,407261798.4219128,,,current,coinmetrics_CapMrktCurUSD,CapMrktCurUSD
2024-05-28,zcash,zec,401681667.1436565,,,current,coinmetrics_CapMrktCurUSD,CapMrktCurUSD
2024-05-29,zcash,zec,405563707.7353019,,,current,coinmetrics_CapMrktCurUSD,CapMrktCurUSD
2024-05-30,zcash,zec,403946471.0907935,,,current,coinmetrics_CapMrktCurUSD,CapMrktCurUSD
2024-05-31,zcash,zec,405796984.30374855,,,current,coinmetrics_CapMrktCurUSD,CapMrktCurUSD
2024-06-01,zcash,zec,408245238.24473727,,,current,coinmetrics_CapMrktCurUSD,CapMrktCurUSD
2024-06-02,zcash,zec,398350277.58345926,,,current,coinmetrics_CapMrktCurUSD,CapMrktCurUSD
2024-06-03,zcash,zec,384704501.66475695,,,current,coinmetrics_CapMrktCurUSD,CapMrktCurUSD
2024-06-04,zcash,zec,419359335.99515694,,,current,coinmetrics_CapMrktCurUSD,CapMrktCurUSD
2024-06-05,zcash,zec,400881248.51112527,,,current,coinmetrics_CapMrktCurUSD,CapMrktCurUSD
2024-06-06,zcash,zec,404868120.0444286,,,current,coinmetrics_CapMrktCurUSD,CapMrktCurUSD
2024-06-07,zcash,zec,378650477.27408576,,,current,coinmetrics_CapMrktCurUSD,CapMrktCurUSD
2024-06-08,zcash,zec,348815767.9635697,,,current,coinmetrics_CapMrktCurUSD,CapMrktCurUSD
2024-06-09,zcash,zec,359300599.3651183,,,current,coinmetrics_CapMrktCurUSD,CapMrktCurUSD
2024-06-10,zcash,zec,356527220.64983135,,,current,coinmetrics_CapMrktCurUSD,CapMrktCurUSD
2024-06-11,zcash,zec,345108343.1874565,,,current,coinmetrics_CapMrktCurUSD,CapMrktCurUSD
2024-06-12,zcash,zec,357004107.2676984,,,current,coinmetrics_CapMrktCurUSD,CapMrktCurUSD
2024-06-13,zcash,zec,346429963.66823107,,,current,coinmetrics_CapMrktCurUSD,CapMrktCurUSD
2024-06-14,zcash,zec,344879061.3344964,,,current,coinmetrics_CapMrktCurUSD,CapMrktCurUSD
2024-06-15,zcash,zec,343384579.0697957,,,current,coinmetrics_CapMrktCurUSD,CapMrktCurUSD
2024-06-16,zcash,zec,345435726.808824,,,current,coinmetrics_CapMrktCurUSD,CapMrktCurUSD
2024-06-17,zcash,zec,329005527.5518243,,,current,coinmetrics_CapMrktCurUSD,CapMrktCurUSD
2024-06-18,zcash,zec,311270858.88604265,,,current,coinmetrics_CapMrktCurUSD,CapMrktCurUSD
2024-06-19,zcash,zec,303049562.23656225,,,current,coinmetrics_CapMrktCurUSD,CapMrktCurUSD
2024-06-20,zcash,zec,303519008.658101,,,current,coinmetrics_CapMrktCurUSD,CapMrktCurUSD
2024-06-21,zcash,zec,304438515.67847574,,,current,coinmetrics_CapMrktCurUSD,CapMrktCurUSD
2024-06-22,zcash,zec,304854610.41474766,,,current,coinmetrics_CapMrktCurUSD,CapMrktCurUSD
2024-06-23,zcash,zec,297162174.8301223,,,current,coinmetrics_CapMrktCurUSD,CapMrktCurUSD
2024-06-24,zcash,zec,299925974.1818183,,,current,coinmetrics_CapMrktCurUSD,CapMrktCurUSD
2024-06-25,zcash,zec,306551188.156608,,,current,coinmetrics_CapMrktCurUSD,CapMrktCurUSD
2024-06-26,zcash,zec,302142894.0138069,,,current,coinmetrics_CapMrktCurUSD,CapMrktCurUSD
2024-06-27,zcash,zec,317185896.74027723,,,current,coinmetrics_CapMrktCurUSD,CapMrktCurUSD
2024-06-28,zcash,zec,314144271.76332825,,,current,coinmetrics_CapMrktCurUSD,CapMrktCurUSD
2024-06-29,zcash,zec,307444778.1474477,,,current,coinmetrics_CapMrktCurUSD,CapMrktCurUSD
2024-06-30,zcash,zec,317687614.2396833,,,current,coinmetrics_CapMrktCurUSD,CapMrktCurUSD
2024-07-01,zcash,zec,316554965.7249076,,,current,coinmetrics_CapMrktCurUSD,CapMrktCurUSD
2024-07-02,zcash,zec,316330506.18004733,,,current,coinmetrics_CapMrktCurUSD,CapMrktCurUSD
2024-07-03,zcash,zec,314624442.07617664,,,current,coinmetrics_CapMrktCurUSD,CapMrktCurUSD
2024-07-04,zcash,zec,283318088.48953253,,,current,coinmetrics_CapMrktCurUSD,CapMrktCurUSD
2024-07-05,zcash,zec,277961979.8094916,,,current,coinmetrics_CapMrktCurUSD,CapMrktCurUSD
2024-07-06,zcash,zec,302699169.74251413,,,current,coinmetrics_CapMrktCurUSD,CapMrktCurUSD
2024-07-07,zcash,zec,285223073.3642649,,,current,coinmetrics_CapMrktCurUSD,CapMrktCurUSD
2024-07-08,zcash,zec,311678823.8428494,,,current,coinmetrics_CapMrktCurUSD,CapMrktCurUSD
2024-07-09,zcash,zec,343784657.72971284,,,current,coinmetrics_CapMrktCurUSD,CapMrktCurUSD
2024-07-10,zcash,zec,356878109.6192829,,,current,coinmetrics_CapMrktCurUSD,CapMrktCurUSD
2024-07-11,zcash,zec,370112018.80642974,,,current,coinmetrics_CapMrktCurUSD,CapMrktCurUSD
2024-07-12,zcash,zec,366478496.5948745,,,current,coinmetrics_CapMrktCurUSD,CapMrktCurUSD
2024-07-13,zcash,zec,409981800.8444759,,,current,coinmetrics_CapMrktCurUSD,CapMrktCurUSD
2024-07-14,zcash,zec,448695662.0589751,,,current,coinmetrics_CapMrktCurUSD,CapMrktCurUSD
2024-07-15,zcash,zec,432808100.81157327,,,current,coinmetrics_CapMrktCurUSD,CapMrktCurUSD
2024-07-16,zcash,zec,459686562.37310016,,,current,coinmetrics_CapMrktCurUSD,CapMrktCurUSD
2024-07-17,zcash,zec,478062051.048726,,,current,coinmetrics_CapMrktCurUSD,CapMrktCurUSD
2024-07-18,zcash,zec,467285411.96251,,,current,coinmetrics_CapMrktCurUSD,CapMrktCurUSD
2024-07-19,zcash,zec,452614827.0426306,,,current,coinmetrics_CapMrktCurUSD,CapMrktCurUSD
2024-07-20,zcash,zec,452336336.43027073,,,current,coinmetrics_CapMrktCurUSD,CapMrktCurUSD
2024-07-21,zcash,zec,489883095.6769532,,,current,coinmetrics_CapMrktCurUSD,CapMrktCurUSD
2024-07-22,zcash,zec,468663172.3406111,,,current,coinmetrics_CapMrktCurUSD,CapMrktCurUSD
2024-07-23,zcash,zec,455034264.8493913,,,current,coinmetrics_CapMrktCurUSD,CapMrktCurUSD
2024-07-24,zcash,zec,459405366.2942988,,,current,coinmetrics_CapMrktCurUSD,CapMrktCurUSD
2024-07-25,zcash,zec,459950883.9723077,,,current,coinmetrics_CapMrktCurUSD,CapMrktCurUSD
2024-07-26,zcash,zec,499692517.26901776,,,current,coinmetrics_CapMrktCurUSD,CapMrktCurUSD
2024-07-27,zcash,zec,485348523.38393193,,,current,coinmetrics_CapMrktCurUSD,CapMrktCurUSD
2024-07-28,zcash,zec,490870399.5929539,,,current,coinmetrics_CapMrktCurUSD,CapMrktCurUSD
2024-07-29,zcash,zec,506542878.04004365,,,current,coinmetrics_CapMrktCurUSD,CapMrktCurUSD
2024-07-30,zcash,zec,493064287.1450085,,,current,coinmetrics_CapMrktCurUSD,CapMrktCurUSD
2024-07-31,zcash,zec,514566091.07271177,,,current,coinmetrics_CapMrktCurUSD,CapMrktCurUSD
2024-08-01,zcash,zec,496378615.96392846,,,current,coinmetrics_CapMrktCurUSD,CapMrktCurUSD
2024-08-02,zcash,zec,500557044.6735828,,,current,coinmetrics_CapMrktCurUSD,CapMrktCurUSD
2024-08-03,zcash,zec,489974124.2029397,,,current,coinmetrics_CapMrktCurUSD,CapMrktCurUSD
2024-08-04,zcash,zec,475526032.7348002,,,current,coinmetrics_CapMrktCurUSD,CapMrktCurUSD
2024-08-05,zcash,zec,464050802.28871053,,,current,coinmetrics_CapMrktCurUSD,CapMrktCurUSD
2024-08-06,zcash,zec,488443948.8181831,,,current,coinmetrics_CapMrktCurUSD,CapMrktCurUSD
2024-08-07,zcash,zec,497857025.8642935,,,current,coinmetrics_CapMrktCurUSD,CapMrktCurUSD
2024-08-08,zcash,zec,549031782.0635349,,,current,coinmetrics_CapMrktCurUSD,CapMrktCurUSD
2024-08-09,zcash,zec,622720616.9051862,,,current,coinmetrics_CapMrktCurUSD,CapMrktCurUSD
2024-08-10,zcash,zec,634481957.5470688,,,current,coinmetrics_CapMrktCurUSD,CapMrktCurUSD
2024-08-11,zcash,zec,632544278.2148743,,,current,coinmetrics_CapMrktCurUSD,CapMrktCurUSD
2024-08-12,zcash,zec,668392902.5125325,,,current,coinmetrics_CapMrktCurUSD,CapMrktCurUSD
2024-08-13,zcash,zec,657592515.8560532,,,current,coinmetrics_CapMrktCurUSD,CapMrktCurUSD
2024-08-14,zcash,zec,651637505.4959922,,,current,coinmetrics_CapMrktCurUSD,CapMrktCurUSD
2024-08-15,zcash,zec,658698597.9482023,,,current,coinmetrics_CapMrktCurUSD,CapMrktCurUSD
2024-08-16,zcash,zec,652424092.3866402,,,current,coinmetrics_CapMrktCurUSD,CapMrktCurUSD
2024-08-17,zcash,zec,670359706.7459625,,,current,coinmetrics_CapMrktCurUSD,CapMrktCurUSD
2024-08-18,zcash,zec,656850867.1625297,,,current,coinmetrics_CapMrktCurUSD,CapMrktCurUSD
2024-08-19,zcash,zec,645692224.3553618,,,current,coinmetrics_CapMrktCurUSD,CapMrktCurUSD
2024-08-20,zcash,zec,640241132.8707474,,,current,coinmetrics_CapMrktCurUSD,CapMrktCurUSD
2024-08-21,zcash,zec,638932190.929844,,,current,coinmetrics_CapMrktCurUSD,CapMrktCurUSD
2024-08-22,zcash,zec,638077815.5446604,,,current,coinmetrics_CapMrktCurUSD,CapMrktCurUSD
2024-08-23,zcash,zec,650387494.6680404,,,current,coinmetrics_CapMrktCurUSD,CapMrktCurUSD
2024-08-24,zcash,zec,661234996.5717189,,,current,coinmetrics_CapMrktCurUSD,CapMrktCurUSD
2024-08-25,zcash,zec,615708580.0689884,,,current,coinmetrics_CapMrktCurUSD,CapMrktCurUSD
2024-08-26,zcash,zec,568976992.3465087,,,current,coinmetrics_CapMrktCurUSD,CapMrktCurUSD
2024-08-27,zcash,zec,549176627.7822442,,,current,coinmetrics_CapMrktCurUSD,CapMrktCurUSD
2024-08-28,zcash,zec,518178105.3474752,,,current,coinmetrics_CapMrktCurUSD,CapMrktCurUSD
2024-08-29,zcash,zec,513452481.0347754,,,current,coinmetrics_CapMrktCurUSD,CapMrktCurUSD
2024-08-30,zcash,zec,511075354.59003806,,,current,coinmetrics_CapMrktCurUSD,CapMrktCurUSD
2024-08-31,zcash,zec,501587859.215218,,,current,coinmetrics_CapMrktCurUSD,CapMrktCurUSD
2024-09-01,zcash,zec,455072821.5011645,,,current,coinmetrics_CapMrktCurUSD,CapMrktCurUSD
2024-09-02,zcash,zec,456930956.9473919,,,current,coinmetrics_CapMrktCurUSD,CapMrktCurUSD
2024-09-03,zcash,zec,446361688.84044,,,current,coinmetrics_CapMrktCurUSD,CapMrktCurUSD
2024-09-04,zcash,zec,458045919.8827904,,,current,coinmetrics_CapMrktCurUSD,CapMrktCurUSD
2024-09-05,zcash,zec,447052799.55951834,,,current,coinmetrics_CapMrktCurUSD,CapMrktCurUSD
2024-09-06,zcash,zec,416871613.0201463,,,current,coinmetrics_CapMrktCurUSD,CapMrktCurUSD
2024-09-07,zcash,zec,429194758.1144399,,,current,coinmetrics_CapMrktCurUSD,CapMrktCurUSD
2024-09-08,zcash,zec,428858954.0105898,,,current,coinmetrics_CapMrktCurUSD,CapMrktCurUSD
2024-09-09,zcash,zec,454987124.3829524,,,current,coinmetrics_CapMrktCurUSD,CapMrktCurUSD
2024-09-10,zcash,zec,478226321.2087684,,,current,coinmetrics_CapMrktCurUSD,CapMrktCurUSD
2024-09-11,zcash,zec,459255827.96882033,,,current,coinmetrics_CapMrktCurUSD,CapMrktCurUSD
2024-09-12,zcash,zec,454920192.5940872,,,current,coinmetrics_CapMrktCurUSD,CapMrktCurUSD
2024-09-13,zcash,zec,473244206.39572626,,,current,coinmetrics_CapMrktCurUSD,CapMrktCurUSD
2024-09-14,zcash,zec,474742175.5534079,,,current,coinmetrics_CapMrktCurUSD,CapMrktCurUSD
2024-09-15,zcash,zec,453729407.72386533,,,current,coinmetrics_CapMrktCurUSD,CapMrktCurUSD
2024-09-16,zcash,zec,451745835.62825215,,,current,coinmetrics_CapMrktCurUSD,CapMrktCurUSD
2024-09-17,zcash,zec,461610553.8864916,,,current,coinmetrics_CapMrktCurUSD,CapMrktCurUSD
2024-09-18,zcash,zec,471359731.25612223,,,current,coinmetrics_CapMrktCurUSD,CapMrktCurUSD
2024-09-19,zcash,zec,491046781.8578847,,,current,coinmetrics_CapMrktCurUSD,CapMrktCurUSD
2024-09-20,zcash,zec,484791070.8854256,,,current,coinmetrics_CapMrktCurUSD,CapMrktCurUSD
2024-09-21,zcash,zec,484614114.2364533,,,current,coinmetrics_CapMrktCurUSD,CapMrktCurUSD
2024-09-22,zcash,zec,468812785.1851832,,,current,coinmetrics_CapMrktCurUSD,CapMrktCurUSD
2024-09-23,zcash,zec,459857064.3098393,,,current,coinmetrics_CapMrktCurUSD,CapMrktCurUSD
2024-09-24,zcash,zec,456620114.5432044,,,current,coinmetrics_CapMrktCurUSD,CapMrktCurUSD
2024-09-25,zcash,zec,440203618.79620886,,,current,coinmetrics_CapMrktCurUSD,CapMrktCurUSD
2024-09-26,zcash,zec,467747967.0972628,,,current,coinmetrics_CapMrktCurUSD,CapMrktCurUSD
2024-09-27,zcash,zec,472933392.5500772,,,current,coinmetrics_CapMrktCurUSD,CapMrktCurUSD
2024-09-28,zcash,zec,456538687.75962806,,,current,coinmetrics_CapMrktCurUSD,CapMrktCurUSD
2024-09-29,zcash,zec,452208296.9346322,,,current,coinmetrics_CapMrktCurUSD,CapMrktCurUSD
2024-09-30,zcash,zec,431788009.5613704,,,current,coinmetrics_CapMrktCurUSD,CapMrktCurUSD
2024-10-01,zcash,zec,414360253.73680264,,,current,coinmetrics_CapMrktCurUSD,CapMrktCurUSD
2024-10-02,zcash,zec,403022979.9709049,,,current,coinmetrics_CapMrktCurUSD,CapMrktCurUSD
2024-10-03,zcash,zec,399347254.32112527,,,current,coinmetrics_CapMrktCurUSD,CapMrktCurUSD
2024-10-04,zcash,zec,416866560.7333721,,,current,coinmetrics_CapMrktCurUSD,CapMrktCurUSD
2024-10-05,zcash,zec,426379221.36921376,,,current,coinmetrics_CapMrktCurUSD,CapMrktCurUSD
2024-10-06,zcash,zec,454149634.6977167,,,current,coinmetrics_CapMrktCurUSD,CapMrktCurUSD
2024-10-07,zcash,zec,452719386.44501024,,,current,coinmetrics_CapMrktCurUSD,CapMrktCurUSD
2024-10-08,zcash,zec,451165162.7179974,,,current,coinmetrics_CapMrktCurUSD,CapMrktCurUSD
2024-10-09,zcash,zec,454344734.3974188,,,current,coinmetrics_CapMrktCurUSD,CapMrktCurUSD
2024-10-10,zcash,zec,524338291.7778319,,,current,coinmetrics_CapMrktCurUSD,CapMrktCurUSD
2024-10-11,zcash,zec,564158093.5461257,,,current,coinmetrics_CapMrktCurUSD,CapMrktCurUSD
2024-10-12,zcash,zec,538496919.2842532,,,current,coinmetrics_CapMrktCurUSD,CapMrktCurUSD
2024-10-13,zcash,zec,553539949.4311088,,,current,coinmetrics_CapMrktCurUSD,CapMrktCurUSD
2024-10-14,zcash,zec,564536649.674485,,,current,coinmetrics_CapMrktCurUSD,CapMrktCurUSD
2024-10-15,zcash,zec,584720557.3591412,,,current,coinmetrics_CapMrktCurUSD,CapMrktCurUSD
2024-10-16,zcash,zec,577065218.9789611,,,current,coinmetrics_CapMrktCurUSD,CapMrktCurUSD
2024-10-17,zcash,zec,563073445.4482573,,,current,coinmetrics_CapMrktCurUSD,CapMrktCurUSD
2024-10-18,zcash,zec,560905313.4998921,,,current,coinmetrics_CapMrktCurUSD,CapMrktCurUSD
2024-10-19,zcash,zec,577891547.5477654,,,current,coinmetrics_CapMrktCurUSD,CapMrktCurUSD
2024-10-20,zcash,zec,576982586.5110288,,,current,coinmetrics_CapMrktCurUSD,CapMrktCurUSD
2024-10-21,zcash,zec,584751614.7745872,,,current,coinmetrics_CapMrktCurUSD,CapMrktCurUSD
2024-10-22,zcash,zec,593612783.834471,,,current,coinmetrics_CapMrktCurUSD,CapMrktCurUSD
2024-10-23,zcash,zec,590434515.7181495,,,current,coinmetrics_CapMrktCurUSD,CapMrktCurUSD
2024-10-24,zcash,zec,578410004.0955408,,,current,coinmetrics_CapMrktCurUSD,CapMrktCurUSD
2024-10-25,zcash,zec,555580772.4169399,,,current,coinmetrics_CapMrktCurUSD,CapMrktCurUSD
2024-10-26,zcash,zec,540725589.1464937,,,current,coinmetrics_CapMrktCurUSD,CapMrktCurUSD
2024-10-27,zcash,zec,590099976.5927273,,,current,coinmetrics_CapMrktCurUSD,CapMrktCurUSD
2024-10-28,zcash,zec,600626861.6870252,,,current,coinmetrics_CapMrktCurUSD,CapMrktCurUSD
2024-10-29,zcash,zec,602669074.4009477,,,current,coinmetrics_CapMrktCurUSD,CapMrktCurUSD
2024-10-30,zcash,zec,601722271.0837941,,,current,coinmetrics_CapMrktCurUSD,CapMrktCurUSD
2024-10-31,zcash,zec,576631619.7449757,,,current,coinmetrics_CapMrktCurUSD,CapMrktCurUSD
2024-11-01,zcash,zec,594034797.6611966,,,current,coinmetrics_CapMrktCurUSD,CapMrktCurUSD
2024-11-02,zcash,zec,576065427.7101073,,,current,coinmetrics_CapMrktCurUSD,CapMrktCurUSD
2024-11-03,zcash,zec,583788528.5337379,,,current,coinmetrics_CapMrktCurUSD,CapMrktCurUSD
2024-11-04,zcash,zec,577916616.5278352,,,current,coinmetrics_CapMrktCurUSD,CapMrktCurUSD
2024-11-05,zcash,zec,599800811.6187224,,,current,coinmetrics_CapMrktCurUSD,CapMrktCurUSD
2024-11-06,zcash,zec,674765765.4765514,,,current,coinmetrics_CapMrktCurUSD,CapMrktCurUSD
2024-11-07,zcash,zec,691344608.2500925,,,current,coinmetrics_CapMrktCurUSD,CapMrktCurUSD
2024-11-08,zcash,zec,722264641.3535122,,,current,coinmetrics_CapMrktCurUSD,CapMrktCurUSD
2024-11-09,zcash,zec,721773853.6869079,,,current,coinmetrics_CapMrktCurUSD,CapMrktCurUSD
2024-11-10,zcash,zec,714197931.063014,,,current,coinmetrics_CapMrktCurUSD,CapMrktCurUSD
2024-11-11,zcash,zec,707298540.3909924,,,current,coinmetrics_CapMrktCurUSD,CapMrktCurUSD
2024-11-12,zcash,zec,662911460.6988707,,,current,coinmetrics_CapMrktCurUSD,CapMrktCurUSD
2024-11-13,zcash,zec,608329879.2183709,,,current,coinmetrics_CapMrktCurUSD,CapMrktCurUSD
2024-11-14,zcash,zec,578590740.3607477,,,current,coinmetrics_CapMrktCurUSD,CapMrktCurUSD
2024-11-15,zcash,zec,605389654.1568961,,,current,coinmetrics_CapMrktCurUSD,CapMrktCurUSD
2024-11-16,zcash,zec,706805412.167718,,,current,coinmetrics_CapMrktCurUSD,CapMrktCurUSD
2024-11-17,zcash,zec,695023468.3001007,,,current,coinmetrics_CapMrktCurUSD,CapMrktCurUSD
2024-11-18,zcash,zec,703276140.8113879,,,current,coinmetrics_CapMrktCurUSD,CapMrktCurUSD
2024-11-19,zcash,zec,672419040.0915383,,,current,coinmetrics_CapMrktCurUSD,CapMrktCurUSD
2024-11-20,zcash,zec,656809701.5718873,,,current,coinmetrics_CapMrktCurUSD,CapMrktCurUSD
2024-11-21,zcash,zec,714609055.3217689,,,current,coinmetrics_CapMrktCurUSD,CapMrktCurUSD
2024-11-22,zcash,zec,716417430.7994717,,,current,coinmetrics_CapMrktCurUSD,CapMrktCurUSD
2024-11-23,zcash,zec,770881831.9323136,,,current,coinmetrics_CapMrktCurUSD,CapMrktCurUSD
2024-11-24,zcash,zec,826076066.413973,,,current,coinmetrics_CapMrktCurUSD,CapMrktCurUSD
2024-11-25,zcash,zec,757277514.4040508,,,current,coinmetrics_CapMrktCurUSD,CapMrktCurUSD
2024-11-26,zcash,zec,790897488.7335074,,,current,coinmetrics_CapMrktCurUSD,CapMrktCurUSD
2024-11-27,zcash,zec,882694617.8759426,,,current,coinmetrics_CapMrktCurUSD,CapMrktCurUSD
2024-11-28,zcash,zec,877533654.9788933,,,current,coinmetrics_CapMrktCurUSD,CapMrktCurUSD
2024-11-29,zcash,zec,859653826.6970478,,,current,coinmetrics_CapMrktCurUSD,CapMrktCurUSD
2024-11-30,zcash,zec,937680309.1449264,,,current,coinmetrics_CapMrktCurUSD,CapMrktCurUSD
2024-12-01,zcash,zec,942560690.3528672,,,current,coinmetrics_CapMrktCurUSD,CapMrktCurUSD
2024-12-02,zcash,zec,1181916578.6153517,,,current,coinmetrics_CapMrktCurUSD,CapMrktCurUSD
2024-12-03,zcash,zec,1156731956.9833732,,,current,coinmetrics_CapMrktCurUSD,CapMrktCurUSD
2024-12-04,zcash,zec,1097041926.2914531,,,current,coinmetrics_CapMrktCurUSD,CapMrktCurUSD
2024-12-05,zcash,zec,1130496618.8387692,,,current,coinmetrics_CapMrktCurUSD,CapMrktCurUSD
2024-12-06,zcash,zec,1110100806.9701183,,,current,coinmetrics_CapMrktCurUSD,CapMrktCurUSD
2024-12-07,zcash,zec,1111046620.720857,,,current,coinmetrics_CapMrktCurUSD,CapMrktCurUSD
2024-12-08,zcash,zec,1173356498.069822,,,current,coinmetrics_CapMrktCurUSD,CapMrktCurUSD
2024-12-09,zcash,zec,921607684.0652115,,,current,coinmetrics_CapMrktCurUSD,CapMrktCurUSD
2024-12-10,zcash,zec,930390228.3488798,,,current,coinmetrics_CapMrktCurUSD,CapMrktCurUSD
2024-12-11,zcash,zec,1003912490.719778,,,current,coinmetrics_CapMrktCurUSD,CapMrktCurUSD
2024-12-12,zcash,zec,935928392.6062565,,,current,coinmetrics_CapMrktCurUSD,CapMrktCurUSD
2024-12-13,zcash,zec,941595947.639212,,,current,coinmetrics_CapMrktCurUSD,CapMrktCurUSD
2024-12-14,zcash,zec,921937651.6068115,,,current,coinmetrics_CapMrktCurUSD,CapMrktCurUSD
2024-12-15,zcash,zec,929539683.3139983,,,current,coinmetrics_CapMrktCurUSD,CapMrktCurUSD
2024-12-16,zcash,zec,893454465.1466038,,,current,coinmetrics_CapMrktCurUSD,CapMrktCurUSD
2024-12-17,zcash,zec,871026581.7136483,,,current,coinmetrics_CapMrktCurUSD,CapMrktCurUSD
2024-12-18,zcash,zec,802854064.1675088,,,current,coinmetrics_CapMrktCurUSD,CapMrktCurUSD
2024-12-19,zcash,zec,769815383.1086607,,,current,coinmetrics_CapMrktCurUSD,CapMrktCurUSD
2024-12-20,zcash,zec,867069538.6642349,,,current,coinmetrics_CapMrktCurUSD,CapMrktCurUSD
2024-12-21,zcash,zec,842006771.2065792,,,current,coinmetrics_CapMrktCurUSD,CapMrktCurUSD
2024-12-22,zcash,zec,912428601.1167129,,,current,coinmetrics_CapMrktCurUSD,CapMrktCurUSD
2024-12-23,zcash,zec,1045282094.5731776,,,current,coinmetrics_CapMrktCurUSD,CapMrktCurUSD
2024-12-24,zcash,zec,1091623333.5692039,,,current,coinmetrics_CapMrktCurUSD,CapMrktCurUSD
2024-12-25,zcash,zec,1162263714.967404,,,current,coinmetrics_CapMrktCurUSD,CapMrktCurUSD
2024-12-26,zcash,zec,1089291117.6587682,,,current,coinmetrics_CapMrktCurUSD,CapMrktCurUSD
2024-12-27,zcash,zec,978176261.1639229,,,current,coinmetrics_CapMrktCurUSD,CapMrktCurUSD
2024-12-28,zcash,zec,986140773.819664,,,current,coinmetrics_CapMrktCurUSD,CapMrktCurUSD
2024-12-29,zcash,zec,952535306.7139359,,,current,coinmetrics_CapMrktCurUSD,CapMrktCurUSD
2024-12-30,zcash,zec,916320406.5578387,,,current,coinmetrics_CapMrktCurUSD,CapMrktCurUSD
2024-12-31,zcash,zec,885475034.9933435,,,current,coinmetrics_CapMrktCurUSD,CapMrktCurUSD
2024-12-13,hyperliquid,hype,,6478283862.991234,,estimated,coinmetrics_CapMrktEstUSD,CapMrktEstUSD
2024-12-14,hyperliquid,hype,,8128300878.17853,,estimated,coinmetrics_CapMrktEstUSD,CapMrktEstUSD
2024-12-15,hyperliquid,hype,,8062146446.649648,,estimated,coinmetrics_CapMrktEstUSD,CapMrktEstUSD
2024-12-16,hyperliquid,hype,,9209378584.641663,,estimated,coinmetrics_CapMrktEstUSD,CapMrktEstUSD
2024-12-17,hyperliquid,hype,,8501368411.201921,,estimated,coinmetrics_CapMrktEstUSD,CapMrktEstUSD
2024-12-18,hyperliquid,hype,,7784833531.80579,,estimated,coinmetrics_CapMrktEstUSD,CapMrktEstUSD
2024-12-19,hyperliquid,hype,,8338026720.158909,,estimated,coinmetrics_CapMrktEstUSD,CapMrktEstUSD
2024-12-20,hyperliquid,hype,,10029158160.772926,,estimated,coinmetrics_CapMrktEstUSD,CapMrktEstUSD
2024-12-21,hyperliquid,hype,,10847348640.971228,,estimated,coinmetrics_CapMrktEstUSD,CapMrktEstUSD
2024-12-22,hyperliquid,hype,,9675808297.768223,,estimated,coinmetrics_CapMrktEstUSD,CapMrktEstUSD
2024-12-23,hyperliquid,hype,,9499557474.62498,,estimated,coinmetrics_CapMrktEstUSD,CapMrktEstUSD
2024-12-24,hyperliquid,hype,,9962426029.711708,,estimated,coinmetrics_CapMrktEstUSD,CapMrktEstUSD
2024-12-25,hyperliquid,hype,,8929556642.039682,,estimated,coinmetrics_CapMrktEstUSD,CapMrktEstUSD
2024-12-26,hyperliquid,hype,,8963558425.243034,,estimated,coinmetrics_CapMrktEstUSD,CapMrktEstUSD
2024-12-27,hyperliquid,hype,,8971111886.478973,,estimated,coinmetrics_CapMrktEstUSD,CapMrktEstUSD
2024-12-28,hyperliquid,hype,,9667616708.272097,,estimated,coinmetrics_CapMrktEstUSD,CapMrktEstUSD
2024-12-29,hyperliquid,hype,,9173075396.365328,,estimated,coinmetrics_CapMrktEstUSD,CapMrktEstUSD
2024-12-30,hyperliquid,hype,,8993833784.885817,,estimated,coinmetrics_CapMrktEstUSD,CapMrktEstUSD
2024-12-31,hyperliquid,hype,,7871765937.89221,,estimated,coinmetrics_CapMrktEstUSD,CapMrktEstUSD
